case,angle,budget,epsilon,ridge,stages,risk,lower,static,static_optimal,slow_column,slow_lower,violation
0,0.7837917079472358,0.43757292685975285,0.05210865259566313,0.02,2,0.2700090354677704,0.21545578587622188,0.2552046329841737,False,0.8990489887816318,0.8648766313750226,False
1,1.00464663472159,0.1517714035253822,1.7679718846630186,0.1,64,1.1834615602996752,1.183455638223464,1.183455638223464,True,0.9041936507330299,0.9041883798432756,False
2,0.49029806192854986,0.51714292031595,0.5385974328986843,0.1,8,0.3993529085380938,0.39882822107649396,0.39882822107649396,True,0.8492674575117295,0.8484434224546281,False
3,0.38748299548716303,0.12146361202031504,0.656292490150521,0.0,64,0.7209167415956712,0.7174600788293976,0.72091623235533,False,0.9910361677176898,0.9910354831368525,False
4,0.9059341224235817,1.5351508896613055,0.473000948671215,0.0,3,0.21917904742753963,0.17313302239626227,0.17313302239626227,True,0.6575860823070829,0.5554156735847401,False
5,1.0975399501812826,6.640295877901641,0.0023928128090278367,0.1,16,0.00024117738770313487,1.693787819640901e-05,1.693787819640901e-05,True,0.011086410682700124,0.007141778486189931,False
6,0.6303270517672841,0.7910980994290421,0.6429621194663759,0.1,16,0.340506484428993,0.3378591103173188,0.3378591103173188,True,0.7369086089942235,0.7332701018080069,False
7,0.5917414560822842,9.817980821692334,3.801170287776474e-09,0.1,3,4.3520952168481176e-05,4.712862723564807e-10,1.1553161472013604e-09,False,0.02835180352261687,0.026438285030442675,False
8,0.9131002387267897,1.207614557339316,0.8153660027385033,0.1,8,0.2648852124691482,0.25635601896807,0.25635601896807,True,0.5033074665948751,0.4911878969571252,False
9,1.1146923787544274,0.24844672409139487,0.2665977369201195,0.1,1,0.4516165276129036,0.38322107044925874,0.4430093523167793,False,0.842418307224788,0.8280292532832867,False
10,0.7895895899621861,0.38059676418506677,2.191432228360916,0.0,3,1.243486209397808,1.2404180864034975,1.2404180864034975,True,0.8959104330912108,0.8935039000997852,False
11,0.9394995057469274,5.34943541810667,0.0012217406936935143,0.02,8,0.004992583518210279,0.00013406951091372957,0.00013666739664737118,False,0.12178380380457371,0.090155605218455,False
12,0.9979070359543633,0.21620694043715674,0.028314552235391203,0.0,64,0.37112156096240856,0.33365760166532465,0.3710628648937524,False,0.9059162378847682,0.9057342744622399,False
13,1.205194364097461,2.6500351131308295,0.16482335805861684,0.0,8,0.034216318166537314,0.02871260710827314,0.02871260710827314,True,0.21060166933346147,0.18220606892152047,False
14,1.1932109443230132,0.11425024126480127,0.12411649782027816,0.1,1,0.4771323181883624,0.4371406336636601,0.4743955513680027,False,0.9143842727589024,0.909392167008636,False
15,1.1506921441583262,0.6357693655643036,0.04940890148246229,0.02,16,0.21927390414874726,0.14343265865012667,0.2156879597399382,False,0.6771635216181877,0.6690489466871524,False
16,0.7161916881362931,1.1775555705469598,0.07101980387141751,0.02,1,0.12840448237214805,0.0783118732224051,0.08580904628303705,False,0.847917205448792,0.714327180079236,False
17,0.8462104448083755,0.34105480782048625,0.2314203812256031,0.0,1,0.3908746343282743,0.3420444762288917,0.38672044096127517,False,0.8989803891837808,0.8913705900330589,False
18,0.9721834271033648,8.109603440697603,0.00029529014516388647,0.0,8,0.00570656217089523,5.841657946438347e-06,5.841657946438347e-06,True,0.15037292860422058,0.029017233679158653,False
19,0.4265252539291271,0.8219237621104336,0.2505398105085838,0.0,3,0.2226594753077377,0.22037754454650366,0.22037754454650366,True,0.9370894567326169,0.9290087207806168,False
20,0.8718398956064005,2.3249000419205994,0.004762019654034908,0.1,8,0.009834654500587897,0.0042390260041248766,0.007534351629587739,False,0.2878139034412675,0.274173326987067,False
21,1.1804032824245834,3.0549044690423615,0.26606466839524046,0.02,1,0.1403790858861701,0.02426443477612069,0.02426443477612069,True,0.42518509248730185,0.13338029116972736,False
22,1.1455817371292127,3.1072841144018906,0.051083351773843405,0.1,2,0.010073918977711814,0.00542960303715539,0.005544477535411155,False,0.17895716639346013,0.08655842330051872,False
23,1.2936090602081425,1.1416853621047094,0.21026152927827146,0.0,3,0.17444139945459247,0.14640376875870764,0.16268025112246806,False,0.4592972893794507,0.4363713827099463,False
24,0.18717393169928923,2.3620542304446173,0.00035377097819912,0.0,8,0.004990563397928558,0.00444088351249453,0.00479602613488806,False,0.9652310114537941,0.9595838844745255,False
25,0.20654725053148126,5.660578109150321,4.0144213581349066e-05,0.1,64,0.00015094519416355235,7.938877910283245e-06,7.938877910283245e-06,True,0.2871182580835753,0.2858088362298849,False
26,1.3773467593656843,1.6501329093274992,1.5401886541159588,0.0,1,0.6834683525672889,0.27299463366352544,0.27299463366352544,True,0.611014944777936,0.2637106793476766,False
27,0.9500731797377603,0.44153219195169097,1.3875642410713698,0.02,2,0.8112099561395005,0.8110177942175755,0.8110177942175755,True,0.8171823680363168,0.8167779947955337,False
28,1.16842925931155,3.7689527644732785,0.06698297975367694,0.0,64,0.006246592481764983,0.00601853512491558,0.00601853512491558,True,0.10323789584447302,0.10095903642892072,False
29,0.2773730268764879,0.13643494618987115,0.2562011850406797,0.0,3,0.5100211647803626,0.4781050319341252,0.5100201376077274,False,0.9948041480488907,0.9947987706403963,False
30,1.2008783956268363,9.824079131411409,0.002539691778280739,0.0,2,0.16047974436338894,3.1734148463483015e-06,3.1734148463483015e-06,True,0.6807694588009515,0.0018878961573308036,False
31,0.23514883268616482,5.5512854607616475,2.164628937341948e-05,0.1,16,2.1045444190929626e-05,5.953781629765333e-06,5.953781629765333e-06,True,0.28427648568332575,0.28279578004372136,False
32,0.7957977467404163,0.5018186051311309,0.02354999645204878,0.0,16,0.22431604188629758,0.18758796116117396,0.2232061062686685,False,0.8624880545795572,0.8601155233514413,False
33,1.3123546298101705,6.5028115858031885,0.0013609051997819088,0.1,16,5.234865100121455e-05,1.5064395546112562e-05,4.021064043958895e-05,False,0.0022657896588986555,0.002151860835729733,False
34,0.7273577428953182,0.46189469351004914,0.3833073888131996,0.02,3,0.39423816082903346,0.38295817622523326,0.38642494203613464,False,0.8859640110654149,0.8733964486108601,False
35,0.876102470133086,0.14944218148647798,1.372185732874867,0.1,1,1.0138982002939376,1.0108140345263321,1.0108140345263321,True,0.9224089442991024,0.9197391661343021,False
36,0.866108547818913,7.850225844653378,5.9597831456711e-06,0.1,8,0.006910119813321418,1.978989589502034e-07,2.898066513324107e-07,False,0.07170983761879032,0.0131028428768228,False
37,0.8410254594641862,8.846545763496103,3.449329751834677e-07,0.0,16,0.00032474609728689506,8.450090265726916e-08,2.0651063412578316e-07,False,0.07016501923957584,0.05241493721914985,False
38,0.380202439476507,1.3022155485593956,0.39040468416419966,0.1,1,0.18670686752259297,0.16835715828612813,0.16835715828612813,True,0.745226470525625,0.7022716828649683,False
39,1.052933662296359,14.99453098270789,1.518399801434107e-08,0.02,64,4.815515918914919e-07,2.0805076740454636e-11,5.2591256756404394e-11,False,0.0004955941947892569,0.00028254951059665707,False
40,1.2033224409681489,0.23478174766857202,1.0337483440622157,0.1,1,0.789528414260136,0.7710081907990718,0.7710081907990718,True,0.8395851204559571,0.820869927205895,False
41,0.47905813910391293,1.7039625978585249,0.02102897193320987,0.02,8,0.026883982873669568,0.02464827920972142,0.02684142410046459,False,0.7796612619219352,0.771071254091911,False
42,1.353189226018409,0.5474628339297443,0.34892108470018474,0.0,2,0.37640099064910115,0.34166738136747166,0.37053912768357433,False,0.6624040912772021,0.6509847807289368,False
43,1.038462386371442,11.856756341071122,1.0968125011690362e-06,0.0,16,0.001523785608395823,7.425784535263286e-09,1.0229314620525821e-08,False,0.017108066724318555,0.002912013213152216,False
44,0.2946248573614373,2.2691307739024076,0.05941069913246069,0.0,8,0.03479811282301621,0.03283349918374083,0.03283349918374083,True,0.9138855512578566,0.9068536034164262,False
45,0.42148807918239206,0.37007906353591224,0.12092593171112974,0.1,64,0.28318085674220383,0.2482879663401099,0.2831541102954269,False,0.8991191872865184,0.8990607184016999,False
46,0.7469991969414105,12.228224835754574,4.221086388952721e-09,0.1,64,4.516836185100386e-06,2.7537939197708175e-11,3.3940801231024125e-11,False,0.004661511497010633,0.003340476770594921,False
47,0.7140121209680987,13.034944897705152,1.3446431478337494e-09,0.02,64,3.5351323573723013e-06,4.751805927127951e-11,5.067505058714553e-11,False,0.03689916769237561,0.024592682146621695,False
48,1.4112614807632298,1.040399783480704,0.1281898800850936,0.02,2,0.27525713553083353,0.12134262626229403,0.16926725032903042,False,0.6061707904826134,0.39982076097977753,False
49,0.7877433054529213,1.6544904000163099,0.012890880233331448,0.0,3,0.046056212455249254,0.021707271375016185,0.033713166985624904,False,0.6601365175825468,0.6142607183642771,False
50,0.5409171007431539,0.594850955080035,0.21079486546114862,0.1,8,0.23358547957379938,0.22486477530386312,0.2330195057198896,False,0.8168442427365635,0.8155496195809102,False
51,1.2095079882659385,0.19050169075092258,0.9646754593029777,0.02,64,0.8066556093857513,0.806633404624445,0.806633404624445,True,0.8774310254119988,0.8774079062351591,False
52,1.267011547011375,0.26237479178171325,0.13005657974069074,0.02,1,0.4186986824413768,0.3308387925690469,0.4054074258861851,False,0.8479730681218869,0.8233411782754841,False
53,0.34881344689781596,0.11130153490813202,0.18240873867484894,0.1,8,0.48266490711475923,0.4628015680218811,0.48263873089830905,False,0.9714989559216471,0.9714524018583022,False
54,0.8898831519443529,0.2250573714079829,0.039806763593885956,0.02,2,0.3675916218632127,0.328496424125528,0.36153950696747994,False,0.9244974016003722,0.9117536774162186,False
55,1.051672103823452,0.10852115217897366,0.5284508362230109,0.1,2,0.6614216634916447,0.6381843202330394,0.6607348323255403,False,0.9273797016080324,0.9264586393730501,False
56,0.8092612501680931,0.381688284001252,0.12956987455350719,0.02,8,0.3202532229271062,0.25925209221392437,0.31502367828183175,False,0.8876054068463698,0.8749590579069491,False
57,1.0426726014206817,2.1703813249373543,0.01084415713934376,0.1,8,0.01809025285455523,0.00770009957645429,0.013581615636445932,False,0.2508170266240907,0.22073929237752551,False
58,1.1125456798188382,11.596433658752392,1.9579739759802518e-05,0.1,2,0.003151005070303703,4.002975022944117e-09,4.173046592658663e-09,False,0.01630576532414,0.00015290541369857898,False
59,1.3262936860870649,1.2690421243570715,0.21472956121585582,0.02,8,0.13806913801288334,0.12381190526537307,0.13726124288366914,False,0.3648042517075284,0.36327252269544147,False
60,1.2453471451407714,0.3163788383995288,0.03636099233298605,0.02,1,0.3560490055613209,0.2717576834124087,0.3396680832694465,False,0.829950384845985,0.7962223585472333,False
61,0.8229334464850384,10.362550560384623,2.5326634195289067e-06,0.1,3,0.0006684834237971355,7.519277696239882e-09,7.519277696239882e-09,True,0.011492803451661322,0.004572182277546398,False
62,1.2428433018966583,1.4379021321777803,0.21134185888076326,0.02,3,0.11634049624501937,0.10304831185088711,0.10816968838500884,False,0.37689045397697074,0.35620047883165573,False
63,0.671260932843415,2.4840316221371963,0.0007864289984448003,0.02,2,0.01240292725639769,0.0031517873644013542,0.005606206935595854,False,0.55219655885655,0.528188695821029,False
64,0.36156627493448495,0.7581164728344268,0.029872334239948863,0.02,64,0.12562413905858943,0.10967104014673452,0.1256366849260513,False,0.923901851469587,0.9237244186567392,False
65,1.2160070869261923,5.061832731190024,0.07448946157331315,0.02,16,0.0021963476867490387,0.001563805068541108,0.001563805068541108,True,0.041766495824264616,0.03002088107859746,False
66,1.0911999967206298,0.8360644697574616,0.2066287519612258,0.02,3,0.2259686611227641,0.1905343413906859,0.2061885862085273,False,0.6693232930855172,0.6164800765148482,False
67,1.0138591949580238,1.92152321022586,0.03736779099775786,0.0,64,0.034298181788995914,0.02829709061715622,0.03405865044923852,False,0.4052520524815144,0.40420714652070716,False
68,0.24884935807454284,0.18876658004607777,0.030128362566148315,0.02,8,0.357131951277754,0.35044637303969195,0.3570448811642554,False,0.9869132082397601,0.9867235763052741,False
69,0.33486358092243435,2.7886858426274403,0.01928056973400672,0.0,64,0.010615911875927527,0.01046503808828575,0.01046503808828575,True,0.8620596635726082,0.8565032785397336,False
70,1.0407734192611187,0.3322390967589853,0.7122793540442487,0.02,1,0.6223503142553436,0.5973983069133136,0.5973991479954489,False,0.8683661567332104,0.8373072815233155,False
71,1.3707341069641628,0.5531486585117256,0.16781756991799238,0.1,3,0.2948142616333197,0.21093246207837008,0.27887529156152063,False,0.6037501570948309,0.5747322574538322,False
72,1.294837598167985,4.166319610137442,0.005425873964977116,0.02,16,0.005557903433435852,0.000967049822545081,0.0022203095516764443,False,0.05273066296332116,0.04085290671697484,False
73,1.334682368272102,6.938260685015713,0.10620585697492037,0.0,1,0.058169166617075246,0.00035674952935963665,0.00035674952935963665,True,0.17640197499838867,0.004916197776032829,False
74,1.3509066250338748,6.753168109031839,0.006280120410276054,0.02,2,0.15065859041687424,7.06001777381568e-05,0.00011431378131605244,False,0.4648861617464292,0.0038863672725043537,False
75,1.3432382879817553,0.5987349234276804,3.33542085637602,0.1,64,1.1450593426172053,1.1435206054013407,1.1435206054013407,True,0.5587288965544464,0.5579935956518626,False
76,0.174982588002139,2.7568175304616243,0.01914484857164646,0.02,16,0.010528713903728807,0.010102426182150953,0.010102426182150953,True,0.8641925745726892,0.8586700935993491,False
77,0.6414714313098441,11.062466339661094,5.513140132059047e-08,0.0,16,0.0009609940582670225,4.167152374090917e-09,4.167152374090917e-09,True,0.13625904272254233,0.11090962893579326,False
78,0.4760943020182481,0.10217897587293968,0.14247233969330303,0.0,16,0.4827443598710718,0.4656548897547197,0.48267441352067175,False,0.9888333673890831,0.988701168855467,False
79,0.6465613136731746,0.15241614365747655,1.4477369920457173,0.02,1,1.078973837201102,1.0755016712028533,1.0755016712028533,True,0.9667410092696186,0.9638107705419807,False
80,1.0823668060846143,0.7724978363362377,0.23679595026649783,0.1,3,0.2452572552716318,0.19257383456327393,0.20503204761903904,False,0.6518189147782687,0.5686382507594359,False
81,0.866721764722879,0.23466952559250037,1.9806661232636256,0.02,3,1.244018675937334,1.2396694752005075,1.2396694752005075,True,0.914954142688967,0.9119701851782128,False
82,0.6132460724251341,0.2449019614694139,0.16171828089759785,0.1,1,0.3828038158830622,0.3389064019907856,0.3786755276435567,False,0.9186044166256953,0.9106420166730531,False
83,1.2851919945779418,10.456323404637601,0.00022156207198937658,0.1,2,7.07727142806934e-05,5.289315126908253e-08,1.0086288286696121e-07,False,0.0010415703443385504,6.761699554805342e-05,False
84,0.5139254941972832,0.23067036576643957,0.646249648445782,0.0,64,0.6384071243584837,0.6382947802454346,0.6383915410299479,False,0.9706670185323043,0.9706419103876572,False
85,1.1293824036482436,0.3594942985253,0.1419897497756585,0.02,64,0.35210340097808507,0.2742422568774158,0.35201007789124006,False,0.8024872851390425,0.8022848724452936,False
86,0.5437932828575686,0.660446573785023,1.2657522622929507,0.0,3,0.7239737091405843,0.7221532932310212,0.7221532932310212,True,0.9116109537604767,0.9091293179712753,False
87,1.145158320868806,4.939768852041463,0.060693136131803736,0.0,3,0.03995474048271503,0.00213497761632813,0.00213497761632813,True,0.19807473552478436,0.055016140082495966,False
88,1.377599592889169,6.275187532016959,0.1043576964242896,0.1,1,0.06644879244011967,0.00017383714519575303,0.00017383714519575303,True,0.16989883228672714,0.0017902374101788007,False
89,1.3114212073842684,2.2489504301109697,1.485342283933722,0.1,3,0.12068455620574217,0.10786965110197035,0.10786965110197035,True,0.13213381009771716,0.11979931590532726,False
90,1.4268585052579756,4.516766504171621,0.02663082621308552,0.1,2,0.08987006410269319,0.0007223774787091553,0.0012705560185768087,False,0.23168683391613973,0.008461499534231056,False
91,0.850253968671774,2.0949204488800595,0.002206860400330921,0.0,3,0.015985820894709832,0.0075910629637201505,0.015988961144821696,False,0.49067297425196554,0.4903146164214959,False
92,1.0814307226951414,0.2872704471241633,0.030069743166384486,0.0,2,0.34820724741436615,0.2899457150382482,0.34067828607592215,False,0.8754101280731861,0.8587869882681669,False
93,1.2441112379626778,0.1526318365449338,0.07884341409924478,0.0,64,0.44430483810831356,0.39751552095527964,0.44424615821538715,False,0.9016561808402991,0.9015394423517936,False
94,0.6635660213061991,5.620437227986349,1.5349324073693233e-05,0.1,64,1.907494279847397e-05,4.612483004906818e-06,7.785744071883091e-06,False,0.1142977880643032,0.09859452106374947,False
95,0.5173310813703624,1.8918319279311946,0.12414103558681716,0.1,16,0.0434650164562274,0.04316872613688641,0.04316872613688641,True,0.5389550210824732,0.5347653043105558,False
96,0.607474319958904,12.939736722165787,1.0940416493983584e-10,0.1,2,0.003362310636405441,1.887684548442893e-12,2.5995789807491992e-12,False,0.06844956727606266,0.007424528382181747,False
97,1.0071029949729378,3.1947470924503705,0.06075757462998669,0.02,2,0.10955594884052862,0.009309708202380713,0.009309708202380713,True,0.6147100796682774,0.19878210032812194,False
98,0.6404673004371507,2.3831391282422834,0.004278248325376549,0.02,1,0.0502802036092796,0.005485919804196016,0.00741728071846386,False,0.8197617229994415,0.5668706233842097,False
99,0.8754892516574931,12.157162854451522,6.613181736547826e-09,0.1,3,0.000688669478254329,3.753692882685715e-11,9.937376428833746e-11,False,0.011414612899539295,0.0011132646599968836,False
100,0.607132875619349,9.85508819950128,8.332748886561273e-09,0.0,16,0.007283995534777802,4.7905317559806136e-09,8.72978798812921e-09,False,0.25392395724754013,0.17183318856740448,False
101,1.4218868008961636,3.273578754580764,0.12889481787998824,0.1,8,0.017503878273531656,0.0070644946664459845,0.008114621556243904,False,0.05514914503880721,0.03198056295319194,False
102,1.3696257309638444,14.33613070870463,0.0012724909051496105,0.0,2,0.006457595149274727,2.119458341720676e-08,2.3566499606704426e-08,False,0.1226594184585658,1.042258080865448e-05,False
103,1.1771520503179165,0.10420208979606893,0.1621723189720971,0.0,8,0.5090986874813809,0.4717715486985877,0.5089118791421852,False,0.9381164394371551,0.9377848754305229,False
104,0.19047980121035757,0.5616905935649419,0.01451002320439543,0.1,1,0.1544844231167833,0.14742131160132302,0.15321514802875022,False,0.8882878855493271,0.8847084427270614,False
105,1.0780078969176017,4.2355872342366245,0.001209745226745412,0.1,16,0.00046468610553375075,0.0002157527611733558,0.0004459915305168507,False,0.04805474528171661,0.04600917130564966,False
106,0.9441523338058929,0.18190334609569103,0.08748961957703645,0.1,16,0.40048905078330876,0.3644147622685447,0.40040404902841015,False,0.8945602032526345,0.8943925638352505,False
107,1.1537594453895719,2.1963679394019064,0.020940256480877235,0.1,2,0.017173300865119756,0.010371615946484584,0.0165484114392264,False,0.17815846735269175,0.1744711401220598,False
108,1.0762963695371621,10.702729954619693,1.7260569703735066e-06,0.02,3,0.019183684000677183,1.9251542835146202e-08,4.762958206409135e-08,False,0.10865309773140289,0.0023545309553151717,False
109,0.8736874904702882,3.881525281528097,0.0008170749022049152,0.02,64,0.0016953525994929542,0.000504634483068383,0.000817583195871247,False,0.21649892377770588,0.21334757272428348,False
110,0.8653577036754002,1.6426216421881217,0.005902126508192511,0.0,2,0.10578489387886637,0.018826201403738054,0.0350031219055433,False,0.830764969683846,0.5612445129593235,False
111,0.3777375046689825,0.3807462905690867,0.263725140685278,0.02,3,0.36299890940118135,0.3456252898183368,0.36264147337081976,False,0.9594272608718455,0.9588008328726253,False
112,1.1185912893068408,3.5745755595248023,0.016537486158535786,0.1,64,0.00235159492867159,0.0017633260280213408,0.0019785212310279754,False,0.06776010628436732,0.06537731803418777,False
113,1.3687415848385642,3.0325160698987155,0.04778225519731678,0.02,8,0.026425222074837048,0.009331428365631745,0.013488430702816735,False,0.10969405836268296,0.07845396820614756,False
114,0.9815812346121089,2.8629441921385945,0.07958209306307662,0.1,1,0.08084232612411124,0.00957157786468709,0.00957157786468709,True,0.43916760644591446,0.15809325353201412,False
115,0.29304967287676414,0.1182489623009021,0.054556557234049854,0.02,64,0.4218311366307257,0.41426280578050906,0.4218296847707181,False,0.9902792543873145,0.9902763593734287,False
116,0.9549548828518766,8.384203740814778,0.00011638605285721204,0.02,64,0.00010456173115861396,1.8498181506813398e-06,1.8498181506813398e-06,True,0.025050936539151247,0.020723776827817682,False
117,0.964135499490334,0.13519963450476155,0.028833326584267665,0.02,64,0.41572014307910277,0.39042126063749427,0.4157172375712746,False,0.9384551468156681,0.9384491431735318,False
118,0.18373189667639836,3.042645319926402,0.00013515132440761426,0.02,16,0.0020646840944172724,0.0010077768719611105,0.001117432891439968,False,0.8594941405299876,0.8412070808724241,False
119,0.3905446301721987,0.1451365543783058,0.24829656547820803,0.1,2,0.48673520312356455,0.45354185251947055,0.4866066527547469,False,0.9610565600557189,0.9608318845220971,False
120,0.9571206546731895,0.34254539139589085,1.2773112889117701,0.02,16,0.8323153040144844,0.8322438190525145,0.8322438190525145,True,0.8532239046463024,0.8530105013445924,False
121,1.364925454039616,11.251032157583957,0.001230688142858296,0.0,2,0.0002784739392567039,4.558404141134478e-07,7.311646657017286e-07,False,0.023401948566770883,0.00012959461670879253,False
122,0.5233791416461089,0.1342068647006093,0.6453056226919167,0.1,8,0.6874355847149867,0.6838177405640586,0.6874323545243648,False,0.9561869287020098,0.9561820568181324,False
123,0.5477888184947833,0.15124268242574482,0.1079978387837808,0.02,16,0.42797988688064914,0.4069244997931004,0.427977699951945,False,0.9722189710943525,0.9722135375259998,False
124,1.3578759351827592,8.2030099370072,0.02032573589929385,0.02,3,0.09789432525721081,2.8119028407125417e-05,2.8768471400028008e-05,False,0.3377576586986829,0.0011163293747236082,False
125,0.22019691511615558,0.10784787836554165,3.521915933604656,0.1,64,2.1143192190233795,2.1143189710229455,2.1143189710229455,True,0.9761163331835789,0.9761162205926223,False
126,1.3859677900495608,0.17815082748926683,2.4921559029652576,0.0,64,1.4829718680818846,1.4823738470248315,1.4823738470248315,True,0.8650113128224446,0.8646671654747506,False
127,1.382141445042816,0.15676524394856037,0.1435089379944035,0.02,1,0.47576556894264144,0.41526154538626325,0.4752524250013356,False,0.8758210706220921,0.874908085969416,False
128,0.7467844964042861,0.8972161233473173,0.8292643968942403,0.02,64,0.4237790312749927,0.4168553927993494,0.4168553927993494,True,0.7696728165493341,0.759831495965325,False
129,1.2464099221906284,3.3228673492818093,0.006632546676184858,0.02,64,0.006223840879471556,0.002570473230886857,0.005774353511361067,False,0.09306970828930888,0.09101839360328717,False
130,1.1232818642365163,0.21416565717069327,0.9207521799920401,0.02,8,0.7690810703465001,0.7689768393748428,0.7689768393748428,True,0.878175222831733,0.8780451927089626,False
131,0.18458671599261103,4.041408247582975,9.445158054818593e-05,0.02,16,0.000308631001114938,0.00014529038072309407,0.0001781988879846916,False,0.7999691530826111,0.7942865330162997,False
132,1.162284411234857,1.9120079889649773,0.02120341095523126,0.1,8,0.02948155388571072,0.014680925764258682,0.025870746956194426,False,0.2263721182096674,0.21548248924835597,False
133,0.9617616354902692,14.578346595480122,4.4302513163039744e-08,0.1,2,0.0001988390257473772,5.316913606626178e-12,5.35930305747071e-12,False,0.0031549372467320675,0.00010578582785062544,False
134,0.810985393925106,1.8354724099369786,0.20357691969375172,0.0,1,0.17490233469171174,0.08002431056341039,0.08002431056341039,True,0.8483527888166836,0.5648315886516452,False
135,0.5836265644617895,0.10928102672761966,0.5637894459125258,0.02,2,0.6831602800750906,0.6701930472900741,0.6830210006596888,False,0.9779716592957496,0.9777897993274952,False
136,0.871463312168982,8.578011129793296,9.777497312305855e-06,0.02,16,0.00024166784344481206,4.1755687366485895e-07,4.302535158555652e-07,False,0.06604733709398575,0.033393223563500454,False
137,1.1472993208439097,4.251514766607161,0.030176811770856883,0.0,64,0.0024743702323873477,0.002474157110327507,0.0024741695915507064,False,0.08203287064769767,0.08172867242422674,False
138,0.8329411615975391,1.1323927810375403,0.23432769627292363,0.1,1,0.17958747282361312,0.1244648467010735,0.1244648467010735,True,0.6804042886901571,0.5504011418518084,False
139,0.7950157676618206,7.423218682105598,1.4921202565192999e-06,0.0,16,0.0005643684581028122,7.295230216358852e-07,1.7307719254386228e-06,False,0.11736718640367826,0.10807441297002836,False
140,0.20208572742665,11.054163067943751,1.834203886362809e-11,0.1,16,0.00014010280855459385,1.3718087066139074e-11,1.798136778563411e-11,False,0.09778663552810805,0.08752909832613717,False
141,0.3958784661161091,0.5422577550064387,0.0269699353281947,0.1,8,0.17045809226178696,0.15575023923090325,0.1697578250698993,False,0.8623562448546749,0.8603717122560519,False
142,0.30505786009300506,6.504856197261456,2.1356728134259078e-06,0.1,2,0.0022461057536025324,5.953050643316338e-07,6.267943789085871e-07,False,0.24330882859636943,0.20163357615419775,False
143,0.8235651290965106,1.9645979392828132,0.2918469969923549,0.0,64,0.09625426800034116,0.09620745436889852,0.09620745436889852,True,0.5333051996229006,0.5328917097861503,False
144,0.8404525151918123,0.5549637673846836,0.10000016209217967,0.0,16,0.25477330305587303,0.18154431352555161,0.23979354123928837,False,0.8676193713252366,0.8313261162639791,False
145,0.9414902089893429,0.9119924862883353,1.4503553648965628,0.1,8,0.5167258297865714,0.5130702959266005,0.5130702959266005,True,0.575815680459241,0.5725776884100618,False
146,0.6040231361749157,0.19331293127214177,0.18065326124595515,0.02,3,0.4382194896192809,0.397946516317955,0.43540163217201994,False,0.9641470574321487,0.9589293975941862,False
147,0.23029882974067495,0.34600538945819076,1.7830579904972934,0.0,64,1.1360188741689417,1.1360029478386782,1.1360029478386782,True,0.990919049146774,0.9909064423569588,False
148,0.4273345144490047,0.17875143721288758,0.4341354081331699,0.02,1,0.5665365915799951,0.5471124666868049,0.5649297693692783,False,0.9794567364005983,0.9770430973435235,False
149,0.5775993403368023,1.4800528270891042,0.07745676868000863,0.02,1,0.0759360943193166,0.05970899493251389,0.05975456122052495,False,0.8019328030621014,0.74133518528594,False
150,0.27639114295991957,6.599347367505805,1.3433667146089397e-05,0.1,16,0.0009761779560364937,1.7149238421887145e-06,1.7149238421887145e-06,True,0.21943115846563274,0.20797492381277366,False
151,0.7435659519941517,0.9445397486284702,0.9080519337834413,0.02,64,0.4342311545476255,0.4341379600665208,0.4341379600665208,True,0.7507066733687768,0.7504486982059843,False
152,0.893692587330074,0.2121137715808616,0.36968434655733773,0.02,1,0.5278280389570081,0.4876529959776335,0.5204363599037977,False,0.9275392470067407,0.9160348100424964,False
153,1.1211655580393622,6.128623666623236,0.0002691829143276245,0.02,64,0.0004968017560126247,2.7985379956817888e-05,6.272979404597053e-05,False,0.02585108715701796,0.024475899692647365,False
154,0.8891141533275211,0.13859688467532424,1.0224133241210966,0.1,64,0.8603665701739095,0.8603649694009425,0.8603649694009425,True,0.9240562523769198,0.9240525428984021,False
155,0.3233025367067242,14.137520412585687,2.8983588615798943e-13,0.1,2,0.00011905240527548202,2.3081262215300782e-14,3.6436447933794195e-14,False,0.04383891632540246,0.02844025908182248,False
156,0.9113784659141854,6.598366741436953,0.0007121773458876576,0.1,1,0.025953633963169798,1.0582294268840757e-05,1.0582294268840757e-05,True,0.21546925696076547,0.02074385080899861,False
157,1.2751309118407146,0.18042402156984857,0.05366957850313631,0.1,1,0.40757188270490874,0.35423274153274575,0.40481824713761816,False,0.854198334026036,0.8487950581398576,False
158,0.3534207303377467,4.152385516846274,3.548498859078322e-05,0.02,3,0.00917289525004457,0.0001047453752423899,0.0001470129042596689,False,0.7343831889725679,0.6552511460894666,False
159,0.6117596608242547,13.0844976760392,1.4292673613200866e-10,0.1,8,0.0005314181971930765,1.8135376288680434e-12,2.1768539459429067e-12,False,0.013729801107865355,0.006806201593378352,False
160,0.3149975375978223,3.100292820724508,0.0034914414803725365,0.1,8,0.0026090027193579517,0.0014415961150004426,0.0014415961150004426,True,0.4983065743767746,0.46180995184755,False
161,1.1924790166059929,11.440676699259766,2.3664863488800162e-05,0.0,3,9.761581842335165e-05,5.2291276306377154e-08,8.725331150253579e-08,False,0.003031217845126179,0.0007354857799076607,False
162,1.3090671263347937,0.9099520031865245,0.20287281879583574,0.02,2,0.2952920629449878,0.17483054549174062,0.20318868296394368,False,0.6647892737316384,0.49120247364927844,False
163,0.6320271405616842,2.8061971370463255,0.0003841329255344352,0.0,8,0.00569868430386203,0.0018268586068145053,0.003251882621228141,False,0.595802387729924,0.5815439693988466,False
164,0.5297895623106216,0.18696832913341963,1.9728287669103468,0.1,64,1.2661676233876304,1.2661520665517416,1.2661520665517416,True,0.9389317997641158,0.9389204586905663,False
165,1.3485578650817165,4.317160808198512,0.013136228491927974,0.02,8,0.002187803784464578,0.0012862324611274414,0.002357578201391051,False,0.03233165640069083,0.02906308822452509,False
166,1.3134021164732819,4.513698890863608,0.009883063100699344,0.0,2,0.010069553725950631,0.0010893595946121718,0.0019073843794341467,False,0.07302076762688312,0.03457290303724807,False
167,0.9534532081829541,0.32601559457568713,0.3064107499909601,0.02,2,0.4279906153151497,0.39436807833614,0.42677829319927885,False,0.8624005880296628,0.8604194019710117,False
168,1.0554298898234136,2.173862666553231,0.17665725406021526,0.0,1,0.197835136461607,0.048808856077673324,0.048808856077673324,True,0.7497071357177542,0.332051116285175,False
169,0.9850026607529193,1.8833963677934003,0.013511305636905812,0.02,8,0.06177077907557981,0.01639389175955226,0.02759288231950108,False,0.5259204528118929,0.39952616697608406,False
170,0.5668670455808503,0.17123419076855892,0.04395243267380205,0.1,8,0.37358746097879997,0.3581338519250646,0.3730431024251901,False,0.9419226441453673,0.9407950071367951,False
171,0.7721136290322639,1.2023038624202071,0.12025280412289925,0.1,2,0.08793336007973773,0.081933760209952,0.08354024529222805,False,0.569942958612179,0.5591213046136532,False
172,0.3451410022503614,2.85330618994024,0.004939783349180712,0.02,2,0.016730585525026553,0.003616637009523205,0.003616637009523205,True,0.8659216552446766,0.7539734571809019,False
173,1.4349018902385418,7.438212999480529,0.07135577649969435,0.0,3,0.00016396305464284357,0.0001571591630704088,0.0001648873702684279,False,0.0017776480038998125,0.0016116294617085252,False
174,0.6689177996734406,0.7509699265817501,0.03908352406911051,0.0,8,0.1511202086145177,0.11570077621620992,0.14753143762428167,False,0.859132159735806,0.8505780538881725,False
175,1.3100325479041022,5.042319520807493,0.0046050254848697975,0.0,8,0.003220445191726886,0.0004382929399966231,0.0009346716880951881,False,0.03275242585833281,0.02369915616502883,False
176,0.4513054973206896,0.5656722978780905,0.13389521611733762,0.1,1,0.21694617899512458,0.18560108095150304,0.2089333847275478,False,0.862746840723265,0.8438585233025316,False
177,1.4357299577337908,2.684444167888139,0.1928273081403782,0.1,64,0.020252353696691525,0.017521735590117594,0.019421026677361442,False,0.05899334582571078,0.05727699130321732,False
178,0.9239785478274266,6.846126535623391,0.0006513475014165733,0.0,1,0.09959891601935658,3.0035519756061574e-05,3.0035519756061574e-05,True,0.8013252403300442,0.06585445723287431,False
179,0.8164386674190014,2.129522915104797,0.13091051776389287,0.02,16,0.04521094087285933,0.043422283977566235,0.043422283977566235,True,0.4774077947276364,0.4693707098012525,False
180,0.795797850082062,1.6406555517566481,0.1302434766528843,0.0,64,0.0706514114426017,0.07054133698240247,0.07054133698240247,True,0.6171635959403856,0.610996362269433,False
181,0.5330782429169479,4.258972908269358,3.4185184445068165e-05,0.1,8,0.001719188763149956,4.263421772390476e-05,8.102042144967034e-05,False,0.29868654731555944,0.236279330411312,False
182,0.7901892068635179,1.59108717361152,0.10560519871651677,0.1,1,0.09969705578796877,0.04815508939067346,0.04815554677124216,False,0.6241494718839705,0.45400856182936494,False
183,0.7315449901165976,0.7058181230706049,0.09362257528555396,0.1,64,0.160805601819774,0.13117491524900954,0.16070528044912516,False,0.7251532588214886,0.7248779475906648,False
184,0.4969064482136435,0.20287311040835102,0.6848456209243754,0.1,3,0.6490925334629265,0.6487365019206177,0.6487753450221646,False,0.9374834135316452,0.936964584472093,False
185,0.28685403068304716,1.050561891596805,0.10290470056696116,0.02,1,0.11161856197978054,0.1075757158995365,0.10847679849144347,False,0.9286270059046245,0.9185584226280182,False
186,1.0449772637824328,0.2201491808825758,2.1567951604643167,0.0,16,1.3268989708893209,1.3256314834129677,1.3256314834129677,True,0.8970443955959093,0.8961463397860826,False
187,0.7847777979262046,6.041578004919836,9.732394892446451e-05,0.02,8,0.0010086123938043323,1.8421836011689667e-05,1.9522885401005965e-05,False,0.17950388213499927,0.13418297244758642,False
188,0.7869882327730535,2.1426356186506217,0.17589138868923043,0.02,16,0.0562406286885986,0.05485825499111198,0.05485825499111198,True,0.4952194039843934,0.4888596465950829,False
189,0.4231886933149547,12.556943213231687,8.180101104210877e-11,0.1,16,0.00013533391049097305,2.5839610281372687e-12,2.6188497860420847e-12,False,0.029582613731206568,0.02680649761353167,False
190,0.8267762510221631,9.852801570982313,7.814728699457092e-06,0.0,16,0.0022699556986653466,1.9575817144274167e-07,1.9575817144274167e-07,True,0.1482195797993246,0.041586473083867835,False
191,1.2621049002029687,0.4704816208096729,0.6054009906282873,0.1,16,0.44704549536655863,0.4424136087715693,0.4449959903000935,False,0.6589766273452462,0.6559702121299248,False
192,1.4226716734269382,4.034943311769199,0.014457769596924172,0.02,2,0.05154984577501272,0.0018096845973093261,0.004345971945344124,False,0.1428555150234826,0.027300516541413505,False
193,0.5040232541794273,0.10486698376541571,0.08217545523713952,0.02,2,0.4493876193038853,0.4368774745065723,0.4493876260902929,False,0.9829125438179538,0.9829124332961698,False
194,0.25615772874873005,11.61431123234552,1.6801782442020844e-10,0.0,8,0.0003822630750609435,1.1712413571643645e-10,1.171433899093477e-10,False,0.8146629236330414,0.6845676369386138,False
195,0.47618336700693586,1.679673544137945,0.034063457923845866,0.0,2,0.055732331785067354,0.034408949575948894,0.035078484134054844,False,0.9197887309111459,0.8295580662285791,False
196,1.2536141208417464,3.983021448457211,0.026045695825571934,0.02,64,0.0035765531852223345,0.00256372581434366,0.0030098213340096847,False,0.058429730556966056,0.05501906624925883,False
197,0.6717217030670681,0.10021977835129821,0.23072426310310098,0.0,16,0.5310736035005086,0.5035944943885751,0.5310697502285321,False,0.9784698457918563,0.9784627009921233,False
198,0.27588941837091685,8.300155849675635,2.640402308890625e-08,0.1,64,1.8529835348349078e-05,7.67680997474848e-09,9.867737311424218e-09,False,0.14385004235797208,0.13891185426728864,False
199,0.5402597702584048,2.7617616579973023,0.005859185674103151,0.0,16,0.005096369116342076,0.004836161350878168,0.0049346286858552215,False,0.6873417656779405,0.6747968197106535,False
200,0.5463956209148417,0.5800772744673667,0.015040758170406314,0.0,16,0.18065683059278886,0.15907603842733872,0.17744128461041941,False,0.9278370509202414,0.9190106721210972,False
201,1.1377071563125805,0.6833029882637736,0.5955995923076853,0.02,1,0.3879754843698404,0.3793311953707117,0.3793311953707117,True,0.6666660114146412,0.6545097975396985,False
202,0.5887312666887502,4.605294371082751,0.0016079795100831557,0.02,8,0.01637183304954583,0.0003982630859366199,0.0003982630859366199,True,0.5809389723585743,0.38307210719706764,False
203,0.826041012689468,0.18363194819647322,0.12149126383191233,0.1,16,0.4093862895430892,0.37438216139450053,0.4093640711146822,False,0.9086159025547242,0.9085602399821762,False
204,0.40065158638624276,6.158450454307681,1.5512138832340653e-05,0.1,64,0.0013180075551204639,2.4530960324246213e-06,2.4530960324246213e-06,True,0.1884288253563941,0.17917435525116784,False
205,0.4763734765897091,5.316207674574689,0.00017735157904287264,0.0,2,0.004213233503271656,7.08611158024376e-05,7.08611158024376e-05,True,0.6204935715023456,0.5532824307190382,False
206,0.880881021690936,8.31114275448826,1.4279863335356757e-06,0.0,16,0.008991925293433038,2.936828519540275e-07,6.544550947160791e-07,False,0.1095253497778953,0.04873614766804184,False
207,1.404141866418709,0.8426808390235598,0.9528845934018367,0.1,3,0.3941363482611764,0.3574805301138906,0.3574805301138906,True,0.4573385630356247,0.41835301975089717,False
208,0.3376797890821475,3.009013001452874,0.00028702317310557064,0.02,1,0.013689879088132456,0.0010795114281607267,0.0013864483051863712,False,0.8616266937374059,0.7480452124062913,False
209,0.7406091474728326,1.8197421563485645,0.29490061097625786,0.0,3,0.11737135356391908,0.11269756729331384,0.11269756729331384,True,0.6425259441533933,0.620848939370266,False
210,0.7143912321139663,0.2886482237311385,0.07038879350756748,0.1,2,0.31778946932539687,0.2836111038519443,0.3152930215589168,False,0.8857090636410246,0.8795838499868432,False
211,0.6305029432107592,0.29257151383522906,1.2095193235345063,0.0,3,0.8676312102367094,0.8663087740140792,0.8663087740140792,True,0.9465619144543465,0.945300508900302,False
212,0.2590074407447813,7.495651150022187,3.215071918635199e-07,0.02,64,0.0007096158747251356,2.3337945217461485e-07,2.395521061544057e-07,False,0.5993214618674051,0.5770386873412497,False
213,1.0743317712026617,1.5948016613439053,0.3782519696857726,0.0,2,0.24242883423376513,0.1295167801965972,0.1295167801965972,True,0.6667225028763248,0.43380251352989135,False
214,0.6955674021092649,3.9944418294738164,0.0011566669866314892,0.1,2,0.02642227849822382,0.0002817651757858347,0.00029582527285941713,False,0.3975966487174776,0.17784617992273627,False
215,1.0263944326424985,1.4926159749332641,0.8468040948441655,0.02,1,0.24599162167656025,0.24310317089058925,0.24310317089058925,True,0.46271881133547094,0.4587338718092532,False
216,1.364760867864061,7.616123222029237,0.00438417484544905,0.02,64,3.300976764790363e-05,2.4043519079751116e-05,4.200559029723195e-05,False,0.0023725723895567843,0.001724780719450476,False
217,0.9247032509027097,4.219849321992834,0.00018890955727963565,0.1,8,0.004694898510913207,8.688368554620924e-05,0.0002566853527443195,False,0.10254109409995496,0.08020511889219727,False
218,0.22341471194613272,6.27384065357588,6.145127670446834e-06,0.0,16,0.0005238509128557044,4.705297294488151e-06,4.705297294488151e-06,True,0.9265344586144351,0.8556221102543784,False
219,0.6521855688722972,7.9226958260501865,2.350194412723216e-06,0.0,1,0.000736102546244111,5.556084161870946e-07,5.650270307630441e-07,False,0.21321700783747422,0.19670300875102584,False
220,0.7862493422641202,0.3230211422672869,0.27504538343434504,0.1,3,0.3942506032148028,0.355925103798758,0.3873514562259325,False,0.8654881544768216,0.8526471869484735,False
221,0.5204942462813053,0.4166881602301169,0.27579791920985736,0.1,8,0.33138182273916594,0.31852025169783893,0.3313182251235963,False,0.8708327526929135,0.8706474142153244,False
222,0.5688170276831628,2.092114233013978,0.1075903959184767,0.1,1,0.06318065354195625,0.03243413737136455,0.03243413737136455,True,0.6070618379322246,0.4733833484251916,False
223,1.0190919850272788,5.6566601563394485,0.007731429882417335,0.02,1,0.003831764766524366,0.0002807480628554713,0.0002807480628554713,True,0.08472640526958217,0.054039082174707986,False
224,0.6669694095524535,3.227984303079516,0.009522235859493347,0.1,2,0.010004125244369362,0.0020726511735733614,0.0020726511735733614,True,0.3244340014579173,0.2625394717694203,False
225,0.48954764091466296,0.1255985102907719,0.11098229247283536,0.1,3,0.43825654383361384,0.4213803828431611,0.438245201503427,False,0.9609426885193431,0.9609126277865391,False
226,0.6528207468667604,9.240555639193493,2.205446123500074e-08,0.0,2,0.0325487437583317,1.44087366121468e-08,3.3121527059615564e-08,False,0.5705140702289822,0.14955327489419534,False
227,0.29339604796077307,2.129282405290034,0.0033525717884830336,0.0,8,0.010243169094564006,0.007094999586212374,0.009275384798582809,False,0.920658524377206,0.9130267450732107,False
228,0.7746412138747073,1.6559835478025606,0.032891140836887114,0.0,16,0.040308691950444814,0.03462222319323515,0.03948122928106115,False,0.629958544662812,0.6234427033300097,False
229,0.28793859446226455,1.5914442576975443,0.043382554774738444,0.1,2,0.032023271021160434,0.03085112537279239,0.03087954871141308,False,0.6862890790773573,0.6812632125776225,False
230,1.3773735679461407,11.666517397173152,0.0019957693491368237,0.0,3,0.20254011207114575,3.8313431040517925e-07,5.359463543419916e-07,False,0.596109472946096,8.076299164573749e-05,False
231,0.5805393724720019,0.3037230992212293,0.14511088125209004,0.0,64,0.35544778260698584,0.3118939954229425,0.3552995403223468,False,0.9518214458917149,0.951457856404818,False
232,0.24069234226776673,1.3496992871755842,0.039172271374208034,0.0,3,0.053769426275555435,0.05132422788316683,0.05379566341355635,False,0.9652720386882203,0.9618396259160934,False
233,1.1578009767351354,0.3711726090141327,0.06739128613684459,0.02,16,0.3194210764463834,0.2502933418196637,0.31942147681716715,False,0.7889999889185617,0.7889536801607717,False
234,0.46703665054667487,0.1342778631465866,2.4749731962610375,0.1,3,1.5677540492116104,1.5649980231236373,1.5649980231236373,True,0.9612248174699937,0.959602763566157,False
235,0.23936689744693712,0.5182459054999032,0.2593778541809436,0.02,8,0.30159689567845005,0.29709288834310693,0.30146066221581325,False,0.9653635356018594,0.9651170174512221,False
236,1.246052026846162,0.4586984199115544,0.9396485052429686,0.02,3,0.6514549498873885,0.6055932904517576,0.6055932904517576,True,0.7678265676849474,0.7184270747296267,False
237,0.3681731886067918,0.7990253424800616,0.4683037443953371,0.1,3,0.2802763077484494,0.28011384188699096,0.28011384188699096,True,0.8091060755181567,0.8078728158348667,False
238,0.8292581115775272,0.8337121217199797,0.12992930543494882,0.1,16,0.16477505467239983,0.13254448733216534,0.14664513773407117,False,0.6905166840850867,0.6457478523737309,False
239,1.3092920163656965,0.20035879101301896,1.9894167018138145,0.1,64,1.1970545311332703,1.1970084123507236,1.1970084123507236,True,0.8281249606721139,0.8280920267635422,False
240,0.9211749407824554,11.545912879474074,3.830894829537599e-08,0.1,8,0.002069064993819465,1.8813024114326544e-10,4.6520488897558476e-10,False,0.016889625720432594,0.0010372871583632741,False
241,0.9918492613559515,0.9316297932057488,0.3254467910604017,0.02,64,0.21709327690851546,0.21649818077880756,0.21678583364920778,False,0.6323302787654851,0.6318139159844486,False
242,0.7994676282852368,0.15110390487618605,0.17469962229779848,0.02,1,0.47039081964551727,0.4315436252448512,0.4675095614726894,False,0.9547100942520214,0.949504257252615,False
243,1.4176445489198672,9.621640250094524,0.01059188092864309,0.1,16,1.3393138070492904e-06,9.957176924498284e-07,1.3370519574092844e-06,False,4.9944333011389916e-05,4.1986988376199645e-05,False
244,0.8140360598917304,2.1878934626208406,0.008595973295438599,0.02,2,0.07997917756145972,0.009526861875842193,0.01342286582587706,False,0.7744272927326783,0.46150234109986016,False
245,0.15045946259791929,14.13150679861563,6.975717534157918e-13,0.0,16,0.001509087146237509,6.089182907586471e-13,6.090897734249465e-13,False,0.8985452756433032,0.8524392358147619,False
246,1.3889866720556032,10.108133376805757,0.08816874956097873,0.02,3,0.15405896218817167,9.642633835625197e-06,9.642633835625197e-06,True,0.39405210679955055,0.00016913553508030512,False
247,0.8526186942667074,7.726266120731152,2.0338912213882686e-05,0.0,16,0.0044967569607461755,1.9892488651310386e-06,2.0903582191355664e-06,False,0.13273552024222338,0.0711988494730479,False
248,1.429671447896878,0.18024729692429692,1.1827088763241524,0.1,64,0.8812309789872544,0.8812302462424709,0.8812302462424709,True,0.8261813223553462,0.8261790755811397,False
249,0.6414864830554831,0.584249048100165,0.7775615121213022,0.02,64,0.5087603145520104,0.5086793412304967,0.5086793412304967,True,0.8698932046947826,0.8697804159587784,False
250,0.8382412214397723,0.40089616959466207,0.10303820977812901,0.02,64,0.2972598802802104,0.24343459282343644,0.2964301284836639,False,0.8635067967003346,0.8617206768062522,False
251,0.443268593767456,0.2166092917446758,1.553963747103119,0.02,8,1.0833964817665747,1.0825331652921673,1.0825331652921673,True,0.9715502351031782,0.9708350891215644,False
252,0.7605503853409415,0.37358976754177475,0.07190662323828605,0.0,1,0.3064512881153392,0.2538814731599688,0.2949672727254408,False,0.9274908882707671,0.9021809704020204,False
253,1.2835544566464476,0.23097678203137328,1.8163220243370175,0.1,1,1.0992070807892094,1.0898228606388385,1.0898228606388385,True,0.8159461432824008,0.809179484559705,False
254,0.5143823271459118,2.3330850345616905,0.05367218856129378,0.0,3,0.02830052090653499,0.026204782453095612,0.026204782453095612,True,0.8049549694676484,0.7394055605784048,False
255,1.083086460287481,1.169252280577098,0.08590375963276357,0.02,64,0.10769043196723938,0.08687489241392952,0.1077047958713711,False,0.5128136688476966,0.5126786306583525,False
256,0.7867617914448497,14.862644114038961,2.645322410580058e-10,0.1,3,0.0037594543897486615,2.920936497625895e-13,3.3431382322603903e-13,False,0.043654828485422834,0.000649026324188723,False
257,1.0749726944932205,9.68416573916954,0.0003348008716899231,0.1,1,7.160688302862402e-06,1.953554357302389e-07,1.953554357302389e-07,True,0.0010091636062407462,0.0008994776007707,False
258,0.46492230879904106,1.2488869062085592,0.02042309684012314,0.0,1,0.07520100316021748,0.041974052431585994,0.05590844741917424,False,0.9512943082428452,0.8758491987149823,False
259,1.0770388540343179,5.781440282277533,0.0009721044831549805,0.02,2,0.0008314345064608728,7.63088584057961e-05,9.74378867720332e-05,False,0.050225331345326925,0.037905683088771465,False
260,0.19371846097691614,5.779481234648172,1.38442582017529e-05,0.1,8,0.0013480465686573698,3.630308488384205e-06,3.630308488384205e-06,True,0.30804190738019827,0.28252156802012274,False
261,0.6365331191464075,3.751267290850342,0.0013363126858504646,0.0,8,0.0009757682662812038,0.0008586167590438567,0.0008955575653345879,False,0.4818503447089822,0.47967659444570127,False
262,1.193752488253956,0.23126521755203955,1.0795140402742862,0.0,1,0.849950111654853,0.8307594112923395,0.8307594112923395,True,0.8830136221821854,0.8640544625829116,False
263,0.9226609452367318,0.4562096592218066,0.659564026765601,0.0,16,0.5179849983177397,0.5158016010142272,0.5158016010142272,True,0.8381091938426573,0.834606060680521,False
264,0.3533231692271067,9.624493155882666,1.1204590673216464e-08,0.02,3,0.007694697834424087,4.760352995847072e-09,4.796703368249543e-09,False,0.5837521389859961,0.37549740458426173,False
265,1.2701574959794657,0.6697153119596336,0.06642133444198176,0.0,2,0.24999665792785164,0.13969842195256074,0.23061494903534435,False,0.6635432619580801,0.624132733804941,False
266,0.32443677887198996,14.152028562894104,7.423419975544188e-14,0.0,8,0.008870596986309008,2.5507869070719084e-13,5.514624035066164e-13,False,0.7178832217730156,0.47792310822163686,False
267,0.4452588220380218,0.212535371443302,0.8881463064877549,0.0,1,0.7696251951665476,0.7686713830095135,0.7686713830095135,True,0.9805696948000978,0.9794908689279721,False
268,0.19518201553428371,9.971959560312957,4.606890824175215e-10,0.0,2,0.004746905112958207,1.0900238058383643e-09,1.507856669757662e-09,False,0.9905061924104467,0.8275020196033527,False
269,0.2910753044065473,7.491585491845109,6.121599122003145e-08,0.02,3,0.002018606734604025,1.1527081975998763e-07,1.7452240788730206e-07,False,0.5972683442891299,0.5407540625983672,False
270,1.3257525084975528,2.306813469912691,0.02841281262181419,0.02,3,0.18356622318864957,0.015305492131422044,0.028200193927693934,False,0.5699601002017127,0.15890388603094036,False
271,1.1590418534696754,0.33844929191708534,0.032195755155786314,0.0,1,0.3255757205615058,0.26227612182348015,0.32442430943555023,False,0.8187161097555486,0.816281613929077,False
272,1.0509755958133555,0.23882794635626725,0.048722406504219676,0.0,16,0.3724255486739149,0.3252274791452969,0.3713276692374465,False,0.8890249232951455,0.8867464040318433,False
273,0.9545503901676514,0.26421626985004376,0.1653324702474957,0.02,16,0.39933290769964747,0.33988704316264573,0.3992366094378511,False,0.8852754353835125,0.8850825767428498,False
274,0.6654192936760778,0.11539023472296467,2.5617821318501415,0.0,1,1.6606812700065336,1.6565938453451732,1.6565938453451732,True,0.9780165707079667,0.9756829565320366,False
275,1.4442293682110305,0.21256906206123358,3.299041253201331,0.02,1,1.7775727302262982,1.7485328374996691,1.7485328374996691,True,0.8370265838981248,0.8234607622711306,False
276,0.48185864183099947,0.6758086612221067,0.12572224058652476,0.0,1,0.21071778187138218,0.18038735215639135,0.19796742743861884,False,0.9578028854831134,0.9259353349137269,False
277,1.1395526951685768,2.535206237054448,0.25352265369001487,0.02,64,0.03885175210748285,0.03859802443583739,0.03859802443583739,True,0.20738606400351545,0.20661543778619343,False
278,1.1177825639464358,6.147231520143875,0.010558165874180623,0.1,8,0.011067383085651326,6.990822103819931e-05,6.990822103819931e-05,True,0.057316736704852184,0.009221899901928126,False
279,0.21042233275152525,0.10259430950259704,0.07857375775834222,0.0,16,0.44736872060239197,0.43924575074422056,0.447367532325174,False,0.9977425751115537,0.9977396140999542,False
280,1.1092318434185808,0.7493852469835904,0.14751047465287462,0.1,3,0.23866725947509845,0.15626682097119643,0.18760599902226338,False,0.6754207470497001,0.5680623986382337,False
281,0.769516617159056,2.951717888419858,0.030053560975730052,0.0,3,0.012416789135811797,0.00967720247925448,0.00967720247925448,True,0.5377171752541321,0.43532817036689914,False
282,0.7958933215662529,0.803190218217456,0.21915983489839194,0.1,2,0.2186533027921921,0.17856452657176997,0.1820416775294426,False,0.7493662286913234,0.6690618214312163,False
283,0.4098075754306697,1.5800844111138523,0.01189659962368223,0.02,16,0.027578318287286484,0.021088253063849215,0.027592501455814787,False,0.8263015702184963,0.8236263561787618,False
284,0.3330534824240055,3.5000249376085857,0.00029956514892067533,0.0,2,0.014326943717390574,0.0005226417825174441,0.0006761815563851128,False,0.9725492909247649,0.8250331532434095,False
285,0.8519001712799334,0.4806806634213995,0.2545687545063281,0.1,2,0.30379082308965677,0.2833963139810201,0.3027539172643662,False,0.7730955792148859,0.770849262825912,False
286,0.28871121413045153,8.326783105482852,5.720510370845533e-07,0.1,2,0.001956934554686499,4.613791520679645e-08,4.613791520679645e-08,True,0.18520944854218208,0.13399018055939813,False
287,0.9294531070623777,3.284083785700417,0.002745381094206515,0.0,1,0.018420597118230603,0.0019635494955188315,0.0029936998137820195,False,0.36209679628657976,0.26732037103877426,False
288,0.8887656422083445,2.8354906850227883,0.0009969816396281288,0.02,1,0.08411551349108756,0.0016544288849695233,0.0045414647335272834,False,0.7283462209265523,0.3130163117966385,False
289,0.819973756971573,1.2551562446265367,0.25831422420565153,0.1,2,0.13090496587469785,0.11452670595972862,0.11452670595972862,True,0.558805630076435,0.5221140637616258,False
290,0.6434625239378777,14.216058209091043,1.1220015412985408e-11,0.0,16,0.009224405233525527,2.2440942457441053e-12,4.179008193426554e-12,False,0.19378957078253045,0.0582574944017962,False
291,0.6095017121555695,5.184819085346792,2.3090068010230468e-05,0.0,2,0.009917612184189352,2.691375456474937e-05,4.4437183792920785e-05,False,0.5184879998208591,0.3931307971932985,False
292,0.7737202250799898,0.3401093403242236,0.48290897898486157,0.0,3,0.5128691041410797,0.49456688139358335,0.49817248223128824,False,0.9297550901576953,0.9077160114873494,False
293,0.550775596852475,4.105420680806301,0.0038628660031131794,0.02,8,0.0011635552963109633,0.0011046302897125928,0.0011046302897125928,True,0.49620327373528755,0.46239717453896023,False
294,0.5167320507601497,3.588000656461695,0.00011385018039330053,0.02,64,0.0007485181557420552,0.0003312773307834775,0.0005600327399857078,False,0.5742421155500829,0.5422785862101741,False
295,0.21140561467726277,0.7498276068668254,0.14498581709624833,0.0,64,0.18480792130838009,0.1798940371192788,0.18477503553778257,False,0.983541219259658,0.983445102480525,False
296,1.28113808800051,9.053804861561265,0.01762985218158224,0.0,2,0.18426016841541862,1.809043168319339e-05,1.809043168319339e-05,True,0.6428123637996304,0.0015526154194078065,False
297,1.403243219889157,0.3133755915597998,0.17720987791871137,0.0,8,0.41955746710092406,0.3145062798516802,0.41512010926211057,False,0.7780119929926139,0.7701932097778137,False
298,1.0983121011482393,3.205886944985182,0.006687454999472872,0.0,8,0.022501947711866588,0.0033138391657923255,0.005293027891066822,False,0.2594627581968372,0.17431546186876035,False
299,0.9273816066732081,2.681627161782791,0.03360562344769648,0.0,64,0.012740491414663716,0.012548450432596527,0.012596782308814293,False,0.34383745788409426,0.34203705477841834,False
300,0.8672680423354165,0.5555091335080399,0.03471057058444214,0.1,3,0.19295036692937112,0.15241540950328628,0.19198740806186074,False,0.7388108295862794,0.7354701713856894,False
301,1.1205956989750894,2.35270031635426,0.023779515547440545,0.02,2,0.06909058503435128,0.013349535228232819,0.01841474075813313,False,0.4323192000950375,0.2409803766637067,False
302,1.1420960364947979,2.5762329436201767,0.005028867880266258,0.1,8,0.010305572814227552,0.0032219782999952863,0.008118503554852212,False,0.1584738157002882,0.13258018005459288,False
303,1.053610502692503,0.9815262355758146,0.06298949029197834,0.1,3,0.11285450644911715,0.07728733520560263,0.1105291695595875,False,0.5093981310187565,0.5003088862720082,False
304,1.277070903363811,0.8035457656903415,0.7608398781887934,0.02,2,0.46665812066953855,0.3799350032661863,0.3799350032661863,True,0.6570149608388571,0.5471430745402985,False
305,1.040027269061804,0.6278183412475309,0.04875468150715218,0.02,1,0.21366187497310257,0.14568723895197602,0.20683882457139635,False,0.7311366514700786,0.7152440418942873,False
306,0.6847448612977509,1.0723367915872288,0.005861287514762387,0.0,8,0.07709083480092695,0.05889632484810866,0.07686552899876642,False,0.7923578239779623,0.7852715586895245,False
307,1.4393068149437198,4.6337084924829774,0.2333064360656366,0.1,8,0.01087703111571517,0.0018581917387391165,0.001871625114434674,False,0.025872330718050937,0.007062753367689591,False
308,1.1073474441302407,0.5082353320314277,0.20513843007405072,0.02,8,0.3145804893272549,0.2669751022704762,0.31070726457164005,False,0.7470698689481674,0.7398074446913909,False
309,0.3554566583062031,13.045314516073773,2.536882389172934e-11,0.1,3,7.393285530635223e-05,8.012167913444005e-13,8.012167913444005e-13,True,0.03716154959449772,0.03256373522525748,False
310,1.1104622052506414,0.11685708119835024,0.101147193137297,0.02,2,0.4677056308525452,0.43379505193008855,0.46755429848746943,False,0.9330438427503558,0.9327501542909684,False
311,1.4466677079586405,4.317680840826096,0.01313999978037603,0.02,1,0.003446630377333562,0.0012857215306346407,0.0034116925865797774,False,0.01924070307912377,0.019143049849629327,False
312,0.18746235816302603,0.977357895654413,0.47916880816850105,0.1,8,0.2533308685824745,0.2529369670785694,0.2529369670785694,True,0.8093576223282362,0.8084838560505082,False
313,0.21295665319991094,12.87969820713818,4.833166383029918e-13,0.1,3,2.5893118461855133e-05,2.472235921790632e-13,3.444544232472495e-13,False,0.06003863640321528,0.056875637265860465,False
314,1.2306673602826976,10.636638172772718,4.3098847025452036e-05,0.1,3,0.0018356469218583668,1.8789399857224426e-08,4.3312564971540615e-08,False,0.009642549672910762,9.948625542725414e-05,False
315,0.23709724024303758,3.4743513208322425,0.001185348068052341,0.0,16,0.001134693190940084,0.0010667097759610319,0.0010667097759610319,True,0.9134842665361459,0.907375523919448,False
316,0.5895371397957458,0.11847964092033969,0.08638490684979724,0.0,1,0.44583836085438533,0.4285915645734752,0.4448184096454749,False,0.9821933765802503,0.9801990775259601,False
317,1.1572504881571917,1.566358715928302,0.04046338213578399,0.0,8,0.063581205349242,0.04200201669711406,0.06356156183868222,False,0.39363503255432647,0.39183920416663987,False
318,0.3840123743605751,0.9687569750563271,0.18115516020520034,0.02,1,0.16870423426839648,0.15555744006894193,0.15555744006894193,True,0.9320061626477613,0.8964561294909801,False
319,0.6109879688554803,14.307884566775561,1.5592242080404845e-10,0.1,16,9.65333336130162e-06,4.770438176761158e-13,4.770438176761158e-13,True,0.0054054298598276386,0.004295720924823814,False
320,0.5830816660793074,0.12461112780145385,0.37594247413261056,0.1,3,0.5684563552247961,0.5279820858455053,0.5676266369766441,False,0.956762389225597,0.9555083844567004,False
321,1.4321674414376198,3.86539346254193,1.3351680407245354,0.1,1,0.05045242410157138,0.013850701135537984,0.013850701135537984,True,0.05188645510430562,0.016501043449864534,False
322,1.0021918869134898,8.812454939934323,3.403362913011018e-05,0.1,64,6.013995075043262e-05,1.4904364670678217e-07,1.6106315426402488e-07,False,0.005173808966030617,0.00293860176308994,False
323,0.4059850248264971,0.38695093985612866,0.06123086461485782,0.1,3,0.24771046926341758,0.22650011626458677,0.24770951103495115,False,0.8968784601177531,0.8968703661949541,False
324,0.7254190931675057,5.9622233786203305,5.943102025666807e-06,0.1,64,0.00012701753622195878,1.9044682513044296e-06,4.7124960913769895e-06,False,0.07184814578140553,0.06763669023819628,False
325,0.9278878378640187,0.20630709280096932,0.03901239510535118,0.0,16,0.3774424419351993,0.3438703011394349,0.3774235595297809,False,0.9207577242540406,0.9207003319055095,False
326,0.4074050835637868,5.757188861014155,6.0854888494539054e-05,0.0,16,0.0028254972548993652,2.6992215397113687e-05,2.6992215397113687e-05,True,0.694079354545214,0.6242440599227381,False
327,1.1401765513156614,2.8591845382281873,0.2803911499690144,0.0,8,0.04241357553317231,0.035193751200548774,0.035193751200548774,True,0.2086440448989355,0.189065175489677,False
328,1.3638583890039455,1.2742006123383578,2.136284762264874,0.02,64,0.4733051299893657,0.4710926546965527,0.4710926546965527,True,0.34676509704603886,0.3452915628108133,False
329,1.0383675948912823,12.967348170189736,7.078346111977748e-08,0.0,1,0.11095580626052041,6.213240179961102e-10,1.6760888045474407e-09,False,0.6864764609799405,0.0016870611045211774,False
330,1.2343001902227655,4.491515784919366,0.040540892028902,0.1,64,0.0028659659173498777,0.0009187091149455644,0.0009252992507779422,False,0.027625515329414558,0.020104686775329075,False
331,0.17275831137382344,4.430051906761503,1.2732210831118928e-05,0.02,1,0.0011046155056067927,5.9446111895247875e-05,6.848959542666807e-05,False,0.8000840367292389,0.7841568369835725,False
332,0.5769000382365657,0.9451496180964286,0.00943118740087516,0.0,64,0.09260938379960879,0.0762254848513193,0.09204122625417016,False,0.8601247584753456,0.8581594181613879,False
333,1.298985957448972,0.9016509533147782,0.19319415137981574,0.1,16,0.1756712151185609,0.1489699071323294,0.17473319173470442,False,0.4345515583824497,0.4317495081892251,False
334,1.0896757564083714,0.12427923099573912,0.6593278151059664,0.02,8,0.7248930423609998,0.7135394072480711,0.7216630149392858,False,0.9347456958263103,0.9307753324667261,False
335,0.980795045465126,7.608272332851638,0.000135571408441063,0.0,8,0.00015535734594900402,5.779008895792055e-06,5.919492225844339e-06,False,0.04427802838558151,0.03420723681383764,False
336,0.6180071294186377,0.6775832783158257,1.1232219607013074,0.1,3,0.5782091059854315,0.5603100068526445,0.5603100068526445,True,0.7925662313178508,0.7703995487710507,False
337,1.0113220035065285,6.697382623525508,3.375299897557372e-05,0.02,3,0.004688423524893803,5.484971986759216e-06,1.4054823702832956e-05,False,0.07330400641247978,0.03301794413594428,False
338,0.33289848836462343,7.129811097136383,4.866623994523752e-08,0.0,16,0.008125964767232182,3.206969226034875e-07,4.907936364722245e-07,False,0.7698114131081549,0.6760874889164897,False
339,0.44352787547771233,5.5228138777580895,0.00017607371272452575,0.0,1,0.020885920596550017,6.520711541302885e-05,6.520711541302885e-05,True,0.9057271222293152,0.5860390620435929,False
340,1.0511584840337298,7.074817542145202,5.978335079888089e-05,0.02,64,0.00017917900977726647,4.929850380839227e-06,1.0140882116318863e-05,False,0.023577866990723263,0.021392868034428515,False
341,0.16640502555642692,4.26921788872888,1.4463634036398901e-05,0.0,3,0.0005358181082879455,9.789956081566637e-05,0.00011066273316172968,False,0.9465956503881653,0.9427327869662774,False
342,1.0927265269348678,2.5268116901986177,0.05674973035046727,0.02,3,0.021511076833287675,0.017207045707389734,0.017847746554105093,False,0.2478839398269017,0.23098941138055734,False
343,0.6023871473310779,0.31435465276522545,0.19631330182334256,0.1,2,0.3522441877402134,0.30384204787808494,0.35185076147588323,False,0.8893200994355202,0.8885166026953019,False
344,0.9008707462814886,0.6063577137654063,1.8242631743982636,0.02,64,0.890787576844186,0.890092159927401,0.890092159927401,True,0.7764501903876482,0.7756082259141842,False
345,0.3909455411526996,3.6865462786296432,4.259440275577061e-05,0.1,64,0.00035912677270947993,0.00015020547017103198,0.00020608074108814127,False,0.36490388763117665,0.3622349446405467,False
346,0.6579540958477794,5.821935268932242,0.00021985683731461263,0.1,2,0.011163393601803535,1.4792231945746359e-05,1.4792231945746359e-05,True,0.2683599161315783,0.09257414301742349,False
347,0.3741243229819568,0.21179721511868044,0.18171362656482012,0.1,64,0.40422170749068487,0.37078405682864246,0.4042207516667013,False,0.9445870173597476,0.9445847371439239,False
348,1.2876022603404724,0.3279766213750492,0.03501444600358177,0.1,64,0.3210415586696127,0.25150802950927725,0.32072666584669735,False,0.7401488930305857,0.7393917160293086,False
349,1.3571060513640452,0.19017490739279175,0.033565024432241554,0.0,64,0.4116097077468674,0.3532840114714241,0.4115133704337282,False,0.8610405176832642,0.8608414336837696,False
350,0.559291137298488,0.1476898395571938,0.24417062431280592,0.0,3,0.49997771528920465,0.4629863453780389,0.49996210835036975,False,0.9778045617061235,0.9777480216275899,False
351,0.6402893182793582,0.19202288498208486,0.6421846966996391,0.02,3,0.6602946626251491,0.6562959398580909,0.657789509259461,False,0.9586284782826221,0.9553130004899257,False
352,0.7236581022194972,0.2630506629094224,1.2259598524384432,0.1,3,0.8520042764375535,0.8438740990427547,0.8438740990427547,True,0.8958731730144471,0.8882219483003303,False
353,0.9586247292901704,3.429824453434447,0.07493828491774844,0.1,2,0.03777649378167739,0.005523499086457157,0.005523499086457157,True,0.267980608111234,0.11708510005294166,False
354,0.9852443320221668,2.8393324168508234,0.005034432150028313,0.0,2,0.1151180322949294,0.004148287474295498,0.006793421201956295,False,0.7770942830076819,0.2807899565321882,False
355,0.9549209892279537,5.389177208804615,0.00064012348740833,0.0,16,0.00020952287271402257,0.00011551595091492397,0.00013436298036786885,False,0.10732045817476618,0.10269481233167363,False
356,0.8003417209467173,0.38353934756919045,0.31636713000101546,0.02,3,0.3966454678959114,0.3774538801838228,0.3955353598227088,False,0.8786206940032221,0.8765508868160914,False
357,1.0236231781201155,6.50317463637368,0.00035463505672357534,0.1,3,0.002941993880572146,7.68669060991727e-06,9.057922204883948e-06,False,0.02838685641848708,0.012029790241624075,False
358,0.4085393881135496,0.2248111250815534,0.02909229310101231,0.0,8,0.33931768188703715,0.3282130673675461,0.339169715637059,False,0.9820000666952333,0.9816686089912017,False
359,0.8776715634007102,0.3962028967157257,0.30287480124413585,0.1,64,0.36268017469861624,0.34209686394999145,0.3625464153793478,False,0.8009090318766955,0.8006815313958429,False
360,0.45350480289518935,0.11761437564346307,1.1172469069778068,0.02,1,0.9487235535558951,0.9474748929906702,0.9474748929906702,True,0.9847622060105927,0.9835435353308016,False
361,0.1564747966936124,0.6332938445221307,0.12012102543892661,0.0,2,0.20173791085982362,0.18398121958043054,0.2015877354322051,False,0.9926050862340673,0.9922927622061851,False
362,0.5759614421884165,2.1848040218746716,0.03472781767920858,0.1,1,0.040136648118577534,0.013700391146010021,0.013700391146010021,True,0.5945466260118764,0.45410023874177985,False
363,0.2123660805027998,1.239638398785841,0.039979247983868496,0.0,3,0.06255618013803713,0.05788275506590999,0.062525834707921,False,0.9727221273108653,0.972535650747481,False
364,1.1055330484895733,1.1052875701530562,0.3048138898626917,0.0,16,0.18428305992566832,0.18280879415520365,0.18368969182103168,False,0.5493726637173358,0.5436816866485534,False
365,0.8270490778457384,7.762004289066549,1.556556687620882e-06,0.02,1,1.1884112879056166e-05,3.892664857499073e-07,8.608496722087242e-07,False,0.05998155417263272,0.05977209422752903,False
366,0.3951638611834427,0.7653224064712442,0.02139779171748702,0.0,64,0.12786703479239603,0.11051324286326328,0.12485770917410705,False,0.9524194106850379,0.9427249431618305,False
367,0.17673565994462578,1.7723586941572587,0.0018925687613943077,0.0,3,0.016888463672630003,0.014465716784388459,0.015763080216276017,False,0.9822784560521991,0.9727693515264212,False
368,1.404881959969827,5.705193714823086,0.35332650662312515,0.02,16,0.043924006347083835,0.001717230499176242,0.001717230499176242,True,0.09164150161095716,0.00679774254807027,False
369,0.7696055554064838,10.291834939851075,4.82423543694514e-07,0.02,16,0.0007500062303939151,1.571516166594541e-08,1.571516166594541e-08,True,0.04439562979065919,0.03644085304524585,False
370,1.4058162344466933,0.8871816226459157,0.3209067402433386,0.0,8,0.2679628690827418,0.23328742870189148,0.2544306064423011,False,0.5028655989178383,0.47640955026254894,False
371,0.9709198602645429,0.5252862362716424,0.2547819888987257,0.1,3,0.3031337690711201,0.26873836163488496,0.2891287901676187,False,0.7414428627676044,0.7161983519781361,False
372,0.31351224886442064,1.2574844440579553,0.02448058462798521,0.02,1,0.06047944153036154,0.042310445211406145,0.05182753792957996,False,0.9296425496553644,0.8944074229918021,False
373,1.0457991897038292,5.470112618203732,0.002019090611095042,0.0,3,0.00021151244705098316,0.0001892074267019388,0.00020166209932290298,False,0.06771743699319249,0.0653214646600084,False
374,0.9809427188805512,1.8527530606728788,0.006650988360072778,0.1,1,0.08499090628557436,0.008828249066893895,0.020320997171774664,False,0.5409443787343874,0.3033920332933675,False
375,1.1935374372068033,9.327118917209594,0.00031549465677639833,0.1,3,0.0001298169053226724,2.4470140945570414e-07,2.892820448169779e-07,False,0.0010730905634990546,0.0004278751131419084,False
376,0.7145414371745069,5.1081981945583435,1.5050938364931818e-05,0.0,8,0.028730413338043423,2.345954044043231e-05,6.593871511998727e-05,False,0.4780972310585331,0.2866489648301676,False
377,0.7099492484653306,5.233770304649401,0.0017587353464169504,0.1,1,0.004849975884144981,0.00010485975337378817,0.00010485975337378817,True,0.1557346623972498,0.09913632432817494,False
378,0.5067568370691886,1.9420052118103934,0.0013031853857353138,0.0,16,0.01401061692587091,0.010297488306680268,0.013637371165373342,False,0.7880792628893889,0.7834366378734443,False
379,1.312981793478499,0.24818204231668758,0.11670722036981568,0.02,16,0.4107822037336074,0.3365346465683259,0.4105944934619947,False,0.8233151750959378,0.822973841383239,False
380,1.1275482182730114,1.7081019061606897,0.01417251382286997,0.02,1,0.14909710868660736,0.020147976839356728,0.04317020480221777,False,0.6760125648878229,0.3520922147726207,False
381,1.3935551782136526,4.436055790540459,0.006654714132445077,0.1,8,0.0010619943568953068,0.00039783156716556047,0.0011508593264030315,False,0.012794190161328187,0.01066140070102556,False
382,0.5002682714851905,8.033157373350225,1.2417490866288425e-07,0.0,64,3.5867597498821206e-05,1.1435653956331735e-07,1.641252015771833e-07,False,0.3917109144730978,0.37365140312245376,False
383,0.18565977294654132,2.2467046907479298,0.00043820435710267695,0.1,64,0.003929506843175759,0.0035690372699850913,0.003842412149479442,False,0.6143754770398944,0.613882773787478,False
384,0.35391345033611216,0.16225978538364413,0.1544212868648695,0.1,3,0.427429089488907,0.40392763420060035,0.42742995084855157,False,0.9584187468290665,0.95838257521483,False
385,0.28939017285935587,1.6143131026327298,0.01361305880425029,0.02,8,0.025909074534104518,0.021769431954604183,0.02582322123791498,False,0.8783098817202177,0.8766050199385262,False
386,1.1236642015608846,4.757506311289638,0.0049005347369123434,0.0,64,0.0007851551853050565,0.0006011225186560782,0.0007134336647381101,False,0.06983616424765343,0.06717533282334594,False
387,0.26379611082034077,1.0558939040226405,0.01239392921455579,0.1,3,0.05661444550171438,0.049598434107217315,0.055651086671545495,False,0.7833891084735458,0.7805900263247929,False
388,0.9542831391036338,1.207131657002841,0.08678454191355062,0.02,8,0.09616832061634273,0.0839461040809706,0.09574657092815406,False,0.5771002214514048,0.5726612681593559,False
389,0.4597450858347879,3.8661700671765398,0.0016697277310013185,0.02,2,0.009380091056021682,0.0007593194268262745,0.0007593194268262745,True,0.6384189859126881,0.5734479479634829,False
390,0.3529928630178357,0.1494843417253441,2.019512383247695,0.02,3,1.3682804566649311,1.3665213909844045,1.3665213909844045,True,0.986119245772255,0.9849186400292093,False
391,0.4808783167217885,0.14211661706272366,0.1268282434606763,0.0,64,0.4448105087825347,0.4240204504222468,0.44480989575984675,False,0.9840128582376374,0.9840116045593823,False
392,0.7678620839560769,12.192628063796894,1.0842736998284708e-09,0.0,1,0.07015067385174853,1.6687004144742676e-10,4.1074819786958196e-10,False,0.8596986532543327,0.03267045012519432,False
393,0.7945974554666455,2.9988916099364475,0.015727526035628752,0.02,3,0.005555899927867107,0.005545813293817196,0.005545813293817196,True,0.36467194051288027,0.3613502505451208,False
394,0.7929563151654012,2.3992576567795045,0.02228143220696078,0.0,3,0.08756388205772439,0.013551494416675806,0.013875796754219861,False,0.8521002239763742,0.48890001693035656,False
395,0.18631973443437833,0.15545751226529037,2.614630058061401,0.02,1,1.6612266925621013,1.6608178931588253,1.6608178931588253,True,0.9913631191344068,0.9911307057823303,False
396,1.3071163984036676,13.356269513764422,0.001141415578735811,0.02,16,0.0002995023807174409,3.14800835457805e-08,3.14800835457805e-08,True,0.0010928789105105114,3.0147506731617636e-05,False
397,1.3989891021606375,5.16935892144897,0.06955771237346194,0.0,3,0.02848760780792169,0.0015001980293570805,0.001653996497957593,False,0.08340076320585807,0.013765517493031105,False
398,1.061136910936118,13.208593657331566,1.2433702819803764e-06,0.02,2,0.0180621660919165,1.206213344605738e-09,1.2828615425820824e-09,False,0.10499054386098661,0.0006804684826762377,False
399,0.9100455951843204,0.7779163288195375,0.020224618109599714,0.1,8,0.13931481524039827,0.09213132380557898,0.12836884465945933,False,0.6654281946111043,0.6337601186420282,False
400,0.7763666198984982,0.8634385611059571,0.04298364483559207,0.1,2,0.11336959217939913,0.0780327615984385,0.10993769660811215,False,0.6814573510750053,0.6569851660695236,False
401,0.3116702320221456,2.9436171228229693,0.0012541242112148452,0.0,64,0.0021464277319997956,0.0018654070027488154,0.00214285044180996,False,0.8685929588036698,0.8677813844258357,False
402,1.3855189009176705,6.273058531293054,0.00660921504785188,0.0,8,0.012277385564419646,0.0001533628733401156,0.00031678558551845255,False,0.03849881692348606,0.005991337567511652,False
403,0.9019026705928989,9.322266203785333,2.0364505877529896e-05,0.0,2,0.0038741688824057694,4.329775692032957e-07,4.329775692032957e-07,True,0.050227028255766366,0.028973979431432758,False
404,0.9106338456414661,5.731211317225536,0.00024635693808139906,0.0,1,0.0967923001331192,5.090365293156435e-05,6.167993599716658e-05,False,0.8066246353075021,0.10898189939785059,False
405,0.20613307869673697,2.026740497505082,0.013252335935979983,0.02,8,0.01481813055935103,0.013987365236991544,0.014209430979735203,False,0.8883876098962414,0.8834007530573624,False
406,1.0674266664116658,8.055448274392095,1.4865359067125277e-05,0.0,1,0.1294105547657935,1.223632397658189e-06,3.372938567342786e-06,False,0.7411900092465452,0.015457493039985415,False
407,0.36174826689898215,0.2576689125120662,1.242349766401899,0.0,2,0.9157810225986178,0.9145733476035767,0.9145733476035767,True,0.984606725218348,0.983461827738788,False
408,0.7612585596057253,1.2512349665112636,0.34780405254102204,0.0,16,0.1867695785628231,0.18094474265947824,0.18094474265947824,True,0.7191296963740438,0.7079509944678894,False
409,1.4113679756508721,10.278420269402645,0.0015475106947879158,0.1,1,1.3346794199563789e-06,1.7305469359015338e-07,4.4761401667165385e-07,False,2.7223758700275792e-05,2.2491666264932747e-05,False
410,0.22820269993641615,3.522688750716301,0.0024897767685804107,0.0,2,0.00814018964460525,0.0016136134066235888,0.0016136134066235888,True,0.9870485791681041,0.9127189893087694,False
411,1.1783275441815608,12.729105951036516,3.91894850683195e-05,0.02,2,2.9935503674269346e-05,1.1150056947217351e-08,1.1385264869304991e-08,False,0.0007697684929926082,0.00023177100616243455,False
412,0.6998166322694654,0.19337581649146274,0.18887535072372513,0.0,3,0.4493545646473096,0.4037776044135845,0.44566405626016786,False,0.9623066579286329,0.9555664305969853,False
413,0.34675360100946395,0.34688210165767464,0.3966681238114182,0.02,2,0.4434148042939343,0.4390749990830921,0.44314731863242846,False,0.9664732083645391,0.9660676855870632,False
414,0.913023897969746,0.11082297903346984,1.2485270140141511,0.1,64,0.9940016007422774,0.9939020066101327,0.9939020066101327,True,0.9369365882857608,0.9368469696976935,False
415,0.8086300964301596,0.2431334533021535,0.02650978034005034,0.0,1,0.3450967500917691,0.31560949595655885,0.3437826398104687,False,0.9303639969320459,0.9275095039161738,False
416,0.49901243731932265,0.3291724282014989,1.164439709834053,0.02,16,0.8180298514472344,0.8179268894465981,0.8179268894465981,True,0.9482046134845787,0.9480883048512257,False
417,0.6253674906341304,5.661951639896628,0.0001735457976763999,0.02,1,0.024091495332609653,3.775797954115412e-05,3.775797954115412e-05,True,0.5789787898835123,0.2730737233537985,False
418,0.2944927040345683,4.290467121289174,6.321724794618735e-05,0.0,8,0.0005249666854381846,0.00010891597843389617,0.00013913638417553269,False,0.8575346635269698,0.8313480738503534,False
419,0.7577197106296988,13.624381632596041,1.2196003559081283e-09,0.02,8,0.0009686559292494869,2.45151897083467e-11,2.6171467310376356e-11,False,0.0341662723178121,0.013946355346197538,False
420,0.86584409674154,0.12151115677266665,0.1236861609301225,0.02,2,0.4683257800795567,0.438491240182977,0.4662450271406521,False,0.9573638886041382,0.9534839529461305,False
421,0.3774802914319806,0.4129377590808141,0.24343187515969636,0.0,8,0.34365636373913694,0.32647665499001094,0.3436121571518805,False,0.971450608420662,0.9713461880291429,False
422,1.4286122774692038,0.17288938217317532,0.04171167852584256,0.0,2,0.43480044509618376,0.36859354727543614,0.42841543906871526,False,0.8745469629937843,0.8620948215033449,False
423,0.6146122597769841,5.706034549891448,3.122851539285887e-06,0.0,2,0.001161919121139225,5.8772795821180665e-06,1.6262989444046367e-05,False,0.36848381816025877,0.3519659307628873,False
424,0.903896855416872,1.3127854982429452,0.007211290254853396,0.0,1,0.12762472400791633,0.03646024595696632,0.061912954091079726,False,0.8230844589159882,0.6060708259264653,False
425,0.6389593414518137,5.568655916452576,1.5018425774087576e-05,0.02,2,0.021150972562452623,1.1834181034530956e-05,1.9480654257608326e-05,False,0.5534507876614742,0.26677531395977877,False
426,0.5245515150360387,2.2740544002872034,0.010190916145126346,0.0,2,0.02339693258853987,0.01038717231865755,0.010939987932162082,False,0.7925193098286886,0.7365709568836691,False
427,1.1096758275525973,3.0720325796834755,0.06960988522696163,0.0,8,0.021908822597502774,0.012230009761645457,0.012230009761645457,True,0.22889051619048345,0.18174948662983634,False
428,0.5710366894260057,10.51696164062247,7.283622037473666e-08,0.1,8,0.0006072249957523061,1.07509627908009e-09,1.07509627908009e-09,True,0.05534021044809145,0.023005959743917993,False
429,0.46845388984237757,0.27088499468589794,0.21244346716423596,0.02,3,0.3983231668973567,0.34884944065472423,0.39829954086469666,False,0.9608197199410418,0.9607716308408133,False
430,0.8465531501945982,0.2879110039622576,0.2032893333552525,0.02,64,0.3974866075591803,0.33439688576671767,0.3974337863787023,False,0.8971224694075718,0.8970294335945048,False
431,0.8530110895488913,0.12639894396806503,1.0142880056409176,0.02,3,0.8866847068366233,0.8866575992463883,0.8866575992463883,True,0.9528562246752225,0.9528287920718476,False
432,0.9474318459465175,3.9907315014401097,0.0009750305031120729,0.1,16,0.0006905289508340822,0.000259851900465494,0.0004466549307134115,False,0.10832202499326513,0.0855026513666361,False
433,1.3210948407320962,0.17381474210474557,0.07874203854917138,0.0,64,0.43712653507120147,0.38099040738603723,0.4371005060649628,False,0.8773904250476248,0.8773383459473243,False
434,0.184321648169086,0.32252889493898224,0.043708563879671106,0.1,64,0.2676695633180236,0.2566786277390104,0.26765411521088023,False,0.9324589740777718,0.9324225764436744,False
435,1.3565739371012917,0.13096262365780878,0.05081123680340007,0.02,3,0.4471593619225188,0.4022230632773213,0.4471496911804245,False,0.8973237919195949,0.8973044267389555,False
436,1.187015375679475,9.820238130599229,4.340869190606143e-05,0.0,16,3.9962228546074685e-05,3.5802480619895437e-07,7.340066510559171e-07,False,0.00787420357183541,0.0021479191515414065,False
437,1.318716622659622,1.0012531446194006,1.8884896627935936,0.0,8,0.589383825129064,0.5884627669065003,0.5884627669065003,True,0.4723090765855176,0.47164810426595044,False
438,0.25783710830067486,9.314005697009105,7.173057732676831e-09,0.0,1,0.008264068859117032,7.63538401697747e-09,8.165019891887154e-09,False,0.9834718774637754,0.7349990609208154,False
439,1.4188938221467349,6.98742922837988,0.007561775960035676,0.02,16,0.0002574328271007689,6.07191758437217e-05,0.00012888028858986243,False,0.003439922475460798,0.0020100502104602905,False
440,0.586740239722934,0.17636776170916382,0.0382801849370981,0.0,64,0.38048451443597364,0.3648324660211505,0.3804845403014967,False,0.970938810629042,0.9709332738850198,False
441,0.7256895398324745,1.1941852850008077,0.40539527088698996,0.1,1,0.16702072934751383,0.16698165872115506,0.16698165872115506,True,0.5829915490631733,0.5829105062168067,False
442,0.8925010562724467,7.067980295877345,0.0003163119437068335,0.0,1,0.0932623521475846,1.6415192341373647e-05,1.6415192341373647e-05,True,0.8137334151253472,0.07185831007495305,False
443,0.49020194513530524,0.8335669294954314,0.21599233559262299,0.0,64,0.20211824422929744,0.20193223520552148,0.20202834653827906,False,0.9068700336050868,0.9065014262260158,False
444,1.1679456109492885,2.6533211684151103,0.43089480486846216,0.1,8,0.03448964534365283,0.032571544477176154,0.032571544477176154,True,0.12811901056252156,0.11721201404461597,False
445,1.4258570549493126,0.22368669219223203,0.03409669293788144,0.02,3,0.3991367438078655,0.3276072661060157,0.3975787678191725,False,0.8215264702353423,0.818463425614974,False
446,1.0085788406078062,1.6123064290322855,0.005559772105049215,0.02,64,0.04104273257238136,0.01874725528341912,0.0408085448955668,False,0.44311264448991106,0.44160621558742214,False
447,0.8806692831549155,0.9379933074155125,0.5844238723373744,0.02,16,0.3060767324519187,0.30390671328647645,0.30390671328647645,True,0.6881373586139254,0.6849882998902601,False
448,0.8863797466994198,1.0391363668955735,0.13986354340589327,0.1,2,0.1638445190460343,0.10747385706320742,0.11325626542098079,False,0.6816598313886002,0.5543274447894022,False
449,0.3298916389814975,5.512856268014658,1.0228297896830136e-05,0.1,1,0.00280954565549598,4.28408437888436e-06,4.899019936218373e-06,False,0.2960768956459093,0.24663678948426215,False
450,1.222585129112619,0.170557029367631,0.08313227895645804,0.1,3,0.42377417806090506,0.37212869011090866,0.42032546488537187,False,0.8703004092782162,0.8637503548284078,False
451,0.5762633210247823,0.9131440171935069,0.15416026175023062,0.0,8,0.1601541585306565,0.1575479699975545,0.1598087034490204,False,0.8641514214390515,0.8628895646667221,False
452,0.5762198026663811,3.6053577760730366,0.0024537174129392264,0.0,8,0.01531728350540678,0.0013464696547585528,0.0013464696547585528,True,0.6395878177205093,0.5586884903520718,False
453,0.8049155752844388,13.046813007033554,2.348091804460483e-09,0.0,2,0.001342369840513018,1.0451981707677471e-10,1.4884170073185686e-10,False,0.03258898232419541,0.018258466531031955,False
454,0.7314543852488333,0.16773000409626815,0.1617602232970074,0.1,1,0.43869540081795316,0.4016328561951685,0.4357932565055384,False,0.931763085798504,0.9263985750106577,False
455,0.45619624350053445,1.2243182444209746,0.007795703954425014,0.1,8,0.04127634523486512,0.03408554639854582,0.04102527550762791,False,0.6917993128309989,0.6906867103626956,False
456,0.4278739920685638,0.9586048667033417,0.017777091126271117,0.02,8,0.08626963223160686,0.07200064642058063,0.08497444431419171,False,0.8862767507361051,0.8827065588426858,False
457,0.9192698043474836,4.445779080930725,0.00036101572317378286,0.0,1,0.06895121620170734,0.00022283619589517806,0.0004270734478019527,False,0.6347557851495396,0.17379923504035652,False
458,0.22027375941328922,0.36662542970793965,0.21519638937989438,0.0,3,0.35023416611284347,0.3215097066146449,0.3489587255690372,False,0.9937219612702939,0.9911805966332723,False
459,0.7959237507160501,7.965810054423146,2.394979232751601e-05,0.0,8,0.0028530994381370588,1.7535974515729358e-06,1.7535974515729358e-06,True,0.11595467935783979,0.09137988387760733,False
460,0.8135801260831403,3.1168454881979475,0.008797623512977965,0.02,2,0.0041471794786271535,0.003667826112332001,0.003761620918137444,False,0.5157274537183385,0.3326863627837077,False
461,0.6428515739946301,0.397972893739683,0.32347761699659466,0.1,16,0.36399473664533155,0.35279075802586224,0.36350010637117613,False,0.8537544871311119,0.8529672498374891,False
462,1.0586948286741757,7.987042715098188,3.8212406382269544e-05,0.1,16,5.860895665739529e-05,4.2523392041732687e-07,7.525538262762907e-07,False,0.005612660199273008,0.0034453886944192423,False
463,0.9795411264893298,4.962532198747473,0.001607879246782217,0.0,2,0.022231925471980066,0.0002804958012519256,0.0003094158944399388,False,0.2764325461602975,0.11120288218293133,False
464,0.9553263358212056,0.3918868423536079,0.7055687273720666,0.0,2,0.5890735870858245,0.5684071148827373,0.5684071148827373,True,0.8745684953554895,0.8473563286183733,False
465,0.4608445916785696,5.607601607283443,5.286533212001655e-05,0.1,64,0.0005104089324337005,8.735298610658492e-06,8.735298610658492e-06,True,0.18717452693157263,0.1814961399720355,False
466,1.3069136907689571,1.4941322437815427,0.019018851840127762,0.0,3,0.07949813719699558,0.03095271571127617,0.07915350681154219,False,0.3404475285534526,0.33140416138527395,False
467,0.7123839648579223,8.815533934472079,9.152672281407755e-08,0.1,8,0.001008045793679447,7.700672696568051e-09,1.703617828885286e-08,False,0.028702997173673715,0.020100838631766954,False
468,0.2532115435768151,0.4383671987520049,0.037498488702572566,0.1,2,0.21188370039821935,0.19775181356752558,0.21022448334258823,False,0.9075325453687711,0.9033441242472744,False
469,1.3483641511770021,3.912279540758997,0.4187606277777275,0.0,64,0.014189670617725338,0.014141371214825432,0.014141371214825432,True,0.04778476231042983,0.0473958418454496,False
470,0.48264129719750415,2.213816154983035,0.0017392710441645766,0.02,2,0.011149369487313836,0.005474828234523173,0.007655944298671523,False,0.749145988182019,0.710751696856992,False
471,0.4877234774887391,0.8974278036474131,0.026793746843085917,0.0,64,0.10538799462623392,0.08530163066836353,0.10430561428276697,False,0.9038645032901297,0.9006502096101666,False
472,1.3460647142731366,1.704805262469535,1.0484635865563277,0.1,3,0.3398127686362308,0.14330384351383274,0.14330384351383274,True,0.40632539665351436,0.18902812908222055,False
473,1.2395323085301468,0.28571976420675527,0.025838217779804176,0.02,2,0.36042781201263163,0.286360020260541,0.3490355440924732,False,0.8387531712956886,0.8152817962437936,False
474,0.7178325858964502,2.6839530552837836,0.015444019751119894,0.02,64,0.010669887931422317,0.0076230563923689754,0.007638490895649194,False,0.4978265341508173,0.4631664256047063,False
475,0.5509694100110466,8.500234126112472,1.095561548325227e-06,0.1,3,0.0019309627617722512,4.174048677812372e-08,4.174048677812372e-08,True,0.08470173830091327,0.051926118251549955,False
476,1.008659322466487,0.5597762726150483,2.0071914436183214,0.02,3,0.9658418449620254,0.9629001361504843,0.9629001361504843,True,0.7555697148232137,0.7529103998247886,False
477,0.7535300729653345,10.127020992992081,2.2056273646950513e-07,0.1,64,6.3680471185579405e-06,2.477620970454005e-09,2.5740682969495025e-09,False,0.009495646683154889,0.008505767961826198,False
478,0.292044176601705,3.216106033061944,0.0010990543034403468,0.1,64,0.0007801910639422443,0.0006989161107099052,0.0007365535350570416,False,0.4598006271823584,0.45868127477645043,False
479,0.6315995848013892,0.6192402038928543,0.7582283926253391,0.0,8,0.5000877531956529,0.4997253125004769,0.4997253125004769,True,0.8886382728916824,0.8873983595014073,False
480,0.4027275713946733,0.2594025550317145,2.3598925463783105,0.02,1,1.4514140592917677,1.4445011668123167,1.4445011668123167,True,0.9736530056745409,0.9693500349640384,False
481,1.1800032118497585,0.14032662132332205,1.9379436817697142,0.1,16,1.2646970590848963,1.264281428810751,1.264281428810751,True,0.8917094363421902,0.8914209924815449,False
482,0.3960114492645631,0.15535346979838782,3.534100291519351,0.02,2,2.1049105392303424,2.103715140456067,2.103715140456067,True,0.9824803357677557,0.9819278667440348,False
483,0.7920428164744385,0.4576034434723629,0.5972062797558917,0.02,16,0.48228705883796663,0.48112493552350943,0.48112493552350943,True,0.8585051019553724,0.856851845713116,False
484,0.9784790364001679,0.15455912784742445,0.1492993145779677,0.0,16,0.46285585384959405,0.42184683914291615,0.46270418540057023,False,0.9343180535581916,0.9340072521654376,False
485,0.7618882271193408,9.237816301837608,1.3573986722587816e-07,0.0,3,0.0017459236027662002,3.5844379381213734e-08,6.612960496852586e-08,False,0.10157457238680027,0.0777743776858055,False
486,0.5516073630442077,11.277710901728705,1.4865387706636135e-08,0.0,1,0.037079188708578445,1.8217398670798159e-09,1.8217398670798159e-09,True,0.9258416365059057,0.1877445213860019,False
487,0.2393885968623019,0.48740158109743725,1.6711613920115136,0.1,3,0.9212136099313812,0.9210178336040863,0.9210178336040863,True,0.8948133654610013,0.8945991966567318,False
488,0.5652286080927755,1.3636260958908153,0.06421444837645889,0.0,64,0.06710006382723323,0.06480389195472548,0.06639617206008461,False,0.8133667210875355,0.8088919113956587,False
489,0.541137658647653,3.0289692615079975,0.0006295011167769395,0.0,16,0.0022491072898040963,0.0012134827758049284,0.002007158456282719,False,0.6555740074241262,0.6487100739761361,False
490,0.8469060259769993,0.8229019220697202,0.7323961842237733,0.02,3,0.3931019024591355,0.3915666090253338,0.3915666090253338,True,0.7401872117870693,0.7328557324917933,False
491,0.5214499845707692,3.7351530517739064,7.669728399836018e-05,0.1,2,0.00035821214722376595,0.00013497686020321468,0.00023278411945359032,False,0.31689617243472834,0.2883902528265076,False
492,0.6943279036151775,0.2370104302268461,0.07648674909288601,0.0,2,0.3653281576563047,0.33505341486252027,0.3650044868264724,False,0.9477462296241126,0.946606567462178,False
493,0.44777462027049475,2.689914740223615,0.00038870447729599247,0.0,3,0.0052838780587545755,0.002305199553588539,0.0031531546617214936,False,0.784472844248477,0.7670593760208554,False
494,0.5118410778592917,0.5895083280754142,0.7703780240512282,0.1,64,0.46544267982064513,0.46485141627659937,0.46485141627659937,True,0.8250961813996585,0.824110592755642,False
495,0.1553674878457779,1.320001967548603,0.00815037007886082,0.0,1,0.04135406825132043,0.035971303605429154,0.04026324328302265,False,0.9891295447714286,0.9842259557652879,False
496,0.7671342184937943,0.18307265686649613,0.9439190957953411,0.02,16,0.8074288059585251,0.8073772231069142,0.8073772231069142,True,0.9431470574689907,0.943082922975663,False
497,0.5654409096683158,0.420525967989776,0.8585413392305075,0.0,2,0.6442288802575782,0.6322872188382564,0.6322872188382564,True,0.9514419812851996,0.9366422836677708,False
498,0.6921288375614972,0.49901088341115146,0.8997266681202704,0.0,3,0.6378094722720051,0.6077921131344843,0.6077921131344843,True,0.927354925840922,0.8915196490293916,False
499,0.4941836119179416,1.8052777643572477,0.0014023296983543547,0.02,64,0.016138816391783658,0.01259428080423377,0.016134351383892277,False,0.7500544473585178,0.7496106398603438,False
500,0.5267513797415999,6.035351626939196,1.2454773106403694e-05,0.1,64,0.00026276938584948945,2.5253642061739873e-06,2.7618662793494963e-06,False,0.13797736968069396,0.13196828923650167,False
501,0.6880373176313079,0.2670639900348604,0.057894655755011896,0.1,16,0.32299742501763395,0.2939318916934729,0.3210751072109628,False,0.8961052410497541,0.8921049481540927,False
502,0.5987018289081024,13.831324952044893,1.661212949562278e-10,0.0,64,0.0008195697950882456,1.2862756757068038e-11,1.2862756757068038e-11,True,0.11473492842457167,0.09020133123917969,False
503,1.2204786153845064,3.7105503230579298,0.010391912392614052,0.02,8,0.008097475733062189,0.002149895482229117,0.003342681002756757,False,0.0910889033168883,0.07535647552208485,False
504,0.9564078024387296,0.928674986637576,0.10958501876706654,0.1,1,0.17639779734975924,0.108615920359816,0.12675554792717042,False,0.6820710131760317,0.5604210230569481,False
505,0.7065033492217068,0.2996172843358344,0.15895394337001265,0.0,64,0.3690066031799193,0.31826722340260205,0.36901078785484226,False,0.9308235598429272,0.930793853785902,False
506,0.5006722828833682,1.5148714919533546,0.003353508654483199,0.0,64,0.030629203105328736,0.024245063089019175,0.030494064648087345,False,0.835954852752832,0.8303273610069477,False
507,0.31606703966672856,0.35207266893431116,0.1923967433373101,0.1,2,0.3228684108616137,0.28748487281384283,0.3226151501442276,False,0.9166964182678228,0.9158942532806665,False
508,1.1774458542086998,0.20207409723782713,0.3029358334986022,0.02,2,0.5106028705988355,0.44607231698818656,0.5076713694879783,False,0.880336429289007,0.8757233408531501,False
509,1.2548903765466877,0.9195270779423292,2.3439440454459772,0.02,2,0.8517304734005,0.7437347070794027,0.7437347070794027,True,0.5802407671208978,0.5113854915062513,False
510,0.7164228763652528,0.1066014365978727,0.23295703415138252,0.0,1,0.5295263517112943,0.4981098336518751,0.5281891776295797,False,0.9763983643039148,0.974133483266758,False
511,0.8855756315208322,2.060870658182707,0.01246797379975713,0.02,2,0.04446028085503191,0.013093995747253976,0.01860602405458975,False,0.5213558748645943,0.43210094635462254,False
512,0.3449065792349346,0.6184368880657625,0.0144211263718379,0.0,2,0.1626542557718147,0.14723831333636297,0.15748168955543762,False,0.9791015490043935,0.964233709032386,False
513,0.41156793231717714,1.0785157466874387,0.01167926123927292,0.1,1,0.0610919025591339,0.04715712168369751,0.05530682676509167,False,0.7579993003421595,0.7365597445884914,False
514,1.237294096560696,0.2931498096029698,0.08826918405939373,0.0,8,0.3762203713290619,0.30274685941943735,0.3750647966348428,False,0.8234123352321724,0.8210379379932836,False
515,0.665602199046858,1.122396031033061,0.08276906331791878,0.0,8,0.11141776139660403,0.09364478942540191,0.09988380681098677,False,0.820271356172412,0.7869575361444564,False
516,0.5191328556265187,0.16252472661290415,1.52746027155222,0.02,16,1.1097534082165628,1.1093793767744953,1.1093793767744953,True,0.972773622960778,0.9724723193618626,False
517,0.8182059044966818,0.10396901014655024,1.4176862305408675,0.02,1,1.101664790284647,1.1010249857560959,1.1010249857560959,True,0.9641563315580647,0.9636167359118867,False
518,0.1934133303452193,2.0460895753469783,0.04412890411266053,0.0,2,0.03291708448069923,0.029914686204494965,0.029914686204494965,True,0.9752051848127176,0.9625669701648322,False
519,0.9287346028094793,0.13786433421148359,1.0488300968249995,0.0,8,0.8974817606339374,0.8972891655347418,0.8972891655347418,True,0.9463903696556366,0.9461969197487297,False
520,0.528784041125382,1.1401465834336009,0.046567319561057266,0.02,16,0.076666295750493,0.06592875516515946,0.07611637577522024,False,0.8191696894372488,0.8176460124668549,False
521,1.0633858117141999,8.781413188320107,0.0006579405536463942,0.0,16,0.0006601031411288655,4.679053188480824e-06,4.679053188480824e-06,True,0.02964338666130922,0.010950314996577608,False
522,0.4903734583581568,0.9751672672898221,0.4459362385428052,0.0,1,0.3080829087519547,0.27853621275057105,0.27853621275057105,True,0.9494587140343276,0.891440487560178,False
523,0.7250134120503872,4.422490423097434,0.0001449518027184842,0.0,3,0.00022528440026698082,0.00014452687868925202,0.00024296367120508106,False,0.36297068945095134,0.3288024278971163,False
524,0.46261131576299896,1.688639711849374,0.002288929628662847,0.1,3,0.0310587027452058,0.012205504595989953,0.015226429250052291,False,0.677177211719402,0.597368800158755,False
525,0.29916832066928023,0.15541780034065583,0.030584807876304836,0.1,3,0.3723830350529266,0.3660666253933059,0.372385778723684,False,0.9627332384230619,0.9627255354207174,False
526,0.45662333367780683,0.11800249748457489,0.08703947828335139,0.02,2,0.4412363643226086,0.4272378695216439,0.44060360552580197,False,0.9845726734289233,0.9833306230290598,False
527,1.1132924511948348,0.9626324752108871,0.1823271023774099,0.02,2,0.17128524169359752,0.15690507978269447,0.17134324995361466,False,0.5657287293432763,0.5621799310160835,False
528,0.19007728622336584,1.9001356581862785,0.0010133658871510904,0.0,8,0.014691535764384553,0.011193683375012892,0.012061295493605288,False,0.9837214421469246,0.9663568192519887,False
529,0.9328261334691923,5.3708077363299305,0.001877710620709997,0.02,1,0.0011741762525721293,0.0001628464395203213,0.0001628464395203213,True,0.10252376542350801,0.09190783853142576,False
530,0.8715807773689115,13.682109074583643,2.6277812350592716e-09,0.0,16,0.0010871133245123718,5.857740543832235e-11,9.562397360214724e-11,False,0.04125708038745786,0.007626973844160242,False
531,1.0726517669438602,0.18028676110991668,0.6556893508834822,0.02,2,0.6817812311776303,0.6713045918034487,0.6765470526934902,False,0.9101437805760422,0.9036096057619514,False
532,1.339053916755979,0.33013739850000057,0.07072182281927578,0.1,16,0.3415982477412488,0.25895099712798814,0.33754880025472667,False,0.7336669315729171,0.725901462840636,False
533,0.7184702494284093,0.8136736199178275,0.11181929169385513,0.1,1,0.16433180832191283,0.12595331799608903,0.14092604222684457,False,0.7548722078105048,0.6949858293057777,False
534,0.5620458550735452,0.1665837458772297,0.1995928873973728,0.1,8,0.4507673991343471,0.41575913751592203,0.44966406373530543,False,0.9447950157824887,0.9427606070370366,False
535,0.897198986529159,1.667894659701672,0.15707683185398957,0.1,8,0.054254485114603034,0.05391242684946218,0.05391242684946218,True,0.38680251087014444,0.3824955828113264,False
536,0.37775974670558365,0.5625595567243203,0.012567768396557145,0.1,1,0.1611547755469817,0.14685805721859901,0.1563004459471045,False,0.8723107259417513,0.8588369819395533,False
537,0.32033054537122957,3.3124356230767944,0.006212563165112611,0.02,16,0.0030204856539010685,0.0029866951477131613,0.0029866951477131613,True,0.7476849289450661,0.7400804160286636,False
538,0.8607937752502263,2.0466020650884613,0.02721181960294571,0.02,8,0.04222714653412626,0.019633498281121913,0.02182316781678347,False,0.5123406572213973,0.45184420143171455,False
539,1.2280980376386372,0.5109643222441405,0.1288814550492874,0.1,64,0.26958867520842844,0.19444842624005218,0.26953431795315064,False,0.6432424029187741,0.6430981008785804,False
540,0.447953616202881,0.1297091091343088,0.06276053348688346,0.1,16,0.4111189051824436,0.39946168693720757,0.41090083880125566,False,0.9624444800793348,0.9620012497364707,False
541,0.6625012293062625,1.5565146082066736,0.08839216301287801,0.1,1,0.04644034335666135,0.045927010235450955,0.045927010235450955,True,0.5288734206030377,0.5269898916529366,False
542,0.7365179791819902,8.883018064845622,8.87617682415477e-07,0.1,16,0.00010817841843033887,2.211556804367669e-08,2.3789966285350133e-08,False,0.03793337934699413,0.016924793878237573,False
543,1.141812899127087,1.432537095643117,0.039274693153614544,0.1,64,0.05723656485554804,0.035520972986683004,0.0557747538281019,False,0.3291335316761928,0.3252420381749252,False
544,0.779800494526671,12.678788028129244,1.4957070713961876e-09,0.02,16,5.3823746381514926e-05,7.258426584506185e-11,1.2559826358877397e-10,False,0.053056796190852684,0.015442393340688523,False
545,0.9634383233784314,0.14614804974961432,0.2039962994273276,0.1,2,0.4797725197465324,0.4364739360580274,0.4790304821433615,False,0.913393972940777,0.9121316245687426,False
546,1.0830823145964683,6.572159388761714,0.006036462036673217,0.02,1,0.10384200262745043,9.532661940147092e-05,9.532661940147092e-05,True,0.5645546619447459,0.023393863267592036,False
547,1.1421553985399575,3.4788947455817296,0.0017149942042904464,0.02,1,0.004048470218863059,0.00111130161524401,0.0032578118235094848,False,0.11783327479318657,0.11393810908764758,False
548,0.9438938077641843,0.975549318452543,1.0447211177424482,0.0,3,0.4656435073994407,0.4553642010928188,0.4553642010928188,True,0.6887855710240376,0.6681423976359693,False
549,1.1933852411382078,0.2850670438231005,3.984272227511868,0.02,64,1.9808526588407855,1.9797309360509425,1.9797309360509425,True,0.8262413933621013,0.8257871344902826,False
550,1.07873412174744,3.2830075875020253,0.001499370598721599,0.0,3,0.002937965414557879,0.0014526547747997992,0.004109781596078373,False,0.29999919150281384,0.17693569549584545,False
551,1.3930030306457712,0.3371120663703987,0.045054827132218846,0.1,64,0.33028770422533493,0.24889494569613485,0.3302886556828167,False,0.7082876231566846,0.7082816283189768,False
552,0.8457650004936689,1.4373524149089505,0.05004392306823044,0.0,3,0.10598750856427534,0.05314243518758837,0.06120876671110595,False,0.7505856036662011,0.6162149800049566,False
553,1.288166072677858,2.184935632559585,0.47548922106851543,0.0,8,0.13258612820322235,0.07976521089328861,0.07976521089328861,True,0.29141280737433073,0.20688435780715514,False
554,1.1010415829341353,4.584010332095324,0.002663521621093234,0.0,8,0.0006069701980519226,0.0005271299849165616,0.0007495268915796371,False,0.11617136729848758,0.08135139196214822,False
555,1.1894479491553223,11.819650611670799,2.624935083046346e-05,0.02,3,0.00047182876521325163,2.3497512184542747e-08,3.308112754559293e-08,False,0.003257949794187569,0.00037316502228400267,False
556,0.8721981835045463,0.2039378832244899,0.726805603550853,0.1,64,0.6677895289061672,0.6674614947313302,0.6677304311180214,False,0.8927329567163386,0.8926471906353303,False
557,1.1889769877554088,0.30417361295834167,0.11324835185377706,0.0,16,0.37612399741722036,0.3029425117294348,0.37612870274423493,False,0.826282816191118,0.826268363983899,False
558,0.33235225663845475,0.31533100026655425,0.45499154662847313,0.02,3,0.4887581142252678,0.4859340033891005,0.48815918647443646,False,0.9715163072791851,0.9705727261660513,False
559,0.5308821498612712,0.23664796128702542,0.9735442299245521,0.0,8,0.7935453271939291,0.7929575821068195,0.7929575821068195,True,0.9686633338878002,0.967952714926081,False
560,0.37271737360990664,0.24841128296634893,0.04976519153354639,0.02,16,0.330624706092312,0.31621285962402573,0.33062400617834214,False,0.973382989531766,0.9733689730459997,False
561,1.2360691369224723,1.5880554537484446,0.10369371576990849,0.1,8,0.06042834189556674,0.04789120383991854,0.05712658300522544,False,0.25864273121753334,0.2505812537598965,False
562,0.9433706146490346,0.10787007197222287,0.042053770439235395,0.1,3,0.4323867010141908,0.4109565475529971,0.4320171745802771,False,0.9367487504844944,0.93602079179676,False
563,0.22632355126787507,1.711061589198648,0.09203608429387063,0.0,16,0.06145543932118817,0.06110269258857045,0.06110269258857045,True,0.9601553317190562,0.9573027733198135,False
564,0.5524253390928973,0.1007009382411815,2.3651899567576957,0.0,3,1.5805708804489647,1.5799743089643223,1.5799743089643223,True,0.9855031935428203,0.9851327953140637,False
565,0.3314256992134671,0.2688123810302748,0.03462519527426233,0.1,16,0.2970411460999283,0.2863629582830832,0.2970263115600651,False,0.9339422997760524,0.9338948673662294,False
566,0.24306641232073545,0.3680163821713558,0.01807179453973951,0.02,1,0.24861381214998113,0.24027043933857337,0.24738042334395569,False,0.977841690214167,0.9747846781353879,False
567,1.1749436276556404,11.127742969717135,0.0001989362755142572,0.02,16,0.00017652289879989524,1.3289859412992507e-07,1.3289859412992507e-07,True,0.0020605944188172376,0.0006877744089000751,False
568,0.44621008980184285,2.6293788638883204,0.019536783651903446,0.1,1,0.02142152822405679,0.006451622166758572,0.006451622166758572,True,0.5622535291278009,0.45688635631338287,False
569,0.15505506708183972,0.12917980761665127,3.8094007974154938,0.02,2,2.276846827595132,2.276713821738232,2.276713821738232,True,0.9933614613800704,0.9933055495062305,False
570,0.828713478595497,0.9420343205493142,0.27591278832657873,0.0,1,0.26370642239628156,0.20476965938813468,0.20477494537224347,False,0.8625448396062629,0.7368400897542857,False
571,1.1499470727829177,6.766472869006831,0.01768632488438038,0.02,8,0.0023518160690729284,0.00015098407983643497,0.00015098407983643497,True,0.029632149050556243,0.013942888120159794,False
572,0.8274690679546055,13.14057786150855,5.848286109293859e-10,0.0,16,0.0003576165711948838,4.749346450586295e-11,1.3907903889740507e-10,False,0.06180138462205003,0.014295553071081895,False
573,0.5297312088526073,0.19593211948740424,0.3940666517021031,0.0,1,0.5405622819715615,0.5160509757820386,0.5389073587409264,False,0.9760740838218243,0.973503475821731,False
574,1.1404113856672806,0.14431116507858044,0.8104134853416061,0.0,8,0.7805464402478886,0.7792553397036684,0.7800408159289913,False,0.919902381249208,0.9193378796108326,False
575,0.793681794607089,3.0733675020757665,0.001276367927576777,0.1,8,0.0027215301581458343,0.0008939064788462809,0.0015876141686770933,False,0.23640842908846296,0.21590466502687625,False
576,1.0595498362365303,1.208376480826224,0.02467013183231551,0.0,3,0.17036454908650023,0.046913139486603896,0.08933758102603036,False,0.7674139231108552,0.5394741112562219,False
577,1.0176278365485891,1.1344706044911435,0.010555399743290575,0.1,1,0.08840178368835624,0.041648812174678584,0.0730676832881659,False,0.5097729997597656,0.4651804143723232,False
578,0.17836702178162941,1.9069954881151179,0.0024651067318519596,0.02,16,0.012349168192695013,0.010245098294247221,0.01164182945426168,False,0.9027687048157514,0.8989437522603335,False
579,1.1467249370250978,2.3943759371825277,0.4290822169113001,0.1,16,0.049815804260434554,0.043025214117393476,0.043025214117393476,True,0.16385922530721095,0.15137028376624004,False
580,1.230302200874803,0.22545578656640758,0.2063825897179669,0.1,8,0.43905415177361995,0.367319357851136,0.4387010566271372,False,0.8232780492082252,0.8226245887090398,False
581,0.23409874764434924,8.004547702255866,1.2331706669044784e-08,0.1,3,8.736104520859267e-05,1.1247138308958957e-08,1.4991246698407908e-08,False,0.16507445774241664,0.16214841657275972,False
582,0.295411243370847,0.5713006697979923,0.5293889108751173,0.1,2,0.38148312162599884,0.37618045676041667,0.37618045676041667,True,0.8788686166797339,0.8702215429539681,False
583,1.4160779600667075,0.11814228429545591,2.5555745981925724,0.02,1,1.5851883660580752,1.585024669421129,1.585024669421129,True,0.9007212465857659,0.9006288542419854,False
584,0.8066282963725324,1.5832371192469457,0.10923595954711707,0.0,64,0.06787056149890763,0.06785653348628463,0.06786111688214613,False,0.6149429017462411,0.6140140768945039,False
585,1.3287439368958411,0.21268223509792486,0.18483342843899614,0.1,64,0.4434643753161536,0.3710398165905417,0.4434648194256593,False,0.8152681945130933,0.8152669549289749,False
586,0.1773268198095475,0.9702838157581246,0.020004795225919674,0.0,16,0.08366013580236639,0.0732477693880297,0.08276354207579192,False,0.9877096195457058,0.9848999092628791,False
587,0.827335031732901,0.17727175254103078,1.6544465493774212,0.0,16,1.1526159758656078,1.152592630990823,1.152592630990823,True,0.9443410929893215,0.9443228654192388,False
588,0.5091722396919836,0.12615837559259405,1.9557456146676184,0.1,1,1.3257368990125356,1.3233007954906437,1.3233007954906437,True,0.9612923425437687,0.959603520569229,False
589,0.17648828579548156,0.35194001426804866,0.20015623258687604,0.1,1,0.3249795476182326,0.29327148049950563,0.3245517289262897,False,0.9278109813517775,0.9269506747392093,False
590,1.235048563794556,0.18663362623025334,1.0493119425083268,0.02,8,0.8544455737863315,0.8467278284223432,0.8467278284223432,True,0.8834605511982959,0.8758085113150892,False
591,0.7969611971752438,0.19744060484174605,0.04737913660463669,0.02,3,0.3777248037923746,0.3500654888518802,0.3768499985830316,False,0.9367318308199543,0.934867688598825,False
592,1.1592790066705847,2.5429872281267953,0.057586205714709196,0.1,3,0.052735371183448114,0.011346785559393332,0.012314109588956977,False,0.24474296459905875,0.13076039483071922,False
593,1.3031354713234369,0.4727719396274579,2.8139860267343386,0.0,1,1.2776110350704626,1.2687472526678367,1.2687472526678367,True,0.7110335490197441,0.7062860442262954,False
594,1.3203394652152298,4.2943592431710815,0.03717649781600838,0.1,16,0.03994724878926958,0.0011145881215191672,0.001308538083609472,False,0.15429321550536498,0.0167578447450337,False
595,1.0149347745916593,0.13282251448255625,0.2469392799691354,0.0,2,0.5241388622637557,0.47802118045343894,0.5241376835683422,False,0.9391940937146794,0.9391919986776454,False
596,0.8067783179644122,8.81815506085367,2.1384369594570285e-06,0.02,16,0.0037179719954530907,1.5211957350348133e-07,1.6620407302163076e-07,False,0.1108694738378626,0.046410373838136,False
597,0.7619991571241788,0.40707857960929006,0.18424278004754843,0.02,1,0.32809560955868233,0.28108105762420954,0.32487994444312557,False,0.8854888959611996,0.879099006466102,False
598,1.1778476261530626,0.21997920013657288,1.6017625112773106,0.0,1,1.0898695421076194,1.0680729384558085,1.0680729384558085,True,0.8901782028571228,0.8730642960818207,False
599,1.3758329182129907,4.443488789738418,0.25776540430725375,0.02,64,0.007311479524086948,0.005080063666504474,0.005080063666504474,True,0.0276850185646585,0.02327469807440735,False
600,1.300649678074619,4.869362617462835,0.07469840408923493,0.1,2,0.005510435981324897,0.0007924503922938466,0.0007924503922938466,True,0.027224855211289516,0.010633617297722537,False
601,0.5428048358994493,1.9398334196277116,0.05728475378238574,0.1,16,0.025131715758543716,0.023964530926496024,0.023964530926496024,True,0.5185327552341745,0.5133527490742744,False
602,1.4256664981213543,10.764851410567687,0.07542294552251497,0.1,64,1.3465672470337285e-06,6.976392485110441e-07,6.976392485110441e-07,True,2.9846225613252356e-05,1.1640743419663581e-05,False
603,0.7282340305597395,9.656569282718301,1.764923511265637e-08,0.0,1,2.96486873774325e-05,8.502921911992418e-09,2.4482964976251923e-08,False,0.08713887434878116,0.08634710512288418,False
604,1.266706106771425,1.0784328563221444,0.022265559266337734,0.0,1,0.22040963573873654,0.05913149463014643,0.128362805848569,False,0.6902363776590844,0.46976494907946176,False
605,0.3286350945608693,6.7891011367424206,1.206478327288103e-05,0.02,2,0.0025614279620797325,3.891964575293225e-06,3.891964575293225e-06,True,0.5475034322158905,0.5299931074080434,False
606,0.3151114531384428,3.063939550676326,0.006967311727426005,0.0,2,0.016771369278202417,0.004264015993382718,0.004264015993382718,True,0.9754346206827682,0.8599657323242869,False
607,1.281192173778388,8.318387185524294,0.0005863391232317638,0.1,2,4.347448743885059e-05,1.119228738483762e-06,2.2943074159177866e-06,False,0.0008017204454202362,0.0004971798145118381,False
608,1.4230362228022355,1.7029098180232454,0.33504795425291023,0.0,3,0.20927638043680996,0.10543605503785483,0.11008987499167833,False,0.3959355979436373,0.23405426232296064,False
609,0.3076336763984796,8.758250621804091,8.577845729329878e-08,0.02,1,0.004761408370910495,3.315194279461973e-08,3.315194279461973e-08,True,0.6013388892593423,0.46696282518943627,False
610,0.9840000767011745,1.9836535773591073,0.02023693606774171,0.1,64,0.01840760570857864,0.013160870526165517,0.01823092043738054,False,0.2877870608601506,0.2774698084149928,False
611,0.5119530403793415,5.378918866680402,0.00015892471826957103,0.1,3,0.006056914595253556,2.0828211375910727e-05,2.0828211375910727e-05,True,0.23021888069602792,0.1711152258791189,False
612,1.0873749070712273,2.107179691068237,0.2724537022484103,0.02,3,0.2201612186122632,0.06152300055154181,0.06152300055154181,True,0.6768390472914639,0.29759372689925484,False
613,0.9668457008579459,0.1716340267366552,0.09493804554796156,0.02,64,0.42320698141783614,0.3857434326219138,0.42319218114430196,False,0.9221951240291607,0.9221672658326834,False
614,0.46969789064059786,4.7648271534709306,0.0001986077994352152,0.1,2,0.010488988504588872,4.632254178767952e-05,4.632661961042818e-05,False,0.36471834665315983,0.2301619563142972,False
615,0.8987665213853648,11.319036901587662,1.3928302171810383e-06,0.1,3,0.0005960794898937636,1.559095433528155e-09,1.559095433528155e-09,True,0.009176915569600581,0.0014504421729163745,False
616,0.4025972592721262,0.4525644256476497,0.041349593535025445,0.0,8,0.23018618278826833,0.210607624996282,0.22963701565104955,False,0.9666000709099282,0.9644626961766217,False
617,1.156230350610752,0.3309505920058699,0.13971232659815905,0.1,64,0.3489110958862345,0.2751434729625692,0.34782796351725564,False,0.7702799822678719,0.7680993251849447,False
618,0.9070133292333379,0.22739754978887072,0.033673283068096194,0.0,1,0.3680159534635672,0.3279731519354125,0.36166173108459176,False,0.9298574252917472,0.9164042480809278,False
619,1.1814559911018858,0.30276029169847507,3.7779002446325483,0.0,2,1.911326547701552,1.8947497154613846,1.8947497154613846,True,0.835823053514201,0.8287480551182186,False
620,1.267594237481143,9.635316721185097,0.0006312988404701344,0.0,2,0.17556050925702824,1.6426786492296322e-06,2.2072040044003488e-06,False,0.6492888810780498,0.0011610558808205491,False
621,1.0191591050369142,14.841253958910835,2.372423112532204e-07,0.1,16,6.840653363442707e-06,9.077273730500475e-12,9.077273730500475e-12,True,0.00011813930622207023,4.399360617394403e-05,False
622,0.49221428638499565,0.2251443916177044,0.07903213063131372,0.0,2,0.368147591594934,0.34391130133742814,0.365829330230649,False,0.9784802365735095,0.9736268040193068,False
623,1.1880696292593829,2.9268737596315586,0.11349911812918838,0.0,3,0.018513320180941928,0.01804582287991329,0.01804582287991329,True,0.16957207314717676,0.1598005150750507,False
624,0.19302704747733235,0.24715373455965256,1.9442711674746498,0.02,16,1.2619450130050862,1.2615496536621882,1.2615496536621882,True,0.9859100014611291,0.9856280018229481,False
625,0.7296960405161649,0.7167483745994123,0.011959708062463721,0.1,1,0.12836567036599433,0.10454843221487314,0.1283145404842838,False,0.7220564279498386,0.721913288264966,False
626,0.6102524514525509,3.329327743055475,0.00852279560822495,0.02,3,0.014987981191439872,0.003069187324571324,0.003069187324571324,True,0.5849635146172298,0.4799345465054398,False
627,0.9683069920315004,1.5422407258542437,0.04408911919737906,0.02,2,0.06923697914203046,0.042226745313745734,0.052583184081780046,False,0.5321757271274226,0.4819331593025051,False
628,0.8586419196012827,0.1631183649708254,0.09621962057658918,0.02,8,0.42751680660336555,0.39296249945063305,0.42448725543788757,False,0.9448014857259798,0.9388957939646126,False
629,0.305260962165379,1.1356879254554215,0.020583780342176082,0.0,3,0.06409125187090856,0.052646883537399464,0.06413134004497316,False,0.9499520951234305,0.9488500569712176,False
630,0.36385215390597925,0.3732606837424036,0.5608785129645399,0.0,2,0.5212258329370723,0.5165386113522947,0.5165386113522947,True,0.9827825569939341,0.975859843114301,False
631,1.0334640904838894,5.398488101004725,0.005296125664825473,0.1,8,0.0014080776052588172,0.00011296715233629078,0.00011296715233629078,True,0.03254647918058404,0.024355656013398678,False
632,0.8276638053357873,1.6015406187457695,0.1318196887506324,0.1,2,0.11125066137497425,0.05326210802897497,0.05326210802897497,True,0.6129080581231302,0.43246677599424954,False
633,0.5485677209423983,2.438113340000041,0.03597606939568461,0.0,16,0.01813527386285613,0.01803098649411012,0.01803098649411012,True,0.7029630148862341,0.6992556909850015,False
634,1.002847343436877,0.24843644618256577,0.9732793202592401,0.1,3,0.753669794627779,0.7375127285122842,0.7375127285122842,True,0.8654409943860768,0.8483273115813791,False
635,1.4027693296007075,0.34838827420947666,2.2659650058591843,0.0,1,1.1850875986402574,1.1806018050251248,1.1806018050251248,True,0.7509496665644171,0.7481702617107776,False
636,1.267236931255238,7.13910366247535,0.059421280255445526,0.02,16,0.00023021113536304257,0.00018498867448837634,0.00018498867448837634,True,0.006621286818654971,0.005038454549002722,False
637,0.7960329965883359,0.10481865851313268,0.09215414804454353,0.0,16,0.4631070763698028,0.4428020409295944,0.46305943522395143,False,0.9690904750012037,0.9689976588470304,False
638,1.2021567818183143,13.259845141310079,2.654675832383439e-06,0.02,2,0.015346122936472457,1.6710177736741633e-09,4.47528730245347e-09,False,0.06527758764475443,0.00012192586061163321,False
639,1.059365042078856,2.793718251913346,0.21027229270525888,0.1,16,0.02580251387545664,0.018900160993556438,0.018900160993556438,True,0.15237579247358563,0.1373608527838858,False
640,0.5345889474890567,1.3230085509559786,0.01572764563885375,0.0,8,0.04880446105845882,0.03602439127374736,0.04919484427886427,False,0.8441958742157557,0.8314462458353351,False
641,0.999381459395347,2.171125713336606,0.06397133958273721,0.0,2,0.036579387937018454,0.028845947298771706,0.029427501566358087,False,0.39573129509307803,0.36900994930031183,False
642,0.28464575933135977,11.49130941522963,3.0470101845734965e-11,0.0,8,0.00925249241944193,5.640591960189226e-11,9.249599746653378e-11,False,0.9063156311520921,0.6297725113047202,False
643,0.3850089854586295,0.16455657516639863,2.2532566465690573,0.1,16,1.4297870097929768,1.429451190606486,1.429451190606486,True,0.9562521378949077,0.9560379504804062,False
644,0.37510188454330906,8.776564368775349,7.28035714242338e-09,0.0,1,0.017382440111744633,1.316627333120133e-08,2.389354180293893e-08,False,0.9652351506145163,0.5432248853239092,False
645,0.869672808714244,6.559956575976466,0.0005572529344983081,0.0,64,3.8614662704238646e-05,3.744125177474172e-05,3.744125177474172e-05,True,0.09901361063620241,0.09746303237932762,False
646,1.2374914319815062,1.0561930670698774,0.09548399429263552,0.02,3,0.13914111065436435,0.103019281211998,0.140478453500735,False,0.4797186536909329,0.47100413640998173,False
647,0.7769410392999581,12.430107751723932,6.486443488232009e-08,0.0,3,0.0003216077965423619,1.1988822995156212e-09,1.1988822995156212e-09,True,0.032260031658633094,0.028249590540652923,False
648,0.8700665251709678,14.612525722696777,5.67728351601964e-09,0.0,16,0.00022561923854854632,3.3957132041906654e-11,3.4044198713646286e-11,False,0.0235930320070641,0.005567972805264715,False
649,0.8850084316312624,0.5065370271041612,0.04841665642860258,0.1,3,0.22070026392603048,0.17200227760387393,0.215715644291128,False,0.763015365328672,0.7504643306431573,False
650,0.3905725347303265,1.3302829710631703,0.1052709011031018,0.1,3,0.07474153662543198,0.06610576534842133,0.06610576534842133,True,0.719938290636463,0.6933373796568656,False
651,0.21782175456140984,0.43526154267771355,1.174272836901847,0.0,16,0.7926632007072826,0.7926593349670343,0.7926593349670343,True,0.9897740915845538,0.9897676935700359,False
652,0.37947069812502754,1.8706456313462152,0.001172679955874767,0.1,1,0.02049258406487469,0.008169107831549236,0.009674023640073708,False,0.6640006524050382,0.6021761336489928,False
653,1.2699947862228986,7.624081048193851,0.00551368556621914,0.1,8,2.5916088096097536e-05,7.89596842936669e-06,8.360481016175092e-06,False,0.0015699394545384982,0.0010179241177583542,False
654,0.8336075580656308,0.3373033066603044,0.020926882860270828,0.02,16,0.28985893930581835,0.25652349944699265,0.2898831008896544,False,0.8834840517042157,0.8833294559619688,False
655,1.3489156201512742,0.2566000664996416,0.4741197043143975,0.1,3,0.5345295088578672,0.5060763134301506,0.5316651966563832,False,0.781621469170334,0.7776711850210597,False
656,0.8946926665378345,1.2008213991244263,0.01729714424322483,0.02,2,0.1310973603676778,0.043907348410315454,0.07290791912179874,False,0.7909098118248608,0.6080914652268626,False
657,0.38679440835985035,0.3221611265106285,0.27165139923543025,0.0,1,0.4014635944250837,0.3776532040532364,0.40146303607532896,False,0.9764817296230769,0.9764807067287522,False
658,0.4467941489331495,0.2678924627175771,0.13317156602791955,0.1,8,0.3463362378246696,0.3142739561534067,0.34620420274830016,False,0.9236188064637179,0.9232311475336769,False
659,0.18800885992990315,0.15547519461455647,0.34753656331251415,0.0,3,0.5406775585739626,0.5046360032264011,0.5406731142765243,False,0.9972746565821575,0.997264017493818,False
660,0.49766138591340137,0.16752835972273838,0.11942982365183093,0.1,1,0.4109632011406594,0.3871705047243682,0.40954984619981677,False,0.9503513708941378,0.9475963719135772,False
661,0.5407519148493894,1.4667540552759122,0.002676880096464605,0.0,2,0.037627819811780455,0.026676240264727046,0.03388391002018279,False,0.8285261734243623,0.8111731453654749,False
662,1.042094523259084,0.5624132241398254,0.02595012124661525,0.02,16,0.2192100963812605,0.16286216864768183,0.21937005379960356,False,0.740718438651806,0.7399140032662345,False
663,0.3703736347775062,0.3966234731932049,0.03547175904976603,0.0,3,0.25225047000609957,0.23421003090402567,0.24961767835223836,False,0.9798301913254668,0.9734642503319514,False
664,1.0647982669898042,6.387716776110448,0.00014249581038878475,0.1,3,0.032143419906061815,5.596556214608818e-06,1.1341143031190834e-05,False,0.1852379155514594,0.01036565596821826,False
665,1.3706293775245901,0.65965939847762,0.9722555653795728,0.0,16,0.513363169507749,0.513303584094251,0.513303584094251,True,0.5895909428756656,0.5894900872533987,False
666,1.2992264294764637,1.1035158075422289,0.12324509109104281,0.02,1,0.24818084952737748,0.11142020575742324,0.1443252510199856,False,0.6452583572451747,0.42671249620790924,False
667,0.3053291929026348,1.7527475095586698,0.039927940160291046,0.0,3,0.03880265267728676,0.034693363614987344,0.034693363614987344,True,0.9358814683401888,0.9221309878158622,False
668,1.3982585150419216,0.3834070761264873,2.69930129516677,0.02,64,1.2820105130369481,1.2816711505727931,1.2816711505727931,True,0.7170232490048043,0.7168283476862093,False
669,0.8883154608449321,11.541569107818274,3.5147450095541883e-07,0.0,1,0.0022403018531358156,5.761122839991197e-09,5.8269835253089254e-09,False,0.051670223005636895,0.014093113345113763,False
670,0.8161176013065599,5.221991916348746,0.0012962013837923552,0.02,2,0.06434704272715111,0.00016274694234795451,0.00016274694234795451,True,0.6837086430129153,0.15668439722524202,False
671,0.48516215746736957,8.693564094772187,2.5663360043457762e-08,0.1,1,0.002898621075801475,4.720374560334046e-09,7.563293669923513e-09,False,0.12793481138022017,0.06444417924635486,False
672,1.315631143895261,0.9231624710750691,2.8709355227001816,0.02,2,1.1756602891355876,0.8454289844245697,0.8454289844245697,True,0.6603535077923479,0.4833192267312854,False
673,0.6394195986245436,1.5820928891198351,0.21940061574569597,0.1,3,0.09523635392518934,0.0795283004705081,0.0795283004705081,True,0.5728047360185268,0.5331388875616853,False
674,0.9736297124089172,0.8386909580690285,0.8905131895887052,0.02,16,0.4290163603268788,0.4286946790544159,0.4286946790544159,True,0.6704530323876574,0.6698903534881953,False
675,0.6343522516984721,9.438730394436861,1.1843683585625003e-07,0.0,3,0.0015258749769015607,2.7387656464472624e-08,2.9304234755595764e-08,False,0.19361211463920233,0.15941400482838267,False
676,1.090106659850873,0.16743828200360905,0.08264607380583575,0.1,2,0.41724269434780287,0.3745225410872926,0.4150387649551124,False,0.8882660199247774,0.8838180902483729,False
677,0.6297077697960657,0.9606691440543469,0.38966144521330864,0.02,8,0.24526324208485112,0.24063496339643736,0.24063496339643736,True,0.8106679265080556,0.8003681627637897,False
678,1.0380336070277107,2.725926374346143,0.002606764436539303,0.1,16,0.01201592669071323,0.0019383185620838268,0.00495144204598402,False,0.1898108686458745,0.1515904998126712,False
679,0.16891995295628115,12.592495104718514,8.248930099672988e-12,0.02,8,0.00021606544406549107,5.896490848836386e-12,6.255487903177942e-12,False,0.5380137391605662,0.5051348613850225,False
680,0.8624536075239205,1.0253229711588845,0.3736618564194585,0.1,2,0.2090319175324726,0.18134013330175103,0.18134013330175103,True,0.6367885412818837,0.5693061224579062,False
681,1.1559615384812258,0.5216271843905596,1.4441108791702517,0.1,2,0.7173696006310395,0.6931402550979929,0.6931402550979929,True,0.6813038329924606,0.6598672109721352,False
682,0.4246839480819252,9.586957199564935,8.218722184262731e-09,0.02,3,0.01513429396389204,4.239328158054033e-09,4.9547505365161076e-09,False,0.651218294976125,0.29080647667430415,False
683,0.4401466708105942,0.15016429452049887,0.16337955855283853,0.0,2,0.4567848032683202,0.4307848128451402,0.45615412164569213,False,0.9869791555424666,0.9857896518709586,False
684,1.0410119835325022,14.287013766461682,1.933002955063852e-06,0.1,2,0.0016163424707622716,6.043195703910515e-11,6.043195703910515e-11,True,0.011445469445892285,4.895968912280638e-05,False
685,0.8243275709234076,4.331175403541473,0.0008469822194074064,0.0,64,0.00528211905643392,0.00038276442684704654,0.0004527410842439909,False,0.26975288635132416,0.24905350509807098,False
686,0.5895230045436721,1.66862176498219,0.002415636266019692,0.0,8,0.028764976550649645,0.017810306236021173,0.024458801438563733,False,0.7817245039830261,0.7545351622122282,False
687,1.0599338976555168,0.13162978600231434,0.514808305092859,0.0,3,0.6516981232887362,0.6290087437355154,0.651668897454451,False,0.9349809965871045,0.9349407990450604,False
688,0.8011353177478986,0.1781055016602229,0.04721076292103236,0.02,2,0.392668149369937,0.36409072766462075,0.38922939896327147,False,0.9476577388701778,0.9405527377640152,False
689,0.29333074569146855,7.805441847371888,4.8776159942973035e-08,0.0,3,0.0006544197598208532,9.000020111759388e-08,1.3336296775694354e-07,False,0.7264240870910608,0.7164830810208374,False
690,0.6901088305933497,0.7339614538491862,0.01586047479604545,0.0,64,0.14314065413586768,0.11702893389741852,0.14297345047078608,False,0.8458729645994676,0.8453982543498191,False
691,1.1373952996258316,6.578897626462141,0.0051340863307051815,0.02,64,7.759217227552308e-05,7.713571571416858e-05,7.713571571416858e-05,True,0.017608947491923165,0.016921318839522824,False
692,1.3231983710028326,2.181922675140829,0.18455873037082965,0.0,2,0.21014913034109597,0.04846969860492783,0.05081977866346057,False,0.5579305035895645,0.19259108634213504,False
693,0.8786261370018886,1.6061405106880269,0.18692193918096628,0.1,64,0.06456531233187074,0.06401707530463807,0.06401707530463807,True,0.4087592841940118,0.4056297060997666,False
694,0.5478242717750421,0.23259710953723314,0.9590104550820082,0.1,3,0.7548547495744056,0.7525040725590697,0.7525040725590697,True,0.9251647792477955,0.9226016254691218,False
695,1.4313336425986765,0.4536766565021731,0.22896955849790762,0.0,16,0.3793177657393465,0.3039902152425557,0.37569550547851105,False,0.6826369046631726,0.6766435934446664,False
696,1.1148745685722399,0.11001365914737771,1.0813790811565012,0.1,8,0.9152350113214042,0.914781874066452,0.914781874066452,True,0.9202889324618581,0.9198189099949485,False
697,0.9902177168328595,0.2007379092660517,0.03308652337513529,0.0,3,0.38192375170161075,0.34573867870282876,0.3815238683006214,False,0.9143678208845313,0.9133541339540845,False
698,1.0741120631077663,10.796328656302737,1.0725421807848144e-06,0.02,2,0.037927755426436977,1.3767966223352077e-08,3.998099138010415e-08,False,0.2139776127073746,0.0022799767726676464,False
699,0.6394802376279937,12.26183795557617,1.124434263720107e-08,0.0,16,9.648416202785886e-08,6.246007676037889e-10,6.246007676037889e-10,True,0.11212370323666168,0.08866722116413496,False
700,1.2197527378622184,0.1351103344503878,0.14839464173380396,0.0,16,0.48547404240768877,0.438233745223481,0.484882112426171,False,0.9162387453489391,0.9151668587601787,False
701,0.27010772987206816,0.10509296011656219,0.5685158274800847,0.02,16,0.6870472029813327,0.6759340673351822,0.6870463767551542,False,0.9920192476790698,0.9920178652092041,False
702,0.9247691001255784,1.2367690486520972,0.10784361107315904,0.0,1,0.17734850768620988,0.09534001974485133,0.10190401371729216,False,0.8177816266535427,0.6112736117901052,False
703,0.9165518141573917,0.10820814428279345,1.1424744026236646,0.02,2,0.9640546004031749,0.9634907797695046,0.9634907797695046,True,0.9549294329492588,0.9543876683301411,False
704,1.1354465819202872,1.6032366536571097,0.24261883260753686,0.1,3,0.17896538545753282,0.07193331188338788,0.0719701512471853,False,0.5243565508375662,0.28714874552285274,False
705,0.25900611102869797,1.6751455683732812,0.002557968294754551,0.0,8,0.01977787078628887,0.01758192989207157,0.019754318452882193,False,0.9457895266243846,0.9456578433348791,False
706,0.6022792571398635,1.9655894061950638,0.012728280531860776,0.1,1,0.039653799143964746,0.01066623898016347,0.012396913323042227,False,0.6167344099568836,0.47760549887430115,False
707,1.4232335010471182,0.5999065183192966,0.7100112920642324,0.1,1,0.42039937512644415,0.41019401480807616,0.4116089059296953,False,0.5423310323186206,0.5316952265531291,False
708,1.4180744706690285,1.0284563622171348,0.43258620406387716,0.1,2,0.3090815109670807,0.19144887773106875,0.19808432300681345,False,0.5062628294197998,0.34038098919428483,False
709,1.2836876810473996,1.1401601884872963,0.6094091875862176,0.1,8,0.20170898449104369,0.199289416810221,0.199289416810221,True,0.3549305036364736,0.35157887579857733,False
710,0.15802540949053714,9.71734055196134,1.9499329644828705e-10,0.02,8,0.00021377364800715903,1.2296676511798752e-09,1.4465022499659803e-09,False,0.6334433224386311,0.6006323858198358,False
711,0.272582596155081,3.9177894430686604,0.0010101214229838922,0.02,8,0.0007071529772705236,0.0005689855305755169,0.0005689855305755169,True,0.7511478659839971,0.7398106725980422,False
712,1.3002527628786922,1.2571932175287015,0.07085624229896319,0.02,2,0.22092496585730723,0.0720041119146056,0.11006402282066483,False,0.6307420997835144,0.37851883863420394,False
713,0.7496231081783801,1.1672468357545653,0.09779048461831133,0.0,2,0.10265061761199494,0.0973238855619445,0.10197988797198991,False,0.7349128196927114,0.7313336388932372,False
714,1.252432779992343,0.6976257770101312,2.4294514820137203,0.1,8,0.8685957594421754,0.8282555607805074,0.8282555607805074,True,0.562880272182938,0.5385983500773348,False
715,0.907663300887834,11.220199567684084,1.2388054800556498e-07,0.0,16,1.5585308742317743e-05,4.7166190510058776e-09,7.534680961474128e-09,False,0.015707100708779235,0.013391043342276568,False
716,0.1821556889289984,2.0915074111643506,0.0525219023194578,0.02,8,0.030865940376133397,0.030592993428245126,0.030592993428245126,True,0.8905226989164472,0.8884620959904523,False
717,0.31870745451988747,1.5860716137813526,0.031662168583895985,0.0,8,0.03785860646264546,0.03642907792287823,0.03731517173336536,False,0.9245130258761399,0.9232339249101118,False
718,0.8728220366313892,2.5470439417114417,0.01799398522640638,0.02,64,0.01128476090560467,0.009487457983487517,0.01015136679612135,False,0.3693986784140281,0.3634823408089177,False
719,0.598871022623719,0.644218010717592,0.7066350865695824,0.02,2,0.4700215007569658,0.4580934987325849,0.4580934987325849,True,0.8879684725109305,0.8712029394629168,False
720,1.2742184301325108,0.1695470220472046,2.352365501868395,0.1,2,1.41477899231066,1.3966343562669685,1.3966343562669685,True,0.8682830560933243,0.8573522301980784,False
721,1.3817757574275125,4.503854073343571,0.009717271103628715,0.02,2,0.0036862760212618864,0.0009110311559451405,0.0020871264442999826,False,0.03735078231688699,0.021542068749615242,False
722,0.5313331944460296,0.10887293155476273,0.09515499622690957,0.1,3,0.4454386897906272,0.4309463271259018,0.445312811719539,False,0.9641636289185026,0.9638836913819818,False
723,1.3819009377235218,3.063078768498279,0.06539147807314476,0.1,3,0.008658947110425102,0.006477787973246387,0.008598117006022185,False,0.04515489492684593,0.04502543059813182,False
724,0.5058659437648108,0.13495529495218805,0.6330917101322366,0.02,3,0.6963204354854498,0.6914783068260761,0.6957054785646737,False,0.978723609045115,0.9779461603585473,False
725,0.918375738669106,7.413261332500531,0.0004309545642976842,0.02,3,0.005054746198508554,1.119266897751588e-05,1.119266897751588e-05,True,0.07575800334382717,0.04039235781797503,False
726,0.9746651271844736,0.5308694379313753,0.03487852860386345,0.02,3,0.22720019295334434,0.1751983045455606,0.2272004526669743,False,0.7776620357341739,0.7756529258757044,False
727,0.762396687275686,0.11835998856222682,0.293560069498571,0.0,2,0.5502982853705112,0.510446729430988,0.5497980198435992,False,0.9686001845264289,0.9677668477562507,False
728,0.17805186477988494,5.406219519784205,8.905428705424437e-07,0.0,3,0.0035903163294727777,1.0073671402106691e-05,1.1381309578446632e-05,False,0.9634273305204096,0.9180815205472003,False
729,1.2813848637944139,6.729181225391628,0.07183998615251605,0.02,3,0.03151832006243696,0.0002908102942562298,0.0002908102942562298,True,0.10761422386670177,0.006232863224007979,False
730,1.3442293178030087,8.840043694650058,0.0009082477343812724,0.0,16,0.00038416692453516443,4.36435395511748e-06,1.0418892155956708e-05,False,0.0023459925658631717,0.0010549384376385628,False
731,1.1045773107658472,0.3836801581204973,0.8177927800541972,0.02,64,0.6084893712552979,0.6083418866284738,0.6083418866284738,True,0.7974420419338701,0.7972726927524594,False
732,0.8776285858865616,0.20589949764880203,3.107956989587368,0.0,1,1.8209879767181605,1.7994419176948275,1.7994419176948275,True,0.9390696980477231,0.9283611650832488,False
733,0.439148403131864,2.275466869342496,0.01055318977697422,0.1,8,0.006850473940553707,0.006696141584861726,0.006853112723354262,False,0.5145761214289913,0.5111955003892781,False
734,1.2639860732827464,1.4362594764391103,0.37417964874488063,0.0,16,0.14795963526822986,0.14547237066076998,0.14571486165478967,False,0.3765679388517944,0.36696776456792884,False
735,1.194856387819946,8.92034474896915,0.0023667844390775636,0.02,8,0.000478714861419963,4.695730469602593e-06,4.695730469602593e-06,True,0.008321600065001373,0.0024735996612163173,False
736,0.2605959055559755,5.010487932059618,2.2214170278057287e-06,0.1,3,0.003107131036258354,8.160391520575946e-06,1.0008805634771837e-05,False,0.3609114514085878,0.3099734468814361,False
737,0.3920198642018284,1.9930913401484256,0.008856329243731018,0.02,3,0.0174844965115749,0.011841719320961648,0.013488263362711419,False,0.8128363316683195,0.7938021198547425,False
738,1.4374331097426218,7.467301110836409,0.2638137506308529,0.02,2,0.07683115567528247,0.0002294514512264043,0.0002294514512264043,True,0.18851049641229686,0.0011441660348125446,False
739,0.27382381371111625,0.19551980498965768,0.34096573079382975,0.02,64,0.5059469519859663,0.47648108676635714,0.5059223597391919,False,0.9850495081157905,0.9850084163008743,False
740,1.2208327208146181,8.410549231604211,0.00565567903794475,0.02,3,0.011599889207461701,1.2481034755085292e-05,1.2481034755085292e-05,True,0.06151439862691556,0.002841850518931478,False
741,1.3231922913923944,1.874648762736202,0.48319124260868174,0.0,16,0.11469757357421531,0.10712690648863796,0.10712690648863796,True,0.2543398814343956,0.24287544889027143,False
742,0.20831056709829637,0.2537555071957726,0.3326835899093349,0.1,16,0.44492195590905326,0.42537322489054685,0.44492053467702086,False,0.9453220026913473,0.9453151975967616,False
743,1.243289012713751,1.5686512204547758,0.25758619538699623,0.02,16,0.10076932809261108,0.09930119169612317,0.10080111012698613,False,0.32754473860860633,0.3240726614242312,False
744,1.2780059221338735,0.6693510963965915,0.03710383237963851,0.1,8,0.19785765802999447,0.1189219907506744,0.1946806377332699,False,0.5499074669913001,0.5433346460614269,False
745,0.8738748987335688,0.8557355271408181,0.03029533151978774,0.1,16,0.11288089313134413,0.07840090177212729,0.11278078355127194,False,0.6207937922103891,0.6202577180441277,False
746,1.2081070356796484,1.229707576201301,1.3018433686835351,0.0,64,0.389214669726131,0.38891009510818875,0.38891009510818875,True,0.4527002916168674,0.45229538630026817,False
747,1.1586434086764388,0.6672713710926553,0.53104063085288,0.0,64,0.37475733680099177,0.373913892280576,0.3743658193278999,False,0.6708727556145127,0.6703375565598957,False
748,0.727712109765246,0.7883164421554639,0.030518256978275666,0.0,8,0.13866849740161605,0.10648850573180729,0.13867049835730832,False,0.8202631081850066,0.818991156366315,False
749,1.1732886677360879,0.9483549976829643,0.0321005708179547,0.0,3,0.14871722807026647,0.07743928559932511,0.14314776924451236,False,0.5796063680834027,0.5592121542709203,False
750,0.9935428775673522,2.3084112870312925,0.01708470429731619,0.1,16,0.010951500774044644,0.008189688671493818,0.010774952221094678,False,0.22299988226649786,0.22083554771639508,False
751,0.18394050887270627,4.688661766354359,0.00023330257868643233,0.1,16,7.213488432390201e-05,6.012622609231308e-05,6.012622609231308e-05,True,0.3634846819455969,0.3617408102524651,False
752,0.31322896717784443,10.739191656407941,1.011683649850915e-10,0.0,8,2.5321936151870696e-09,2.3497770155776947e-10,4.2623777474443855e-10,False,0.7766248346100657,0.5930179615212923,False
753,0.3917449781275581,0.2406427925773259,0.08263522473425104,0.02,2,0.35186056513938124,0.33132338539544653,0.35184693286287916,False,0.972555505571547,0.9725286037062595,False
754,1.3812024817369937,4.110194374677971,0.023979348588054332,0.0,2,0.21009088195531006,0.00254029383402678,0.004207067981652136,False,0.5943392137023616,0.035593686406552354,False
755,0.8107212256065051,0.9981403618004526,0.10849181689366134,0.0,64,0.13245175524305877,0.12139803017544003,0.13241359210828632,False,0.7335126303247266,0.7331201108964858,False
756,1.066698646899289,0.26967387121450326,0.2611165093844487,0.1,1,0.4376783804827204,0.36972236013378057,0.42518906971790965,False,0.8453942086842736,0.8241922762921794,False
757,1.0487533044679243,7.718869424981216,2.260935870939979e-05,0.1,3,7.133882347705286e-05,4.512624996688058e-07,1.0611153093497749e-06,False,0.005972928902685582,0.004455513034682891,False
758,0.4817018025674591,1.0604741513665517,0.35073156956410423,0.02,64,0.21399792029149967,0.21381488982292282,0.21381488982292282,True,0.8513137004423252,0.8495124586286646,False
759,0.37465584401922936,0.2354002046309323,0.980787109465134,0.02,2,0.7926554709307607,0.7923466967462953,0.7923466967462953,True,0.9749324687703257,0.9745837055431367,False
760,0.507798074001779,0.27974185403758,0.11223378237221691,0.1,16,0.33230124778563924,0.3005296533733448,0.3311348764708786,False,0.9153788518360536,0.9127922714593052,False
761,0.6954830161160106,8.655965884392144,6.389844914821429e-07,0.02,3,0.00031558436184103125,9.843224965470347e-08,1.1029370726434844e-07,False,0.19773796551353076,0.09473837933623135,False
762,0.5460877908217957,6.2357605575454995,2.760528230055059e-06,0.0,16,0.00015742350973226019,3.253416731125436e-06,5.305450938629976e-06,False,0.43462237994661324,0.40376945680087034,False
763,0.2800133184679158,0.7479312818005716,0.03937384505503952,0.02,16,0.1307986796243663,0.11300665867703334,0.13049764560678426,False,0.943426918300311,0.942661652158485,False
764,0.16633179472195858,9.663157176566166,1.5929604914821629e-10,0.0,3,0.0033023254079653785,2.0214282245100117e-09,2.3795203339012854e-09,False,0.9659907512647142,0.8751466216821441,False
765,0.2077047215998533,0.7241543257147222,0.15124680682348698,0.1,3,0.16810666844867508,0.1630976238778435,0.16765413123774875,False,0.8536127245252771,0.8518070452204296,False
766,0.35356671483725033,12.274013830224408,2.8672832939484972e-11,0.02,8,0.005346765007963189,1.5310076678160117e-11,1.837599306547113e-11,False,0.5286492901207478,0.286451692647473,False
767,1.0875400524366574,5.493557535385184,0.00037251838733278744,0.1,64,5.9001287886983654e-05,2.6459875032821235e-05,5.665867434377823e-05,False,0.01944767751225815,0.017604424533948785,False
768,0.6102111850748463,5.377624069061624,1.460480174935775e-05,0.0,3,0.02354334116397163,1.7651246263438384e-05,3.091914589963931e-05,False,0.6278790885491491,0.37888753889919813,False
769,0.2724224474598447,0.12054941196205832,0.055914803460294656,0.0,16,0.4224902740657695,0.41484990411812606,0.4224658705858493,False,0.9956140721670986,0.995564237085234,False
770,0.696983485011288,4.525244229258898,0.0010599494680216435,0.1,64,0.00023251494401763738,0.00014280320839308485,0.00014280320839308485,True,0.14921979149159037,0.14079965736979155,False
771,1.0284731243222505,10.587695566323069,1.029350979509891e-05,0.0,1,0.0055515339970783895,8.092896393733041e-08,8.406276579856548e-08,False,0.06003190051092691,0.005957540526659387,False
772,1.2851592346308927,11.01298302838955,0.0008753482085255423,0.0,3,0.17983830181153812,4.87767281273785e-07,5.308630844526968e-07,False,0.640884393654578,0.000367102977005006,False
773,1.3106598045430742,8.522657113021467,0.0013942840658909429,0.02,8,3.9691921750495575e-05,5.281763591502474e-06,8.78143803485145e-06,False,0.0018832506153570643,0.0012665867465114417,False
774,0.5926892152437976,2.569134984530143,0.0036960396595883617,0.02,8,0.01042531424621916,0.004202199999881896,0.005179077108227291,False,0.729083317347598,0.5821930389533617,False
775,1.4148588171503456,0.20040813727506054,0.052215836608683334,0.1,8,0.40255654632202587,0.3385285588300049,0.40225014737685605,False,0.8117085659677239,0.8110990346265773,False
776,0.49965800155756823,3.063814419903873,0.022712806417605213,0.1,8,0.005705115513785868,0.005090734984019989,0.005090734984019989,True,0.3988583384751318,0.3725719886148445,False
777,0.7375533819958019,4.5847901195416,0.0003788955992821471,0.1,2,0.004553211236274546,7.941104681930053e-05,9.153798088387186e-05,False,0.1535973363246763,0.12142344585169197,False
778,0.3770557008400843,0.8063737473302941,0.15067239006120597,0.1,3,0.1588293003153552,0.14749334874102846,0.15035283507635866,False,0.8266454678554216,0.8041895167070072,False
779,0.9978623354420226,2.187661191237198,0.06083833665794022,0.02,3,0.03653368143317673,0.025351047845383317,0.025932862867643288,False,0.36843839274289003,0.33647318221006417,False
780,1.1004127967101467,0.13503871942679824,0.13520466727600083,0.0,3,0.47569451963329895,0.43326242979200263,0.4736973456948533,False,0.9324399764351832,0.928824598921481,False
781,0.3282117489575648,1.5783328182510323,0.056156963228064266,0.02,3,0.04689694043310487,0.045968632650695944,0.045968632650695944,True,0.87843110964226,0.86296232585138,False
782,0.26229629058645487,0.4482170850783392,0.13568165588874306,0.02,16,0.26983990494243915,0.23110856054121381,0.2691032154387597,False,0.9687812869040965,0.967287991882499,False
783,0.6882724019316746,4.361283042940149,0.0001240072977771539,0.0,16,0.00023979112892118595,0.00014211583215713015,0.00024276190498866547,False,0.37889633353091345,0.37051183916376734,False
784,0.18049493133479916,9.152716650408024,2.979485849161217e-08,0.1,1,0.0006511303961115069,3.102220651607799e-09,3.102220651607799e-09,True,0.15902417967665036,0.13817565610600757,False
785,0.3283221508150322,0.10536555767497909,1.1059167964507508,0.1,1,0.9376819434422289,0.9371779161650633,0.9371779161650633,True,0.9741458379591161,0.9736520827959928,False
786,1.414242618628011,12.302512103217056,0.006188057600151782,0.0,1,0.21280946866669243,3.571610193734691e-07,4.290817986547816e-07,False,0.577957496968913,3.091200298288937e-05,False
787,1.0140278553788142,1.2360066503705525,0.02412368409948119,0.1,16,0.06866498338752056,0.03524299229543816,0.06430066184528248,False,0.4470420070177925,0.4360293035020325,False
788,1.0193468934200136,0.5858787817402827,0.06525961890185124,0.02,3,0.2268424128156097,0.16119808119457205,0.22412016385554748,False,0.751680277694625,0.739072733918732,False
789,0.4425457837240625,0.7670993884154415,0.0824425851873797,0.1,2,0.13534565815048238,0.1143666402670576,0.13241237193262526,False,0.8050074227291066,0.7966667080854591,False
790,0.7411818829542443,1.2172187816285578,0.527657960620122,0.0,16,0.26596611079172006,0.2520201298623481,0.2520201298623481,True,0.7588649003397273,0.7266490558044504,False
791,0.46306854654456064,5.427410731931626,5.8044851230467795e-05,0.1,8,0.0021482385243380827,1.1307547295820671e-05,1.1310116994771655e-05,False,0.20739212840432697,0.19069796271188993,False
792,0.7916958607059363,0.1602250079951938,0.2952346584325818,0.02,2,0.5215400145687019,0.4670521698969809,0.518038745791005,False,0.9531071351016587,0.9473813579491979,False
793,0.6849638478671057,3.755068739337071,0.0002074017008700849,0.1,1,0.017554566912388676,0.00015901547747881618,0.00032230642103872153,False,0.3496498167025274,0.2023007461476689,False
794,1.0266923998414346,8.830650814199814,0.0004241197916054954,0.0,3,0.023428748086516276,3.7525920295559578e-06,3.7525920295559578e-06,True,0.2231065581725978,0.014130070937520806,False
795,1.2522405414370075,2.9595537442707336,0.35273675145820044,0.0,64,0.034007326866442096,0.03336127038618027,0.03336127038618027,True,0.13293199202897074,0.1309898653163872,False
796,0.9595311450284231,1.8314177111705252,0.008954469132969886,0.0,16,0.05261578787959646,0.01515811912706221,0.03004963478891049,False,0.5470278023893169,0.4582411285821359,False
797,1.041464301477915,0.5364721706742885,1.3911595196245967,0.1,16,0.6804390043886643,0.6794092858976777,0.6794092858976777,True,0.6899092064896821,0.6887538813674746,False
798,0.5438931808791057,0.2658428664994122,0.1465677887292064,0.1,16,0.35638102279637673,0.3194263530506863,0.35636233816285257,False,0.912598869550705,0.9125343507741525,False
799,0.9604396407102099,0.14086239824935798,2.1699337608413196,0.02,1,1.418108567935574,1.4142818765974399,1.4142818765974399,True,0.9388102784729028,0.9363553445934392,False
800,1.4218205073692671,10.493309408122341,0.004698268308789322,0.1,3,0.0008960838869111784,2.329942804060917e-07,3.9595459001721803e-07,False,0.010923877748432927,1.613535203116317e-05,False
801,1.2795535979171362,0.7335236258569857,0.0587376810519019,0.1,1,0.20828640003053378,0.10541800564705034,0.1829989406364715,False,0.5663608407608469,0.5119121283847344,False
802,1.1135161611961646,6.905115539257462,0.007929510932921812,0.0,2,0.034864627577560925,0.0001076007331238039,0.0001076007331238039,True,0.18084395908826742,0.021143083640466145,False
803,0.8960211561995439,0.24537182265224924,0.06500165011637103,0.02,8,0.362988260591459,0.3227977379485258,0.36168348492533664,False,0.9058264703767251,0.9031220492417955,False
804,0.9918814429670968,0.13866467442119623,0.05126629475610602,0.1,3,0.415981802851133,0.38743234780547164,0.4158392374709677,False,0.913843525425641,0.9134451456560364,False
805,0.8094530213924459,0.14937293450167075,0.15620019685274164,0.02,3,0.4604193758149927,0.42625009350462423,0.46026406649345764,False,0.9493418368148792,0.9490476356423337,False
806,1.2509525600502145,0.4305761207463327,0.024369365233325266,0.02,1,0.31459637285430986,0.21279089755670458,0.28797554849337514,False,0.7884018948890867,0.7316754971601273,False
807,0.5178604524094668,0.31673165944164566,0.14707719595049415,0.1,16,0.32585768290744227,0.28572093594353604,0.32586515591747844,False,0.9004746692061822,0.9004360843717256,False
808,1.121496227708945,1.3018095665646754,0.09138168193567366,0.02,2,0.09426154811433159,0.07806315754941046,0.0941230466205383,False,0.4835998470201799,0.4545441521105058,False
809,0.6635716392229942,0.4200228185098674,0.1651989147431308,0.0,2,0.3144435285425304,0.26704841374168253,0.311523034027709,False,0.9208129928373376,0.9147266982284238,False
810,0.6952660758415087,6.873631942748236,9.021918432112906e-05,0.0,3,0.058069526561583956,1.1788170347843764e-05,1.1788170347843764e-05,True,0.88394176601132,0.20281016669286114,False
811,0.25675951237790734,7.595972993431755,2.2304527946488242e-08,0.1,3,9.620045799826997e-05,2.7632098694407725e-08,3.7348267849983395e-08,False,0.17717281271117616,0.17063883706548283,False
812,0.975121298566396,2.662886186587559,0.01901351499984032,0.02,3,0.012091118113868916,0.00864560437013023,0.009692328489172147,False,0.2998640725886052,0.2793353247148527,False
813,1.1681568057778076,12.105674454144117,2.681719037621934e-06,0.1,64,4.731582342928058e-06,8.040693344945722e-10,2.2132952770195283e-09,False,9.314541790159681e-05,5.638974214006026e-05,False
814,0.7663344101283384,0.1473340194512285,0.21814779267298565,0.0,1,0.4954086299863016,0.45362531588961724,0.4927197046178916,False,0.9643274227253502,0.959650515356029,False
815,0.8897125626472095,4.758023825588928,0.00044167340935101875,0.0,3,0.00830672791374999,0.0001803711750704595,0.0002524551830916695,False,0.20145173690370147,0.17166613206058232,False
816,0.9679877632128328,0.13428249696267644,1.7897725830798852,0.02,1,1.2502530176699138,1.2427635234779535,1.2427635234779535,True,0.9439203599661239,0.938454198305072,False
817,1.0510996764363827,0.8535425382094862,2.0785016418870823,0.1,3,0.7562350670801861,0.6876475423719881,0.6876475423719881,True,0.5981808400123433,0.5486100240198649,False
818,0.42582557231682994,3.3543212366893234,0.002061561395774279,0.1,64,0.0008276724430146434,0.0008109279926701762,0.0008114943594583353,False,0.3843682585806238,0.37892697561109495,False
819,0.5844638869343711,13.623416560790757,4.354548784634924e-12,0.0,8,0.001779303546344707,2.5286978725109258e-12,7.272596436460362e-12,False,0.13242865766829173,0.10420678241532572,False
820,0.1965147860074733,0.7912023879428323,0.07237661678042889,0.02,2,0.13584737095202565,0.11815162926275109,0.13559805975859715,False,0.9564440300439379,0.9542053828380839,False
821,1.34630993135622,2.862982022050432,0.4227756741935139,0.0,8,0.04115487215655314,0.037923121221007335,0.037923121221007335,True,0.11530711362499622,0.10799547193080865,False
822,1.3174731461928146,0.22693638594395915,0.3586019951029121,0.1,16,0.5045829645776583,0.45607649093722896,0.504298772345794,False,0.8066288295630093,0.8061799420450042,False
823,0.5237460682653128,12.44474130550116,1.7590558756562823e-09,0.02,8,0.00010368214580239535,1.258244047064983e-10,1.258244047064983e-10,True,0.14632075643583461,0.11463690766852383,False
824,0.9166555434243765,0.13511216492277123,1.7587238495980841,0.02,2,1.2307112707920083,1.2297233768922136,1.2297233768922136,True,0.9441384024188431,0.9433631939357255,False
825,0.3212277124949685,2.215437937258837,0.015260308656704547,0.02,1,0.013452051819480903,0.012335839837197864,0.012335839837197864,True,0.8245297704161435,0.8171435637383367,False
826,0.6045712305537652,1.950834339615224,0.04566021374365235,0.02,8,0.06810695241207104,0.028149527548782687,0.028149527548782687,True,0.8398130231430827,0.6545372519732919,False
827,0.16552529881459122,1.2498620675127554,0.2800511244035714,0.02,16,0.1708267253961182,0.17066574320069344,0.17066574320069344,True,0.9355258028392708,0.9351225625847788,False
828,0.25409564567621495,13.66496149451619,6.622048959487583e-13,0.02,3,0.004352530293280149,5.476386942446186e-13,7.302050753993984e-13,False,0.5336448427021464,0.37330240657087055,False
829,0.5052744798701432,0.39201734922763876,0.15757733387170705,0.0,2,0.3178751163748022,0.26822293010906967,0.3147631604629384,False,0.9587325876853459,0.9521946101301328,False
830,1.3076136762194677,0.11939297012466628,1.9639023341501796,0.1,1,1.306304187234999,1.2977315600231956,1.2977315600231956,True,0.899680675877144,0.893855728090935,False
831,0.5329413905832046,0.22623991407359784,0.10947618657554267,0.0,8,0.3812377599276682,0.35284055531447667,0.38120820888382606,False,0.9692216430932786,0.9691113390558505,False
832,1.4305574250758193,1.3441943027825798,0.025498994754848747,0.0,2,0.1186365313525119,0.041637568626697555,0.11205388674599907,False,0.3310379977742429,0.31464720244590777,False
833,0.33908806103017897,5.379391473076928,7.769850234862529e-05,0.0,3,0.0012564939439086526,4.3037571826094845e-05,4.3037571826094845e-05,True,0.7431808648150874,0.7361574965387349,False
834,0.465502131861237,0.45397972939198955,0.16937154463128357,0.02,2,0.29415198356898087,0.25666869180192914,0.2870855735289449,False,0.9508328437081468,0.9356963021544196,False
835,1.0983530242698951,10.701493207643136,0.0001376944510265874,0.02,2,0.00010318307951404348,1.8792477301950882e-07,1.8792477301950882e-07,True,0.002830982611760736,0.0019118267208249218,False
836,0.662706849648074,7.021792044386289,1.3728711653209737e-06,0.02,1,0.039960123423635814,7.894203766883174e-07,1.4459681814942254e-06,False,0.675206506845532,0.17081463092602867,False
837,1.2121816523542894,0.1485929828796618,1.8343936414238662,0.02,2,1.2365123709370378,1.2345739800217679,1.2345739800217679,True,0.9040662855395118,0.9026829205266858,False
838,0.28803089161019235,8.57279458597405,2.697264964277418e-09,0.02,2,0.0024275554848090792,1.2700199521515246e-08,1.8751750900062174e-08,False,0.6497617075302268,0.49854207040749704,False
839,0.15538294867620991,14.756513721905835,3.999550128363857e-14,0.0,1,1.015211572225493e-05,7.804284458912647e-14,1.0769729464703912e-13,False,0.8376968676255113,0.8371253324192128,False
840,1.4049015668607987,5.583561456262974,0.019910408179190257,0.0,2,0.0020718178599352876,0.0005304325319566763,0.0008416174702025486,False,0.03172280153710208,0.00945207726040841,False
841,0.5808772518745552,0.7078997972672844,0.02201907529975118,0.02,16,0.14221372976474017,0.12057508468299756,0.14203142519251363,False,0.866212437222334,0.865520167526714,False
842,1.0145987069923434,2.5926608150548787,0.012189551861103211,0.0,64,0.018869080184978015,0.00826067591782335,0.01130989215709393,False,0.35220731098768937,0.29409936582771934,False
843,0.8325292030267895,1.336409987834127,0.15323248394096475,0.02,8,0.09789835981711222,0.09751335935494848,0.09758558503075268,False,0.6162272472647552,0.6123490538516583,False
844,1.2566027742675927,0.5821575551941612,0.10001441715152692,0.0,1,0.3130116005887932,0.1766865498476642,0.26679471715449615,False,0.762360175202415,0.6688188761207787,False
845,0.6264861970115223,0.1687181752365474,0.5589322128925122,0.1,8,0.6182844686740923,0.6105925808471918,0.6178648956123867,False,0.9368973796712113,0.9363326635582536,False
846,1.3841885637821945,1.0668762754940366,2.235877618236595,0.0,64,0.6109244998157013,0.6100042654509483,0.6100042654509483,True,0.4202084922718379,0.41939489940068747,False
847,1.0176941306760754,1.8274357709772202,0.1650263940958913,0.1,8,0.05640514136480147,0.045411146417783,0.045411146417783,True,0.33032890544613014,0.29144115195380094,False
848,0.4341384710712186,3.8224984516291554,0.0014060701832465051,0.0,3,0.017531317318237233,0.000834175000735437,0.000834175000735437,True,0.8375360791419447,0.7014521308959579,False
849,1.0672020037867,0.4204251286739344,0.06298521297980204,0.0,64,0.29386744946785875,0.22925594190493684,0.2934184319260108,False,0.8055611857596394,0.8044972455101599,False
850,0.323140112675256,1.3593943267227862,0.00249395595617533,0.1,8,0.031515893066354994,0.025189605539693086,0.02784408269290758,False,0.7236041641765756,0.7101798120778768,False
851,1.3035208969480496,1.809448345231413,0.014910910409400657,0.02,3,0.04974002513299097,0.018598816581931004,0.049055068047528426,False,0.24898609149221018,0.24562662799853607,False
852,1.3635702853405376,4.258521822349489,0.38938690031103496,0.0,16,0.014555858591144428,0.009557693340179587,0.009557693340179587,True,0.058728908212180485,0.0339676175423157,False
853,0.5871933863108918,0.6173132320215998,0.6268474666418432,0.0,8,0.4446982413201612,0.44395350398951394,0.44395350398951394,True,0.9027426298730131,0.9017656099631507,False
854,1.3611942453631922,3.772207064447062,0.5620476128158673,0.1,3,0.10234117601870221,0.009130887226440855,0.009130887226440855,True,0.16963244476498762,0.023712268948188592,False
855,1.038882869108512,0.4862895005498839,2.628279435751249,0.02,64,1.2498428775022035,1.2498007427539841,1.2498007427539841,True,0.771775903223441,0.7717434228929088,False
856,1.224487675644641,0.340606126884122,2.7155382607536236,0.1,2,1.373959544657173,1.3087815973807597,1.3087815973807597,True,0.7817315391812649,0.745935517065062,False
857,1.1206143795201788,0.15974791214646114,0.11733908246303892,0.02,64,0.4482949055903459,0.4032966506497783,0.4482948012120595,False,0.9078953971641031,0.9078947495156611,False
858,1.2586494625079676,0.501316057225697,0.21862772987541387,0.1,1,0.3423548312791268,0.2562064540848783,0.3047471063859944,False,0.7061913400950812,0.639145038622774,False
859,1.2416334887139855,8.357614939159351,0.0007988632830760308,0.0,1,0.00304014683683949,6.630864914494383e-06,9.267249393168775e-06,False,0.021832616511267257,0.00349644624449182,False
860,0.951193775577638,1.0008342671113724,0.5995438230099956,0.1,1,0.33041075036416706,0.24542608797945326,0.24542608797945326,True,0.6701672973647935,0.5380493403922108,False
861,0.8012506206950789,0.13665911825699706,1.3269271661907647,0.0,2,1.0336670656488804,1.0330215732862045,1.0330215732862045,True,0.9598801011462192,0.9592817318846989,False
862,1.291667334705226,0.10629818807095608,0.1095574204927984,0.0,64,0.48752966185493984,0.44852881988492344,0.4873208276205313,False,0.9262615444942123,0.9258795991397486,False
863,1.2014295907342807,3.7648057768665657,0.03677646869505164,0.0,3,0.021771734953555954,0.0044437604408765355,0.004634898719981547,False,0.14933730031031897,0.09020982270013672,False
864,0.5060287375494495,13.052906327124164,2.1381191038904357e-11,0.02,2,0.014857532246714199,5.881099791675095e-12,8.234532140568118e-12,False,0.44450727234532783,0.11556122963509018,False
865,0.22282632560547988,0.23897832185000537,3.0569414082608986,0.0,1,1.8315815670867515,1.8313283247280752,1.8313283247280752,True,0.9942385307073817,0.9941091024264959,False
866,0.7631955762690004,0.43906713236917216,0.032542927068029054,0.02,1,0.25867479664531134,0.21080547087137386,0.24475733983319048,False,0.9029485541817115,0.8699266519158739,False
867,1.0189940354844473,0.14373396712141628,0.10066308515498541,0.0,64,0.44864445753955284,0.412837051655267,0.4486323377700242,False,0.9339236913310279,0.9339005411697827,False
868,0.23805478753058967,0.2266021154715857,0.22904765958138898,0.02,1,0.43038001220932814,0.38705987307332046,0.42971316318772634,False,0.9858847608554817,0.9846642096115718,False
869,0.600035966819222,0.8042957417305444,0.9395021483093579,0.1,8,0.4463346443890354,0.445595594636069,0.445595594636069,True,0.7419870805732778,0.7398133873152234,False
870,1.3742581512226262,0.18861558303961384,0.15665481651616409,0.1,8,0.4491380125744012,0.3819103426240372,0.44911087826460017,False,0.8274474501244737,0.8273671489701444,False
871,0.8637194879238074,0.24503965392241392,1.0855875154731673,0.1,1,0.7956095988234115,0.7920972728136477,0.7920972728136477,True,0.877371551047956,0.8738326898695022,False
872,0.5754664060296307,11.798410544422715,1.9922295301164386e-10,0.0,8,0.019731986948884936,1.0609259979994402e-10,2.038143957761085e-10,False,0.45520249215321024,0.14952839774256962,False
873,1.1543267210985766,5.7524392398459225,0.0006655060331173314,0.1,64,0.00010708200519412265,2.5922259579884697e-05,5.245376307020402e-05,False,0.010827507703808909,0.010297359331818334,False
874,0.5304225173247202,4.509156656591154,0.00011317844834357049,0.02,2,0.00044924756524101714,9.777952869858306e-05,0.00011942617295604634,False,0.6556118573354801,0.44934955947494865,False
875,1.2884918491627273,0.10866921854723241,0.1739847078913651,0.02,2,0.5148037232790387,0.47027921287476204,0.5133362772504527,False,0.9231180423974656,0.9205867487819925,False
876,1.205330105750684,14.245293140173423,0.00010923628171053117,0.02,3,0.00021905774639867232,4.399611459498569e-09,4.399611459498569e-09,True,0.010948915340607936,5.982696126781979e-05,False
877,0.3725207250264472,0.9048341626739951,0.00884432482937822,0.02,3,0.08888130539066691,0.07964281693636968,0.08800745966141807,False,0.9085571178695256,0.9064192228221534,False
878,1.0297927470448516,3.446280582246606,0.0018390664575550443,0.0,16,0.014737466437993157,0.0013664636137069555,0.002873531121369672,False,0.25557863520257684,0.18797278182034813,False
879,0.9619479431573339,1.7746688352214368,0.0042180664303439344,0.0,1,0.038731172975545534,0.01443245692412764,0.031708196519219516,False,0.4945740946440478,0.4678092618083728,False
880,0.673421000163033,0.10853991776013894,3.453028651767164,0.0,2,2.10282289057323,2.098167741124279,2.098167741124279,True,0.9787003790394758,0.9765834662108006,False
881,1.255147412356724,5.962173969547589,0.027194385101367596,0.1,8,0.0012074858456407886,0.00012898606534168328,0.00012898606534168328,True,0.008007047761446203,0.0049729061185342215,False
882,1.0631822318021453,1.0058578481061835,0.7325719860771389,0.02,64,0.31796856387600214,0.3175470565124314,0.3175470565124314,True,0.5751819250876244,0.572838686792042,False
883,0.5897739907730731,0.32187641625905833,0.14837591306571832,0.0,3,0.34950701216541236,0.3016308626400747,0.3475979906430597,False,0.9508115489567686,0.9470761837556463,False
884,0.6800066018148245,6.008755385809548,7.65496337322896e-06,0.0,64,0.0002976474055250891,6.7983301468009e-06,1.249467122398627e-05,False,0.2890682468901952,0.26275425699730137,False
885,0.8725674593574246,1.2042234229170816,0.044865803840943796,0.0,2,0.08637193219167091,0.06352872496770691,0.083738761274941,False,0.6572639626915052,0.6504610265427395,False
886,0.3636974533462447,7.696140556287719,2.1559545999114986e-08,0.0,16,0.004191744912391234,1.0332068161905634e-07,1.7744662893425983e-07,False,0.7961185695355018,0.6044594898132574,False
887,0.396161285005147,1.834529083850871,0.16193014586532484,0.0,8,0.09150957261790683,0.08493786859697051,0.08493786859697051,True,0.8886645798128636,0.8675466586288667,False
888,0.20715911244844526,8.431975193722783,2.247016848963205e-08,0.1,16,0.0004778173198339024,6.045758660263407e-09,6.9969591980916e-09,False,0.16632941166501464,0.1546365744450556,False
889,0.9164334309512028,0.34194763076093254,0.41538265312076983,0.1,1,0.45104361405421967,0.42757963773781493,0.4390534296791845,False,0.8355683439391339,0.816923838321127,False
890,1.28946750940064,5.358376248607345,0.001986411100633311,0.0,1,0.18123344734397379,0.00020985597070418546,0.0005525339263376904,False,0.6388242432801443,0.020843419165652303,False
891,1.1248790544577676,2.432549806251894,0.012353828460825984,0.0,16,0.0180490588674347,0.009760179963816493,0.01692661168788478,False,0.2569996561387649,0.250718117460728,False
892,1.0015864949312832,0.5704557674855196,1.3236639611474126,0.02,2,0.7372417042212435,0.7004367971115181,0.7004367971115181,True,0.7850176276167322,0.751399830352443,False
893,1.0915457158681676,0.24733290388222445,0.16787641056102523,0.02,2,0.4194000978154589,0.3525653659689006,0.417667983843755,False,0.8697872079779081,0.8666002589206572,False
894,1.364284622463765,3.798167905765582,0.007255090352312713,0.02,2,0.04539889860647684,0.0016398990540345659,0.0045702771719348745,False,0.2371579640865455,0.04194937382025433,False
895,1.266172240589623,3.5661306778608335,0.027963474247054098,0.1,8,0.011616727015082146,0.002316298435946664,0.0029409354219306983,False,0.06627493911831919,0.040366668507327765,False
896,0.22335636787534624,0.5267451674610695,1.215879125994335,0.02,64,0.7606830202222455,0.7604988151708041,0.7604988151708041,True,0.9666150518552051,0.9664222556001332,False
897,0.5338951030754142,0.12219575942963026,0.21148422542838732,0.1,1,0.49027725574645564,0.4629521347960425,0.49013964688375755,False,0.9596427586163739,0.9594021379497184,False
898,1.0110972931510822,3.127891778562073,0.0718828236956279,0.02,64,0.0147017434488773,0.010985067413405743,0.010985067413405743,True,0.23043476037166916,0.20345464345414055,False
899,0.43985355592192,2.9562427862006224,0.0009794251144176283,0.1,8,0.0020238345446376487,0.0009012176797178355,0.0011969212562823752,False,0.42119108149771267,0.41784639298112675,False
900,1.2066345762070685,2.561704794594066,0.005561904186776236,0.1,64,0.009138678574069551,0.0034480268869523756,0.009603045214408528,False,0.12268101049341375,0.11513461801350117,False
901,0.30399657983640416,0.3279708606085353,0.5061058323972899,0.02,16,0.506037380731104,0.5058098689617991,0.5060021442290514,False,0.9723154233561369,0.9722356920704955,False
902,1.3613373998398326,0.2588887001433268,0.05208453991051696,0.0,8,0.39040016563609803,0.3134388139947174,0.38694152948843996,False,0.8213159510396297,0.8146002345365007,False
903,0.4339986293726298,1.4025927500239654,0.004655342039614075,0.1,8,0.028717986479181657,0.022955294058111694,0.027565749669437867,False,0.6667552471484115,0.6632848692670223,False
904,0.5074834778289605,0.24752513182387018,0.07060336852373027,0.0,3,0.3491697395043318,0.3262879325188661,0.3486448790528394,False,0.9703661785020038,0.9692860299937293,False
905,0.41525494735437396,1.931029800828584,0.0008774465938192264,0.1,64,0.008783954138040924,0.0071507668196721,0.008671729046504312,False,0.5782693961433895,0.5767666999186289,False
906,1.2372627209605507,12.67441533877763,0.0007268750989099709,0.1,2,0.013348855933723746,7.674130121794981e-09,7.674130121794981e-09,True,0.05261151819318556,1.573066781662333e-05,False
907,0.7539335372782164,2.8994469116914945,0.008393238570977067,0.1,3,0.019659965324628915,0.002824283122099751,0.002932903987730667,False,0.33970234352546114,0.25521886656011605,False
908,1.0196994950242375,0.9690645557445424,0.02977308535116725,0.02,1,0.1787221130929001,0.0713113054947833,0.11890204936399981,False,0.7658351897079985,0.6062858972350711,False
909,1.1699069090496759,1.151087588286504,0.11023972093791318,0.02,16,0.1248980266804964,0.10029092232138265,0.12246879119167615,False,0.47921142616616874,0.473343627710953,False
910,1.2524885549666667,0.23074354246992249,0.11630031881953987,0.1,64,0.4001795992531482,0.3359600438002035,0.4000463762482848,False,0.8151653007124162,0.814909022492961,False
911,0.6836208650160759,0.10661427284356584,0.18752198997656064,0.02,64,0.5031882758709469,0.47770039938392955,0.5031720039588028,False,0.9722007185318369,0.9721727408884067,False
912,1.3111168996455933,4.7361624172419665,0.008740268655004957,0.1,16,0.0010681081874343008,0.0003180499613680606,0.0005543055118550789,False,0.013333177978929123,0.01147841492170944,False
913,0.9803715823216934,2.05218677583447,0.007679031374069807,0.1,8,0.014378929295398322,0.00746705155574224,0.014617817697950298,False,0.27875367121702543,0.2670970491632532,False
914,1.4472252896135345,1.5797954182365241,0.35076382753127566,0.0,8,0.12950845657870785,0.12201436597994032,0.12868173402615848,False,0.2545752018796533,0.25030505089513144,False
915,0.7775028160245531,0.28827567519039204,0.3671988648492731,0.02,16,0.4689082479771586,0.448999925123439,0.46874384279010795,False,0.9102367514630546,0.909953311722701,False
916,0.946398109968231,0.15086012179817956,0.04101343370240605,0.1,1,0.4038469628835262,0.3734972062514224,0.4006737702181017,False,0.917791068398564,0.9113411806176761,False
917,0.9153960459148325,1.4533948823965284,0.02976027974043061,0.02,3,0.11214110899904535,0.038051262610939766,0.05343877985998823,False,0.7298790123599208,0.534875936512546,False
918,1.106718206857491,0.16982401262908886,0.5850918559229211,0.1,8,0.6401327573397229,0.6238894886264071,0.6354220058235517,False,0.886155981977014,0.8800506447146214,False
919,0.6436427511896732,1.449116153610057,0.21747041679750878,0.1,3,0.10015677700512124,0.08845837225116249,0.08845837225116249,True,0.5947386358103471,0.5600273669779201,False
920,0.71523240021423,9.256285989296572,3.037797451755933e-06,0.1,1,0.009621208201434323,3.160523586926317e-08,3.160523586926317e-08,True,0.13779761592389986,0.016251099247734057,False
921,0.42704866130812236,0.14056492282509164,0.041591181468487004,0.0,2,0.4031826773516052,0.39316437399923865,0.40279513563012503,False,0.9882450823650434,0.9874555081394643,False
922,0.7921234201115844,9.539489062439905,6.530385929643933e-07,0.02,2,0.02477880811987283,3.9701239457965e-08,4.3270039982056695e-08,False,0.2875251630777754,0.03990920737439891,False
923,0.18129628957497065,2.3241665218446963,0.0005319671422082814,0.02,16,0.005221825136545794,0.004365969269707631,0.004766383038890211,False,0.8800600945432001,0.8771669768351947,False
924,1.1314001943313703,3.7166239817074347,0.15656255006978229,0.02,1,0.17208415812255598,0.01012896047119342,0.01012896047119342,True,0.6143894764190974,0.10184909958293847,False
925,0.6783630168393664,4.210141428133468,6.542283294100114e-05,0.02,64,0.00040794107732915164,0.00010145789210111862,0.00024734694793873886,False,0.33475935702532544,0.3326957870410164,False
926,0.6645916264088864,0.5188190402450231,0.14412890611349166,0.1,8,0.23958231502733995,0.20370010352162846,0.23649883361032883,False,0.8135730330786921,0.8071992544415059,False
927,0.28738096308870936,0.6666676078212711,0.013952519247669036,0.0,2,0.14277597646159906,0.133637239582615,0.14223955665010787,False,0.9744880935380625,0.9730299980018461,False
928,0.6466725652380754,0.361302834316476,0.14691406516854605,0.1,1,0.31476805449748657,0.2589970772479561,0.30643871713586623,False,0.8819674157882874,0.8648405710975148,False
929,0.9859648896645493,0.15351977145875043,0.1847173955992462,0.1,1,0.46569470116999045,0.4225758099905988,0.4656946831841715,False,0.9053155306553137,0.9053154988162019,False
930,0.5966210515604896,1.1692266461406304,0.023523091592815737,0.1,8,0.06782957791642255,0.039078020140224344,0.05433269063078025,False,0.6895504135578412,0.646719685824779,False
931,0.5866472267358864,0.8162154460259955,0.08089588532620187,0.1,2,0.1299939163838267,0.10680455602523918,0.12511837604086523,False,0.7536575513515842,0.7410307151065065,False
932,0.40324574760985477,0.9982719652976707,0.6920115886724179,0.0,16,0.3934002303892302,0.392943852576331,0.392943852576331,True,0.9247650342666884,0.9230524623159999,False
933,0.9743537684258657,6.838276799520386,0.0007872892565512653,0.0,1,0.003906304762828934,3.116100960868871e-05,3.116100960868871e-05,True,0.09269459297030247,0.049926796625722664,False
934,0.5428946322085073,5.604737635521501,1.9767174865080863e-05,0.0,8,0.005755880469300153,1.6363103389140466e-05,1.957643712498945e-05,False,0.5817212390813339,0.4467005581035223,False
935,0.21139218642077162,9.122336535673735,6.338410592750976e-08,0.1,1,0.0001853100227650849,5.3508401228173484e-09,5.3508401228173484e-09,True,0.13777876869416975,0.13165995470287706,False
936,1.2771244156634702,1.2267150770339796,0.7920100396722057,0.0,8,0.3166641005292957,0.2684397069322684,0.2684397069322684,True,0.481175182332755,0.4182737139319359,False
937,1.3167974196828853,0.5980146407934822,1.4029686242666168,0.02,8,0.6688245901438812,0.6686957749345315,0.6686957749345315,True,0.6240756633764118,0.6239605313046702,False
938,0.9471926620744977,1.5955678832200189,0.010390374773783673,0.0,64,0.0454765191866066,0.020776220714515247,0.042611212425241664,False,0.5229727062535598,0.5148842510021678,False
939,1.3493550890635495,0.526159773682317,0.054530536844460825,0.02,16,0.2753993791058277,0.1802487496215018,0.2754180816710805,False,0.6495227747712016,0.6494414512944164,False
940,1.1095248073631696,0.571987689021861,2.1851730554328075,0.1,16,0.9172105228940348,0.904583306397564,0.904583306397564,True,0.6575154102181751,0.649338655318918,False
941,0.3263110076884267,3.0990674754508936,0.0020389180479371983,0.02,64,0.0018932908676721123,0.0017986872877716897,0.0018223806439910456,False,0.7526845707193147,0.7501392119951136,False
942,1.0001311828264354,0.1575705473093936,0.12699439078261565,0.1,1,0.4413373575492687,0.3984201701295005,0.4373160807563236,False,0.9087589300731174,0.9012556501878501,False
943,0.613732993206399,0.17368881698562133,0.0924142308690443,0.0,64,0.40945739462388375,0.3859163368818218,0.40941179496086755,False,0.9688858723475235,0.9687995523361748,False
944,0.9667627359468799,5.978704664524444,0.0011504437324871008,0.1,2,0.009247719556888294,2.5980130097261928e-05,2.5980130097261928e-05,True,0.08106665179311717,0.022851488523364882,False
945,0.23180744066056422,6.329341610536934,2.503571741233861e-07,0.0,16,0.0007065132292797432,1.589914763108962e-06,1.988883868936975e-06,False,0.8571937479579406,0.8442619300558867,False
946,1.095641671277253,0.9961741461968204,0.025125468482858557,0.1,64,0.11376602930822585,0.05727361177533245,0.10191180941617742,False,0.5069072701549733,0.4772650720190563,False
947,0.5625359430071896,0.1058532476799039,0.6521883889418925,0.02,2,0.7289800460469934,0.7233961461178787,0.7289799616843844,False,0.9796711300217588,0.9796640706257607,False
948,0.8220518789961214,0.38970388785465265,0.2911677828065559,0.02,2,0.39927743296363216,0.35979536282800106,0.3822711237251428,False,0.8994525105605509,0.8693469438823255,False
949,0.7229214094555053,1.1800856037909542,0.305620662294399,0.0,2,0.1964134475312538,0.17716197308013443,0.17716197308013443,True,0.7934773387489032,0.7444068843442088,False
950,0.20884407891716406,7.615198053500475,6.663531641950224e-07,0.02,8,0.00016203962307464304,3.1391786170644635e-07,3.1391786170644635e-07,True,0.7051965772437239,0.6249542378872068,False
951,1.187905046734429,0.27328260392180986,0.05488184951082103,0.02,1,0.36511140671147513,0.30203423023272474,0.36265094451973817,False,0.8384809586244877,0.8335059408757213,False
952,0.2207305936734426,0.2041659647686029,0.3035131498349006,0.0,8,0.48513411911522114,0.4491801998295788,0.48503633119346834,False,0.9952251018157515,0.9950587231446644,False
953,0.6134904849739632,0.16867116962481266,0.32000948269112145,0.0,2,0.5237017900312562,0.4778905752666399,0.5231365173310936,False,0.970602451159739,0.9697099297874785,False
954,1.067206771579964,8.656382740118502,0.0001343581229495994,0.02,2,0.014094374312417727,1.4267107591992882e-06,1.4830721727672237e-06,False,0.13856504802411113,0.008024104962610001,False
955,0.27081520730825753,0.7325393865940015,0.009778853350003116,0.02,3,0.11980096407056966,0.11329092860618072,0.11985272592457086,False,0.9459925634322179,0.9455388146040612,False
956,0.6636698729244742,0.5272021797742524,0.040509374245381397,0.1,1,0.20485205198735024,0.16311796963021047,0.19162778579456125,False,0.8376932386634125,0.804651488980272,False
957,0.3981194915859169,0.5195946375520315,0.1377218619905506,0.0,64,0.25039130845887286,0.22072135771427928,0.2503248879861547,False,0.9603121613721523,0.9601779672401479,False
958,0.5413265862926435,5.083096706021627,2.2084274636808257e-05,0.1,16,0.004082553294948282,1.0543105423545287e-05,1.6318266025501895e-05,False,0.22531601217599356,0.17492978501403997,False
959,0.3731285034474703,0.6586959479012114,0.012410826590020838,0.0,2,0.14815618322928778,0.13557847801908168,0.14605616993884904,False,0.9623581271684295,0.9556878843283283,False
960,0.6150373695248893,9.051189274351147,1.6088862449983575e-07,0.1,2,0.004980362700701387,7.69493226978508e-09,8.41293267097195e-09,False,0.09949754916443812,0.031152797765116567,False
961,0.46823327919226554,0.23414320119970272,0.062104280430454004,0.0,16,0.3513286697971575,0.3324780379105859,0.35130571358293883,False,0.9751791622755395,0.9751133771411694,False
962,0.8583996499155241,0.4203173518866343,0.2909661498804079,0.1,2,0.36417051153263824,0.32574025035307136,0.34503729810262096,False,0.8288504120146865,0.7948191947033816,False
963,0.2884924218887972,1.9967463427403138,0.05068102573550142,0.0,16,0.033472463934976465,0.033343905771363015,0.033343905771363015,True,0.9237516679406013,0.92079507008727,False
964,1.399427400841585,2.593899008404091,1.0313759455319318,0.02,3,0.3534036215981564,0.07570653994047863,0.07570653994047863,True,0.4094948001447262,0.10484064122992624,False
965,1.318999291817942,0.4048245745777372,0.49358610594169705,0.02,64,0.4759460421496725,0.46114325533298295,0.4758829894060893,False,0.7261296121113971,0.7260345695022175,False
966,1.410450060075966,1.1709875527147349,0.13050726056969736,0.1,1,0.2202942404459264,0.08862438160024638,0.1210433945484615,False,0.4907247694351485,0.2957546236593902,False
967,1.0819182824775067,4.895890134459552,0.016434006322763234,0.1,2,0.0006723796460342633,0.00037091692345855306,0.00037091692345855306,True,0.05555627026820337,0.027993481566866624,False
968,1.1608962928353004,0.27013125211853867,0.02427499445717464,0.02,1,0.3607576946781593,0.2951623027732784,0.34921298492884945,False,0.8650712252807925,0.8408984026196529,False
969,0.24961825143221805,1.1805613424134134,0.01825498139192453,0.02,1,0.058606089462864004,0.04580317077157208,0.05505204973203075,False,0.9338635307390377,0.9196042810336595,False
970,0.5219505731665464,0.4204510869770276,0.32815805707178985,0.0,64,0.38426175023635323,0.3762200604456532,0.3832241209293432,False,0.9473633895034973,0.9455544867561964,False
971,1.0583071693483197,1.2092018788312124,1.1932841829727017,0.1,3,0.3529297213959015,0.31770996268974194,0.31770996268974194,True,0.4643537257976697,0.42396160861199594,False
972,0.2739108408780757,2.302563821429765,0.021525196838137108,0.0,2,0.024790905446785687,0.015325675898245059,0.015325675898245059,True,0.9815465982805567,0.9177422567783671,False
973,0.7641628174445768,3.61114063875479,0.01396420904482376,0.0,16,0.007256179104110806,0.0035545982407441034,0.0035545982407441034,True,0.39456830961288547,0.36639813431299567,False
974,0.6059248150503208,0.14539203851495924,0.5051818926693162,0.02,16,0.6263097805120448,0.6110196954308256,0.6261260266029921,False,0.9690736259745361,0.9687981554490425,False
975,1.1457091665162908,0.8081848105224464,0.092876165870955,0.1,3,0.17228384684953202,0.11554838903427095,0.1604134290154477,False,0.55504063574792,0.5291273144793641,False
976,0.19192142083404978,3.234053687587444,0.0012511095836695832,0.02,8,0.0037386803619125376,0.0012244321881412085,0.0012415844873677755,False,0.849597892204138,0.8280010603306773,False
977,0.7909490409741099,2.350487117259721,0.004803147450213596,0.0,2,0.01679989355062399,0.006606316475753431,0.010323161268888313,False,0.5339120664903537,0.497732195714331,False
978,0.8855658470399079,7.007823367272487,2.392765447669422e-05,0.02,1,0.0693571471173671,3.343895409159364e-06,4.742237113516002e-06,False,0.6168483515116239,0.05765807953575549,False
979,0.9458028718232214,9.184350920506084,1.9304509421260126e-05,0.02,16,0.0009478436553855182,3.1229709407560436e-07,3.1275078073091666e-07,False,0.01998555071296326,0.015328598250420617,False
980,1.3288335734955627,0.11218592237545488,0.1588526906418189,0.02,8,0.5058888137424706,0.46089915790611974,0.5057422439314044,False,0.9143975444881662,0.9141207174422314,False
981,1.0955788210822013,10.745170060062655,6.170254180807463e-05,0.02,3,0.0038099113200495286,1.1040118874671887e-07,1.1040118874671887e-07,True,0.04441612626027662,0.0019136953060596717,False
982,0.41325464914944177,0.7802330372417973,0.020713938530562942,0.0,8,0.12451101056361402,0.1071944361953543,0.12184698374473155,False,0.9441938898200745,0.936429460206453,False
983,0.6768812529799916,0.610720431784243,0.14198412851297873,0.02,64,0.22539472781675968,0.19965403238889143,0.22512936095540864,False,0.853700431760108,0.8529329300890008,False
984,1.2482314914798562,2.4116210737323436,0.18663917944626365,0.02,8,0.040936286994660606,0.03517657360412053,0.03527503922060618,False,0.19765203306246393,0.17488937276598898,False
985,1.2185481060143026,6.6406700652924195,0.006562779257588428,0.0,1,0.0058215899229288074,0.0001058126358170185,0.00010843270556333358,False,0.04608387516949323,0.012912233538057193,False
986,0.3451180618468665,0.25582654125561793,0.9524595775847078,0.02,16,0.7658384180213169,0.765533755175593,0.765533755175593,True,0.9753272940217733,0.9750000651568569,False
987,0.28646239420427144,0.1656758299895127,2.3575344077435054,0.1,8,1.4826166694476177,1.4823046018517314,1.4823046018517314,True,0.9610905005440398,0.9608984517630814,False
988,0.5214326388387969,3.390940341575346,0.0002107319844028816,0.1,1,0.01718067123910041,0.00028786894823481547,0.0004857364145435723,False,0.47384990933406224,0.32341394798849665,False
989,0.8679099845169151,1.8440386343449642,0.02978417973603675,0.0,16,0.0387426054474631,0.027298389035129666,0.03177043905948211,False,0.5455802740646671,0.5209973147371805,False
990,0.5006614289624312,5.916679660913848,6.578622151692457e-06,0.02,1,0.024222343182595463,5.453846249511103e-06,7.176951067220682e-06,False,0.7408198346031594,0.3818034610859857,False
991,1.2933283029697267,0.3801137374959151,0.05735782923639144,0.1,64,0.30570246281323876,0.22909369271953375,0.305699924985637,False,0.7032822178457698,0.7032694325939592,False
992,0.9181684723977296,0.4653618675400831,1.3827523661370056,0.02,1,0.8497811606611967,0.7975739682018008,0.7975739682018008,True,0.8648086762704303,0.8176073201574479,False
993,0.9807482288954523,9.807474206311191,1.0830989237959275e-05,0.02,64,1.0492862071582912e-05,1.2235701001427896e-07,1.26505135415949e-07,False,0.011617209966788333,0.00871347301461267,False
994,0.25862236594505594,0.17892909206304544,0.024101562938883107,0.02,3,0.36148129011128555,0.35545848202492103,0.36105842231464635,False,0.987901781113133,0.9869777642399333,False
995,0.5300767423976007,9.32105796942568,6.7765527564174944e-09,0.0,8,0.00023390066141340895,7.369200454892166e-09,1.5341712562774444e-08,False,0.33070393612512694,0.27827515441874273,False
996,0.5519437466004145,0.2867507909337767,1.924141352817389,0.1,2,1.160378449208768,1.1482211170370886,1.1482211170370886,True,0.9136645184761044,0.9049001612836371,False
997,0.47737598792758595,1.4966992181742647,0.05350851498955474,0.02,1,0.06158895784535169,0.0487756324227533,0.049218030094062906,False,0.8476168356875873,0.7967665289999837,False
998,1.2005573618786587,2.5498341722959386,0.017352823638543128,0.02,3,0.017767523337114694,0.009289899361248934,0.015554772833553946,False,0.2736182295056885,0.17742627768657068,False
999,0.3191977731092568,7.154157685401443,3.6975407790838545e-07,0.1,3,1.5426572694424408e-06,1.1364309152546345e-07,1.3562974858554503e-07,False,0.18462124230491614,0.1665922335260791,False
1000,0.8262338421905789,5.652813280248974,2.5557965876598272e-05,0.02,64,0.000922453791681101,1.4144190714071065e-05,3.199825179992392e-05,False,0.17921250743041636,0.128954436999935,False
1001,1.3033336875160197,7.082544173097376,0.001047127174602805,0.0,2,0.07405397121194683,2.717001404827142e-05,6.74441043919834e-05,False,0.3181930316988431,0.005457672018386383,False
1002,0.6334842187361536,2.500722689055473,0.0019020304014371828,0.1,8,0.007245108643794607,0.002169445026285856,0.003669276188020003,False,0.3914527795893659,0.37330480753410433,False
1003,1.099589376550772,0.1928103863396873,3.302002843685991,0.02,1,1.8560115093685914,1.8494630814979778,1.8494630814979778,True,0.8962408256596283,0.8931558344475911,False
1004,1.1897478883281973,1.078731350042568,0.0510379659218333,0.0,64,0.12677624554145348,0.0768174004043016,0.12678962411403422,False,0.5087123834365459,0.5078558014596377,False
1005,1.3462945655395144,2.586801263563878,0.012210387414741461,0.1,16,0.013186462586911163,0.004957292038534636,0.013098189964830193,False,0.08087897120088022,0.07979566282861289,False
1006,0.9590647104994222,13.503517999564718,1.1021510776838803e-08,0.1,64,1.2009033090719748e-06,9.632001479656758e-12,2.0843186803123156e-11,False,0.0007473135282555377,0.00021404133857871142,False
1007,0.6523021260554978,0.1006825790197713,0.6740412092583571,0.02,1,0.7447389540981778,0.7393810242789679,0.7444666497939088,False,0.9759396587558963,0.9756039176517395,False
1008,1.2191252381535147,1.0170375354472565,0.020226417612369433,0.0,1,0.21507978689657023,0.06672352625793958,0.13257973657106764,False,0.7151058646638296,0.5133992035087211,False
1009,1.1684125535180034,0.36879327252423333,0.025461454788554,0.1,3,0.28831364504780455,0.22778577636840944,0.28745185321401373,False,0.7443000272284903,0.742206518094775,False
1010,1.3064796678326724,0.9934953477702394,0.053297613087290245,0.02,16,0.15646693618755086,0.08215340166451578,0.14954589951986752,False,0.4762943853571988,0.46131010622733243,False
1011,1.1212521799312505,1.9248400757916955,0.6923168210533185,0.02,3,0.2263800840126466,0.13719616233342713,0.13719616233342713,True,0.4445737469000779,0.31180266776081944,False
1012,0.4802798848924419,1.735054668842852,0.13744150779434783,0.0,3,0.09275489606078124,0.075403532016961,0.075403532016961,True,0.8747800759656182,0.8217703567753502,False
1013,1.038286849816893,3.24946774016838,0.0012020810795111308,0.1,3,0.03606889661148979,0.0007022565366604718,0.0020088403639581883,False,0.2435463105190455,0.10543965770083377,False
1014,0.733523192167245,0.3661563441625561,0.02805661996919179,0.0,3,0.2868718049888482,0.2471426384135818,0.2769033927770613,False,0.9332355991224288,0.9101298577472992,False
1015,1.1054680286200795,0.3511006925023283,0.264183834620799,0.0,16,0.41027623013372916,0.3618028857513792,0.40950167683946165,False,0.8255099593161119,0.824023592437134,False
1016,0.2221557380200999,1.0040686626229816,0.05765283499058649,0.1,64,0.07947147846244926,0.07196752352081962,0.07928671847690737,False,0.798640380906187,0.7981258519312929,False
1017,0.7821742716280234,0.6318559882246161,0.02431920548073812,0.02,1,0.17541512850762458,0.14112557326755082,0.17541337755707181,False,0.811478917094143,0.8114743532940392,False
1018,0.22003204908514018,13.15049850061308,1.688918034458806e-11,0.02,64,0.0008806406417446417,5.1684818426373785e-12,5.1684818426373785e-12,True,0.4525922858039888,0.4303861377742623,False
1019,0.24471104667328947,0.1935331446048687,0.05700958897792576,0.0,64,0.3698343566676599,0.35887910896244124,0.3698272499875313,False,0.9942677846117071,0.9942507296779319,False
1020,1.209499741986831,2.720918733273595,0.35619733202430726,0.02,16,0.04887512649074008,0.03878580790277013,0.03878580790277013,True,0.1922507084322832,0.15444071523030548,False
1021,0.5391838363348977,5.7634282826571575,2.5345375967413576e-06,0.0,8,0.00010454822628525005,4.999473479198158e-06,1.1728824697897243e-05,False,0.4507067476363258,0.44145949277868163,False
1022,1.2700800820136773,2.9453659459807318,0.2009573144915374,0.02,2,0.13050264873953757,0.02100369208993523,0.02100369208993523,True,0.36286423078352076,0.11183281193880751,False
1023,0.45639234138834306,0.6484829571882453,0.5957403728036579,0.0,16,0.42489117788011477,0.4248011011147277,0.4248011011147277,True,0.9359229613439991,0.9357814264009122,False
1024,1.1565700368146228,0.13505691186804722,0.48548276683888303,0.0,16,0.638085605277553,0.6087408377289855,0.6376435526099434,False,0.9230742435874377,0.9224713446697148,False
1025,0.9526152304618547,0.14946736291698787,0.05867862022814283,0.1,64,0.4100237503603639,0.38100078892937966,0.40996606351506915,False,0.9115556122921766,0.9114336748857699,False
1026,1.3532912547861273,0.8033862456619808,2.4306321729343585,0.1,1,0.9293580822078213,0.7115014099862769,0.7115014099862769,True,0.5846236181450792,0.4535283757833338,False
1027,1.3634348553760638,0.18669593794192754,0.7916313646271488,0.0,64,0.7404927708165439,0.7382109463554509,0.7404804332957517,False,0.8622219046417237,0.862207569975446,False
1028,0.4689101155442198,0.24160259104826945,1.2718243655367336,0.02,1,0.93244806904618,0.9270901298137004,0.9270901298137004,True,0.9699004738489208,0.9648888548464754,False
1029,0.7360335778910494,2.698610712289728,0.014369370032469393,0.0,1,0.014350669973269434,0.00806727985935517,0.008126689915151586,False,0.5362723225481855,0.49729603743075634,False
1030,0.9907828961964243,0.9505658773473065,0.3701232465730429,0.0,8,0.23624283262360396,0.23521908895339622,0.23521908895339622,True,0.6538336487022346,0.6507548096059462,False
1031,0.9596809773320618,1.9396964963948864,0.010471868110939662,0.0,2,0.06067456714545414,0.014709997433442642,0.02590719619865871,False,0.5482945883350433,0.43747534729336696,False
1032,0.5145514412061875,0.7458087852146604,0.06525953850644538,0.1,16,0.13665629513378105,0.10438575366570332,0.13226125771853903,False,0.7965687817950323,0.7821303397891632,False
1033,0.34451817323622147,3.649847176188706,0.0009016701586279036,0.02,64,0.0014640236940325674,0.000674545144307141,0.0006762105252151425,False,0.7035450308718159,0.6973518927190004,False
1034,0.6854370010111693,0.6316384782368338,0.017776431629590996,0.0,64,0.17072353981063706,0.1438759429052738,0.17074584035281692,False,0.8676580254047499,0.8670485629595419,False
1035,1.0254011577762392,1.522083260391103,0.1989120475475964,0.0,1,0.10026644386018281,0.09734153332600272,0.09735705260824018,False,0.4880213858364318,0.48070885534364083,False
1036,0.8002207096062273,7.396590249970379,1.4381410654228955e-05,0.02,2,0.019841928184750154,1.7302564628200016e-06,1.8871520159206765e-06,False,0.3227095835289361,0.0788371446176353,False
1037,1.4062340234634982,12.748548392136868,0.03297990124835743,0.02,16,1.297832226750091e-05,3.404607185761082e-07,3.404607185761082e-07,True,5.0502027657067905e-05,1.4090412594463036e-05,False
1038,0.25637029623423147,4.348372339539178,0.0002078548913025017,0.1,3,0.003501582196301457,7.811081867894203e-05,7.815356513466736e-05,False,0.4122405171823309,0.36356635009473615,False
1039,1.2006797086365064,5.603078604774402,0.05440592911159355,0.0,3,0.006003094454443001,0.0010039726094199597,0.0010039726094199597,True,0.04245255110973543,0.02797875724511379,False
1040,0.7152364950339014,0.19698123669580297,0.07265709023926294,0.0,16,0.3901769070027468,0.36168890258209685,0.3884824902011037,False,0.95642715749699,0.9528740150141911,False
1041,1.0805547990070534,0.28206966360068064,1.888493121161276,0.02,8,1.131884909186872,1.130702322628712,1.130702322628712,True,0.8525335384345999,0.8516811521306956,False
1042,0.2857307434957801,12.58069829587198,9.453246605870343e-12,0.0,8,0.0004425761294641821,1.0569699621255868e-11,1.2679037321776722e-11,False,0.81149871023051,0.6004520111801012,False
1043,0.7842299994310321,0.8299932546024247,0.23618532410942392,0.1,1,0.2082192112073801,0.1795033944301278,0.1811171526057863,False,0.7238223428506273,0.6647043928455462,False
1044,1.0838919530052198,5.639703348672746,0.0002272251364202384,0.0,8,0.04825958719309424,5.3571788121787896e-05,0.0001326130055898939,False,0.2878965919638088,0.04974079906563576,False
1045,1.2331467659107986,0.2764339536642171,0.11456762384494289,0.0,1,0.39371045834467233,0.32060400730664823,0.39367122193674464,False,0.8312953365257951,0.8312209800020914,False
1046,1.301572396661828,3.920963345736093,0.0849944199436079,0.1,3,0.010118877819678514,0.0026379825196653915,0.0026855771116807555,False,0.047762181459382706,0.025674812100363435,False
1047,0.5521476627109271,0.10156930470091369,0.07195856895262491,0.1,1,0.4410148762178657,0.4286509886789664,0.4406852959008081,False,0.9658612476653905,0.965212437365159,False
1048,1.069058632997294,1.923142119951284,0.007518376745460438,0.1,64,0.023267261999503394,0.008626011433737413,0.02066836675583371,False,0.25865107207156046,0.25086614795464574,False
1049,0.9897719182597357,0.20426204215635543,0.05396821267064121,0.02,8,0.38720378748908635,0.34739964201285706,0.38583550036709374,False,0.9074100242644262,0.9045505701719391,False
1050,1.2835463695893197,6.094688484727851,0.05265854749020418,0.1,8,0.0006663754804465782,0.0001579102816501125,0.0001579102816501125,True,0.009071165453672071,0.003746610133523262,False
1051,0.46104556575465283,1.5876410057372234,0.008430655263580769,0.02,2,0.027106776613865714,0.019770991002209193,0.02649226895799067,False,0.8016328076436077,0.7951101015419335,False
1052,0.3445097917580351,1.8909173106653479,0.013475666594417441,0.02,3,0.02432863861752613,0.01624469556425102,0.017391795809676792,False,0.8577815167327273,0.8296553844973723,False
1053,0.918908026919103,0.9507013097150312,0.08811767411611494,0.02,2,0.13531714940367728,0.11044137541344724,0.13367351316476195,False,0.6717476122946227,0.6623575631706865,False
1054,0.3573598923360275,10.075244895990172,1.3210686313661617e-09,0.0,1,0.0157941007924484,1.5305214764710998e-09,2.0250682226002065e-09,False,0.9684118014676244,0.5291318294280142,False
1055,1.3341877827981588,0.1199306921514165,0.31954904583067156,0.0,1,0.5777299237431065,0.5190689678674091,0.5769545680417457,False,0.9134630325338124,0.912271079744552,False
1056,1.29089073529508,0.4689729934816864,0.07203839817728572,0.1,3,0.2887946101612061,0.1910297918135694,0.2735605836315191,False,0.6810806039676903,0.6484263783386295,False
1057,0.5991620340527627,0.3251422971686301,0.027812259694638245,0.0,8,0.289599399451906,0.2682061839146632,0.2892949287694763,False,0.9455830291993075,0.9449369888476875,False
1058,0.4862669788955275,4.5104473141592045,0.0009102055801880136,0.1,3,0.004947308882507585,0.00015082020873477813,0.00015082020873477813,True,0.30970312355853735,0.2405266356316541,False
1059,1.2279993332973689,1.6041703340486635,0.010343675840013113,0.02,3,0.08903547455716934,0.019177316409535194,0.05665780321296638,False,0.42515508237836097,0.3233114616021759,False
1060,0.26977169450361704,1.8753906880892282,0.06549763487038338,0.02,1,0.048937486048127296,0.0400551223828865,0.0400551223828865,True,0.9113460820179615,0.8668882580495159,False
1061,0.21058277831556407,14.914265876586112,5.778185381489546e-13,0.1,16,2.0198624334516105e-05,1.443609111703122e-14,1.443609111703122e-14,True,0.03805209698376761,0.036431543342147515,False
1062,1.1420530533339481,12.69586175654499,4.612184597207676e-05,0.1,1,0.011530681104886552,1.7099233201009091e-09,1.7099233201009091e-09,True,0.0558729152354725,4.739437724616522e-05,False
1063,0.6779494133479974,5.617037708851978,5.882065136277512e-06,0.02,8,0.0012323485912951793,7.042688727153147e-06,1.8957413013021117e-05,False,0.26012356472907683,0.23065537985806692,False
1064,1.3546420173528697,9.475179555139986,0.001374282790069811,0.1,3,0.001390769915857691,4.2757885401068547e-07,8.162298178857939e-07,False,0.004425129276731905,8.801298908576268e-05,False
1065,1.073007258538947,9.340041756007093,6.302471719495473e-06,0.02,3,0.0001257053885188225,1.5176572943223946e-07,3.6605892998713004e-07,False,0.01688789748013476,0.005226977638945887,False
1066,0.85545454054031,10.22070231093773,9.754389087811561e-07,0.1,2,0.0018773785135242557,4.656359462650861e-09,4.766097716771172e-09,False,0.05356911712156551,0.0038436418831298436,False
1067,1.0480389101029197,2.5396667511035242,0.027270996649082755,0.1,8,0.008579389820123792,0.007839612522487834,0.008979727162129445,False,0.18762739426463504,0.16870263448231473,False
1068,0.29918275673649053,11.907417128177261,4.459199357446864e-12,0.1,2,0.0010263042235231301,2.09919986064556e-12,3.684079599374425e-12,False,0.09036077894947075,0.05445184770324213,False
1069,1.1978337199396014,0.1808900576270864,3.6519382082170275,0.1,8,1.9478770817330922,1.9465777032945337,1.9465777032945337,True,0.8602783438655832,0.8597135035134229,False
1070,0.91075217113993,11.561195209519122,1.4787509305604006e-07,0.1,2,0.009578296450382,3.62903849520928e-10,4.77355084197472e-10,False,0.07988266900691109,0.0011309838497245402,False
1071,0.2776895483076566,0.13949420229221096,0.27061135621346655,0.02,1,0.5123950791058295,0.47796527969611313,0.5120207957825933,False,0.9897674916214889,0.9891358472295545,False
1072,0.7027506168734443,0.6448713610456155,0.3443822537331297,0.0,16,0.3106175923593113,0.30793305332834814,0.30819091400191473,False,0.8633907890942352,0.8583089929815151,False
1073,0.561999258736498,1.2540126037810515,0.005670493173386633,0.02,8,0.04899467305431007,0.038942136432070056,0.04918370959401537,False,0.7878473725816546,0.7842414162151962,False
1074,0.29506275177166663,9.414593075258999,6.035248861298589e-08,0.02,2,0.006727224512593248,1.7210763288927433e-08,1.7210763288927433e-08,True,0.6147998783917188,0.45682917407023516,False
1075,1.171217569089719,11.30664727029178,1.1613017941134749e-05,0.1,64,2.6903608278779018e-06,4.364908322487453e-09,8.478531586760467e-09,False,0.0001249776422951817,0.00010418440102117267,False
1076,0.6149716326088263,8.985507628016855,4.1893429785731114e-07,0.0,8,0.011018088701003442,8.10431995886253e-08,8.104369733254455e-08,False,0.4376069578554216,0.1927740445827172,False
1077,1.1426090854117918,0.5022416965201474,0.12365006021661633,0.1,2,0.26434690676793754,0.1924651973020696,0.2638409507820161,False,0.6759906141084147,0.6742542310386479,False
1078,1.3985158069071901,2.1560477440339434,0.020330163105126215,0.0,64,0.049134317299012444,0.016508620857914085,0.041706044849542115,False,0.19326708008218332,0.1675560354992484,False
1079,0.692842598150118,0.3875618411208266,0.46034079158010827,0.1,2,0.4344622237297908,0.4261481106266044,0.42786333090246514,False,0.8568781590523968,0.8463086491307077,False
1080,1.2395660163837263,0.19895524402981835,2.015658042791474,0.1,3,1.2198305952677346,1.2159719207018589,1.2159719207018589,True,0.8428908854929844,0.8402593264996959,False
1081,1.3976019634183623,0.6848326738649332,2.0966199921402304,0.1,2,0.8106048347286137,0.7139599744018057,0.7139599744018057,True,0.5588486482647052,0.49471069918460825,False
1082,0.6307380792316802,0.16562420564768482,0.04760126311497285,0.02,8,0.39118494497907014,0.3736194471032497,0.39109298693347844,False,0.9624256383282195,0.9622390991342411,False
1083,0.24487031737527307,1.7009951971995583,0.009506341613738211,0.02,16,0.020923622079070787,0.016623580368020505,0.02058869632015546,False,0.8891519472988827,0.8880008460977052,False
1084,1.3900863791066207,0.13921755773219846,0.14117292470154977,0.1,1,0.47836600776384586,0.42005518109181966,0.4738593274211398,False,0.8756011811873396,0.8675867473160009,False
1085,0.9459524514307169,0.14046368282338792,0.3411576029846619,0.02,16,0.5580516713795176,0.5047017617516635,0.5579802343656897,False,0.9381938023976215,0.9380846417279104,False
1086,0.7889272885634802,1.172574201826223,0.5885972787341964,0.02,1,0.35274599747161695,0.263251811797491,0.263251811797491,True,0.8267565489808696,0.6748443013508942,False
1087,0.8935084312732521,3.945790121145041,0.005078868721194713,0.02,3,0.004030005161266776,0.0011768015242528099,0.0011935627119394657,False,0.25311776656061047,0.19575984511589986,False
1088,0.848869141840978,0.7265495176475111,0.03910328713356453,0.0,1,0.19889738050901654,0.12149427963047336,0.16487634366038922,False,0.8700724016694161,0.7815922313361781,False
1089,0.3299880864402799,0.23759770923825918,0.18527696729759088,0.02,16,0.40251928903102074,0.36499558095276347,0.40250758191439584,False,0.9779445392092672,0.9779241123309022,False
1090,0.9912669002605532,4.919392786058375,0.008413938865653755,0.0,16,0.014227351080013904,0.0007013563578375356,0.0007013563578375356,True,0.1791933253128815,0.1080258811272247,False
1091,1.1481978284660177,10.07507484543053,2.533648040935721e-05,0.1,16,1.2754252441299137e-05,2.8262713132201912e-08,4.9488756266963056e-08,False,0.0004734210091243667,0.0003498584549794939,False
1092,0.8766701381778569,6.418859766445672,2.9826045548076865e-05,0.0,64,0.00013890298718992631,8.90476497813678e-06,1.490342031152082e-05,False,0.10896675316619515,0.09900104059604924,False
1093,0.4828920280300141,9.993754325447242,4.47511398320605e-09,0.02,2,0.0025823319127374206,2.0490870064980834e-09,2.6721995484575044e-09,False,0.36640009691602127,0.21385038455182484,False
1094,0.24557287310965126,0.5941428752898875,0.016863612357403742,0.0,1,0.16593021475272826,0.1549411470098811,0.16339487826033233,False,0.9895705267050653,0.9823325830305407,False
1095,0.5990445393623366,0.15928597023270036,1.4075771559342205,0.02,3,1.0519366147830471,1.0516339591734098,1.0516339591734098,True,0.9667231342471317,0.9664679409831012,False
1096,0.8487508826618743,0.3689960461632062,0.5265820402751249,0.1,2,0.4860465789723766,0.46604675178174865,0.46742174090395755,False,0.8466660794288563,0.8196171037470209,False
1097,0.19588425850351865,0.34179847216156395,0.21116603023294728,0.0,8,0.3589964837761094,0.3264907168263116,0.35894933928312805,False,0.9935727619415622,0.9934847445872881,False
1098,0.7473143259951708,0.6046698406929011,1.3055367803873559,0.0,8,0.7409681930692802,0.7309050882115783,0.7309050882115783,True,0.8606175627028678,0.8511777491975683,False
1099,0.9995999906990924,0.43195133289886845,0.42981650147628386,0.1,3,0.41003423396648764,0.3904169335381866,0.39738619227583255,False,0.7715822161857318,0.7521557036189137,False
1100,0.36536911376908787,3.4456198998830483,0.0013814910229234226,0.02,64,0.0017973838221693305,0.0010325326083179818,0.0010353697541141606,False,0.7319909087659706,0.6940137735833477,False
1101,0.23346182227143508,0.11068276812985749,1.9010768315163173,0.02,1,1.3437257257889448,1.3436434780130802,1.3436434780130802,True,0.9926556367930247,0.9925975487068335,False
1102,0.4970438478830086,0.3125104850149436,0.04526092561301669,0.0,8,0.2998220561509885,0.27973806193232664,0.2997298054438869,False,0.9631362086542007,0.9628910352463366,False
1103,0.5629254567657987,0.8834576113065178,0.026362297990456054,0.02,2,0.10863077880076749,0.08463732580878615,0.10560908331150168,False,0.8524187869161598,0.8422671792574555,False
1104,1.166729309285774,4.28417259441448,0.06379052544829657,0.0,3,0.1739953722463894,0.0036484262642951506,0.0036484262642951506,True,0.6966381991250878,0.07428823686008226,False
1105,0.6107380279324738,7.946813031805984,2.105929525451405e-07,0.0,64,0.0015791575934687016,1.62354701048555e-07,2.8827603394136806e-07,False,0.25981976244171023,0.23773822486064855,False
1106,0.5635765957376324,0.8526332898320674,0.04281223048977173,0.0,64,0.12446345234386882,0.09475197141871444,0.12243050369397822,False,0.8817607624781281,0.8764638144748856,False
1107,0.3043217420228009,0.36690844538046463,0.02120610024245555,0.1,3,0.23663133605032075,0.22778310869623383,0.23653354210635077,False,0.9139673908404808,0.9137109709036957,False
1108,0.357387243286431,5.969938804882791,4.656767971296002e-07,0.0,2,0.014970905325229466,3.2624754030175848e-06,4.917076911262282e-06,False,0.9222166678226176,0.6857676960731897,False
1109,0.47689733164642123,5.5856879842879215,7.436144883360848e-05,0.02,16,7.077269121636283e-05,2.6438647116931628e-05,2.6438647116931628e-05,True,0.43215525345546985,0.4288450559632758,False
1110,0.743646672670985,1.1379579850425412,0.02067503891834154,0.1,1,0.09532311760441757,0.04174437629031823,0.06132739233704249,False,0.7021171135477462,0.589779168110443,False
1111,0.5662357276016541,1.00858048662431,0.046981384674285094,0.0,2,0.10520286929964225,0.07905729787380227,0.09792522617643326,False,0.8751749280923633,0.8543512581734345,False
1112,0.23807289861388808,0.1730620766713482,0.25646433785539996,0.0,16,0.48310196747355183,0.4444269238048225,0.48305088801290996,False,0.9952182188899257,0.9951305483913412,False
1113,1.344907450254089,4.635860799377943,0.1687835744637374,0.0,2,0.10512288038573216,0.0040283076345369075,0.0040283076345369075,True,0.28309719996349253,0.0273906290813031,False
1114,1.425572936517521,1.861245048926526,0.6044880770348809,0.0,8,0.12600143929605956,0.12090190367520375,0.12090190367520375,True,0.21163206794148848,0.20353896556246384,False
1115,0.9798912384515917,0.4820714099917632,2.7827770970878136,0.0,16,1.3615138409874343,1.3599257455889795,1.3599257455889795,True,0.8086160515070506,0.8077495564510337,False
1116,0.3236538226152623,0.8390228064235618,0.017442730639718438,0.0,16,0.10768152543323596,0.09499790492554898,0.10587616260452748,False,0.9644440388863109,0.9573729039144357,False
1117,1.304729716433773,0.1764593702121782,0.10078528046907113,0.0,2,0.4445490958490096,0.38672474024299275,0.44436133413710216,False,0.8784015713219091,0.8780415098846239,False
1118,1.395751373133873,5.745081830634854,0.14747048604727594,0.1,8,0.0012998553210995722,0.0003896670576455895,0.0003896670576455895,True,0.006466270392962707,0.002757093091461662,False
1119,0.3655634879760891,0.45200523475263543,0.1319557506113768,0.0,3,0.2726587135858156,0.2311589864029925,0.27264612041693026,False,0.9707214703449902,0.9705742361255504,False
1120,1.2387440967136711,3.760269553356978,0.22885464621056126,0.1,64,0.006536135443672562,0.00588807294348596,0.00588807294348596,True,0.03907141223418599,0.03738310737586227,False
1121,0.254286538401707,10.859249464213311,6.985426625157732e-11,0.0,64,1.3682305872471586e-05,1.848186376139909e-10,2.866929983898706e-10,False,0.7149500861270855,0.7052515702675883,False
1122,0.8401031853987994,7.124982901539977,5.9065731887541465e-06,0.0,16,0.0015585347431650957,1.955811687547735e-06,3.7395668149345156e-06,False,0.1237120987182792,0.09349295785078336,False
1123,1.0453959424039314,0.44869086360405347,2.2605460915750575,0.02,1,1.1901054231989496,1.1380548835009598,1.1380548835009598,True,0.8187215636859958,0.7853754731265274,False
1124,0.44234350290882507,1.8619958393068339,0.0923281730855048,0.0,3,0.05419833373565929,0.05302729629405415,0.05302729629405415,True,0.8691870202160887,0.8359259407471057,False
1125,0.4446139490044009,8.804732202459467,7.418934421706132e-08,0.0,3,0.0008793600943968728,4.086242683275421e-08,4.22472403211641e-08,False,0.5462192694596539,0.4248477353919722,False
1126,1.2418667081948238,0.4574240657642886,1.671201098265395,0.02,3,0.9260531811495277,0.8699973397596261,0.8699973397596261,True,0.763642353094164,0.7203923871644853,False
1127,1.334570310819653,2.4386534283556434,0.25261271540572733,0.02,64,0.04011454935481583,0.039789650762331076,0.040063321377999964,False,0.1406624565384273,0.1400901692792595,False
1128,0.6260961417636215,13.299422894921456,2.579461524025909e-10,0.1,8,1.2351134837062873e-06,1.8824582637939474e-12,1.9476030194291834e-12,False,0.018157020356459747,0.0056139424507006775,False
1129,0.5918912867813028,4.5680504553163495,0.0016692061949433671,0.0,8,0.0006851774213523087,0.0005008413368664112,0.0005008413368664112,True,0.4809963621650238,0.4597442276261182,False
1130,0.8396986547567191,3.98065393495332,0.00016233366302390796,0.0,16,0.009949098355679004,0.0002379185234724027,0.0006761254863297351,False,0.38080698715947525,0.2663824305209781,False
1131,0.893277356903311,1.5723587650256687,0.21421366400892133,0.0,1,0.12455372884509325,0.09829742000328867,0.09829742000328867,True,0.6264937766566288,0.5561557226047898,False
1132,0.814128074393594,1.302363224909135,0.19345487975466316,0.02,2,0.17572498726032207,0.11381608249095934,0.11381608249095934,True,0.7999765937655703,0.6310425778626115,False
1133,1.0331603172326345,8.549276198938639,0.0003205360550856553,0.02,16,0.0003532881278393597,2.620509539221502e-06,2.620509539221502e-06,True,0.01657137962880364,0.010964378731251037,False
1134,0.9536040269243407,0.6927282247624985,0.01824922421845343,0.02,64,0.1699002170085167,0.1239064971072591,0.16954843318856863,False,0.728420298664213,0.7264958890162886,False
1135,0.6896865285524826,10.934465170327172,7.435700730694523e-09,0.02,64,0.00022662447398240566,9.929604474044363e-10,1.4469701189380636e-09,False,0.057565972712496284,0.0530510999036338,False
1136,0.2873522202312123,5.973118632198906,7.214822892008473e-06,0.1,8,0.0004750115087184046,2.0711038845788277e-06,2.1091880017384455e-06,False,0.2690529104525739,0.23703781291451725,False
1137,0.18726955816258484,0.14136230552710694,0.13541805038746138,0.02,2,0.442888084750974,0.4254850892877138,0.4428270819643705,False,0.9920211059405586,0.9919068904434714,False
1138,0.2916086751857313,4.322420306785657,0.00038886869046148866,0.0,8,0.008697819769350837,0.000267639256606332,0.000267639256606332,True,0.9097746944258231,0.8332002991272113,False
1139,0.3404132947655921,9.548302713495234,4.093582802143438e-09,0.0,8,0.0006020441788186221,4.563274663012095e-09,5.582577159973108e-09,False,0.6499315818441869,0.578155405277769,False
1140,0.3848113786765795,0.6651253319816958,0.45316023006614536,0.02,3,0.3545412969513354,0.34530761112098496,0.34530761112098496,True,0.944771681921868,0.9275151739689577,False
1141,0.6760879097106945,0.39100866870937306,0.2524001094581132,0.1,64,0.3376479300240964,0.3142456544985737,0.33762295063482406,False,0.8486133651795635,0.8485610744504731,False
1142,0.6413262827301033,0.5847524047475335,0.377058322313584,0.1,64,0.3044887819525769,0.3044097610762835,0.3044653691499001,False,0.7923656752540515,0.7920434496853741,False
1143,0.5479195421715323,0.9496931611739804,0.15576030670151417,0.02,64,0.14807270111358428,0.14698872996478735,0.14803160320822384,False,0.8381790977632952,0.8377687187194305,False
1144,0.2603684586888977,1.0562691493745686,0.5055759007180007,0.02,16,0.29581444194517154,0.29391902598274866,0.29391902598274866,True,0.9297767715969119,0.9251012222038583,False
1145,0.7958702478652012,0.5256484169147397,0.7528245441512561,0.0,64,0.5260743637421414,0.5260665983987517,0.5260665983987517,True,0.8539932941929756,0.8539594826522389,False
1146,1.425796973636759,7.801733834644626,0.08657352793021852,0.1,3,0.02106132477919011,2.5280904812431765e-05,2.5397717587003572e-05,False,0.05081877982315585,0.0002652615818872842,False
1147,1.3471843651988062,0.11105410873284123,2.563623915511392,0.0,8,1.6124980075826754,1.6122412152130556,1.6122412152130556,True,0.9173465377132335,0.9172020285725574,False
1148,1.1047594995844106,9.210321449515245,0.0007837494012579904,0.1,1,0.02186315507048059,5.158919161887945e-07,5.158919161887945e-07,True,0.11485362695419254,0.0009940388628596627,False
1149,0.41302017495121746,13.404372066370508,1.7340468498053848e-11,0.1,16,4.4305281225932096e-07,4.3032504940520207e-13,4.33014977911342e-13,False,0.025476276188047025,0.02219227766888722,False
1150,0.6492157511591735,7.330546498236711,2.641314960705444e-07,0.0,8,0.01042224277111571,3.367396080904418e-07,9.834396978865014e-07,False,0.40868721131646946,0.22507090538059984,False
1151,0.849347384477111,0.19742702357321257,0.0766410539553337,0.0,16,0.3960799073263027,0.36270872825362543,0.3960815544271803,False,0.9351705310738709,0.9351655137562979,False
1152,0.4017499376740563,5.447199271108529,1.2540220371327967e-05,0.0,16,0.0038700623825307814,1.5256819175157756e-05,1.8383976333017942e-05,False,0.7316435525155766,0.6480961508716514,False
1153,0.793249350139026,0.3230222137559021,1.568202579158443,0.1,64,0.938664461480825,0.9380153147909196,0.9380153147909196,True,0.8518168613619096,0.8512786387118945,False
1154,1.0311533903037318,0.6320370822581468,0.39936192725717523,0.0,1,0.3933109954590723,0.3358869358976851,0.3389153635995037,False,0.825586581806677,0.7354463711881056,False
1155,0.29504228558948187,0.5129605955254242,0.13138851184843917,0.1,8,0.22335595483411064,0.19586081149951748,0.22337137552494365,False,0.8828697423978501,0.8827111770121173,False
1156,0.5316055438677998,2.6087585103578776,0.0018691288801156542,0.0,1,0.0378952123815979,0.003183099381950426,0.004536975624401254,False,0.9313712001401389,0.6976599051105739,False
1157,0.29773721590962793,4.51739123915794,0.00041867838083376683,0.02,3,0.00020724177185071075,0.00020391942232737378,0.00020391942232737378,True,0.6851297630880622,0.6842386758641581,False
1158,0.21827075802519363,0.31748169352860267,0.022378259967054687,0.1,1,0.26173419133715414,0.2542403077730682,0.26097761842434514,False,0.9332443275415707,0.9314347758385767,False
1159,0.9693433214450952,0.5875883489440162,0.03903502181137456,0.0,3,0.22160818198273252,0.16040852129672212,0.21436840351055944,False,0.7928551775246628,0.7748338073454428,False
1160,1.2702016188857572,0.3919296929501744,0.1033460849375927,0.0,8,0.34425438955047327,0.2519161188819554,0.3400709853885241,False,0.7668190319947734,0.7589010369136162,False
1161,1.3589446810213532,0.20112510497518943,0.26915043428155155,0.0,3,0.5075275801458986,0.4244123964685081,0.5067839256807467,False,0.8543346479121694,0.8531376038891983,False
1162,0.6898487095257929,1.0019275540017925,0.511238205055838,0.02,16,0.2771195129228714,0.27672781700566507,0.27672781700566507,True,0.7657870515268511,0.7640091266373683,False
1163,0.24003908464117468,9.970374691733394,3.692580948572952e-09,0.02,3,0.0003346313041218641,1.9071425369071016e-09,1.9076899526788844e-09,False,0.5640684742631764,0.5042521919533847,False
1164,0.8765496731378739,8.02732274145617,2.2787076325320032e-06,0.02,2,0.06531779861558885,3.574155584379339e-07,7.421581273134845e-07,False,0.594721690547518,0.04025660455920199,False
1165,0.5591175543795509,0.1778613471241037,0.15609082363572044,0.02,3,0.4328218301291907,0.4021460313065231,0.4328212967346676,False,0.966383073160762,0.9663796079773626,False
1166,1.3073719454191222,8.330207630332652,0.004736887494767709,0.02,2,0.13357492316180875,1.18924901325147e-05,1.3454610312507845e-05,False,0.45161032538053086,0.0015119922667514729,False
1167,0.9013515300183107,0.8005560740995065,0.03346348267923443,0.1,64,0.126936195399709,0.08879235032289745,0.12693582971118106,False,0.6289570095590974,0.6288379743488149,False
1168,1.3003402046592898,1.8147260615669871,0.02114230282935311,0.1,8,0.062226592467740635,0.016475003931584145,0.03683138842326076,False,0.24380754103680907,0.18399824009966456,False
1169,0.22646043037553654,0.7375744973018249,0.0185978329589206,0.0,64,0.125671700467117,0.11649939872277174,0.1256720613617927,False,0.9813546220630287,0.9813439047759253,False
1170,0.5165100357544572,9.754687330810322,2.030515043312174e-09,0.1,3,0.0009617502763603642,3.7163349453781195e-10,8.945521729629921e-10,False,0.08114317851709851,0.03981720861221991,False
1171,1.245985749159572,0.13440869757995047,1.9496761586345437,0.1,3,1.2738072320368181,1.273647251080055,1.273647251080055,True,0.8884542985898768,0.8883435883278848,False
1172,0.28680642599301626,2.77231126168846,0.001444385832900934,0.0,64,0.0028325451307385737,0.0023759764238815958,0.0028333967802769804,False,0.8998998825105441,0.8929338078708197,False
1173,0.6599720223580702,0.5588950376256427,0.4200709512136818,0.02,2,0.36366663748706973,0.36244384617233394,0.36244384617233394,True,0.8717268964084448,0.8696029817417744,False
1174,1.299445297044309,1.322948407838026,1.4374715107957565,0.02,2,0.6447920893588588,0.34744437160659186,0.34744437160659186,True,0.625963322319086,0.3601365015604596,False
1175,0.45297488268133146,0.14122550116525084,0.9490906419807058,0.02,3,0.8456191006677912,0.8454193447261449,0.8454193447261449,True,0.9805180641165365,0.9803048030950097,False
1176,0.5467182472998865,0.10381685842204624,0.5564137237924034,0.02,2,0.6836592051973103,0.6695890521944057,0.6836304965899787,False,0.9809435241614964,0.9808992638682976,False
1177,0.5136625734959931,5.2615271878284595,0.00045422185574133867,0.1,64,0.0003097317309807276,4.947358092427051e-05,4.947358092427051e-05,True,0.17936421325686747,0.17705373930308005,False
1178,1.264797942670847,1.0678535357396999,0.020589301907286042,0.02,1,0.21104098184575693,0.05777563187622845,0.12406251631069179,False,0.6629735963350494,0.4543525750592831,False
1179,0.993697235670895,0.6004287126114085,0.1640411841851419,0.1,16,0.23156148428478024,0.1970429931064798,0.23067117291179529,False,0.6767906835514762,0.6750804080357948,False
1180,0.2747303192588132,5.595341884736593,7.985116722150145e-07,0.1,64,0.0002109140368680083,2.2537872637199267e-06,2.885695045706131e-06,False,0.2685732398946077,0.2647676352060527,False
1181,0.8187123832987091,2.4796677780609895,0.001826903781180056,0.02,2,0.0076433106359950235,0.0032424669871103677,0.007347915169217546,False,0.41547619511435985,0.41278041942688143,False
1182,0.6755924900445119,1.2085360366116171,0.2418772256118291,0.1,1,0.1597663151822203,0.11849183837625901,0.11849183837625901,True,0.7067286707113253,0.6021923418355575,False
1183,0.4866817122439606,0.3909308991179951,0.22015657896531235,0.1,64,0.3186887980006895,0.29351538836335456,0.3186776745288281,False,0.8837823739644564,0.8837533284840218,False
1184,0.6849649801170605,0.44958755144213347,0.08196990797665757,0.0,2,0.26459892334056084,0.2201295780482634,0.26219931702208554,False,0.9119329725552631,0.9035639172862888,False
1185,0.6234823785000695,1.3186762277402124,0.017829734549374723,0.1,8,0.04220719886678112,0.02797169333985312,0.04056400568446969,False,0.6068340650932504,0.5993892905295668,False
1186,1.2870086367265543,8.845592271039456,0.007737991083070185,0.0,1,0.1824776924862802,1.2681762681303325e-05,1.2681762681303325e-05,True,0.6399969262765142,0.001714076298275714,False
1187,1.2144946921167181,0.21749258738544236,0.260836456578019,0.02,1,0.4920669660626992,0.40733345611769106,0.48186346339495306,False,0.8772683400056771,0.8604252086677262,False
1188,0.15139487440589744,3.9530329299080535,0.00029584732268561614,0.0,1,0.0031898577811742515,0.000330182030128458,0.00033415714663630387,False,0.9942829418530259,0.9557909126831995,False
1189,0.2292311862543634,0.1246228647475192,2.8655736121500546,0.1,1,1.7749540680320244,1.7743105847424756,1.7743105847424756,True,0.9725487020270891,0.97220894349864,False
1190,0.2823026286415534,0.9267799977836528,0.010294065609764246,0.02,8,0.08513146997923776,0.0762653224519055,0.08309003059001915,False,0.934958686726466,0.9288979897301869,False
1191,1.203626839533881,0.5626891620760405,0.024191147657025014,0.0,16,0.2435485515383943,0.16619020590315145,0.24117421948854753,False,0.7028611141085255,0.6971896521350555,False
1192,0.17160005615692966,2.695382172375512,0.0010043117524704452,0.02,16,0.0028096763392494394,0.0020483452550676385,0.0025622562120975246,False,0.8656717607960505,0.8629462325383956,False
1193,0.6400254205483777,0.48899730238757727,1.790769735029181,0.0,8,1.0214489929491744,1.0199291685614842,1.0199291685614842,True,0.9089922390132963,0.9077538166881646,False
1194,0.4531013218086939,7.7848596459196635,9.88987077341537e-07,0.1,8,0.0031672816462848044,8.751740835983799e-08,8.751740835983799e-08,True,0.13594254114205534,0.09608592014940417,False
1195,0.2675135375121954,0.17043981136154,0.06616601306220228,0.02,8,0.38797147162592577,0.37652330012334334,0.3879634444063036,False,0.9872192314481856,0.9872026482556051,False
1196,0.21892490292828487,0.5960881888926063,0.025366310695706842,0.1,8,0.147758719174203,0.1381394949932423,0.1477512982978335,False,0.875202333240595,0.8750752758936176,False
1197,0.6000594061203354,0.9517290007206869,0.28352748361621083,0.1,2,0.17395433389199122,0.17199392096257354,0.17199392096257354,True,0.7041061260626728,0.7000448418059384,False
1198,0.9679997602992908,4.4995264956391585,0.0006970727861530918,0.1,64,0.0008296196018732615,0.00011931516061089652,0.00019644757609138096,False,0.06204559072817531,0.05793505774869895,False
1199,0.35837940361585396,1.4499936729129979,0.0044711535769978925,0.1,8,0.024168342992934702,0.020678266179557245,0.024098374278694743,False,0.683813098447426,0.6824118458488457,False
