angle_deg,epsilon,ridge,budget,static,constructive,best_of_static_constructive,gain,epsilon_threshold
15,0.0,0.0,1.0,0.07001309333024867,0.07129032862666691,0.07001309333024867,0.9820840312981742,0.0
15,0.0,0.0,1.25,0.04282837351595903,0.04323977005306272,0.04282837351595903,0.9904856909137391,0.0
15,0.0,0.0,1.5,0.026198950664418314,0.0262262462561067,0.026198950664418314,0.9989592261346959,0.0
15,0.0,0.0,1.75,0.01602640865315278,0.015907022443502377,0.015907022443502377,1.0075052518517802,0.020216775062906964
15,0.0,0.0,2.0,0.009803666475340225,0.009648096816721163,0.009648096816721163,1.0161243882160722,0.017346243910452957
15,0.0,0.0,2.25,0.005997093824311178,0.005851866527217245,0.005851866527217245,1.0248172606840014,0.011745322384753525
15,0.0,0.0,2.5,0.0036685391560450017,0.0035493364653033533,0.0035493364653033533,1.033584500062735,0.007473604674674676
15,0.0,0.0,2.75,0.002244116889563781,0.002152781387842549,0.002152781387842549,1.042426742555948,0.004651285416161813
15,0.0,0.0,3.0,0.0013727700318332497,0.0013057279153852201,0.0013057279153852201,1.0513446298099942,0.0028684512845081806
15,0.0,0.0,3.25,0.0008397501792635133,0.000791964013923799,0.000791964013923799,1.060338808960469,0.001761718063878123
15,0.0,0.0,3.5,0.0005136915486357006,0.00048035045583386707,0.00048035045583386707,1.0694099326791622,0.0010798767050898329
15,0.0,0.0,3.75,0.0003142351304660329,0.00029134727887017957,0.00029134727887017957,1.0785586592214298,0.0006612859732062383
15,0.0,0.0,4.0,0.0001922237527194196,0.0001767110572586106,0.0001767110572586106,1.087785652473952,0.00040475124644882946
15,0.0,0.0,4.25,0.00011758701534973888,0.00010718067413758202,0.00010718067413758202,1.097091582002916,0.0002476702578222218
15,0.0,0.0,4.5,7.193026867518254e-05,6.500836499311242e-05,6.500836499311242e-05,1.1064771231025958,0.00015153018856981241
15,0.0,0.0,4.75,4.4001147033922446e-05,3.942956650611213e-05,3.942956650611213e-05,1.1159429568443684,9.270258251659649e-05
15,0.0,0.0,5.0,2.6916359078870748e-05,2.391524098513535e-05,2.391524098513535e-05,1.12548977012612,5.6710913599553564e-05
15,0.0,0.0,5.25,1.6465261360213283e-05,1.4505326891900753e-05,1.4505326891900753e-05,1.135118255722102,3.4692179715868746e-05
15,0.0,0.0,5.5,1.0072121228050841e-05,8.797925489091966e-06,8.797925489091966e-06,1.1448291123332057,2.1222230873491255e-05
15,0.0,0.0,5.75,6.161312827848016e-06,5.336211551001543e-06,5.336211551001543e-06,1.1546230446376533,1.2982173203541523e-05
15,0.0,0.0,6.0,3.768995120598923e-06,3.236575912395141e-06,3.236575912395141e-06,1.1645007633421394,7.941490548691881e-06
15,0.0,0.0,6.25,2.3055677606391007e-06,1.9630825233550433e-06,1.9630825233550433e-06,1.1744629852334105,4.8579793095738565e-06
15,0.0,0.0,6.5,1.4103607271462055e-06,1.1906697379608753e-06,1.1906697379608753e-06,1.1845104332302674,2.9717258072769844e-06
15,0.0,0.0,6.75,8.627451401059636e-07,7.22177701665278e-07,7.22177701665278e-07,1.1946438364360314,1.817864418133084e-06
15,0.0,0.0,7.0,5.277580142794888e-07,4.380229178207945e-07,4.380229178207945e-07,1.2048639301914494,1.112023736803885e-06
15,0.0,0.0,7.25,3.2283986160967576e-07,2.6567432931509907e-07,2.6567432931509907e-07,1.215171456128064,6.802468192242192e-07
15,0.0,0.0,7.5,1.9748743443800943e-07,1.6113962622819848e-07,1.6113962622819848e-07,1.2255671622220152,4.161203167278742e-07
15,0.0,0.0,7.75,1.2080691202891443e-07,9.77361238020364e-08,9.77361238020364e-08,1.2360518028483274,2.5454893562972576e-07
15,0.0,0.0,8.0,7.389994221907316e-08,5.927995564740475e-08,5.927995564740475e-08,1.2466261388356565,1.5571255461925997e-07
15,0.0,0.0,8.25,4.520603472320561e-08,3.5955110606556054e-08,3.5955110606556054e-08,1.2572909375214867,9.525240769435836e-08
15,0.0,0.0,8.5,2.7653412357719456e-08,2.1807876956235147e-08,2.1807876956235147e-08,1.2680469728078227,5.826775527079884e-08
15,0.0,0.0,8.75,1.6916131213639093e-08,1.322714599719724e-08,1.322714599719724e-08,1.278895025217347,3.5643521822510166e-08
15,0.0,0.0,9.0,1.0347927103367893e-08,8.022669587795361e-09,8.022669587795361e-09,1.2898358819500524,2.1803837045096347e-08
15,0.0,0.0,9.25,6.3300286563325055e-09,4.865995077742e-09,4.865995077742e-09,1.300870336940388,1.3337832067243568e-08
15,0.0,0.0,9.5,3.8722018806017235e-09,2.9513752046612826e-09,2.9513752046612826e-09,1.31199919091484,8.159011808288088e-09
15,0.0,0.0,9.75,2.36870134689449e-09,1.7900995499427162e-09,1.7900995499427162e-09,1.3232232514500601,4.991026523506682e-09
15,0.0,0.0,10.0,1.4489807721254156e-09,1.085750260978044e-09,1.085750260978044e-09,1.3345433330314593,3.0531081860593827e-09
15,0.0,0.0,10.25,8.863697741979146e-10,6.585408220741768e-10,6.585408220741768e-10,1.3459602571123155,1.8676457735272076e-09
15,0.0,0.0,10.5,5.422096633202651e-10,3.994251992603504e-10,3.994251992603504e-10,1.3574748521733753,1.1424753143397141e-09
15,0.0,0.0,10.75,3.3168021694321896e-10,2.422636296132304e-10,2.422636296132304e-10,1.369087953782995,6.988744130186678e-10
15,0.0,0.0,11.0,2.0289525206510477e-10,1.469403190936897e-10,1.469403190936897e-10,1.380800404657744,4.275150972656123e-10
15,0.0,0.0,11.25,1.2411497945205993e-10,8.912380867828049e-11,8.912380867828049e-11,1.392613054723578,2.6151931588399183e-10
15,0.0,0.0,11.5,7.592355152520905e-11,5.405632247373999e-11,5.405632247373999e-11,1.4045267611775096,1.5997646168749177e-10
15,0.0,0.0,11.75,4.644391596928554e-11,3.278681693163636e-11,3.278681693163636e-11,1.4165423885498105,9.786071903378003e-11
15,0.0,0.0,12.0,2.8410648438196982e-11,1.9886209703422746e-11,1.9886209703422746e-11,1.4286608087667425,5.986330881866234e-11
15,0.0,0.0,12.25,1.7379347280117913e-11,1.2061595890600771e-11,1.2061595890600771e-11,1.440882901213852,3.6619552544478156e-11
15,0.0,0.0,12.5,1.0631285397796795e-11,7.315727712713273e-12,7.315727712713273e-12,1.4532095527997502,2.2400893886693385e-11
15,0.0,0.0,12.75,6.503364446759622e-12,4.4372131558699766e-12,4.4372131558699766e-12,1.4656416580204943,1.3703063310574053e-11
15,0.0,0.0,13.0,3.978234761352747e-12,2.6913058227153928e-12,2.6913058227153928e-12,1.4781801190244916,8.382430854909582e-12
15,0.0,0.0,13.25,2.4335637262834035e-12,1.632359496140019e-12,1.632359496140019e-12,1.4908258456779666,5.1276963000725e-12
15,0.0,0.0,13.5,1.4886583535529173e-12,9.900760820819875e-13,9.900760820819875e-13,1.5035797556309844,3.1367117487603306e-12
15,0.0,0.0,13.75,9.106413239432037e-13,6.005114992308873e-13,6.005114992308873e-13,1.516442774384036,1.9187877009543972e-12
15,0.0,0.0,14.0,5.570570432724582e-13,3.6422863579353263e-13,3.6422863579353263e-13,1.5294158353552207,1.1737598275609547e-12
15,0.0,0.0,14.25,3.4076264858677487e-13,2.2091583475408384e-13,2.2091583475408384e-13,1.5424998799479472,7.180117592532666e-13
15,0.0,0.0,14.5,2.084511524883092e-13,1.3399222699436158e-13,1.3399222699436158e-13,1.5556958576192697,4.3922178483244324e-13
15,0.0,0.0,14.75,1.2751363200723377e-13,8.127039383525505e-14,8.127039383525505e-14,1.56900472594878,2.6868052477583867e-13
15,0.0,0.0,15.0,7.800257352181415e-14,4.929298558800279e-14,4.929298558800279e-14,1.5824274507080955,1.6435711270869185e-13
15,0.0,0.0,15.25,4.7715694237937144e-14,2.9897707067896665e-14,2.9897707067896665e-14,1.5959650059309378,1.0054044862564695e-13
15,0.0,0.0,15.5,2.918861998792374e-14,1.8133875991786425e-14,1.8133875991786425e-14,1.6096183739838335,6.150255162831059e-14
15,0.0,0.0,15.75,1.7855247637202863e-14,1.0998751768445306e-14,1.0998751768445306e-14,1.6233885456373687,3.7622309314304136e-14
15,0.0,0.0,16.0,1.0922402919964704e-14,6.671080166130625e-15,6.671080166130625e-15,1.6372765201381083,2.3014299743128443e-14
15,0.0,0.05,1.0,0.06335046659765287,0.06450615688548834,0.06335046659765287,0.9820840312981741,0.0
15,0.0,0.05,1.25,0.03779590697056996,0.03815896314029799,0.03779590697056996,0.9904856909137392,0.0
15,0.0,0.05,1.5,0.022549645810831413,0.022573139344318847,0.022549645810831413,0.9989592261346959,0.0
15,0.0,0.05,1.75,0.013453481261605475,0.013353261669731423,0.013353261669731423,1.0075052518517797,0.020216775062906964
15,0.0,0.05,2.0,0.008026563236280664,0.007899193572523397,0.007899193572523397,1.0161243882160718,0.017346243910452957
15,0.0,0.05,2.25,0.004788776684134175,0.004672810331998082,0.004672810331998082,1.0248172606840018,0.011745322384753525
15,0.0,0.05,2.5,0.002857061167455958,0.002764226018562144,0.002764226018562144,1.033584500062735,0.007473604674674676
15,0.0,0.05,2.75,0.0017045686305709729,0.0016351927296027594,0.0016351927296027594,1.0424267425559475,0.004651285416161813
15,0.0,0.05,3.0,0.0010169730523878935,0.0009673070309701274,0.0009673070309701274,1.0513446298099944,0.0028684512845081806
15,0.0,0.05,3.25,0.0006067424747437219,0.0005722156631601157,0.0005722156631601157,1.0603388089604688,0.001761718063878123
15,0.0,0.05,3.5,0.0003619923161127393,0.00033849724511708103,0.00033849724511708103,1.0694099326791615,0.0010798767050898329
15,0.0,0.05,3.75,0.00021597043618878662,0.000200239861172398,0.000200239861172398,1.078558659221429,0.0006612859732062383
15,0.0,0.05,4.0,0.00012885143477202465,0.00011845296403659836,0.00011845296403659836,1.0877856524739513,0.00040475124644882946
15,0.0,0.05,4.25,7.687483775925878e-05,7.007148630099919e-05,7.007148630099919e-05,1.097091582002915,0.0002476702578222218
15,0.0,0.05,4.5,4.5864764261014216e-05,4.1451163610511864e-05,4.1451163610511864e-05,1.1064771231025967,0.00015153018856981241
15,0.0,0.05,4.75,2.7363655807716518e-05,2.4520658193044805e-05,2.4520658193044805e-05,1.1159429568443688,9.270258251659649e-05
15,0.0,0.05,5.0,1.6325597029169606e-05,1.4505326891900754e-05,1.4505326891900754e-05,1.12548977012612,5.6710913599553564e-05
15,0.0,0.05,5.25,9.740113683335806e-06,8.58070393479811e-06,8.58070393479811e-06,1.1351182557221018,3.4692179715868746e-05
15,0.0,0.05,5.5,5.811108432653203e-06,5.075961442673261e-06,5.075961442673261e-06,1.1448291123332048,2.1222230873491255e-05
15,0.0,0.05,5.75,3.4670007264728277e-06,3.002712220732485e-06,3.002712220732485e-06,1.1546230446376522,1.2982173203541523e-05
15,0.0,0.05,6.0,2.0684683785662983e-06,1.7762705218240935e-06,1.7762705218240935e-06,1.16450076334214,7.941490548691881e-06
15,0.0,0.05,6.25,1.2340814931070144e-06,1.0507623557516847e-06,1.0507623557516847e-06,1.1744629852334105,4.8579793095738565e-06
15,0.0,0.05,6.5,7.36272861316272e-07,6.215841082196206e-07,6.215841082196206e-07,1.1845104332302672,2.9717258072769844e-06
15,0.0,0.05,6.75,4.3927222743291057e-07,3.6770141362247946e-07,3.6770141362247946e-07,1.1946438364360306,1.817864418133084e-06
15,0.0,0.05,7.0,2.620768738493307e-07,2.1751574371363883e-07,2.1751574371363883e-07,1.2048639301914483,1.112023736803885e-06
15,0.0,0.05,7.25,1.5635927681571486e-07,1.2867260502804036e-07,1.2867260502804036e-07,1.2151714561280624,6.802468192242192e-07
15,0.0,0.05,7.5,9.328645861514951e-08,7.61169697513897e-08,7.61169697513897e-08,1.2255671622220135,4.161203167278742e-07
15,0.0,0.05,7.75,5.56562011425304e-08,4.5027401775781186e-08,4.5027401775781186e-08,1.2360518028483294,2.5454893562972576e-07
15,0.0,0.05,8.0,3.320538448561865e-08,2.6636201063963216e-08,2.6636201063963216e-08,1.2466261388356557,1.5571255461925997e-07
15,0.0,0.05,8.25,1.981086628629419e-08,1.5756787625740506e-08,1.5756787625740506e-08,1.2572909375214834,9.525240769435836e-08
15,0.0,0.05,8.5,1.1819481361024721e-08,9.32101224519545e-09,9.32101224519545e-09,1.268046972807821,5.826775527079884e-08
15,0.0,0.05,8.75,7.051692622864225e-09,5.513894794974139e-09,5.513894794974139e-09,1.2788950252173423,3.5643521822510166e-08
15,0.0,0.05,9.0,4.207153201436814e-09,3.2617740445212123e-09,3.2617740445212123e-09,1.2898358819500544,2.1803837045096347e-08
15,0.0,0.05,9.25,2.510055245880897e-09,1.9295199333889657e-09,1.9295199333889657e-09,1.3008703369403871,1.3337832067243568e-08
15,0.0,0.05,9.5,1.497539318326356e-09,1.1414178672489422e-09,1.1414178672489422e-09,1.3119991909148414,8.159011808288088e-09
15,0.0,0.05,9.75,8.934560359233513e-10,6.752118623552411e-10,6.752118623552411e-10,1.3232232514500581,4.991026523506682e-09
15,0.0,0.05,10.0,5.330502367176629e-10,3.9942519926035046e-10,3.9942519926035046e-10,1.3345433330314593,3.0531081860593827e-09
15,0.0,0.05,10.25,3.1802634202488253e-10,2.362821192857443e-10,2.362821192857443e-10,1.3459602571123126,1.8676457735272076e-09
15,0.0,0.05,10.5,1.897396291286108e-10,1.3977395516744171e-10,1.3977395516744171e-10,1.3574748521733744,1.1424753143397141e-09
15,0.0,0.05,10.75,1.1320171352046731e-10,8.268403297806688e-11,8.268403297806688e-11,1.3690879537829956,6.988744130186678e-10
15,0.0,0.05,11.0,6.753796243210634e-11,4.8912183255658104e-11,4.8912183255658104e-11,1.380800404657742,4.275150972656123e-10
15,0.0,0.05,11.25,4.029423431524213e-11,2.8934264387777263e-11,2.8934264387777263e-11,1.392613054723578,2.6151931588399183e-10
15,0.0,0.05,11.5,2.4040188074726227e-11,1.7116219312597337e-11,1.7116219312597337e-11,1.4045267611775067,1.5997646168749177e-10
15,0.0,0.05,11.75,1.4342762742350881e-11,1.0125191352045835e-11,1.0125191352045835e-11,1.4165423885498094,9.786071903378003e-11
15,0.0,0.05,12.0,8.557122866257381e-12,5.989611259543198e-12,5.989611259543198e-12,1.4286608087667438,5.986330881866234e-11
15,0.0,0.05,12.25,5.105317090131476e-12,3.5431866710546555e-12,3.5431866710546555e-12,1.4408829012138502,3.6619552544478156e-11
15,0.0,0.05,12.5,3.045914263258476e-12,2.0959910822153794e-12,2.0959910822153794e-12,1.4532095527997502,2.2400893886693385e-11
15,0.0,0.05,12.75,1.8172414240547142e-12,1.2398947683495137e-12,1.2398947683495137e-12,1.4656416580204912,1.3703063310574053e-11
15,0.0,0.05,13.0,1.0841954526217006e-12,7.334664014675044e-13,7.334664014675044e-13,1.478180119024491,8.382430854909582e-12
15,0.0,0.05,13.25,6.468484395776014e-13,4.3388598437092623e-13,4.3388598437092623e-13,1.4908258456779626,5.1276963000725e-12
15,0.0,0.05,13.5,3.8592017958774147e-13,2.566675815781975e-13,2.566675815781975e-13,1.5035797556309825,3.1367117487603306e-12
15,0.0,0.05,13.75,2.302461842688988e-13,1.5183308474163986e-13,1.5183308474163986e-13,1.516442774384036,1.9187877009543972e-12
15,0.0,0.05,14.0,1.37368575613276e-13,8.981767576727827e-14,8.981767576727827e-14,1.5294158353552179,1.1737598275609547e-12
15,0.0,0.05,14.25,8.195630093040951e-14,5.313212791509276e-14,5.313212791509276e-14,1.5424998799479464,7.180117592532666e-13
15,0.0,0.05,14.5,4.889644689266669e-14,3.143059528839692e-14,3.143059528839692e-14,1.5556958576192654,4.3922178483244324e-13
15,0.0,0.05,14.75,2.917240641152783e-14,1.8592937248093543e-14,1.8592937248093543e-14,1.5690047259487778,2.6868052477583867e-13
15,0.0,0.05,15.0,1.7404726721912004e-14,1.0998751768445306e-14,1.0998751768445306e-14,1.5824274507080902,1.6435711270869185e-13
15,0.0,0.05,15.25,1.0383939809118198e-14,6.506370609962814e-15,6.506370609962814e-15,1.5959650059309405,1.0054044862564695e-13
15,0.0,0.05,15.5,6.195225451235605e-15,3.8488784368820894e-15,3.8488784368820894e-15,1.6096183739838381,6.150255162831059e-14
15,0.0,0.05,15.75,3.696171115893287e-15,2.276824686133362e-15,2.276824686133362e-15,1.6233885456373642,3.7622309314304136e-14
15,0.0,0.05,16.0,2.205195117675527e-15,1.3468678568049803e-15,1.3468678568049803e-15,1.637276520138106,2.3014299743128443e-14
15,1e-06,0.0,1.0,0.07001357658015522,0.07129081383986416,0.07001357658015522,0.9820841256970652,0.0
15,1e-06,0.0,1.25,0.042828852666764235,0.043240251087150926,0.042828852666764235,0.990485753203479,0.0
15,1e-06,0.0,1.5,0.02619942575089225,0.02622672475543714,0.02619942575089225,0.9989591149943635,0.0
15,1e-06,0.0,1.75,0.016026879709770576,0.015907499405424522,0.015907499405424522,1.007504655590642,0.020216775062906964
15,1e-06,0.0,2.0,0.009804133536284588,0.009648572846158037,0.009648572846158037,1.0161226631758802,0.017346243910452957
15,1e-06,0.0,2.25,0.005997556923474859,0.005852341991073214,0.005852341991073214,1.0248131316698763,0.011745322384753525
15,1e-06,0.0,2.5,0.003668998327033267,0.0035498115861171617,0.0035498115861171617,1.0335755118334249,0.007473604674674676
15,1e-06,0.0,2.75,0.0022445721656968415,0.0021532563005907703,0.0021532563005907703,1.0424082656026679,0.004651285416161813
15,1e-06,0.0,3.0,0.0013732214461486824,0.0013062027019352833,0.0013062027019352833,1.0513080734820892,0.0028684512845081806
15,1e-06,0.0,3.25,0.0008401977645186591,0.0007924387239308103,0.0007924387239308103,1.0602684335653678,0.001761718063878123
15,1e-06,0.0,3.5,0.0005141353373100405,0.0004808251194151705,0.0004808251194151705,1.0692771998588286,0.0010798767050898329
15,1e-06,0.0,3.75,0.00031467515476354507,0.00029182191429286787,0.00029182191429286787,1.0783122834556629,0.0006612859732062383
15,1e-06,0.0,4.0,0.00019266004457091647,0.00017718567560223543,0.00017718567560223543,1.0873341985241487,0.00040475124644882946
15,1e-06,0.0,4.25,0.00011801960641518406,0.00010765528212223121,0.00010765528212223121,1.096273253746948,0.0002476702578222218
15,1e-06,0.0,4.5,7.235919034598834e-05,6.54829666947253e-05,6.54829666947253e-05,1.1050078210921517,0.00015153018856981241
15,1e-06,0.0,4.75,4.4426430435227837e-05,3.990416439687084e-05,3.990416439687084e-05,1.1133281728037292,9.270258251659649e-05
15,1e-06,0.0,5.0,2.733803507179993e-05,2.438983656449417e-05,2.438983656449417e-05,1.1208781575682076,5.6710913599553564e-05
15,1e-06,0.0,5.25,1.688336054411519e-05,1.4979921069324672e-05,1.4979921069324672e-05,1.1270660550200302,3.4692179715868746e-05
15,1e-06,0.0,5.5,1.0486673942719612e-05,9.272518816199387e-06,9.272518816199387e-06,1.1309412415965183,2.1222230873491255e-05
15,1e-06,0.0,5.75,6.5723491557246226e-06,5.810804362365937e-06,5.810804362365937e-06,1.1310566912716735,1.2982173203541523e-05
15,1e-06,0.0,6.0,4.1765448889541444e-06,3.711168410945575e-06,3.711168410945575e-06,1.1253989111989653,7.941490548691881e-06
15,1e-06,0.0,6.25,2.709660543737964e-06,2.4376748321742204e-06,2.4376748321742204e-06,1.1115758787734429,4.8579793095738565e-06
15,1e-06,0.0,6.5,1.8110258483940724e-06,1.6652619317022285e-06,1.6652619317022285e-06,1.087532125677577,2.9717258072769844e-06
15,1e-06,0.0,6.75,1.2600116741764143e-06,1.1967698256084026e-06,1.1967698256084026e-06,1.0528437860102808,1.817864418133084e-06
15,1e-06,0.0,7.0,9.216547892241556e-07,9.126149994291533e-07,9.126149994291533e-07,1.0099053706115468,1.112023736803885e-06
15,1e-06,0.0,7.25,7.133954609501793e-07,7.402663852461245e-07,7.133954609501793e-07,0.9637010070543576,6.802468192242192e-07
15,1e-06,0.0,7.5,5.847301992401516e-07,6.35731666585134e-07,5.847301992401516e-07,0.91977516611853,4.161203167278742e-07
15,1e-06,0.0,7.75,5.047649429592766e-07,5.723281547128088e-07,5.047649429592766e-07,0.881950221743966,2.5454893562972576e-07
15,1e-06,0.0,8.0,4.5460110158416975e-07,5.338719808287896e-07,4.5460110158416975e-07,0.8515170638444842,1.5571255461925997e-07
15,1e-06,0.0,8.25,4.2267794849134093e-07,5.105471323128917e-07,4.2267794849134093e-07,0.8278921214903628,9.525240769435836e-08
15,1e-06,0.0,8.5,4.01923472163694e-07,4.96399896554847e-07,4.01923472163694e-07,0.8096767846914442,5.826775527079884e-08
15,1e-06,0.0,8.75,3.880114963464519e-07,4.8781916431741e-07,3.880114963464519e-07,0.7954002727411994,3.5643521822510166e-08
15,1e-06,0.0,9.0,3.7829552647705765e-07,4.826146871326198e-07,3.7829552647705765e-07,0.7838458641295021,2.1803837045096347e-08
15,1e-06,0.0,9.25,3.71156562764102e-07,4.794580121522697e-07,3.71156562764102e-07,0.7741169265229161,1.3337832067243568e-08
15,1e-06,0.0,9.5,3.6560414473236633e-07,4.775433919939395e-07,3.6560414473236633e-07,0.7655935583273785,8.159011808288088e-09
15,1e-06,0.0,9.75,3.610323023903955e-07,4.7638211616620844e-07,3.610323023903955e-07,0.757862837706595,4.991026523506682e-09
15,1e-06,0.0,10.0,3.570702667977484e-07,4.756777667723064e-07,3.570702667977484e-07,0.7506557836844788,3.0531081860593827e-09
15,1e-06,0.0,10.25,3.53491146803633e-07,4.752505572697548e-07,3.53491146803633e-07,0.7437995419392839,1.8676457735272076e-09
15,1e-06,0.0,10.5,3.5015606482220273e-07,4.7499144160833666e-07,3.5015606482220273e-07,0.7371839451181746,1.1424753143397141e-09
15,1e-06,0.0,10.75,3.4697998359160904e-07,4.7483428001527485e-07,3.4697998359160904e-07,0.7307391192995736,6.988744130186678e-10
15,1e-06,0.0,11.0,3.439108017305575e-07,4.7473895669055356e-07,3.439108017305575e-07,0.7244208567335395,4.275150972656123e-10
15,1e-06,0.0,11.25,3.409165660769115e-07,4.7468114017152435e-07,3.409165660769115e-07,0.7182012033461505,2.6151931588399183e-10
15,1e-06,0.0,11.5,3.3797764922009585e-07,4.7464607268009527e-07,3.3797764922009585e-07,0.7120624580578548,1.5997646168749177e-10
15,1e-06,0.0,11.75,3.3508196433935336e-07,4.7462480317138436e-07,3.3508196433935336e-07,0.7059933701323172,9.786071903378003e-11
15,1e-06,0.0,12.0,3.32222038021228e-07,4.7461190256223416e-07,3.32222038021228e-07,0.6999867391182102,5.986330881866234e-11
15,1e-06,0.0,12.25,3.293932196391972e-07,4.746040779472556e-07,3.293932196391972e-07,0.6940379043178045,3.6619552544478156e-11
15,1e-06,0.0,12.5,3.2659258599056773e-07,4.7459933207837065e-07,3.2659258599056773e-07,0.6881437960739427,2.2400893886693385e-11
15,1e-06,0.0,12.75,3.238182712358348e-07,4.7459645356338493e-07,3.238182712358348e-07,0.6823023408719743,1.3703063310574053e-11
15,1e-06,0.0,13.0,3.2106905700389706e-07,4.7459470765579164e-07,3.2106905700389706e-07,0.6765120887878888,8.382430854909582e-12
15,1e-06,0.0,13.25,3.183441216458403e-07,4.745936487093073e-07,3.183441216458403e-07,0.6707719804333682,5.1276963000725e-12
15,1e-06,0.0,13.5,3.156428868430508e-07,4.7459300642579755e-07,3.156428868430508e-07,0.6650812013016915,3.1367117487603306e-12
15,1e-06,0.0,13.75,3.129649237689162e-07,4.7459261686115667e-07,3.129649237689162e-07,0.6594390908118045,1.9187877009543972e-12
15,1e-06,0.0,14.0,3.1030989568066225e-07,4.7459238057825803e-07,3.1030989568066225e-07,0.6538450855501959,1.1737598275609547e-12
15,1e-06,0.0,14.25,3.076775227962601e-07,4.7459223726543565e-07,3.076775227962601e-07,0.64829868387455,7.180117592532666e-13
15,1e-06,0.0,14.5,3.0506756080359234e-07,4.7459215034181494e-07,3.0506756080359234e-07,0.6427994238502973,4.3922178483244324e-13
15,1e-06,0.0,14.75,3.0247978770878056e-07,4.745920976199739e-07,3.0247978770878056e-07,0.6373468695026376,2.6868052477583867e-13
15,1e-06,0.0,15.0,2.999139957857879e-07,4.7459206564256093e-07,2.999139957857879e-07,0.6319406022511723,1.6435711270869185e-13
15,1e-06,0.0,15.25,2.9736998664661396e-07,4.745920462472795e-07,2.9736998664661396e-07,0.6265802155724993,1.0054044862564695e-13
15,1e-06,0.0,15.5,2.948475682204619e-07,4.745920344834467e-07,2.948475682204619e-07,0.6212653116721155,6.150255162831059e-14
15,1e-06,0.0,15.75,2.923465529007047e-07,4.745920273483214e-07,2.923465529007047e-07,0.615995499406357,3.7622309314304136e-14
15,1e-06,0.0,16.0,2.898667564062603e-07,4.745920230206491e-07,2.898667564062603e-07,0.6107703929816124,2.3014299743128443e-14
15,1e-06,0.05,1.0,0.06335090386025058,0.06450659592454494,0.06335090386025058,0.982084125697065,0.0
15,1e-06,0.05,1.25,0.03779632981967143,0.038159387651390875,0.03779632981967143,0.9904857532034791,0.0
15,1e-06,0.05,1.5,0.022550054721549022,0.02257355119250927,0.022550054721549022,0.9989591149943636,0.0
15,1e-06,0.05,1.75,0.013453876693390465,0.013353662058765607,0.013353662058765607,1.007504655590642,0.020216775062906964
15,1e-06,0.05,2.0,0.008026945633439374,0.007899583312462736,0.007899583312462736,1.01612266317588,0.017346243910452957
15,1e-06,0.05,2.25,0.0047891464763272695,0.004673189997598507,0.004673189997598507,1.0248131316698768,0.011745322384753525
15,1e-06,0.05,2.5,0.0028574187701811827,0.0027645960430239913,0.0027645960430239913,1.0335755118334249,0.007473604674674676
15,1e-06,0.05,2.75,0.0017049144456300152,0.0016355534600872724,0.0016355534600872724,1.0424082656026674,0.004651285416161813
15,1e-06,0.05,3.0,0.0010173074683378427,0.0009676587614973489,0.0009676587614973489,1.0513080734820897,0.0028684512845081806
15,1e-06,0.05,3.25,0.0006070658673336517,0.000572558654125229,0.000572558654125229,1.0602684335653678,0.001761718063878123
15,1e-06,0.05,3.5,0.00036230504870589863,0.00033883173488944877,0.00033883173488944877,1.0692771998588282,0.0010798767050898329
15,1e-06,0.05,3.75,0.00021627286017087427,0.00020056607300974607,0.00020056607300974607,1.0783122834556618,0.0006612859732062383
15,1e-06,0.05,4.0,0.00012914388994600498,0.0001187711102265463,0.0001187711102265463,1.0873341985241483,0.00040475124644882946
15,1e-06,0.05,4.25,7.715765272716397e-05,7.03817706611442e-05,7.03817706611442e-05,1.096273253746947,0.0002476702578222218
15,1e-06,0.05,4.5,4.613825679316065e-05,4.175378301626783e-05,4.175378301626783e-05,1.1050078210921528,0.00015153018856981241
15,1e-06,0.05,4.75,2.7628133199750956e-05,2.4815803529137466e-05,2.4815803529137466e-05,1.1133281728037294,9.270258251659649e-05
15,1e-06,0.05,5.0,1.6581356447345923e-05,1.4793183661745958e-05,1.4793183661745958e-05,1.1208781575682079,5.6710913599553564e-05
15,1e-06,0.05,5.25,9.987442498410366e-06,8.861452666350488e-06,8.861452666350488e-06,1.1270660550200295,3.4692179715868746e-05
15,1e-06,0.05,5.5,6.050284542774066e-06,5.3497779727557306e-06,5.3497779727557306e-06,1.1309412415965174,2.1222230873491255e-05
15,1e-06,0.05,5.75,3.6982928694255266e-06,3.2697679063880104e-06,3.2697679063880104e-06,1.1310566912716724,1.2982173203541523e-05
15,1e-06,0.05,6.0,2.292136433727069e-06,2.0367324074315093e-06,2.0367324074315093e-06,1.1253989111989657,7.941490548691881e-06
15,1e-06,0.05,6.25,1.4503767734427264e-06,1.3047933129343632e-06,1.3047933129343632e-06,1.1115758787734427,4.8579793095738565e-06
15,1e-06,0.05,6.5,9.454383957591614e-07,8.693429586460399e-07,8.693429586460399e-07,1.0875321256775765,2.9717258072769844e-06
15,1e-06,0.05,6.75,6.415430339473883e-07,6.093430406978951e-07,6.093430406978951e-07,1.0528437860102804,1.817864418133084e-06
15,1e-06,0.05,7.0,4.576802234976845e-07,4.531911967361231e-07,4.531911967361231e-07,1.0099053706115462,1.112023736803885e-06
15,1e-06,0.05,7.25,3.4551494911940743e-07,3.585291979464735e-07,3.4551494911940743e-07,0.963701007054357,6.802468192242192e-07
15,1e-06,0.05,7.5,2.7620698849863696e-07,3.0029837581311986e-07,2.7620698849863696e-07,0.9197751661185296,4.161203167278742e-07
15,1e-06,0.05,7.75,2.3254711773706607e-07,2.636737448483521e-07,2.3254711773706607e-07,0.8819502217439661,2.5454893562972576e-07
15,1e-06,0.05,8.0,2.042654420613628e-07,2.3988414411700924e-07,2.042654420613628e-07,0.8515170638444842,1.5571255461925997e-07
15,1e-06,0.05,8.25,1.852322675722029e-07,2.2373961868214153e-07,1.852322675722029e-07,0.8278921214903625,9.525240769435836e-08
15,1e-06,0.05,8.5,1.717880935034412e-07,2.1216872800534488e-07,1.717880935034412e-07,0.8096767846914441,5.826775527079884e-08
15,1e-06,0.05,8.75,1.617472560254621e-07,2.0335328207523767e-07,1.617472560254621e-07,0.7954002727411994,3.5643521822510166e-08
15,1e-06,0.05,9.0,1.5380348348116813e-07,1.9621648913332493e-07,1.5380348348116813e-07,0.7838458641295021,2.1803837045096347e-08
15,1e-06,0.05,9.25,1.4717523853184601e-07,1.9012016594561467e-07,1.4717523853184601e-07,0.7741169265229162,1.3337832067243568e-08
15,1e-06,0.05,9.5,1.4139412111300292e-07,1.846856201636702e-07,1.4139412111300292e-07,0.7655935583273785,8.159011808288088e-09
15,1e-06,0.05,9.75,1.3617862385095865e-07,1.7968769159212937e-07,1.3617862385095865e-07,0.7578628377065951,4.991026523506682e-09
15,1e-06,0.05,10.0,1.313588102084935e-07,1.7499207101787576e-07,1.313588102084935e-07,0.7506557836844788,3.0531081860593827e-09
15,1e-06,0.05,10.25,1.2683137402543988e-07,1.7051822013059678e-07,1.2683137402543988e-07,0.743799541939284,1.8676457735272076e-09
15,1e-06,0.05,10.5,1.2253282516150142e-07,1.662174359234841e-07,1.2253282516150142e-07,0.7371839451181746,1.1424753143397141e-09
15,1e-06,0.05,10.75,1.1842348953419176e-07,1.6205987390917682e-07,1.1842348953419176e-07,0.7307391192995732,6.988744130186678e-10
15,1e-06,0.05,11.0,1.1447796126752606e-07,1.580268709872802e-07,1.1447796126752606e-07,0.7244208567335396,4.275150972656123e-10
15,1e-06,0.05,11.25,1.1067940434020519e-07,1.5410640336516006e-07,1.1067940434020519e-07,0.7182012033461503,2.6151931588399183e-10
15,1e-06,0.05,11.5,1.0701615097137804e-07,1.5029039905188063e-07,1.0701615097137804e-07,0.712062458057855,1.5997646168749177e-10
15,1e-06,0.05,11.75,1.0347967033913654e-07,1.4657314745001418e-07,1.0347967033913654e-07,0.705993370132317,9.786071903378003e-11
15,1e-06,0.05,12.0,1.0006335492166938e-07,1.4295035795638293e-07,1.0006335492166938e-07,0.6999867391182102,5.986330881866234e-11
15,1e-06,0.05,12.25,9.676179470337494e-08,1.394186025019565e-07,9.676179470337494e-08,0.6940379043178048,3.6619552544478156e-11
15,1e-06,0.05,12.5,9.357034250527177e-08,1.3597498522709549e-07,9.357034250527177e-08,0.6881437960739427,2.2400893886693385e-11
15,1e-06,0.05,12.75,9.04848530592116e-08,1.326169465336628e-07,9.04848530592116e-08,0.6823023408719744,1.3703063310574053e-11
15,1e-06,0.05,13.0,8.750152579301164e-08,1.2934214664188593e-07,8.750152579301164e-08,0.6765120887878886,8.382430854909582e-12
15,1e-06,0.05,13.25,8.461680954202956e-08,1.261483961917444e-07,8.461680954202956e-08,0.6707719804333683,5.1276963000725e-12
15,1e-06,0.05,13.5,8.182734425621414e-08,1.2303361468654103e-07,8.182734425621414e-08,0.6650812013016915,3.1367117487603306e-12
15,1e-06,0.05,13.75,7.912992482679607e-08,1.1999580541909175e-07,7.912992482679607e-08,0.6594390908118045,1.9187877009543972e-12
15,1e-06,0.05,14.0,7.65214781558879e-08,1.1703304016041785e-07,7.65214781558879e-08,0.6538450855501957,1.1737598275609547e-12
15,1e-06,0.05,14.25,7.399904817147816e-08,1.141434496353188e-07,7.399904817147816e-08,0.6482986838745499,7.180117592532666e-13
15,1e-06,0.05,14.5,7.155978562577078e-08,1.1132521743273443e-07,7.155978562577078e-08,0.6427994238502974,4.3922178483244324e-13
15,1e-06,0.05,14.75,6.920094078892393e-08,1.0857657595921956e-07,6.920094078892393e-08,0.6373468695026375,2.6868052477583867e-13
15,1e-06,0.05,15.0,6.691985791043837e-08,1.0589580361199873e-07,6.691985791043837e-08,0.6319406022511725,1.6435711270869185e-13
15,1e-06,0.05,15.25,6.471397077403631e-08,1.0328122268416643e-07,6.471397077403631e-08,0.6265802155724994,1.0054044862564695e-13
15,1e-06,0.05,15.5,6.258079894253543e-08,1.0073119771342332e-07,6.258079894253543e-08,0.6212653116721155,6.150255162831059e-14
15,1e-06,0.05,15.75,6.051794445074598e-08,9.824413410336265e-08,6.051794445074598e-08,0.615995499406357,3.7622309314304136e-14
15,1e-06,0.05,16.0,5.8523088800828924e-08,9.581847691590838e-08,5.8523088800828924e-08,0.6107703929816124,2.3014299743128443e-14
15,0.0001,0.0,1.0,0.07006141832090372,0.0713388499463911,0.07006141832090372,0.9820934648309115,0.0
15,0.0001,0.0,1.25,0.042876288596479954,0.04328787346188303,0.042876288596479954,0.990491913035056,0.0
15,0.0001,0.0,1.5,0.026246459311811854,0.026274096189150782,0.026246459311811854,0.9989481321397331,0.0
15,0.0001,0.0,1.75,0.016073514314932435,0.015954718635716684,0.015954718635716684,1.0074458022061141,0.020216775062906964
15,0.0001,0.0,2.0,0.009850372569776436,0.009695699760408556,0.009695699760408556,1.015952722669845,0.017346243910452957
15,0.0001,0.0,2.25,0.00604340374067937,0.005899412912814095,0.005899412912814095,1.024407653777296,0.011745322384753525
15,0.0001,0.0,2.5,0.003714456254871538,0.0035968485466842328,0.0035968485466842328,1.0326974312820933,0.007473604674674676
15,0.0001,0.0,2.75,0.002289644502869816,0.002200272662664686,0.002200272662664686,1.0406185295675558,0.004651285416161813
15,0.0001,0.0,3.0,0.001417911463376524,0.001353206570391556,0.001353206570391556,1.0478159760680479,0.0028684512845081806
15,0.0001,0.0,3.25,0.0008845087047780936,0.0008394350146249323,0.0008394350146249323,1.053695270471057,0.001761718063878123
15,0.0001,0.0,3.5,0.000558070416069687,0.0005278168139642159,0.0005278168139642159,1.057318375059424,0.0010798767050898329
15,0.0001,0.0,3.75,0.000358237560217249,0.0003388108211390077,0.0003388108211390077,1.057338012442852,0.0006612859732062383
15,0.0001,0.0,4.0,0.00023585293786910447,0.00022417289162109295,0.00022417289162109295,1.0521028486698278,0.00040475124644882946
15,0.0001,0.0,4.25,0.0001608461218942559,0.00015464147260250174,0.00015464147260250174,1.0401228026824532,0.0002476702578222218
15,0.0001,0.0,4.5,0.00011482243575576323,0.00011246853515440008,0.00011246853515440008,1.020929414596995,0.00015153018856981241
15,0.0001,0.0,4.75,8.652948716446156e-05,8.688935558198333e-05,8.652948716446156e-05,0.9958583141155625,9.270258251659649e-05
15,0.0001,0.0,5.0,6.908395837178894e-05,7.13747989210175e-05,6.908395837178894e-05,0.9679040700098703,5.6710913599553564e-05
15,0.0001,0.0,5.25,5.8275179750404055e-05,6.196474463429286e-05,5.8275179750404055e-05,0.9404570307573429,3.4692179715868746e-05
15,0.0001,0.0,5.5,5.152739269492779e-05,5.625725819983407e-05,5.152739269492779e-05,0.9159243508081196,2.1222230873491255e-05
15,0.0001,0.0,5.75,4.726494561550869e-05,5.279549268744088e-05,4.726494561550869e-05,0.8952458478856508,1.2982173203541523e-05
15,0.0001,0.0,6.0,4.45239719561211e-05,5.069582576743859e-05,4.45239719561211e-05,0.8782571598768274,7.941490548691881e-06
15,0.0001,0.0,6.25,4.2714846070525426e-05,4.942231340527281e-05,4.2714846070525426e-05,0.8642826109788747,4.8579793095738565e-06
15,0.0001,0.0,6.5,4.14768728519329e-05,4.8649889112096204e-05,4.14768728519329e-05,0.8525584252898158,2.9717258072769844e-06
15,0.0001,0.0,6.75,4.0589398547151045e-05,4.8181390095977735e-05,4.0589398547151045e-05,0.8424289640937429,1.817864418133084e-06
15,0.0001,0.0,7.0,3.991743550874617e-05,4.7897231078656676e-05,3.991743550874617e-05,0.8333975599381493,1.112023736803885e-06
15,0.0001,0.0,7.25,3.937839979566003e-05,4.772487992241764e-05,3.937839979566003e-05,0.8251126008001322,6.802468192242192e-07
15,0.0001,0.0,7.5,3.892176391465223e-05,4.762034366192175e-05,3.892176391465223e-05,0.8173347968879717,4.161203167278742e-07
15,0.0001,0.0,7.75,3.851661000506513e-05,4.755693921487928e-05,3.851661000506513e-05,0.8099051503511043,2.5454893562972576e-07
15,0.0001,0.0,8.0,3.814401587872874e-05,4.75184824737859e-05,3.814401587872874e-05,0.8027195712693752,1.5571255461925997e-07
15,0.0001,0.0,8.25,3.7792397411536744e-05,4.7495157281240134e-05,3.7792397411536744e-05,0.7957105434507986,9.525240769435836e-08
15,0.0001,0.0,8.5,3.7454659392955186e-05,4.7481009836817425e-05,3.7454659392955186e-05,0.7888345155606259,5.826775527079884e-08
15,0.0001,0.0,8.75,3.712645264449492e-05,4.747242897801847e-05,3.712645264449492e-05,0.7820634722880069,3.5643521822510166e-08
15,0.0001,0.0,9.0,3.680510786447235e-05,4.746722442407024e-05,3.680510786447235e-05,0.7753793972796265,2.1803837045096347e-08
15,0.0001,0.0,9.25,3.648898343943328e-05,4.746406770253051e-05,3.648898343943328e-05,0.768770676548818,1.3337832067243568e-08
15,0.0001,0.0,9.5,3.617706648705707e-05,4.7462153054132486e-05,3.617706648705707e-05,0.7622297801323019,8.159011808288088e-09
15,0.0001,0.0,9.75,3.5868728805697e-05,4.7460991761176516e-05,3.5868728805697e-05,0.7557517758201994,4.991026523506682e-09
15,0.0001,0.0,10.0,3.556357758333442e-05,4.746028740139382e-05,3.556357758333442e-05,0.7493333801912457,3.0531081860593827e-09
15,0.0001,0.0,10.25,3.5261364072717706e-05,4.7459860185590136e-05,3.5261364072717706e-05,0.742972354634619,1.8676457735272076e-09
15,0.0001,0.0,10.5,3.4961927725551565e-05,4.745960106610689e-05,3.4961927725551565e-05,0.7366671219349862,1.1424753143397141e-09
15,0.0001,0.0,10.75,3.466516201768353e-05,4.745944390219578e-05,3.466516201768353e-05,0.7304165234030418,6.988744130186678e-10
15,0.0001,0.0,11.0,3.437099354310131e-05,4.7459348577465084e-05,3.437099354310131e-05,0.7242196653205126,4.275150972656123e-10
15,0.0001,0.0,11.25,3.4079369224725396e-05,4.745929076009329e-05,3.4079369224725396e-05,0.7180758220133673,2.6151931588399183e-10
15,0.0001,0.0,11.5,3.3790248490408595e-05,4.745925569208463e-05,3.3790248490408595e-05,0.7119843747579929,1.5997646168749177e-10
15,0.0001,0.0,11.75,3.350359848625438e-05,4.74592344222622e-05,3.350359848625438e-05,0.705944773321891,9.786071903378003e-11
15,0.0001,0.0,12.0,3.3219391147927424e-05,4.7459221521462775e-05,3.3219391147927424e-05,0.6999565117793687,5.986330881866234e-11
15,0.0001,0.0,12.25,3.2937601408539e-05,4.745921369673239e-05,3.2937601408539e-05,0.6940191133172268,3.6619552544478156e-11
15,0.0001,0.0,12.5,3.265820610180239e-05,4.7459208950793504e-05,3.265820610180239e-05,0.6881321206946993,2.2400893886693385e-11
15,0.0001,0.0,12.75,3.238118329050326e-05,4.7459206072236065e-05,3.238118329050326e-05,0.6822950902553436,1.3703063310574053e-11
15,0.0001,0.0,13.0,3.2106511855148334e-05,4.745920432630272e-05,3.2106511855148334e-05,0.6765075881677676,8.382430854909582e-12
15,0.0001,0.0,13.25,3.183417124177513e-05,4.7459203267340616e-05,3.183417124177513e-05,0.6707691880635096,5.1276963000725e-12
15,0.0001,0.0,13.5,3.156414130712808e-05,4.7459202625047635e-05,3.156414130712808e-05,0.6650794695499037,3.1367117487603306e-12
15,0.0001,0.0,13.75,3.129640222340056e-05,4.7459202235477246e-05,3.129640222340056e-05,0.6594380172704529,1.9187877009543972e-12
15,0.0001,0.0,14.0,3.103093441941894e-05,4.745920199919086e-05,3.103093441941894e-05,0.6538444203075305,1.1737598275609547e-12
15,0.0001,0.0,14.25,3.0767718544123804e-05,4.745920185587593e-05,3.0767718544123804e-05,0.6482982717989905,7.180117592532666e-13
15,0.0001,0.0,14.5,3.050673544369514e-05,4.745920176895102e-05,3.050673544369514e-05,0.6427991686883658,4.3922178483244324e-13
15,0.0001,0.0,14.75,3.0247966147028487e-05,4.7459201716228404e-05,3.0247966147028487e-05,0.6373467115584746,2.6868052477583867e-13
15,0.0001,0.0,15.0,2.9991391856324015e-05,4.745920168425052e-05,2.9991391856324015e-05,0.6319405045170987,1.6435711270869185e-13
15,0.0001,0.0,15.25,2.9736993940807668e-05,4.7459201664854955e-05,2.9736993940807668e-05,0.6265801551151851,1.0054044862564695e-13
15,0.0001,0.0,15.5,2.9484753932372812e-05,4.745920165309095e-05,2.9484753932372812e-05,0.6212652742853821,6.150255162831059e-14
15,0.0001,0.0,15.75,2.9234653522400954e-05,4.745920164595571e-05,2.9234653522400954e-05,0.6159954762933147,3.7622309314304136e-14
15,0.0001,0.0,16.0,2.898667455930814e-05,4.7459201641627977e-05,2.898667455930814e-05,0.610770378696868,2.3014299743128443e-14
15,0.0001,0.05,1.0,0.06339419285742379,0.06455006079114728,0.06339419285742379,0.9820934648309113,0.0
15,0.0001,0.05,1.25,0.03783819188071677,0.038201414249585675,0.03783819188071677,0.9904919130350562,0.0
15,0.0001,0.05,1.5,0.0225905368825922,0.02261432416336129,0.0225905368825922,0.9989481321397333,0.0
15,0.0001,0.05,1.75,0.013493024440104386,0.01339330057314968,0.01339330057314968,1.007445802206114,0.020216775062906964
15,0.0001,0.05,2.0,0.008064802952151754,0.007938167566457304,0.007938167566457304,1.0159527226698448,0.017346243910452957
15,0.0001,0.05,2.25,0.0048257559034435675,0.004710776892040553,0.004710776892040553,1.0244076537772964,0.011745322384753525
15,0.0001,0.05,2.5,0.0028928214399784316,0.002801228464746925,0.002801228464746925,1.0326974312820933,0.007473604674674676
15,0.0001,0.05,2.75,0.0017391501364752032,0.0016712657780540703,0.0016712657780540703,1.0406185295675554,0.004651285416161813
15,0.0001,0.05,3.0,0.0010504146473828075,0.0010024800836922823,0.0010024800836922823,1.0478159760680483,0.0028684512845081806
15,0.0001,0.05,3.25,0.0006390817337366928,0.0006065147596714465,0.0006065147596714465,1.053695270471057,0.001761718063878123
15,0.0001,0.05,3.5,0.00039326557542867515,0.0003719462223538608,0.0003719462223538608,1.0573183750594235,0.0010798767050898329
15,0.0001,0.05,3.75,0.0002462128343975504,0.0002328610449072057,0.0002328610449072057,1.0573380124428513,0.0006612859732062383
15,0.0001,0.05,4.0,0.00015809695217005885,0.00015026758303139342,0.00015026758303139342,1.0521028486698276,0.00040475124644882946
15,0.0001,0.05,4.25,0.00010515633454977682,0.00010109992231550074,0.00010109992231550074,1.0401228026824523,0.0002476702578222218
15,0.0001,0.05,4.5,7.321401747565715e-05,7.171310418610856e-05,7.171310418610856e-05,1.0209294145969954,0.00015153018856981241
15,0.0001,0.05,4.75,5.381139501116041e-05,5.4035191802310905e-05,5.381139501116041e-05,0.9958583141155627,9.270258251659649e-05
15,0.0001,0.05,5.0,4.1901538846801256e-05,4.32910038764213e-05,4.1901538846801256e-05,0.9679040700098704,5.6710913599553564e-05
15,0.0001,0.05,5.25,3.447299519079191e-05,3.665557709003576e-05,3.447299519079191e-05,0.9404570307573428,3.4692179715868746e-05
15,0.0001,0.05,5.5,2.972871944473946e-05,3.2457614450920345e-05,2.972871944473946e-05,0.9159243508081197,2.1222230873491255e-05
15,0.0001,0.05,5.75,2.6596215021742708e-05,2.9708280786285008e-05,2.6596215021742708e-05,0.8952458478856508,1.2982173203541523e-05
15,0.0001,0.05,6.0,2.4435273894643367e-05,2.7822459082565673e-05,2.4435273894643367e-05,0.8782571598768274,7.941490548691881e-06
15,0.0001,0.05,6.25,2.2863609526678216e-05,2.645385807401957e-05,2.2863609526678216e-05,0.8642826109788746,4.8579793095738565e-06
15,0.0001,0.05,6.5,2.1652826305605206e-05,2.539746915086156e-05,2.1652826305605206e-05,0.8525584252898158,2.9717258072769844e-06
15,0.0001,0.05,6.75,2.0666352878880683e-05,2.4531864121164044e-05,2.0666352878880683e-05,0.8424289640937428,1.817864418133084e-06
15,0.0001,0.05,7.0,1.982241183868471e-05,2.3785061045962065e-05,1.982241183868471e-05,0.8333975599381493,1.112023736803885e-06
15,0.0001,0.05,7.25,1.907192650718498e-05,2.3114331896871354e-05,1.907192650718498e-05,0.8251126008001324,6.802468192242192e-07
15,0.0001,0.05,7.5,1.8385339446963896e-05,2.2494257575924404e-05,1.8385339446963896e-05,0.8173347968879718,4.161203167278742e-07
15,0.0001,0.05,7.75,1.7744747860596105e-05,2.1909661709032874e-05,1.7744747860596105e-05,0.8099051503511044,2.5454893562972576e-07
15,0.0001,0.05,8.0,1.7139211142060036e-05,2.1351430506368567e-05,1.7139211142060036e-05,0.8027195712693753,1.5571255461925997e-07
15,0.0001,0.05,8.25,1.656195099487717e-05,2.0814039893265846e-05,1.656195099487717e-05,0.7957105434507986,9.525240769435836e-08
15,0.0001,0.05,8.5,1.6008680695602674e-05,2.029409258826014e-05,1.6008680695602674e-05,0.7888345155606258,5.826775527079884e-08
15,0.0001,0.05,8.75,1.547660803288265e-05,1.9789452622821327e-05,1.547660803288265e-05,0.7820634722880069,3.5643521822510166e-08
15,0.0001,0.05,9.0,1.4963840181174569e-05,1.9298733282924894e-05,1.4963840181174569e-05,0.7753793972796263,2.1803837045096347e-08
15,0.0001,0.05,9.25,1.4469028383842392e-05,1.882099412115596e-05,1.4469028383842392e-05,0.7687706765488179,1.3337832067243568e-08
15,0.0001,0.05,9.5,1.3991155718785984e-05,1.8355561647509377e-05,1.3991155718785984e-05,0.7622297801323018,8.159011808288088e-09
15,0.0001,0.05,9.75,1.3529410237539453e-05,1.790192318483977e-05,1.3529410237539453e-05,0.7557517758201994,4.991026523506682e-09
15,0.0001,0.05,10.0,1.3083109047414302e-05,1.7459664007060802e-05,1.3083109047414302e-05,0.7493333801912458,3.0531081860593827e-09
15,0.0001,0.05,10.25,1.2651652794683524e-05,1.702843008325039e-05,1.2651652794683524e-05,0.7429723546346191,1.8676457735272076e-09
15,0.0001,0.05,10.5,1.223449829286641e-05,1.6607905970786834e-05,1.223449829286641e-05,0.7366671219349862,1.1424753143397141e-09
15,0.0001,0.05,10.75,1.1831141983780653e-05,1.6197801671652853e-05,1.1831141983780653e-05,0.7304165234030416,6.988744130186678e-10
15,0.0001,0.05,11.0,1.144110986847183e-05,1.5797844792585714e-05,1.144110986847183e-05,0.7242196653205127,4.275150972656123e-10
15,0.0001,0.05,11.25,1.106395130482331e-05,1.5407775844341615e-05,1.106395130482331e-05,0.7180758220133674,2.6151931588399183e-10
15,0.0001,0.05,11.5,1.0699235118518407e-05,1.5027345399476117e-05,1.0699235118518407e-05,0.711984374757993,1.5997646168749177e-10
15,0.0001,0.05,11.75,1.0346547100402163e-05,1.4656312351057564e-05,1.0346547100402163e-05,0.705944773321891,9.786071903378003e-11
15,0.0001,0.05,12.0,1.000548833700318e-05,1.4294442824123598e-05,1.000548833700318e-05,0.6999565117793686,5.986330881866234e-11
15,0.0001,0.05,12.25,9.67567404394557e-06,1.3941509474715214e-05,9.67567404394557e-06,0.6940191133172269,3.6619552544478156e-11
15,0.0001,0.05,12.5,9.356732705015115e-06,1.3597291019592409e-05,9.356732705015115e-06,0.6881321206946993,2.2400893886693385e-11
15,0.0001,0.05,12.75,9.048305399020179e-06,1.3261571903784215e-05,9.048305399020179e-06,0.6822950902553435,1.3703063310574053e-11
15,0.0001,0.05,13.0,8.750045243951356e-06,1.2934142051014848e-05,8.750045243951356e-06,0.6765075881677675,8.382430854909582e-12
15,0.0001,0.05,13.25,8.461616916207439e-06,1.2614796664461986e-05,8.461616916207439e-06,0.6707691880635098,5.1276963000725e-12
15,0.0001,0.05,13.5,8.182696219523634e-06,1.2303336058563527e-05,8.182696219523634e-06,0.6650794695499037,3.1367117487603306e-12
15,0.0001,0.05,13.75,7.912969688307366e-06,1.1999565510433787e-05,7.912969688307366e-06,0.6594380172704528,1.9187877009543972e-12
15,0.0001,0.05,14.0,7.652134216099806e-06,1.1703295124091885e-05,7.652134216099806e-06,0.6538444203075304,1.1737598275609547e-12
15,0.0001,0.05,14.25,7.399896703474025e-06,1.1414339703451219e-05,7.399896703474025e-06,0.6482982717989904,7.180117592532666e-13
15,0.0001,0.05,14.5,7.155973721828836e-06,1.113251863164451e-05,7.155973721828836e-06,0.642799168688366,4.3922178483244324e-13
15,0.0001,0.05,14.75,6.920091190824159e-06,1.085765575522117e-05,6.920091190824159e-06,0.6373467115584747,2.6868052477583867e-13
15,0.0001,0.05,15.0,6.6919840679758924e-06,1.0589579272323448e-05,6.6919840679758924e-06,0.6319405045170989,1.6435711270869185e-13
15,0.0001,0.05,15.25,6.471396049393591e-06,1.0328121624285953e-05,6.471396049393591e-06,0.6265801551151852,1.0054044862564695e-13
15,0.0001,0.05,15.5,6.258079280926224e-06,1.0073119390303367e-05,6.258079280926224e-06,0.6212652742853823,6.150255162831059e-14
15,0.0001,0.05,15.75,6.051794079153659e-06,9.82441318493062e-06,6.051794079153659e-06,0.6159954762933147,3.7622309314304136e-14
15,0.0001,0.05,16.0,5.852308661768576e-06,9.581847558250922e-06,5.852308661768576e-06,0.6107703786968681,2.3014299743128443e-14
15,0.01,0.0,1.0,0.07484559239575354,0.07614246059908494,0.07484559239575354,0.9829678711046674,0.0
15,0.01,0.0,1.25,0.04761988156805162,0.04805011093509335,0.04761988156805162,0.991046235717897,0.0
15,0.01,0.0,1.5,0.030949815403772306,0.031011239560514544,0.030949815403772306,0.9980192937266381,0.0
15,0.01,0.0,1.75,0.020736974831118353,0.020676641664932556,0.020676641664932556,1.002917938375269,0.020216775062906964
15,0.01,0.0,2.0,0.014474275918961308,0.014408391185460424,0.014408391185460424,1.0045726641269546,0.017346243910452957
15,0.01,0.0,2.25,0.010628085461130483,0.01060650508690216,0.01060650508690216,1.0020346357307623,0.011745322384753525
15,0.01,0.0,2.5,0.00826024903869864,0.008300544603391326,0.00826024903869864,0.9951454312195103,0.007473604674674676
15,0.01,0.0,2.75,0.0067968782201672726,0.006901908870056235,0.0067968782201672726,0.9847823766053134,0.004651285416161813
15,0.01,0.0,3.0,0.005886913186160667,0.006053593416018841,0.005886913186160667,0.9724659027451183,0.0028684512845081806
15,0.01,0.0,3.25,0.0053156027307215414,0.005539064084037118,0.0053156027307215414,0.9596572002191555,0.001761718063878123
15,0.01,0.0,3.5,0.004951578292034335,0.0052269862688687435,0.004951578292034335,0.9473103691749292,0.0010798767050898329
15,0.01,0.0,3.75,0.004714478105587646,0.005037701505752991,0.004714478105587646,0.9358391123816628,0.0006612859732062383
15,0.01,0.0,4.0,0.004555142267687907,0.004922894493506845,0.004555142267687907,0.9252975609564673,0.00040475124644882946
15,0.01,0.0,4.25,0.0044434976698014385,0.004853260520629553,0.0044434976698014385,0.9155695744981435,0.0002476702578222218
15,0.01,0.0,4.5,0.0043611469767332505,0.004811025381121878,0.0043611469767332505,0.9064901203485813,0.00015153018856981241
15,0.01,0.0,4.75,0.004296835160087833,0.004785408474093232,0.004296835160087833,0.8979035297299304,9.270258251659649e-05
15,0.01,0.0,5.0,0.00424367628837069,0.004769871034573351,0.00424367628837069,0.8896836534177434,5.6710913599553564e-05
15,0.01,0.0,5.25,0.004197457100379291,0.004760447101131112,0.004197457100379291,0.8817358981642603,3.4692179715868746e-05
15,0.01,0.0,5.5,0.004155599267915745,0.004754731196563303,0.004155599267915745,0.8739924711031809,2.1222230873491255e-05
15,0.01,0.0,5.75,0.004116524591593915,0.004751264325194935,0.004116524591593915,0.8664061415747528,1.2982173203541523e-05
15,0.01,0.0,6.0,0.0040792666786728165,0.00474916156141674,0.0040792666786728165,0.8589446002034757,7.941490548691881e-06
15,0.01,0.0,6.25,0.004043233398749272,0.004747886170715132,0.004043233398749272,0.8515860013005062,4.8579793095738565e-06
15,0.01,0.0,6.5,0.004008061573205815,0.004747112607151494,0.004008061573205815,0.8443156724716612,2.9717258072769844e-06
15,0.01,0.0,6.75,0.003973528085844614,0.004746643417132912,0.003973528085844614,0.8371237813024349,1.817864418133084e-06
15,0.01,0.0,7.0,0.003939495507460947,0.00474635883900141,0.003939495507460947,0.8300037230833942,1.112023736803885e-06
15,0.01,0.0,7.25,0.003905878833266645,0.00474618623363957,0.003905878833266645,0.8229510265701179,6.802468192242192e-07
15,0.01,0.0,7.5,0.0038726251354558594,0.004746081543195583,0.0038726251354558594,0.8159626209979491,4.161203167278742e-07
15,0.01,0.0,7.75,0.003839701116215651,0.004746018045231527,0.003839701116215651,0.8090363499720611,2.5454893562972576e-07
15,0.01,0.0,8.0,0.0038070854935931854,0.004745979531769497,0.0038070854935931854,0.8021706516238907,1.5571255461925997e-07
15,0.01,0.0,8.25,0.0037747643437160768,0.004745956172173964,0.0037747643437160768,0.7953643495167346,9.525240769435836e-08
15,0.01,0.0,8.5,0.003742728251472104,0.004745942003863075,0.003742728251472104,0.7886165166842787,5.826775527079884e-08
15,0.01,0.0,8.75,0.003710970567459342,0.004745933410348125,0.003710970567459342,0.7819263876243754,3.5643521822510166e-08
15,0.01,0.0,9.0,0.003679486341664001,0.004745928198117833,0.003679486341664001,0.7752933015554749,2.1803837045096347e-08
15,0.01,0.0,9.25,0.0036482716711063513,0.004745925036740355,0.0036482716711063513,0.768716665953092,1.3337832067243568e-08
15,0.01,0.0,9.5,0.0036173233007195265,0.004745923119267988,0.0036173233007195265,0.7621959331860106,8.159011808288088e-09
15,0.01,0.0,9.75,0.0035866383791363574,0.004745921956262208,0.0035866383791363574,0.7557305855828108,4.991026523506682e-09
15,0.01,0.0,10.0,0.003556214309237002,0.004745921250863545,0.003556214309237002,0.7493201259059935,3.0531081860593827e-09
15,0.01,0.0,10.25,0.003526048656664125,0.004745920823017629,0.003526048656664125,0.7429640712847239,1.8676457735272076e-09
15,0.01,0.0,10.5,0.0034961390937984877,0.004745920563515963,0.0034961390937984877,0.7366619493539124,1.1424753143397141e-09
15,0.01,0.0,10.75,0.0034664833654268756,0.004745920406120246,0.0034664833654268756,0.7304132957974953,6.988744130186678e-10
15,0.01,0.0,11.0,0.0034370792676801766,0.004745920310654918,0.0034370792676801766,0.7242176527835279,4.275150972656123e-10
15,0.01,0.0,11.25,0.003407924635089574,0.00474592025275227,0.003407924635089574,0.7180745679646089,2.6151931588399183e-10
15,0.01,0.0,11.5,0.0033790173326092585,0.0047459202176325386,0.0033790173326092585,0.7119835938360658,1.5997646168749177e-10
15,0.01,0.0,11.75,0.003350355250677757,0.004745920196331345,0.003350355250677757,0.7059442873202173,9.786071903378003e-11
15,0.01,0.0,12.0,0.0033219363021385465,0.004745920183411518,0.0033219363021385465,0.6999562094933155,5.986330881866234e-11
15,0.01,0.0,12.25,0.0032937584202985186,0.004745920175575246,0.0032937584202985186,0.6940189254024457,3.6619552544478156e-11
15,0.01,0.0,12.5,0.0032658195576829845,0.0047459201708223075,0.0032658195576829845,0.6881320039391072,2.2400893886693385e-11
15,0.01,0.0,12.75,0.003238117685217245,0.004745920167939504,0.003238117685217245,0.6822950177484993,1.3703063310574053e-11
15,0.01,0.0,13.0,0.003210650791669592,0.004745920166190996,0.003210650791669592,0.6765075431613111,8.382430854909582e-12
15,0.01,0.0,13.25,0.003183416883254704,0.004745920165130472,0.003183416883254704,0.670769160139715,5.1276963000725e-12
15,0.01,0.0,13.5,0.003156413983335631,0.004745920164487232,0.003156413983335631,0.6650794522323497,3.1367117487603306e-12
15,0.01,0.0,13.75,0.0031296401321865646,0.0047459201640970864,0.0031296401321865646,0.6594380065350257,1.9187877009543972e-12
15,0.01,0.0,14.0,0.003103093386793247,0.004745920163860452,0.003103093386793247,0.6538444136550987,1.1737598275609547e-12
15,0.01,0.0,14.25,0.0030767718206768783,0.004745920163716925,0.0030767718206768783,0.648298267678233,7.180117592532666e-13
15,0.01,0.0,14.5,0.00305067352373285,0.0047459201636298725,0.00305067352373285,0.6427991661367457,4.3922178483244324e-13
15,0.01,0.0,14.75,0.003024796602078999,0.004745920163577072,0.003024796602078999,0.6373467099790325,2.6868052477583867e-13
15,0.01,0.0,15.0,0.0029991391779101467,0.004745920163545047,0.0029991391779101467,0.6319405035397578,1.6435711270869185e-13
15,0.01,0.0,15.25,0.0029736993893569133,0.0047459201635256226,0.0029736993893569133,0.6265801545106119,1.0054044862564695e-13
15,0.01,0.0,15.5,0.0029484753903476074,0.004745920163513841,0.0029484753903476074,0.6212652739115148,6.150255162831059e-14
15,0.01,0.0,15.75,0.0029234653504724255,0.004745920163506696,0.0029234653504724255,0.6159954760621841,3.7622309314304136e-14
15,0.01,0.0,16.0,0.002898667454849496,0.004745920163502362,0.002898667454849496,0.6107703785540204,2.3014299743128443e-14
15,0.01,0.05,1.0,0.06772309257474547,0.0688965474513808,0.06772309257474547,0.9829678711046673,0.0
15,0.01,0.05,1.25,0.04202439798525083,0.04240407406906607,0.04202439798525083,0.9910462357178973,0.0
15,0.01,0.05,1.5,0.026638752986909948,0.026691621248563172,0.026638752986909948,0.9980192937266382,0.0
15,0.01,0.05,1.75,0.017407799111496647,0.017357152011556746,0.017357152011556746,1.002917938375269,0.020216775062906964
15,0.01,0.05,2.0,0.011850534823389686,0.011796592965914168,0.011796592965914168,1.0045726641269543,0.017346243910452957
15,0.01,0.05,2.25,0.008486698615073424,0.00846946633624521,0.00846946633624521,1.0020346357307623,0.011745322384753525
15,0.01,0.05,2.5,0.006433088419703321,0.0064644706370402885,0.006433088419703321,0.9951454312195104,0.007473604674674676
15,0.01,0.05,2.75,0.005162719220994,0.005242497574733857,0.005162719220994,0.9847823766053134,0.004651285416161813
15,0.01,0.05,3.0,0.004361132551879289,0.0044846123031856405,0.004361132551879289,0.9724659027451186,0.0028684512845081806
15,0.01,0.05,3.25,0.003840668374040808,0.0040021253142931874,0.003840668374040808,0.9596572002191556,0.001761718063878123
15,0.01,0.05,3.5,0.003489318247706325,0.0036833949687950602,0.003489318247706325,0.9473103691749292,0.0010798767050898329
15,0.01,0.05,3.75,0.003240210257065162,0.003462358234653168,0.003240210257065162,0.9358391123816628,0.0006612859732062383
15,0.01,0.05,4.0,0.003053403174575444,0.003299914863516104,0.003053403174575444,0.9252975609564672,0.00040475124644882946
15,0.01,0.05,4.25,0.002905024516811063,0.0031729150877511537,0.002905024516811063,0.9155695744981434,0.0002476702578222218
15,0.01,0.05,4.5,0.0027807900857253075,0.0030676452211701806,0.0027807900857253075,0.9064901203485813,0.00015153018856981241
15,0.01,0.05,4.75,0.0026721375761521054,0.002975974019119655,0.0026721375761521054,0.8979035297299304,9.270258251659649e-05
15,0.01,0.05,5.0,0.0025739197787923345,0.002893073025343956,0.0025739197787923345,0.8896836534177434,5.6710913599553564e-05
15,0.01,0.05,5.25,0.002483028264428946,0.002816068019458564,0.002483028264428946,0.8817358981642602,3.4692179715868746e-05
15,0.01,0.05,5.5,0.002397572209641279,0.002743241262267382,0.002397572209641279,0.8739924711031811,2.1222230873491255e-05
15,0.01,0.05,5.75,0.002316388430253461,0.002673559568775985,0.002316388430253461,0.8664061415747527,1.2982173203541523e-05
15,0.01,0.05,6.0,0.0022387490199862734,0.0026063951265959825,0.0022387490199862734,0.8589446002034756,7.941490548691881e-06
15,0.01,0.05,6.25,0.002164186884850227,0.00254136033418254,0.002164186884850227,0.8515860013005061,4.8579793095738565e-06
15,0.01,0.05,6.5,0.0020923916172902097,0.0024782100883724138,0.0020923916172902097,0.8443156724716613,2.9717258072769844e-06
15,0.01,0.05,6.75,0.00202314733737221,0.002416783972167779,0.00202314733737221,0.8371237813024349,1.817864418133084e-06
15,0.01,0.05,7.0,0.0019562955733573874,0.002356972045968557,0.0019562955733573874,0.8300037230833943,1.112023736803885e-06
15,0.01,0.05,7.25,0.001891713082313742,0.0022986946017893597,0.001891713082313742,0.8229510265701179,6.802468192242192e-07
15,0.01,0.05,7.5,0.0018292985852934897,0.002241890177587053,0.0018292985852934897,0.8159626209979493,4.161203167278742e-07
15,0.01,0.05,7.75,0.0017689648221464998,0.0021865084581274854,0.0017689648221464998,0.809036349972061,2.5454893562972576e-07
15,0.01,0.05,8.0,0.0017106337811419272,0.0021325060667315245,0.0017106337811419272,0.8021706516238907,1.5571255461925997e-07
15,0.01,0.05,8.25,0.0016542338237253737,0.0020798440673516364,0.0016542338237253737,0.7953643495167345,9.525240769435836e-08
15,0.01,0.05,8.5,0.001599697940905526,0.0020284864786137397,0.001599697940905526,0.7886165166842787,5.826775527079884e-08
15,0.01,0.05,8.75,0.0015469626857186017,0.0019783993866974306,0.0015469626857186017,0.7819263876243754,3.5643521822510166e-08
15,0.01,0.05,9.0,0.0014959675099505145,0.001929550412662082,0.0014959675099505145,0.7752933015554749,2.1803837045096347e-08
15,0.01,0.05,9.25,0.0014466543429148971,0.0018819083896421905,0.0014466543429148971,0.7687166659530921,1.3337832067243568e-08
15,0.01,0.05,9.5,0.001398967315486084,0.0018354431643820802,0.001398967315486084,0.7621959331860106,8.159011808288088e-09
15,0.01,0.05,9.75,0.001352852571606389,0.0017901254725096038,0.001352852571606389,0.755730585582811,4.991026523506682e-09
15,0.01,0.05,10.0,0.0013082581327679952,0.0017459268576113538,0.0013082581327679952,0.7493201259059935,3.0531081860593827e-09
15,0.01,0.05,10.25,0.001265133794860492,0.0017028196163952297,0.001265133794860492,0.7429640712847241,1.8676457735272076e-09
15,0.01,0.05,10.5,0.0012234310450633572,0.0016607767594571218,0.0012234310450633572,0.7366619493539125,1.1424753143397141e-09
15,0.01,0.05,10.75,0.0011831029914084268,0.0016197719814460203,0.0011831029914084268,0.7304132957974951,6.988744130186678e-10
15,0.01,0.05,11.0,0.001144104300588902,0.001579779636952429,0.001144104300588902,0.7242176527835279,4.275150972656123e-10
15,0.01,0.05,11.25,0.0011063911413531338,0.0015407747199419873,0.0011063911413531338,0.7180745679646089,2.6151931588399183e-10
15,0.01,0.05,11.5,0.0010699211318732213,0.0015027328454419,0.0010699211318732213,0.7119835938360659,1.5997646168749177e-10
15,0.01,0.05,11.75,0.0010346532901067047,0.0014656302327118128,0.0010346532901067047,0.7059442873202171,9.786071903378003e-11
15,0.01,0.05,12.0,0.0010005479865451542,0.0014294436894408454,0.0010005479865451542,0.6999562094933155,5.986330881866234e-11
15,0.01,0.05,12.25,0.0009675668989681651,0.0013941505966960411,0.0009675668989681651,0.6940189254024458,3.6619552544478156e-11
15,0.01,0.05,12.5,0.0009356729689559993,0.001359728894456124,0.0009356729689559993,0.6881320039391072,2.2400893886693385e-11
15,0.01,0.05,12.75,0.000904830359995117,0.0013261570676288395,0.000904830359995117,0.6822950177484994,1.3703063310574053e-11
15,0.01,0.05,13.0,0.0008750044170597858,0.001293414132488311,0.0008750044170597858,0.676507543161311,8.382430854909582e-12
15,0.01,0.05,13.25,0.0008461616275827484,0.0012614796234914863,0.0008461616275827484,0.6707691601397151,5.1276963000725e-12
15,0.01,0.05,13.5,0.0008182695837462657,0.0012303335804462624,0.0008182695837462657,0.6650794522323497,3.1367117487603306e-12
15,0.01,0.05,13.75,0.0007912969460363643,0.0011999565360119033,0.0007912969460363643,0.6594380065350257,1.9187877009543972e-12
15,0.01,0.05,14.0,0.0007652134080104917,0.0011703295035172389,0.0007652134080104917,0.6538444136550986,1.1737598275609547e-12
15,0.01,0.05,14.25,0.0007399896622337286,0.0011414339650850413,0.0007399896622337286,0.6482982676782327,7.180117592532666e-13
15,0.01,0.05,14.5,0.0007155973673421353,0.0011132518600528221,0.0007155973673421353,0.6427991661367458,4.3922178483244324e-13
15,0.01,0.05,14.75,0.0006920091161943476,0.0010857655736814162,0.0006920091161943476,0.6373467099790326,2.6868052477583867e-13
15,0.01,0.05,15.0,0.0006691984050745212,0.0010589579261434687,0.0006691984050745212,0.6319405035397577,1.6435711270869185e-13
15,0.01,0.05,15.25,0.0006471396039113491,0.0010328121617844647,0.0006471396039113491,0.6265801545106121,1.0054044862564695e-13
15,0.01,0.05,15.5,0.0006258079274792951,0.0010073119386492977,0.0006258079274792951,0.621265273911515,6.150255162831059e-14
15,0.01,0.05,15.75,0.0006051794075494449,0.0009824413182676567,0.0006051794075494449,0.6159954760621841,3.7622309314304136e-14
15,0.01,0.05,16.0,0.0005852308659585432,0.0009581847556917524,0.0005852308659585432,0.6107703785540205,2.3014299743128443e-14
15,1.0,0.0,1.0,0.5532629998807354,0.5565035258684702,0.5532629998807354,0.9941769892963792,0.0
15,1.0,0.0,1.25,0.5219791787252188,0.5242738582561254,0.5219791787252188,0.9956231280755838,0.0
15,1.0,0.0,1.5,0.5012854245998176,0.504725576696891,0.5012854245998176,0.9931841137919204,0.0
15,1.0,0.0,1.75,0.48708302644970997,0.49286894458652025,0.48708302644970997,0.9882607370572632,0.020216775062906964
15,1.0,0.0,2.0,0.4768646108374484,0.4856775336906471,0.4768646108374484,0.9818543740612633,0.017346243910452957
15,1.0,0.0,2.25,0.4690962575062416,0.48131572249570853,0.4690962575062416,0.9746123710106398,0.011745322384753525
15,1.0,0.0,2.5,0.4628395274214089,0.47867015027410054,0.4628395274214089,0.9669279088248419,0.007473604674674676
15,1.0,0.0,2.75,0.4575202499499129,0.47706552960921117,0.4575202499499129,0.9590301993201882,0.004651285416161813
15,1.0,0.0,3.0,0.45278708546457497,0.4760922779787473,0.45278708546457497,0.9510490012291006,0.0028684512845081806
15,1.0,0.0,3.25,0.44842500532506635,0.47550197102525565,0.44842500532506635,0.9430560389859012,0.001761718063878123
15,1.0,0.0,3.5,0.44430236588849914,0.47514393175932146,0.44430236588849914,0.9350900562770004,0.0010798767050898329
15,1.0,0.0,3.75,0.44033853264262734,0.47492676996715133,0.44033853264262734,0.9271714303935398,0.0006612859732062383
15,1.0,0.0,4.0,0.43648407524956817,0.474795054682082,0.43648407524956817,0.9193104918538664,0.00040475124644882946
15,1.0,0.0,4.25,0.4327086524605197,0.4747151653233347,0.4327086524605197,0.9115121741809032,0.0002476702578222218
15,1.0,0.0,4.5,0.428993601074482,0.47466670997786964,0.428993601074482,0.9037785714833108,0.00015153018856981241
15,1.0,0.0,4.75,0.42532740245242495,0.4746373203252181,0.42532740245242495,0.8961103230588645,9.270258251659649e-05
15,1.0,0.0,5.0,0.4217029092882608,0.4746194945998067,0.4217029092882608,0.8885073497535864,5.6710913599553564e-05
15,1.0,0.0,5.25,0.41811564916326793,0.474608682750813,0.41811564916326793,0.880969237098416,3.4692179715868746e-05
15,1.0,0.0,5.5,0.41456278678999753,0.47460212503291016,0.41456278678999753,0.8734954289579944,2.1222230873491255e-05
15,1.0,0.0,5.75,0.41104248918943453,0.4745981475759443,0.41104248918943453,0.8660853214216566,1.2982173203541523e-05
15,1.0,0.0,6.0,0.40755353735034233,0.4745957351263469,0.40755353735034233,0.8587383054376656,7.941490548691881e-06
15,1.0,0.0,6.25,0.4040950886666239,0.474594271901701,0.4040950886666239,0.8514537839814488,4.8579793095738565e-06
15,1.0,0.0,6.5,0.400666531608594,0.4745933844110913,0.400666531608594,0.8442311771913321,2.9717258072769844e-06
15,1.0,0.0,6.75,0.3972673968155909,0.4745928461208262,0.3972673968155909,0.8370699222770226,1.817864418133084e-06
15,1.0,0.0,7.0,0.3938973027026811,0.47459251963127663,0.3938973027026811,0.8299694715136055,1.112023736803885e-06
15,1.0,0.0,7.25,0.39055592218036517,0.47459232160535475,0.39055592218036517,0.8229292898361097,6.802468192242192e-07
15,1.0,0.0,7.5,0.3872429622895766,0.4745922014965617,0.3872429622895766,0.8159488526538338,4.161203167278742e-07
15,1.0,0.0,7.75,0.3839581517372742,0.47459212864689626,0.3839581517372742,0.8090276440782374,2.5454893562972576e-07
15,1.0,0.0,8.0,0.38070123326503885,0.4745920844613406,0.38070123326503885,0.8021651555717214,1.5571255461925997e-07
15,1.0,0.0,8.25,0.3774719589741701,0.47459205766144635,0.3774719589741701,0.7953608849548899,9.525240769435836e-08
15,1.0,0.0,8.5,0.37427008745938695,0.4745920414064888,0.37427008745938695,0.7886143356938935,5.826775527079884e-08
15,1.0,0.0,8.75,0.37109538204894404,0.47459203154735874,0.37109538204894404,0.7819250163957148,3.5643521822510166e-08
15,1.0,0.0,9.0,0.3679476097216169,0.474592025567494,0.3679476097216169,0.775292440452709,2.1803837045096347e-08
15,1.0,0.0,9.25,0.36482654043779816,0.47459202194052275,0.36482654043779816,0.7687161257917633,1.3337832067243568e-08
15,1.0,0.0,9.5,0.36173194672396647,0.47459201974065346,0.36173194672396647,0.7621955946955014,8.159011808288088e-09
15,1.0,0.0,9.75,0.3586636034122024,0.4745920184063653,0.3586636034122024,0.7557303736724451,4.991026523506682e-09
15,1.0,0.0,10.0,0.35562128747460375,0.47459201759707864,0.35562128747460375,0.7493199933601091,3.0531081860593827e-09
15,1.0,0.0,10.25,0.35260477791580486,0.47459201710622145,0.35260477791580486,0.7429639884500757,1.8676457735272076e-09
15,1.0,0.0,10.5,0.3496138557010921,0.4745920168085015,0.3496138557010921,0.7366618976276665,1.1424753143397141e-09
15,1.0,0.0,10.75,0.3466483037063461,0.4745920166279252,0.3466483037063461,0.730413263521275,6.988744130186678e-10
15,1.0,0.0,11.0,0.3437079066813877,0.4745920165184002,0.3437079066813877,0.7242176326580957,4.275150972656123e-10
15,1.0,0.0,11.25,0.3407924512215744,0.4745920164519699,0.3407924512215744,0.7180745554240978,2.6151931588399183e-10
15,1.0,0.0,11.5,0.33790172574449423,0.47459201641167786,0.33790172574449423,0.7119835860268378,1.5997646168749177e-10
15,1.0,0.0,11.75,0.335035520469828,0.4745920163872395,0.335035520469828,0.7059442824601972,9.786071903378003e-11
15,1.0,0.0,12.0,0.33219362740120045,0.47459201637241694,0.33219362740120045,0.6999562064704538,5.986330881866234e-11
15,1.0,0.0,12.25,0.32937584030929645,0.47459201636342657,0.32937584030929645,0.6940189235232974,3.6619552544478156e-11
15,1.0,0.0,12.5,0.3265819547158012,0.47459201635797366,0.3265819547158012,0.6881320027715512,2.2400893886693385e-11
15,1.0,0.0,12.75,0.3238117678778914,0.4745920163546663,0.3238117678778914,0.6822950170234308,1.3703063310574053e-11
15,1.0,0.0,13.0,0.32106507877311397,0.47459201635266024,0.32106507877311397,0.6765075427112467,8.382430854909582e-12
15,1.0,0.0,13.25,0.31834168808454755,0.47459201635144355,0.31834168808454755,0.670769159860477,5.1276963000725e-12
15,1.0,0.0,13.5,0.3156413981861859,0.4745920163507056,0.3156413981861859,0.6650794520591742,3.1367117487603306e-12
15,1.0,0.0,13.75,0.31296401312850297,0.474592016350258,0.31296401312850297,0.6594380064276715,1.9187877009543972e-12
15,1.0,0.0,14.0,0.31030933862417603,0.4745920163499865,0.31030933862417603,0.6538444135885744,1.1737598275609547e-12
15,1.0,0.0,14.25,0.30767718203395233,0.47459201634982184,0.30767718203395233,0.6482982676370254,7.180117592532666e-13
15,1.0,0.0,14.5,0.3050673523526483,0.4745920163497219,0.3050673523526483,0.6427991661112297,4.3922178483244324e-13
15,1.0,0.0,14.75,0.30247966019527606,0.47459201634966136,0.30247966019527606,0.6373467099632383,2.6868052477583867e-13
15,1.0,0.0,15.0,0.2999139177832924,0.4745920163496246,0.2999139177832924,0.6319405035299844,1.6435711270869185e-13
15,1.0,0.0,15.25,0.29736993893096747,0.47459201634960235,0.29736993893096747,0.6265801545045663,1.0054044862564695e-13
15,1.0,0.0,15.5,0.2948475390318711,0.4745920163495888,0.2948475390318711,0.6212652739077762,6.150255162831059e-14
15,1.0,0.0,15.75,0.2923465350454749,0.47459201634958065,0.2923465350454749,0.6159954760598729,3.7622309314304136e-14
15,1.0,0.0,16.0,0.2898667454838683,0.47459201634957565,0.2898667454838683,0.6107703785525921,2.3014299743128443e-14
15,1.0,0.05,1.0,0.500613064306914,0.5035452134747344,0.500613064306914,0.9941769892963793,0.0
15,1.0,0.05,1.25,0.46064500843865647,0.4626700560171058,0.46064500843865647,0.9956231280755838,0.0
15,1.0,0.05,1.5,0.43146036341868493,0.43442132976875136,0.43146036341868493,0.9931841137919204,0.0
15,1.0,0.05,1.75,0.4088852662507225,0.41374229585226385,0.4088852662507225,0.9882607370572631,0.020216775062906964
15,1.0,0.05,2.0,0.3904237219471829,0.39763913291160036,0.3904237219471829,0.9818543740612634,0.017346243910452957
15,1.0,0.05,2.25,0.3745809697780591,0.3843384107567108,0.3745809697780591,0.9746123710106397,0.011745322384753525
15,1.0,0.05,2.5,0.3604597863921922,0.37278868786637653,0.3604597863921922,0.966927908824842,0.007473604674674676
15,1.0,0.05,2.75,0.34751962767287364,0.36236567724271257,0.34751962767287364,0.9590301993201883,0.004651285416161813
15,1.0,0.05,3.0,0.3354329230015274,0.3526978342525214,0.3354329230015274,0.9510490012291007,0.0028684512845081806
15,1.0,0.05,3.25,0.32399933240445233,0.34356318077646725,0.32399933240445233,0.9430560389859013,0.001761718063878123
15,1.0,0.05,3.5,0.3130945854754713,0.33482826961291495,0.3130945854754713,0.9350900562770004,0.0010798767050898329
15,1.0,0.05,3.75,0.3026399525238263,0.3264120772092494,0.3026399525238263,0.9271714303935397,0.0006612859732062383
15,1.0,0.05,4.0,0.29258402541511397,0.3182646429119871,0.29258402541511397,0.9193104918538663,0.00040475124644882946
15,1.0,0.05,4.25,0.28289184274293966,0.31035443163131643,0.28289184274293966,0.911512174180903,0.0002476702578222218
15,1.0,0.05,4.5,0.2735383969106903,0.3026608569195774,0.2735383969106903,0.9037785714833106,0.00015153018856981241
15,1.0,0.05,4.75,0.2645047556902466,0.29516985675085405,0.2645047556902466,0.8961103230588646,9.270258251659649e-05
15,1.0,0.05,5.0,0.25577574377334567,0.28787127517209743,0.25577574377334567,0.8885073497535864,5.6710913599553564e-05
15,1.0,0.05,5.25,0.24733855518824435,0.28075731225631134,0.24733855518824435,0.880969237098416,3.4692179715868746e-05
15,1.0,0.05,5.5,0.2391819212292952,0.27382160604391353,0.2391819212292952,0.8734954289579945,2.1222230873491255e-05
15,1.0,0.05,5.75,0.23129560995342527,0.26705868836774593,0.23129560995342527,0.8660853214216566,1.2982173203541523e-05
15,1.0,0.05,6.0,0.22367012362914926,0.2604636618779376,0.22367012362914926,0.8587383054376656,7.941490548691881e-06
15,1.0,0.05,6.25,0.21629651441720513,0.25403200794503455,0.21629651441720513,0.8514537839814488,4.8579793095738565e-06
15,1.0,0.05,6.5,0.20916627071575064,0.24775947201052764,0.20916627071575064,0.8442311771913321,2.9717258072769844e-06
15,1.0,0.05,6.75,0.20227124578670513,0.24164199477682924,0.20227124578670513,0.8370699222770225,1.817864418133084e-06
15,1.0,0.05,7.0,0.19560361172522764,0.23567567053822797,0.19560361172522764,0.8299694715136053,1.112023736803885e-06
15,1.0,0.05,7.25,0.18915582866296943,0.22985672159103818,0.18915582866296943,0.8229292898361097,6.802468192242192e-07
15,1.0,0.05,7.5,0.18292062316994606,0.2241814821786999,0.18292062316994606,0.8159488526538338,4.161203167278742e-07
15,1.0,0.05,7.75,0.17689097225073686,0.2186463880999727,0.17689097225073686,0.8090276440782374,2.5454893562972576e-07
15,1.0,0.05,8.0,0.17106009078112866,0.21324796968924709,0.17106009078112866,0.8021651555717216,1.5571255461925997e-07
15,1.0,0.05,8.25,0.16542142109677502,0.20798284681318868,0.16542142109677502,0.7953608849548898,9.525240769435836e-08
15,1.0,0.05,8.5,0.15996862396189784,0.20284772508116167,0.15996862396189784,0.7886143356938935,5.826775527079884e-08
15,1.0,0.05,8.75,0.1546955704542905,0.19783939279415833,0.1546955704542905,0.7819250163957148,3.5643521822510166e-08
15,1.0,0.05,9.0,0.14959633448688453,0.19295471835057776,0.14959633448688453,0.775292440452709,2.1803837045096347e-08
15,1.0,0.05,9.25,0.14466518579602036,0.18819064794174561,0.14466518579602036,0.7687161257917633,1.3337832067243568e-08
15,1.0,0.05,9.5,0.13989658329221588,0.18354420343783914,0.13989658329221588,0.7621955946955014,8.159011808288088e-09
15,1.0,0.05,9.75,0.13528516870849133,0.179012480404986,0.13528516870849133,0.7557303736724452,4.991026523506682e-09
15,1.0,0.05,10.0,0.13082576050482608,0.1745926462180406,0.13082576050482608,0.7493199933601092,3.0531081860593827e-09
15,1.0,0.05,10.25,0.12651334800144134,0.17028193824759316,0.12651334800144134,0.7429639884500759,1.8676457735272076e-09
15,1.0,0.05,10.5,0.12234308572211243,0.1660776621080906,0.12234308572211243,0.7366618976276665,1.1424753143397141e-09
15,1.0,0.05,10.75,0.11831028793387302,0.16197718995888277,0.11831028793387302,0.7304132635212748,6.988744130186678e-10
15,1.0,0.05,11.0,0.11441042337263192,0.15797795885293675,0.11441042337263192,0.7242176326580958,4.275150972656123e-10
15,1.0,0.05,11.25,0.11063911014618419,0.15407746912970655,0.11063911014618419,0.7180745554240978,2.6151931588399183e-10
15,1.0,0.05,11.5,0.1069921108073435,0.15027328284968425,0.1069921108073435,0.7119835860268379,1.5997646168749177e-10
15,1.0,0.05,11.75,0.10346532759073696,0.1465630222687873,0.10346532759073696,0.7059442824601971,9.786071903378003e-11
15,1.0,0.05,12.0,0.10005479780736025,0.142944368351113,0.10005479780736025,0.6999562064704539,5.986330881866234e-11
15,1.0,0.05,12.25,0.09675668939139012,0.1394150593188286,0.09675668939139012,0.6940189235232976,3.6619552544478156e-11
15,1.0,0.05,12.5,0.09356729659405442,0.13597288923810927,0.09356729659405442,0.6881320027715512,2.2400893886693385e-11
15,1.0,0.05,12.75,0.09048303581960479,0.13261570664013436,0.09048303581960479,0.6822950170234309,1.3703063310574053e-11
15,1.0,0.05,13.0,0.08750044159864323,0.12934141317621792,0.08750044159864323,0.6765075427112466,8.382430854909582e-12
15,1.0,0.05,13.25,0.08461616269423683,0.1261479623061939,0.08461616269423683,0.6707691598604771,5.1276963000725e-12
15,1.0,0.05,13.5,0.08182695833642047,0.12303335801921612,0.08182695833642047,0.6650794520591742,3.1367117487603306e-12
15,1.0,0.05,13.75,0.07912969458084206,0.11999565358615885,0.07912969458084206,0.6594380064276715,1.9187877009543972e-12
15,1.0,0.05,14.0,0.07652134078744967,0.11703295034283191,0.07652134078744967,0.6538444135885743,1.1737598275609547e-12
15,1.0,0.05,14.25,0.0739989662152592,0.11414339650324404,0.0739989662152592,0.6482982676370252,7.180117592532666e-13
15,1.0,0.05,14.5,0.07155973672937278,0.11132518600217058,0.07155973672937278,0.6427991661112297,4.3922178483244324e-13
15,1.0,0.05,14.75,0.06920091161654669,0.10857655736630091,0.06920091161654669,0.6373467099632383,2.6868052477583867e-13
15,1.0,0.05,15.0,0.06691984050572905,0.10589579261325796,0.06691984050572905,0.6319405035299845,1.6435711270869185e-13
15,1.0,0.05,15.25,0.06471396039010689,0.10328121617780232,0.06471396039010689,0.6265801545045663,1.0054044862564695e-13
15,1.0,0.05,15.5,0.06258079274731618,0.10073119386454873,0.06258079274731618,0.6212652739077762,6.150255162831059e-14
15,1.0,0.05,15.75,0.06051794075457857,0.09824413182654025,0.06051794075457857,0.6159954760598729,3.7622309314304136e-14
15,1.0,0.05,16.0,0.058523086595636015,0.09581847556904188,0.058523086595636015,0.6107703785525922,2.3014299743128443e-14
30,0.0,0.0,1.0,0.07736873006515262,0.0841796921826272,0.07736873006515262,0.9190901993001084,0.0
30,0.0,0.0,1.25,0.04852486484042775,0.05105756423393529,0.04852486484042775,0.9503952170161657,0.0
30,0.0,0.0,1.5,0.030434291810126763,0.030967978118128923,0.030434291810126763,0.9827665110726187,0.0
30,0.0,0.0,1.75,0.01908807208489658,0.01878302819795513,0.01878302819795513,1.0162403997761478,0.018499971741050912
30,0.0,0.0,2.0,0.011971840783788901,0.011392482484306722,0.011392482484306722,1.0508544384667917,0.022670432634840455
30,0.0,0.0,2.25,0.007508614338574143,0.006909889916971177,0.006909889916971177,1.0866474616523856,0.016746724269927703
30,0.0,0.0,2.5,0.004709325015563563,0.004191060089882202,0.004191060089882202,1.1236596265781356,0.011150755089771003
30,0.0,0.0,2.75,0.002953639793201077,0.0025420064412115403,0.0025420064412115403,1.1619324582802193,0.007174277898919883
30,0.0,0.0,3.0,0.0018524922359678979,0.0015418048437817993,0.0015418048437817993,1.2015088961739362,0.004553252070514411
30,0.0,0.0,3.25,0.0011618639118489542,0.0009351519090471084,0.0009351519090471084,1.2424333422287064,0.0028724020842040175
30,0.0,0.0,3.5,0.0007287089918364162,0.0005671983043258712,0.0005671983043258712,1.2847517107839457,0.0018068873063832828
30,0.0,0.0,3.75,0.00045703871973973444,0.0003440231617106577,0.0003440231617106577,1.3285114800617086,0.0011350223621678682
30,0.0,0.0,4.0,0.0002866499435047825,0.0002086605952287912,0.0002086605952287912,1.3737617454339086,0.0007124662176538401
30,0.0,0.0,4.25,0.0001797838707365681,0.0001265590484801495,0.0001265590484801495,1.4205532745038518,0.0004470535432223508
30,0.0,0.0,4.5,0.00011275857857088243,7.676194316726824e-05,7.676194316726824e-05,1.4689385640639094,0.0002804572463825829
30,0.0,0.0,4.75,7.072101067373294e-05,4.6558472030066866e-05,4.6558472030066866e-05,1.5189718989932104,0.0001759243054036255
30,0.0,0.0,5.0,4.435548420442551e-05,2.823914075560865e-05,2.823914075560865e-05,1.570709413161445,0.0001103465122688257
30,0.0,0.0,5.25,2.7819299530171664e-05,1.712790467221723e-05,1.712790467221723e-05,1.6242091524071065,6.921124677637119e-05
30,0.0,0.0,5.5,1.74479760559618e-05,1.0388599320335013e-05,1.0388599320335013e-05,1.679531139660812,4.340966927601282e-05
30,0.0,0.0,5.75,1.0943189569501635e-05,6.30100399925301e-06,6.30100399925301e-06,1.7367374422868103,2.7226487099035396e-05
30,0.0,0.0,6.0,6.863454968642684e-06,3.82175211251887e-06,3.82175211251887e-06,1.795892241718175,1.7076312093282848e-05
30,0.0,0.0,6.25,4.3046877519029555e-06,2.3180098300642203e-06,2.3180098300642203e-06,1.8570619054638324,1.0710137210090263e-05
30,0.0,0.0,6.5,2.6998554993139085e-06,1.4059440314492209e-06,1.4059440314492209e-06,1.920315061568239,6.717305656318136e-06
30,0.0,0.0,6.75,1.6933213597091307e-06,8.527481609139353e-07,8.527481609139353e-07,1.9857226756071906,4.213031248856405e-06
30,0.0,0.0,7.0,1.0620335895664922e-06,5.172179046078641e-07,5.172179046078641e-07,2.053358130306196,2.642371991558504e-06
30,0.0,0.0,7.25,6.660964493834965e-07,3.137085168969937e-07,3.137085168969937e-07,2.123297307870699,1.6572692175831858e-06
30,0.0,0.0,7.5,4.1776878268267106e-07,1.9027383371100541e-07,1.9027383371100541e-07,2.195618675120579,1.0394223976036308e-06
30,0.0,0.0,7.75,2.620202463857862e-07,1.1540691388678803e-07,1.1540691388678803e-07,2.2704033715243703,6.51915068805976e-07
30,0.0,0.0,8.0,1.6433638022258996e-07,6.999783161515262e-08,6.999783161515262e-08,2.347735300232009,4.088744138735276e-07
30,0.0,0.0,8.25,1.0307007277941663e-07,4.2455830987992344e-08,4.2455830987992344e-08,2.427701222208267,2.564418075506558e-07
30,0.0,0.0,8.5,6.464448035404605e-08,2.5750763177795062e-08,2.5750763177795062e-08,2.5103908535724146,1.6083764756169205e-07
30,0.0,0.0,8.75,4.054434742845333e-08,1.5618627378331828e-08,1.5618627378331828e-08,2.595896966253364,1.0087570629142911e-07
30,0.0,0.0,9.0,2.542899408265173e-08,9.473176367585402e-09,9.473176367585402e-09,2.6843154920732544,6.326819732762554e-08
30,0.0,0.0,9.25,1.594880127733263e-08,5.745771911805702e-09,5.745771911805702e-09,2.775745630376139,3.968115731602312e-08
30,0.0,0.0,9.5,1.0002922701428495e-08,3.4849868282258317e-09,3.4849868282258317e-09,2.870289959322708,2.4887610319800723e-08
30,0.0,0.0,9.75,6.273729343719549e-09,2.1137513600136513e-09,2.1137513600136513e-09,2.968054550975679,1.5609251042786213e-08
30,0.0,0.0,10.0,3.934817958018081e-09,1.282055006857556e-09,1.282055006857556e-09,3.069149090305189,9.789960333749023e-09
30,0.0,0.0,10.25,2.4678770017774224e-09,7.776056690971982e-10,7.776056690971982e-10,3.173686998247624,6.1401615623478165e-09
30,0.0,0.0,10.5,1.547826852698819e-09,4.716416794738074e-10,4.716416794738074e-10,3.2817855589558373,3.851045633577856e-09
30,0.0,0.0,10.75,9.707809441921274e-10,2.860651389992228e-10,2.860651389992228e-10,3.39356605138372,2.415335869856988e-09
30,0.0,0.0,11.0,6.088637368988327e-10,1.7350727747798477e-10,1.7350727747798477e-10,3.5091538853526623,1.5148736001716682e-09
30,0.0,0.0,11.25,3.8187301916903163e-10,1.0523748347366506e-10,1.0523748347366506e-10,3.628678742252447,9.50113006201667e-10
30,0.0,0.0,11.5,2.395067959080988e-10,6.382976027777942e-11,6.382976027777942e-11,3.7522747205346554,5.959010206555609e-10
30,0.0,0.0,11.75,1.502161776471896e-10,3.8714706610580794e-11,3.8714706610580794e-11,3.880080486161692,3.7374293803941146e-10
30,0.0,0.0,12.0,9.42140282131719e-11,2.348165654109662e-11,2.348165654109662e-11,4.012239428180139,2.3440769337508133e-10
30,0.0,0.0,12.25,5.909006107850718e-11,1.4242344633016808e-11,1.4242344633016808e-11,4.1488998195931694,1.4701807344121278e-10
30,0.0,0.0,12.5,3.706067328276664e-11,8.638418686118368e-12,8.638418686118368e-12,4.29021498371245,9.220821043461217e-11
30,0.0,0.0,12.75,2.3244069799608798e-11,5.2394657845653135e-12,5.2394657845653135e-12,4.436343466175954,5.783203297735661e-11
30,0.0,0.0,13.0,1.4578439434351108e-11,3.17789663885417e-12,3.17789663885417e-12,4.5874492128251045,3.6271651109179463e-11
30,0.0,0.0,13.25,9.143445970232819e-12,1.9274917448627804e-12,1.9274917448627804e-12,4.743701753640324,2.2749203278039102e-11
30,0.0,0.0,13.5,5.734674454494359e-12,1.169082839602277e-12,1.169082839602277e-12,4.905276392941753,1.4268064285998904e-11
30,0.0,0.0,13.75,3.596728323883003e-12,7.090845859626879e-13,7.090845859626879e-13,5.072354406068365,8.9487818971584e-12
30,0.0,0.0,14.0,2.255830690734977e-12,4.300815417160086e-13,4.300815417160086e-13,5.245123242756014,5.612583167393442e-12
30,0.0,0.0,14.25,1.4148336062724977e-12,2.608576412272372e-13,2.608576412272372e-13,5.423776737442833,3.520153935241738e-12
30,0.0,0.0,14.5,8.873689597626019e-13,1.582181572246376e-13,1.582181572246376e-13,5.6085153267378685,2.2078040285951477e-12
30,0.0,0.0,14.75,5.565486056163865e-13,9.59641632799766e-14,9.59641632799766e-14,5.79954627429668,1.3847117820277643e-12
30,0.0,0.0,15.0,3.4906151156832164e-13,5.820520726297509e-14,5.820520726297509e-14,5.997083903356584,8.68476864093097e-13
30,0.0,0.0,15.25,2.1892775874160687e-13,3.530324275992284e-14,3.530324275992284e-14,6.201349837192275,5.44699679207208e-13
30,0.0,0.0,15.5,1.3730921903213622e-13,2.141249912117125e-14,2.141249912117125e-14,6.412573247761352,3.4162998785034555e-13
30,0.0,0.0,15.75,8.611891767214239e-14,1.2987337218060181e-14,1.2987337218060181e-14,6.630991112819145,2.1426678416351327e-13
30,0.0,0.0,16.0,5.401289172932732e-14,7.87721821078048e-15,7.87721821078048e-15,6.856848481791098,1.343859041317092e-13
30,0.0,0.05,1.0,0.0700061219488738,0.07616893532559024,0.0700061219488738,0.9190901993001084,0.0
30,0.0,0.05,1.25,0.042823042920013626,0.04505814228996191,0.042823042920013626,0.9503952170161658,0.0
30,0.0,0.05,1.5,0.026195037717823905,0.026654385780030217,0.026195037717823905,0.9827665110726183,0.0
30,0.0,0.05,1.75,0.016023616124615152,0.01576754489207943,0.01576754489207943,1.0162403997761476,0.018499971741050912
30,0.0,0.05,2.0,0.009801714220641182,0.00932737576380416,0.00932737576380416,1.0508544384667917,0.022670432634840455
30,0.0,0.05,2.25,0.0059957503297606626,0.00551765916854337,0.00551765916854337,1.0866474616523851,0.016746724269927703
30,0.0,0.05,2.5,0.003667626009858659,0.0032640008798995716,0.0032640008798995716,1.1236596265781356,0.011150755089771003
30,0.0,0.05,2.75,0.002243502448963498,0.0019308372298025957,0.0019308372298025957,1.1619324582802188,0.007174277898919883
30,0.0,0.05,3.0,0.0013723600020764343,0.0011421971210088867,0.0011421971210088867,1.2015088961739353,0.004553252070514411
30,0.0,0.05,3.25,0.0008394784575204505,0.000675672834097139,0.000675672834097139,1.2424333422287062,0.0028724020842040175
30,0.0,0.05,3.5,0.0005135125474180534,0.00039969788956709167,0.00039969788956709167,1.2847517107839452,0.0018068873063832828
30,0.0,0.05,3.75,0.00031411781206947133,0.00023644343069950796,0.00023644343069950796,1.3285114800617086,0.0011350223621678682
30,0.0,0.05,4.0,0.00019214720332623913,0.00013986937979958722,0.00013986937979958722,1.373761745433908,0.0007124662176538401
30,0.0,0.05,4.25,0.00011753726254125817,8.274048193110526e-05,8.274048193110526e-05,1.4205532745038494,0.0004470535432223508
30,0.0,0.05,4.5,7.189804403365017e-05,4.894557593664086e-05,4.894557593664086e-05,1.4689385640639077,0.0002804572463825829
30,0.0,0.05,4.75,4.398033971609771e-05,2.8954018007343186e-05,2.8954018007343186e-05,1.518971898993211,0.0001759243054036255
30,0.0,0.05,5.0,2.6902961096383493e-05,1.712790467221723e-05,1.712790467221723e-05,1.5707094131614447,0.0001103465122688257
30,0.0,0.05,5.25,1.6456655870000233e-05,1.0132103889213539e-05,1.0132103889213539e-05,1.624209152407103,6.921124677637119e-05
30,0.0,0.05,5.5,1.0066606477010427e-05,5.993700407986138e-06,5.993700407986138e-06,1.679531139660811,4.340966927601282e-05
30,0.0,0.05,5.75,6.157786051036068e-06,3.545605628751768e-06,3.545605628751768e-06,1.7367374422868116,2.7226487099035396e-05
30,0.0,0.05,6.0,3.7667439505984612e-06,2.0974220296172827e-06,2.0974220296172827e-06,1.7958922417181726,1.7076312093282848e-05
30,0.0,0.05,6.25,2.3041333154117723e-06,1.2407412529612365e-06,1.2407412529612365e-06,1.8570619054638289,1.0710137210090263e-05
30,0.0,0.05,6.5,1.4094481612818296e-06,7.339671439804229e-07,7.339671439804229e-07,1.920315061568238,6.717305656318136e-06
30,0.0,0.05,6.75,8.621654424478101e-07,4.341822012906097e-07,4.341822012906097e-07,1.9857226756071926,4.213031248856405e-06
30,0.0,0.05,7.0,5.273902727115571e-07,2.5684281028605244e-07,2.5684281028605244e-07,2.053358130306194,2.642371991558504e-06
30,0.0,0.05,7.25,3.226068757303589e-07,1.519367422237625e-07,1.519367422237625e-07,2.1232973078706965,1.6572692175831858e-06
30,0.0,0.05,7.5,1.9733999971862343e-07,8.98789949068847e-08,8.98789949068847e-08,2.1956186751205786,1.0394223976036308e-06
30,0.0,0.05,7.75,1.2071371820821228e-07,5.31684015810653e-08,5.31684015810653e-08,2.2704033715243694,6.51915068805976e-07
30,0.0,0.05,8.0,7.384109549219017e-08,3.145205317008823e-08,3.145205317008823e-08,2.347735300232008,4.088744138735276e-07
30,0.0,0.05,8.25,4.516891256784936e-08,1.860563077311598e-08,1.860563077311598e-08,2.4277012222082646,2.564418075506558e-07
30,0.0,0.05,8.5,2.76300161713853e-08,1.1006260691265052e-08,1.1006260691265052e-08,2.5103908535724067,1.6083764756169205e-07
30,0.0,0.05,8.75,1.6901398555572194e-08,6.510812553537452e-09,6.510812553537452e-09,2.5958969662533646,1.0087570629142911e-07
30,0.0,0.05,9.0,1.0338657471729401e-08,3.8515060924318815e-09,3.8515060924318815e-09,2.6843154920732486,6.326819732762554e-08
30,0.0,0.05,9.25,6.324200803045763e-09,2.2783790898695495e-09,2.2783790898695495e-09,2.7757456303761376,3.968115731602312e-08
30,0.0,0.05,9.5,3.868540563086723e-09,1.3477873726735141e-09,1.3477873726735141e-09,2.8702899593227102,2.4887610319800723e-08
30,0.0,0.05,9.75,2.366402736775813e-09,7.972908503308729e-10,7.972908503308729e-10,2.9680545509756753,1.5609251042786213e-08
30,0.0,0.05,10.0,1.4475386315070474e-09,4.716416794738074e-10,4.716416794738074e-10,3.0691490903051886,9.789960333749023e-09
30,0.0,0.05,10.25,8.854655452943746e-10,2.790021655517047e-10,2.790021655517047e-10,3.173686998247618,6.1401615623478165e-09
30,0.0,0.05,10.5,5.416430448472262e-10,1.6504522770206916e-10,1.6504522770206916e-10,3.281785558955823,3.851045633577856e-09
30,0.0,0.05,10.75,3.3132535714175256e-10,9.76333898103015e-11,9.76333898103015e-11,3.3935660513837216,2.415335869856988e-09
30,0.0,0.05,11.0,2.0267313192597652e-10,5.775555548360018e-11,5.775555548360018e-11,3.509153885352657,1.5148736001716682e-09
30,0.0,0.05,11.25,1.2397601789080806e-10,3.416560866830892e-11,3.416560866830892e-11,3.628678742252434,9.50113006201667e-10
30,0.0,0.05,11.5,7.583665810066875e-11,2.021084908459549e-11,2.021084908459549e-11,3.752274720534661,5.959010206555609e-10
30,0.0,0.05,11.75,4.63896067136394e-11,1.1955836194400598e-11,1.1955836194400598e-11,3.8800804861616895,3.7374293803941146e-10
30,0.0,0.05,12.0,2.8376719978740204e-11,7.0725390362886e-12,7.0725390362886e-12,4.012239428180128,2.3440769337508133e-10
30,0.0,0.05,12.25,1.735816045439934e-11,4.183798406610226e-12,4.183798406610226e-12,4.148899819593165,1.4701807344121278e-10
30,0.0,0.05,12.5,1.0618060670380893e-11,2.4749483908596134e-12,2.4749483908596134e-12,4.290214983712435,9.220821043461217e-11
30,0.0,0.05,12.75,6.495112929510669e-12,1.4640689971440209e-12,1.4640689971440209e-12,4.436343466175961,5.783203297735661e-11
30,0.0,0.05,13.0,3.973088238681461e-12,8.660778690636889e-13,8.660778690636889e-13,4.587449212825101,3.6271651109179463e-11
30,0.0,0.05,13.25,2.430354995157598e-12,5.123330094040053e-13,5.123330094040053e-13,4.743701753640312,2.2749203278039102e-11
30,0.0,0.05,13.5,1.4866585003024563e-12,3.030733400551333e-13,3.030733400551333e-13,4.905276392941762,1.4268064285998904e-11
30,0.0,0.05,13.75,9.093953356300618e-13,1.79284660106182e-13,1.79284660106182e-13,5.072354406068366,8.9487818971584e-12
30,0.0,0.05,14.0,5.562809995015412e-13,1.0605680243449308e-13,1.0605680243449308e-13,5.245123242756004,5.612583167393442e-12
30,0.0,0.05,14.25,3.402794563401148e-13,6.273847040771588e-14,6.273847040771588e-14,5.4237767374428305,3.520153935241738e-12
30,0.0,0.05,14.5,2.0815039253700648e-13,3.7113278721853005e-14,3.7113278721853005e-14,5.608515326737855,2.2078040285951477e-12
30,0.0,0.05,14.75,1.2732648153171024e-13,2.1954559117152922e-14,2.1954559117152922e-14,5.799546274296671,1.3847117820277643e-12
30,0.0,0.05,15.0,7.78861509778926e-14,1.2987337218060181e-14,1.2987337218060181e-14,5.997083903356584,8.68476864093097e-13
30,0.0,0.05,15.25,4.764329023448511e-14,7.682729000184287e-15,7.682729000184287e-15,6.2013498371922635,5.44699679207208e-13
30,0.0,0.05,15.5,2.914360352730336e-14,4.544759553035513e-15,4.544759553035513e-15,6.412573247761349,3.4162998785034555e-13
30,0.0,0.05,15.75,1.7827266386859873e-14,2.6884768933554865e-15,2.6884768933554865e-15,6.630991112819151,2.1426678416351327e-13
30,0.0,0.05,16.0,1.0905014766973492e-14,1.590382928240668e-15,1.590382928240668e-15,6.856848481791089,1.343859041317092e-13
30,1e-06,0.0,1.0,0.07736916737129401,0.08418013921817692,0.07736916737129401,0.9190905133902152,0.0
30,1e-06,0.0,1.25,0.04852528774216531,0.051057993519390145,0.04852528774216531,0.9503955090545617,0.0
30,1e-06,0.0,1.5,0.03043470078192639,0.03096839663760703,0.03043470078192639,0.982766435669048,0.0
30,1e-06,0.0,1.75,0.01908846758559576,0.018783440187538254,0.018783440187538254,1.0162391657232137,0.018499971741050912
30,1e-06,0.0,2.0,0.0119722232571115,0.011392890513308333,0.011392890513308333,1.0508503740228552,0.022670432634840455
30,1e-06,0.0,2.25,0.007508984213628225,0.00691029554375867,0.00691029554375867,1.0866372018502575,0.016746724269927703
30,1e-06,0.0,2.5,0.0047096827073228285,0.004191464259653182,0.004191464259653182,1.1236366137385425,0.011150755089771003
30,1e-06,0.0,2.75,0.0029539857029704294,0.0025424097272573336,0.0025424097272573336,1.1618842043045083,0.007174277898919883
30,1e-06,0.0,3.0,0.0018528267518336783,0.0015422075938211716,0.0015422075938211716,1.201412027315257,0.004553252070514411
30,1e-06,0.0,3.25,0.0011621874091143492,0.0009355543339821528,0.0009355543339821528,1.2422446958986775,0.0028724020842040175
30,1e-06,0.0,3.5,0.0007290218334425203,0.0005676005320751732,0.0005676005320751732,1.284392441947127,0.0018068873063832828
30,1e-06,0.0,3.75,0.00045734125667274463,0.00034442526986076116,0.00034442526986076116,1.3278388570549176,0.0011350223621678682
30,1e-06,0.0,4.0,0.00028694251518978,0.00020906263083831386,0.00020906263083831386,1.372519393060242,0.0007124662176538401
30,1e-06,0.0,4.25,0.00018006680541832935,0.00012696104009158585,0.00012696104009158585,1.418283949851345,0.0004470535432223508
30,1e-06,0.0,4.5,0.00011303219368214667,7.716390809251628e-05,7.716390809251628e-05,1.4648324129284096,0.0002804572463825829
30,1e-06,0.0,4.75,7.098561319133915e-05,4.6960420769323515e-05,4.6960420769323515e-05,1.511605135312371,0.0001759243054036255
30,1e-06,0.0,5.0,4.4611370993718836e-05,2.864107967756526e-05,2.864107967756526e-05,1.5576008829256254,0.0001103465122688257
30,1e-06,0.0,5.25,2.806675767806538e-05,1.7529837639680363e-05,1.7529837639680363e-05,1.601084861991748,6.921124677637119e-05
30,1e-06,0.0,5.5,1.768728319302855e-05,1.0790528676215293e-05,1.0790528676215293e-05,1.6391488984237839,4.340966927601282e-05
30,1e-06,0.0,5.75,1.1174614181455333e-05,6.70293116459756e-06,6.70293116459756e-06,1.6671235176150356,2.7226487099035396e-05
30,1e-06,0.0,6.0,7.087256697560536e-06,4.2236779492363386e-06,4.2236779492363386e-06,1.6779822663425241,1.7076312093282848e-05
30,1e-06,0.0,6.25,4.521117687525536e-06,2.7199348609286287e-06,2.7199348609286287e-06,1.66221542746136,1.0710137210090263e-05
30,1e-06,0.0,6.5,2.909156460750127e-06,1.8078685735390407e-06,1.8078685735390407e-06,1.60916368774265,6.717305656318136e-06
30,1e-06,0.0,6.75,1.8957281678621293e-06,1.2546724065469816e-06,1.2546724065469816e-06,1.5109347730691034,4.213031248856405e-06
30,1e-06,0.0,7.0,1.257773330586121e-06,9.19141970430788e-07,9.19141970430788e-07,1.3684211700142705,2.642371991558504e-06
30,1e-06,0.0,7.25,8.553887294409435e-07,7.156324736595654e-07,7.156324736595654e-07,1.1952905449730356,1.6572692175831858e-06
30,1e-06,0.0,7.5,6.008259743530828e-07,5.921977243251297e-07,5.921977243251297e-07,1.0145698804192231,1.0394223976036308e-06
30,1e-06,0.0,7.75,4.390477269153048e-07,5.173307643798509e-07,4.390477269153048e-07,0.8486789441985193,6.51915068805976e-07
30,1e-06,0.0,8.0,3.3553276194712445e-07,4.719216577735616e-07,3.3553276194712445e-07,0.7109925056843237,4.088744138735276e-07
30,1e-06,0.0,8.25,2.6862742595366293e-07,4.443796423866877e-07,2.6862742595366293e-07,0.6044998472722796,2.564418075506558e-07
30,1e-06,0.0,8.5,2.247485486407536e-07,4.2767456562427155e-07,2.247485486407536e-07,0.5255130108396575,1.6083764756169205e-07
30,1e-06,0.0,8.75,1.953747562897021e-07,4.175424243950131e-07,1.953747562897021e-07,0.4679159406922186,1.0087570629142911e-07
30,1e-06,0.0,9.0,1.7515945230694e-07,4.113969700909294e-07,1.7515945230694e-07,0.42576748260500125,6.326819732762554e-08
30,1e-06,0.0,9.25,1.6074729586857476e-07,4.076695636376397e-07,1.6074729586857476e-07,0.39430781742503657,3.968115731602312e-08
30,1e-06,0.0,9.5,1.5003190734851415e-07,4.0540877734250877e-07,1.5003190734851415e-07,0.37007562670938426,2.4887610319800723e-08
30,1e-06,0.0,9.75,1.4169030668208455e-07,4.040375411394537e-07,1.4169030668208455e-07,0.3506859938868406,1.5609251042786213e-08
30,1e-06,0.0,10.0,1.3489091582771032e-07,4.032058443405929e-07,1.3489091582771032e-07,0.33454603330046556,9.789960333749023e-09
30,1e-06,0.0,10.25,1.2911041889976832e-07,4.027013947324989e-07,1.2911041889976832e-07,0.32061080639050693,6.1401615623478165e-09
30,1e-06,0.0,10.5,1.240188967706748e-07,4.023954305789099e-07,1.240188967706748e-07,0.3082015533632026,3.851045633577856e-09
30,1e-06,0.0,10.75,1.1940778277676279e-07,4.022098539389852e-07,1.1940778277676279e-07,0.2968793071759918,2.415335869856988e-09
30,1e-06,0.0,11.0,1.1514467543906684e-07,4.0209729601714434e-07,1.1514467543906684e-07,0.28636023315649795,1.5148736001716682e-09
30,1e-06,0.0,11.25,1.1114499568601502e-07,4.0202902618655437e-07,1.1114499568601502e-07,0.276460127121369,9.50113006201667e-10
30,1e-06,0.0,11.5,1.073542088317478e-07,4.0198761844116817e-07,1.073542088317478e-07,0.26705849610007165,5.959010206555609e-10
30,1e-06,0.0,11.75,1.0373667271640845e-07,4.019625033740418e-07,1.0373667271640845e-07,0.25807549670840174,3.7374293803941146e-10
30,1e-06,0.0,12.0,1.0026864176145237e-07,4.01947270315809e-07,1.0026864176145237e-07,0.24945720288800952,2.3440769337508133e-10
30,1e-06,0.0,12.25,9.693387762490424e-08,4.019380309989496e-07,9.693387762490424e-08,0.24116622501232673,1.4701807344121278e-10
30,1e-06,0.0,12.5,9.372089474047145e-08,4.0193242706999956e-07,9.372089474047145e-08,0.2331757490274584,9.220821043461217e-11
30,1e-06,0.0,12.75,9.062123128856959e-08,4.019290281152765e-07,9.062123128856959e-08,0.22546575377625794,5.783203297735661e-11
30,1e-06,0.0,13.0,8.762836335568528e-08,4.01926966545026e-07,8.762836335568528e-08,0.218020612324027,3.6271651109179463e-11
30,1e-06,0.0,13.25,8.47370225412879e-08,4.019257161394619e-07,8.47370225412879e-08,0.21082757121190396,2.2749203278039102e-11
30,1e-06,0.0,13.5,8.194276664782395e-08,4.019249577301502e-07,8.194276664782395e-08,0.20387578594420053,1.4268064285998904e-11
30,1e-06,0.0,13.75,7.92417091452791e-08,4.0192449773165006e-07,7.92417091452791e-08,0.19715570857834552,8.9487818971584e-12
30,1e-06,0.0,14.0,7.66303482595534e-08,4.019242187284563e-07,7.66303482595534e-08,0.19065869805503202,5.612583167393442e-12
30,1e-06,0.0,14.25,7.41054585845257e-08,4.0192404950446515e-07,7.41054585845257e-08,0.18437677137232972,3.520153935241738e-12
30,1e-06,0.0,14.5,7.166402194765367e-08,4.019239468649261e-07,7.166402194765367e-08,0.17830244379974122,2.2078040285951477e-12
30,1e-06,0.0,14.75,6.930318293301631e-08,4.019238846108988e-07,6.930318293301631e-08,0.1724286253853973,1.3847117820277643e-12
30,1e-06,0.0,15.0,6.702021990602734e-08,4.0192384685192257e-07,6.702021990602734e-08,0.1667485530678627,8.68476864093097e-13
30,1e-06,0.0,15.25,6.481252579620312e-08,4.019238239499458e-07,6.481252579620312e-08,0.16125574532818598,5.44699679207208e-13
30,1e-06,0.0,15.5,6.267759503447723e-08,4.019238100591947e-07,6.267759503447723e-08,0.15594397113534075,3.4162998785034555e-13
30,1e-06,0.0,15.75,6.06130143838458e-08,4.0192380163402826e-07,6.06130143838458e-08,0.1508072279805837,2.1426678416351327e-13
30,1e-06,0.0,16.0,5.861645624403678e-08,4.0192379652390655e-07,5.861645624403678e-08,0.14583972571663908,1.343859041317092e-13
30,1e-06,0.05,1.0,0.07000651763983368,0.07616933982008282,0.07000651763983368,0.9190905133902151,0.0
30,1e-06,0.05,1.25,0.042823416129487125,0.04505852113304615,0.042823416129487125,0.9503955090545618,0.0
30,1e-06,0.05,1.5,0.026195389723113978,0.02665474600308331,0.026195389723113978,0.9827664356690475,0.0
30,1e-06,0.05,1.75,0.016023948130453797,0.015767890739627463,0.015767890739627463,1.0162391657232135,0.018499971741050912
30,1e-06,0.05,2.0,0.009802027363312624,0.009327709829695927,0.009327709829695927,1.050850374022855,0.022670432634840455
30,1e-06,0.05,2.25,0.005996045680990262,0.005517983068111947,0.005517983068111947,1.0866372018502568,0.016746724269927703
30,1e-06,0.05,2.5,0.003667904580480873,0.0032643156476337047,0.0032643156476337047,1.1236366137385425,0.011150755089771003
30,1e-06,0.05,2.75,0.0022437651923814493,0.0019311435546406658,0.0019311435546406658,1.1618842043045081,0.007174277898919883
30,1e-06,0.05,3.0,0.0013726078175249116,0.0011424954855764338,0.0011424954855764338,1.2014120273152564,0.004553252070514411
30,1e-06,0.05,3.25,0.0008397121931435268,0.0006759635971204963,0.0006759635971204963,1.242244695898677,0.0028724020842040175
30,1e-06,0.05,3.5,0.0005137330031718435,0.00039998133467137914,0.00039998133467137914,1.2843924419471264,0.0018068873063832828
30,1e-06,0.05,3.75,0.00031432574245996754,0.00023671979531998853,0.00023671979531998853,1.3278388570549173,0.0011350223621678682
30,1e-06,0.05,4.0,0.00019234331999159538,0.0001401388723278704,0.0001401388723278704,1.3725193930602415,0.0007124662176538401
30,1e-06,0.05,4.25,0.00011772223668735901,8.3003291900538e-05,8.3003291900538e-05,1.4182839498513429,0.0004470535432223508
30,1e-06,0.05,4.5,7.207250873130139e-05,4.9201880088943554e-05,4.9201880088943554e-05,1.464832412928408,0.0002804572463825829
30,1e-06,0.05,4.75,4.414489206770003e-05,2.9203983921751852e-05,2.9203983921751852e-05,1.5116051353123716,0.0001759243054036255
30,1e-06,0.05,5.0,2.705816427950532e-05,1.7371692951715757e-05,1.7371692951715757e-05,1.5576008829256252,0.0001103465122688257
30,1e-06,0.05,5.25,1.6603041064843037e-05,1.0369869492232227e-05,1.0369869492232227e-05,1.6010848619917446,6.921124677637119e-05
30,1e-06,0.05,5.5,1.0204674684363785e-05,6.225593473647617e-06,6.225593473647617e-06,1.639148898423783,4.340966927601282e-05
30,1e-06,0.05,5.75,6.288009806944175e-06,3.771772001596925e-06,3.771772001596925e-06,1.6671235176150372,2.7226487099035396e-05
30,1e-06,0.05,6.0,3.88956894360654e-06,2.3180036056546573e-06,2.3180036056546573e-06,1.6779822663425221,1.7076312093282848e-05
30,1e-06,0.05,6.25,2.4199799119273878e-06,1.455876219139259e-06,1.455876219139259e-06,1.6622154274613572,1.0710137210090263e-05
30,1e-06,0.05,6.5,1.5187128442716278e-06,9.437901537550185e-07,9.437901537550185e-07,1.6091636877426494,6.717305656318136e-06
30,1e-06,0.05,6.75,9.652221683935898e-07,6.388245115525209e-07,6.388245115525209e-07,1.5109347730691047,4.213031248856405e-06
30,1e-06,0.05,7.0,6.245917514698413e-07,4.564323946138076e-07,4.564323946138076e-07,1.3684211700142694,2.642371991558504e-06
30,1e-06,0.05,7.25,4.142857776757597e-07,3.465983893356288e-07,3.465983893356288e-07,1.1952905449730344,1.6572692175831858e-06
30,1e-06,0.05,7.5,2.8381009430242705e-07,2.7973439758053525e-07,2.7973439758053525e-07,1.0145698804192231,1.0394223976036308e-06
30,1e-06,0.05,7.75,2.0227094782888232e-07,2.383362391768824e-07,2.0227094782888232e-07,0.8486789441985193,6.51915068805976e-07
30,1e-06,0.05,8.0,1.507645883530917e-07,2.1204806963187637e-07,1.507645883530917e-07,0.7109925056843236,4.088744138735276e-07
30,1e-06,0.05,8.25,1.1772193798868212e-07,1.947427092329069e-07,1.1772193798868212e-07,0.6044998472722793,2.564418075506558e-07
30,1e-06,0.05,8.5,9.60608856228627e-08,1.8279449536249925e-07,9.60608856228627e-08,0.525513010839657,1.6083764756169205e-07
30,1e-06,0.05,8.75,8.144431550112157e-08,1.7405757833476604e-07,8.144431550112157e-08,0.46791594069221853,1.0087570629142911e-07
30,1e-06,0.05,9.0,7.121451892478225e-08,1.672615261481826e-07,7.121451892478225e-08,0.42576748260500097,6.326819732762554e-08
30,1e-06,0.05,9.25,6.374135334323367e-08,1.6165379058291635e-07,6.374135334323367e-08,0.3943078174250365,3.968115731602312e-08
30,1e-06,0.05,9.5,5.8023493398795266e-08,1.5678820546687984e-07,5.8023493398795266e-08,0.37007562670938426,2.4887610319800723e-08
30,1e-06,0.05,9.75,5.344450025450096e-08,1.5239987107026135e-07,5.344450025450096e-08,0.3506859938868406,1.5609251042786213e-08
30,1e-06,0.05,10.0,4.962359473380213e-08,1.4833114069307689e-07,4.962359473380213e-08,0.3345460333004655,9.789960333749023e-09
30,1e-06,0.05,10.25,4.632436194831865e-08,1.4448783704406748e-07,4.632436194831865e-08,0.32061080639050704,6.1401615623478165e-09
30,1e-06,0.05,10.5,4.339889358317865e-08,1.408133512293979e-07,4.339889358317865e-08,0.3082015533632025,3.851045633577856e-09
30,1e-06,0.05,10.75,4.07536082271778e-08,1.372733203093162e-07,4.07536082271778e-08,0.2968793071759918,2.415335869856988e-09
30,1e-06,0.05,11.0,3.832833289546581e-08,1.3384656267729431e-07,3.832833289546581e-08,0.28636023315649795,1.5148736001716682e-09
30,1e-06,0.05,11.25,3.6083497083997904e-08,1.305197153011395e-07,3.6083497083997904e-08,0.2764601271213689,9.50113006201667e-10
30,1e-06,0.05,11.5,3.399228986372884e-08,1.2728406083359098e-07,3.399228986372884e-08,0.26705849610007165,5.959010206555609e-10
30,1e-06,0.05,11.75,3.2035853424511306e-08,1.2413365016481384e-07,3.2035853424511306e-08,0.25807549670840174,3.7374293803941146e-10
30,1e-06,0.05,12.0,3.020033453484756e-08,1.2106419131303093e-07,3.020033453484756e-08,0.24945720288800954,2.3440769337508133e-10
30,1e-06,0.05,12.25,2.847507297453462e-08,1.1807239165882026e-07,2.847507297453462e-08,0.2411662250123268,1.4701807344121278e-10
30,1e-06,0.05,12.5,2.6851485909174023e-08,1.1515556836921339e-07,2.6851485909174023e-08,0.23317574902745836,9.220821043461217e-11
30,1e-06,0.05,12.75,2.53223784003811e-08,1.1231141748254094e-07,2.53223784003811e-08,0.22546575377625805,5.783203297735661e-11
30,1e-06,0.05,13.0,2.3881514985960868e-08,1.0953787686123753e-07,2.3881514985960868e-08,0.21802061232402695,3.6271651109179463e-11
30,1e-06,0.05,13.25,2.25233513358594e-08,1.0683304468380488e-07,2.25233513358594e-08,0.21082757121190404,2.2749203278039102e-11
30,1e-06,0.05,13.5,2.1242864183827345e-08,1.0419513080205307e-07,2.1242864183827345e-08,0.2038757859442005,1.4268064285998904e-11
30,1e-06,0.05,13.75,2.0035441711169652e-08,1.0162242755049614e-07,2.0035441711169652e-08,0.19715570857834555,8.9487818971584e-12
30,1e-06,0.05,14.0,1.889681122659384e-08,9.911329207303947e-08,1.889681122659384e-08,0.1906586980550321,5.612583167393442e-12
30,1e-06,0.05,14.25,1.782298995951372e-08,9.666613547279254e-08,1.782298995951372e-08,0.18437677137232972,3.520153935241738e-12
30,1e-06,0.05,14.5,1.6810250274221355e-08,9.427941600790191e-08,1.6810250274221355e-08,0.17830244379974122,2.2078040285951477e-12
30,1e-06,0.05,14.75,1.585509397159766e-08,9.195163469035228e-08,1.585509397159766e-08,0.17242862538539735,1.3847117820277643e-12
30,1e-06,0.05,15.0,1.4954232400814863e-08,8.968133231554246e-08,1.4954232400814863e-08,0.1667485530678627,8.68476864093097e-13
30,1e-06,0.05,15.25,1.4104570361874891e-08,8.746708734730299e-08,1.4104570361874891e-08,0.161255745328186,5.44699679207208e-13
30,1e-06,0.05,15.5,1.330319255040092e-08,8.53075143177888e-08,1.330319255040092e-08,0.1559439711353407,3.4162998785034555e-13
30,1e-06,0.05,15.75,1.2547351768227425e-08,8.320126254056523e-08,1.2547351768227425e-08,0.15080722798058377,2.1426678416351327e-13
30,1e-06,0.05,16.0,1.1834458412857102e-08,8.11470150173691e-08,1.1834458412857102e-08,0.14583972571663908,1.343859041317092e-13
30,0.0001,0.0,1.0,0.07741246067929176,0.08422439573759975,0.07741246067929176,0.9191215918066008,0.0
30,0.0001,0.0,1.25,0.04856715501418394,0.051100492779420754,0.04856715501418394,0.9504243965675211,0.0
30,0.0001,0.0,1.5,0.03047518899008948,0.031009830065939187,0.03047518899008948,0.9827589807905155,0.0
30,0.0001,0.0,1.75,0.019127622154814606,0.01882422715626721,0.01882422715626721,1.0161172618683783,0.018499971741050912
30,0.0001,0.0,2.0,0.012010088116048647,0.011433285384467681,0.011433285384467681,1.0504494300793508,0.022670432634840455
30,0.0001,0.0,2.25,0.007545601843982337,0.006950452595720453,0.006950452595720453,1.085627409160136,0.016746724269927703
30,0.0001,0.0,2.5,0.004745094191490142,0.004231477066980173,0.004231477066980173,1.1213801035382938,0.011150755089771003
30,0.0001,0.0,2.75,0.002988230770136309,0.0025823350457908245,0.0025823350457908245,1.1571816658752665,0.007174277898919883
30,0.0001,0.0,3.0,0.0018859438225459551,0.0015820798477190234,0.0015820798477190234,1.1920661433523916,0.004553252070514411
30,0.0001,0.0,3.25,0.0011942136383884644,0.0009753944025515428,0.0009753944025515428,1.2243392367892523,0.0028724020842040175
30,0.0001,0.0,3.5,0.0007599931524468296,0.0006074210792560582,0.0006074210792560582,1.2511800765584802,0.0018068873063832828
30,0.0001,0.0,3.75,0.0004872924130407524,0.00038423397672099775,0.00038423397672099775,1.26821791555042,0.0011350223621678682
30,0.0001,0.0,4.0,0.0003159071120045309,0.0002488641561810564,0.0002488641561810564,1.2693957894631427,0.0007124662176538401
30,0.0001,0.0,4.25,0.00020807733891269555,0.00016675820962378492,0.00016675820962378492,1.2477786813742406,0.0004470535432223508
30,0.0001,0.0,4.5,0.00014012008969730675,0.00011695843569207287,0.00011695843569207287,1.1980332061401169,0.0002804572463825829
30,0.0001,0.0,4.75,9.718126243435359e-05,8.675334595573154e-05,8.675334595573154e-05,1.1202018938144842,0.0001759243054036255
30,0.0001,0.0,5.0,6.994416313375793e-05,6.843303295126915e-05,6.843303295126915e-05,1.0220818823500757,0.0001103465122688257
30,0.0001,0.0,5.25,5.256511431954322e-05,5.732120141853063e-05,5.256511431954322e-05,0.917027435202189,6.921124677637119e-05
30,0.0001,0.0,5.5,4.137868976263675e-05,5.05815349083631e-05,4.137868976263675e-05,0.8180591956650021,4.340966927601282e-05
30,0.0001,0.0,5.75,3.408565076487147e-05,4.6493720533708047e-05,3.408565076487147e-05,0.7331237503387,2.7226487099035396e-05
30,0.0001,0.0,6.0,2.924362786042786e-05,4.401433578426573e-05,2.924362786042786e-05,0.6644114318517534,1.7076312093282848e-05
30,0.0001,0.0,6.25,2.5947681314161007e-05,4.2510512916505036e-05,2.5947681314161007e-05,0.6103826920443159,1.0710137210090263e-05
30,0.0001,0.0,6.5,2.362995164293577e-05,4.15983982404312e-05,2.362995164293577e-05,0.5680495558112342,6.717305656318136e-06
30,0.0001,0.0,6.75,2.193400217500898e-05,4.1045172724218565e-05,2.193400217500898e-05,0.5343868893519578,4.213031248856405e-06
30,0.0001,0.0,7.0,2.063600769152937e-05,4.070962448690025e-05,2.063600769152937e-05,0.5069073456614598,2.642371991558504e-06
30,0.0001,0.0,7.25,1.95953244551282e-05,4.050610419315416e-05,1.95953244551282e-05,0.483762258687913,1.6572692175831858e-06
30,0.0001,0.0,7.5,1.8723487949723856e-05,4.038266289512344e-05,1.8723487949723856e-05,0.46365164175403806,1.0394223976036308e-06
30,0.0001,0.0,7.75,1.7964768299337653e-05,4.0307791963193076e-05,1.7964768299337653e-05,0.445689714677056,6.51915068805976e-07
30,0.0001,0.0,8.0,1.728397455267604e-05,4.026238044745606e-05,1.728397455267604e-05,0.4292834740666237,4.088744138735276e-07
30,0.0001,0.0,8.25,1.6658805390204048e-05,4.023483697085753e-05,1.6658805390204048e-05,0.4140393411378845,2.564418075506558e-07
30,0.0001,0.0,8.5,1.6075051309024806e-05,4.021813100782545e-05,1.6075051309024806e-05,0.39969662702369235,1.6083764756169205e-07
30,0.0001,0.0,8.75,1.552358523355333e-05,4.020799832904647e-05,1.552358523355333e-05,0.3860820204605662,1.0087570629142911e-07
30,0.0001,0.0,9.0,1.499847481651148e-05,4.0201852548701994e-05,1.499847481651148e-05,0.3730791957495436,6.326819732762554e-08
30,0.0001,0.0,9.25,1.4495798260401544e-05,4.019812494449521e-05,1.4495798260401544e-05,0.36060881646636656,3.968115731602312e-08
30,0.0001,0.0,9.5,1.4012901387409997e-05,4.019586403825652e-05,1.4012901387409997e-05,0.34861550367652705,2.4887610319800723e-08
30,0.0001,0.0,9.75,1.354793146318022e-05,4.019449272930402e-05,1.354793146318022e-05,0.33705939653028694,1.5609251042786213e-08
30,0.0001,0.0,10.0,1.3099544604927244e-05,4.0193660988380396e-05,1.3099544604927244e-05,0.3259107103658509,9.789960333749023e-09
30,0.0001,0.0,10.25,1.266672206680087e-05,4.019315651200927e-05,1.266672206680087e-05,0.3151462379675553,6.1401615623478165e-09
30,0.0001,0.0,10.5,1.2248654818650297e-05,4.019285053162309e-05,1.2248654818650297e-05,0.30474710443871733,3.851045633577856e-09
30,0.0001,0.0,10.75,1.184467096420126e-05,4.01926649451376e-05,1.184467096420126e-05,0.2946973279917881,2.415335869856988e-09
30,0.0001,0.0,11.0,1.14541900339537e-05,4.019255238124412e-05,1.14541900339537e-05,0.28498289746084415,1.5148736001716682e-09
30,0.0001,0.0,11.25,1.1076694139703769e-05,4.019248410779155e-05,1.1076694139703769e-05,0.27559118043058417,9.50113006201667e-10
30,0.0001,0.0,11.5,1.071170971037988e-05,4.019244269784932e-05,1.071170971037988e-05,0.266510542564089,5.959010206555609e-10
30,0.0001,0.0,11.75,1.0358795870053774e-05,4.019241758144974e-05,1.0358795870053774e-05,0.2577301016805402,3.7374293803941146e-10
30,0.0001,0.0,12.0,1.0017536987352133e-05,4.0192402347583335e-05,1.0017536987352133e-05,0.24923956773523046,2.3440769337508133e-10
30,0.0001,0.0,12.25,9.68753784644365e-06,4.0192393107776295e-05,9.68753784644365e-06,0.24102913754019134,1.4701807344121278e-10
30,0.0001,0.0,12.5,9.368420467392151e-06,4.019238750355003e-05,9.368420467392151e-06,0.23308942437332633,9.220821043461217e-11
30,0.0001,0.0,12.75,9.059821965946798e-06,4.019238410441498e-05,9.059821965946798e-06,0.22541140984347857,5.783203297735661e-11
30,0.0001,0.0,13.0,8.761393070064529e-06,4.0192382042735356e-05,8.761393070064529e-06,0.21798640998059787,3.6271651109179463e-11
30,0.0001,0.0,13.25,8.472797052977736e-06,4.0192380792263455e-05,8.472797052977736e-06,0.2108060504494585,2.2749203278039102e-11
30,0.0001,0.0,13.5,8.1937089320114e-06,4.0192380033813904e-05,8.1937089320114e-06,0.20386224764788802,1.4268064285998904e-11
30,0.0001,0.0,13.75,7.923814838423847e-06,4.0192379573791e-05,7.923814838423847e-06,0.19714719363346372,8.9487818971584e-12
30,0.0001,0.0,14.0,7.662811498716959e-06,4.0192379294773e-05,7.662811498716959e-06,0.19065334357335503,5.612583167393442e-12
30,0.0001,0.0,14.25,7.4104057899255495e-06,4.0192379125540035e-05,7.4104057899255495e-06,0.18437340488800888,3.520153935241738e-12
30,0.0001,0.0,14.5,7.166314345238351e-06,4.019237902289505e-05,7.166314345238351e-06,0.17830032756100742,2.2078040285951477e-12
30,0.0001,0.0,14.75,6.930263194989676e-06,4.019237896063772e-05,6.930263194989676e-06,0.17242729527846082,1.3847117820277643e-12
30,0.0001,0.0,15.0,6.701987433513089e-06,4.019237892287674e-05,6.701987433513089e-06,0.16674771718223538,8.68476864093097e-13
30,0.0001,0.0,15.25,6.481230905772196e-06,4.019237889997355e-05,6.481230905772196e-06,0.16125522009786938,5.44699679207208e-13
30,0.0001,0.0,15.5,6.2677459098350395e-06,4.019237888608206e-05,6.2677459098350395e-06,0.15594364114649242,3.4162998785034555e-13
30,0.0001,0.0,15.75,6.061292912611732e-06,4.0192378877656446e-05,6.061292912611732e-06,0.15080702068076138,2.1426678416351327e-13
30,0.0001,0.0,16.0,5.861640277127397e-06,4.019237887254606e-05,5.861640277127397e-06,0.1458395955042927,1.343859041317092e-13
30,0.0001,0.05,1.0,0.0700456910448606,0.07620938477484863,0.0700456910448606,0.9191215918066007,0.0
30,0.0001,0.05,1.25,0.04286036386736323,0.0450960265983853,0.04286036386736323,0.9504243965675211,0.0
30,0.0001,0.05,1.5,0.026230238246831107,0.026690408085339436,0.026230238246831107,0.982758980790515,0.0
30,0.0001,0.05,1.75,0.016056816708479752,0.015802129646882882,0.015802129646882882,1.016117261868378,0.018499971741050912
30,0.0001,0.05,2.0,0.009833028487785427,0.009360782352980707,0.009360782352980707,1.0504494300793508,0.022670432634840455
30,0.0001,0.05,2.25,0.006025285452720556,0.005550049125400994,0.005550049125400994,1.0856274091601354,0.016746724269927703
30,0.0001,0.05,2.5,0.0036954830720800982,0.00329547765331285,0.00329547765331285,1.121380103538294,0.011150755089771003
30,0.0001,0.05,2.75,0.002269776790758618,0.001961469713609583,0.001961469713609583,1.157181665875266,0.007174277898919883
30,0.0001,0.05,3.0,0.001397141546924171,0.00117203357776361,0.00117203357776361,1.192066143352391,0.004553252070514411
30,0.0001,0.05,3.25,0.0008628520198280875,0.0007047491364328563,0.0007047491364328563,1.2243392367892518,0.0028724020842040175
30,0.0001,0.05,3.5,0.0005355581227970591,0.0004280423999958309,0.0004280423999958309,1.2511800765584797,0.0018068873063832828
30,0.0001,0.05,3.75,0.0003349108511190912,0.00026407989274756177,0.00026407989274756177,1.2682179155504198,0.0011350223621678682
30,0.0001,0.05,4.0,0.00021175886986186297,0.00016681863262790625,0.00016681863262790625,1.2693957894631422,0.0007124662176538401
30,0.0001,0.05,4.25,0.00013603467715134318,0.0001090214788743799,0.0001090214788743799,1.2477786813742389,0.0004470535432223508
30,0.0001,0.05,4.5,8.934451379877069e-05,7.457599116691047e-05,7.457599116691047e-05,1.1980332061401158,0.0002804572463825829
30,0.0001,0.05,4.75,6.043557487632993e-05,5.3950609448209526e-05,5.3950609448209526e-05,1.1202018938144844,0.0001759243054036255
30,0.0001,0.05,5.0,4.2423279408566254e-05,4.1506732622069664e-05,4.1506732622069664e-05,1.0220818823500757,0.0001103465122688257
30,0.0001,0.05,5.25,3.109517535428064e-05,3.3908664191082485e-05,3.109517535428064e-05,0.9170274352021879,6.921124677637119e-05
30,0.0001,0.05,5.5,2.387342721234625e-05,2.9183006974134057e-05,2.387342721234625e-05,0.818059195665002,4.340966927601282e-05
30,0.0001,0.05,5.75,1.9180161641846713e-05,2.6162242913267447e-05,1.9180161641846713e-05,0.7331237503387003,2.7226487099035396e-05
30,0.0001,0.05,6.0,1.6049243251406263e-05,2.415557963335473e-05,1.6049243251406263e-05,0.6644114318517532,1.7076312093282848e-05
30,0.0001,0.05,6.25,1.3888792966973324e-05,2.2754237870763474e-05,1.3888792966973324e-05,0.6103826920443155,1.0710137210090263e-05
30,0.0001,0.05,6.5,1.233591646026165e-05,2.171626812143999e-05,1.233591646026165e-05,0.5680495558112341,6.717305656318136e-06
30,0.0001,0.05,6.75,1.116783803702577e-05,2.089841322748173e-05,1.116783803702577e-05,0.5343868893519578,4.213031248856405e-06
30,0.0001,0.05,7.0,1.0247538148539974e-05,2.0215801243061562e-05,1.0247538148539974e-05,0.5069073456614597,2.642371991558504e-06
30,0.0001,0.05,7.25,9.490497070270436e-06,1.9618101453410388e-05,9.490497070270436e-06,0.4837622586879129,1.6572692175831858e-06
30,0.0001,0.05,7.5,8.844349458098986e-06,1.9075419262271943e-05,8.844349458098986e-06,0.46365164175403795,1.0394223976036308e-06
30,0.0001,0.05,7.75,8.276436680275216e-06,1.8569952161162776e-05,8.276436680275216e-06,0.4456897146770559,6.51915068805976e-07
30,0.0001,0.05,8.0,7.766190381582344e-06,1.8091053699348906e-05,7.766190381582344e-06,0.42928347406662376,4.088744138735276e-07
30,0.0001,0.05,8.25,7.300471454651126e-06,1.763231347675221e-05,7.300471454651126e-06,0.4140393411378845,2.564418075506558e-07
30,0.0001,0.05,8.5,6.870716961319126e-06,1.7189829727814688e-05,6.870716961319126e-06,0.3996966270236923,1.6083764756169205e-07
30,0.0001,0.05,8.75,6.471193093110511e-06,1.6761187390676402e-05,6.471193093110511e-06,0.3860820204605662,1.0087570629142911e-07
30,0.0001,0.05,9.0,6.097924802777015e-06,1.6344853511667506e-05,6.097924802777015e-06,0.3730791957495435,6.326819732762554e-08
30,0.0001,0.05,9.25,5.748039454821836e-06,1.5939819528394553e-05,5.748039454821836e-06,0.3606088164663665,3.968115731602312e-08
30,0.0001,0.05,9.5,5.4193638241339415e-06,1.5545389596793304e-05,5.4193638241339415e-06,0.34861550367652705,2.4887610319800723e-08
30,0.0001,0.05,9.75,5.110176154509291e-06,1.5161055312843382e-05,5.110176154509291e-06,0.33705939653028694,1.5609251042786213e-08
30,0.0001,0.05,10.0,4.819053148861016e-06,1.4786421543039782e-05,4.819053148861016e-06,0.32591071036585084,9.789960333749023e-09
30,0.0001,0.05,10.25,4.544775105847722e-06,1.4421162490017131e-05,4.544775105847722e-06,0.31514623796755536,6.1401615623478165e-09
30,0.0001,0.05,10.5,4.2862666968779906e-06,1.4064995645397286e-05,4.2862666968779906e-06,0.3047471044387173,3.851045633577856e-09
30,0.0001,0.05,10.75,4.042559612360747e-06,1.37176663253404e-05,4.042559612360747e-06,0.29469732799178816,2.415335869856988e-09
30,0.0001,0.05,11.0,3.8127686494859104e-06,1.337893846773656e-05,3.8127686494859104e-06,0.2849828974608441,1.5148736001716682e-09
30,0.0001,0.05,11.25,3.596076082628601e-06,1.3048589134855788e-05,3.596076082628601e-06,0.2755911804305841,9.50113006201667e-10
30,0.0001,0.05,11.5,3.391721157220918e-06,1.2726405209299723e-05,3.391721157220918e-06,0.266510542564089,5.959010206555609e-10
30,0.0001,0.05,11.75,3.1989927713864803e-06,1.241218138869814e-05,3.1989927713864803e-06,0.2577301016805402,3.7374293803941146e-10
30,0.0001,0.05,12.0,3.017224158206861e-06,1.2105718949938502e-05,3.017224158206861e-06,0.24923956773523054,2.3440769337508133e-10
30,0.0001,0.05,12.25,2.845788839568477e-06,1.1806824969839773e-05,2.845788839568477e-06,0.24102913754019142,1.4701807344121278e-10
30,0.0001,0.05,12.5,2.6840974029110347e-06,1.1515311817030644e-05,2.6840974029110347e-06,0.23308942437332628,9.220821043461217e-11
30,0.0001,0.05,12.75,2.5315948238580884e-06,1.1230996805423377e-05,2.5315948238580884e-06,0.22541140984347866,5.783203297735661e-11
30,0.0001,0.05,13.0,2.387758162860458e-06,1.0953701944414717e-05,2.387758162860458e-06,0.21798640998059782,3.6271651109179463e-11
30,0.0001,0.05,13.25,2.2520945284414194e-06,1.068325374741256e-05,2.2520945284414194e-06,0.21080605044945858,2.2749203278039102e-11
30,0.0001,0.05,13.5,2.124139239191205e-06,1.0419483075944643e-05,2.124139239191205e-06,0.20386224764788802,1.4268064285998904e-11
30,0.0001,0.05,13.75,2.0034541409787377e-06,1.0162225005868265e-05,2.0034541409787377e-06,0.1971471936334637,8.9487818971584e-12
30,0.0001,0.05,14.0,1.8896260508404332e-06,9.911318707680507e-06,1.8896260508404332e-06,0.19065334357335506,5.612583167393442e-12
30,0.0001,0.05,14.25,1.7822653082851947e-06,9.666607336170684e-06,1.7822653082851947e-06,0.1843734048880089,3.520153935241738e-12
30,0.0001,0.05,14.5,1.6810044205332746e-06,9.427937926575598e-06,1.6810044205332746e-06,0.17830032756100744,2.2078040285951477e-12
30,0.0001,0.05,14.75,1.5854967918380944e-06,9.195161295533878e-06,1.5854967918380944e-06,0.17242729527846085,1.3847117820277643e-12
30,0.0001,0.05,15.0,1.4954155293525398e-06,8.968131945807863e-06,1.4954155293525398e-06,0.16674771718223538,8.68476864093097e-13
30,0.0001,0.05,15.25,1.410452319501756e-06,8.746707974140127e-06,1.410452319501756e-06,0.16125522009786947,5.44699679207208e-13
30,0.0001,0.05,15.5,1.3303163698233429e-06,8.530750981847685e-06,1.3303163698233429e-06,0.15594364114649237,3.4162998785034555e-13
30,0.0001,0.05,15.75,1.2547334119233703e-06,8.320125987897312e-06,1.2547334119233703e-06,0.1508070206807614,2.1426678416351327e-13
30,0.0001,0.05,16.0,1.1834447616892483e-06,8.114701344289003e-06,1.1834447616892483e-06,0.14583959550429268,1.343859041317092e-13
30,0.01,0.0,1.0,0.08174179147906771,0.08865004767988274,0.08174179147906771,0.9220727300027982,0.0
30,0.01,0.0,1.25,0.05275388221604705,0.055350418782481786,0.05275388221604705,0.9530891251855075,0.0
30,0.01,0.0,1.5,0.03452400980639846,0.03515317289915531,0.03452400980639846,0.9821022388345502,0.0
30,0.01,0.0,1.75,0.02304307907669909,0.02290292402916303,0.02290292402916303,1.006119526369541,0.018499971741050912
30,0.01,0.0,2.0,0.01579657400976352,0.015472772500402675,0.015472772500402675,1.0209271809142426,0.022670432634840455
30,0.01,0.0,2.25,0.01120736487939359,0.010966157791898825,0.010966157791898825,1.0219955878870315,0.016746724269927703
30,0.01,0.0,2.5,0.00828624260822155,0.008232757799679326,0.008232757799679326,1.0064965847221095,0.011150755089771003
30,0.01,0.0,2.75,0.00641273748672427,0.006574866899139928,0.00641273748672427,0.9753410350501748,0.007174277898919883
30,0.01,0.0,3.0,0.005197650893773621,0.005569305237504195,0.005197650893773621,0.9332673775486714,0.004553252070514411
30,0.01,0.0,3.25,0.004396836565799978,0.0049594012594905415,0.004396836565799978,0.8865660058028147,0.0028724020842040175
30,0.01,0.0,3.5,0.00385712505287776,0.004589475797344561,0.00385712505287776,0.8404282369479901,0.0018068873063832828
30,0.01,0.0,3.75,0.0034824080498415304,0.0043651046627446585,0.0034824080498415304,0.797783402437798,0.0011350223621678682
30,0.01,0.0,4.0,0.003212366793479627,0.004229016690455307,0.003212366793479627,0.7596013514748685,0.0007124662176538401
30,0.01,0.0,4.25,0.003009130688349315,0.004146475162843693,0.003009130688349315,0.7257081183830423,0.0004470535432223508
30,0.01,0.0,4.5,0.0028489096912133133,0.004096411195647732,0.0028489096912133133,0.6954647751769066,0.0002804572463825829
30,0.01,0.0,4.75,0.002716746186735798,0.004066045864596534,0.002716746186735798,0.6681543389342401,0.0001759243054036255
30,0.01,0.0,5.0,0.0026032233771376683,0.004047628360321658,0.0026032233771376683,0.6431478251947998,0.0001103465122688257
30,0.01,0.0,5.25,0.002502400778467327,0.004036457579303558,0.002502400778467327,0.6199497280234235,6.921124677637119e-05
30,0.01,0.0,5.5,0.0024105193467234562,0.004029682158123144,0.0024105193467234562,0.5981909371845284,4.340966927601282e-05
30,0.01,0.0,5.75,0.002325189309106485,0.0040255726574447565,0.002325189309106485,0.5776046060940818,2.7226487099035396e-05
30,0.01,0.0,6.0,0.0022448807441471604,0.004023080119287204,0.0022448807441471604,0.5580005064738559,1.7076312093282848e-05
30,0.01,0.0,6.25,0.002168604043977708,0.004021568318474145,0.002168604043977708,0.5392433678213665,1.0710137210090263e-05
30,0.01,0.0,6.5,0.0020957094698615,0.0040206513649296465,0.0020957094698615,0.5212363071669037,6.717305656318136e-06
30,0.01,0.0,6.75,0.0020257614028896943,0.0040200952044913765,0.0020257614028896943,0.5039088130615539,4.213031248856405e-06
30,0.01,0.0,7.0,0.001958459443785854,0.004019757876133846,0.001958459443785854,0.4872083105834913,2.642371991558504e-06
30,0.01,0.0,7.25,0.0018935888970238537,0.0040195532761426135,0.0018935888970238537,0.47109436470538507,1.6572692175831858e-06
30,0.01,0.0,7.5,0.0018309896854868009,0.004019429179974954,0.0018309896854868009,0.455534754688279,1.0394223976036308e-06
30,0.01,0.0,7.75,0.0017705368255415722,0.0040193539118445155,0.0017705368255415722,0.44050284308730053,6.51915068805976e-07
30,0.01,0.0,8.0,0.0017121281536255674,0.004019308259415705,0.0017121281536255674,0.4259758254706403,4.088744138735276e-07
30,0.01,0.0,8.25,0.0016556766018152424,0.004019280569817941,0.0016556766018152424,0.4119335719552016,2.564418075506558e-07
30,0.01,0.0,8.5,0.0016011053273474296,0.004019263775227943,0.0016011053273474296,0.39835786275475954,1.6083764756169205e-07
30,0.01,0.0,8.75,0.0015483446329599161,0.004019253588794191,0.0015483446329599161,0.38523188416793386,1.0087570629142911e-07
30,0.01,0.0,9.0,0.0014973300112369654,0.004019247410409808,0.0014973300112369654,0.3725398957423961,6.326819732762554e-08
30,0.01,0.0,9.25,0.0014480008947136984,0.004019243663030252,0.0014480008947136984,0.36026700944575196,3.968115731602312e-08
30,0.01,0.0,9.5,0.0014002998493935583,0.0040192413901296575,0.0014002998493935583,0.348399041877001,2.4887610319800723e-08
30,0.01,0.0,9.75,0.001354172047112994,0.00401924001154576,0.001354172047112994,0.3369224139944289,1.5609251042786213e-08
30,0.01,0.0,10.0,0.0013095649135148805,0.00401923917539236,0.0013095649135148805,0.32582408171492805,9.789960333749023e-09
30,0.01,0.0,10.25,0.0012664278868569107,0.004019238668239686,0.0012664278868569107,0.31509148657040825,6.1401615623478165e-09
30,0.01,0.0,10.5,0.0012247122470066126,0.004019238360636041,0.0012247122470066126,0.3047125194169383,3.851045633577856e-09
30,0.01,0.0,10.75,0.0011843709891066509,0.004019238174064998,0.0011843709891066509,0.2946754926714869,2.415335869856988e-09
30,0.01,0.0,11.0,0.001145358725885417,0.004019238060903941,0.001145358725885417,0.2849691181586347,1.5148736001716682e-09
30,0.01,0.0,11.25,0.001107631608541479,0.00401923799226829,0.001107631608541479,0.2755824886887024,9.50113006201667e-10
30,0.01,0.0,11.5,0.0010711472598651929,0.004019237950638664,0.0010711472598651929,0.26650506215860786,5.959010206555609e-10
30,0.01,0.0,11.75,0.0010358647156037903,0.004019237925389019,0.0010358647156037903,0.2577266473975983,3.7374293803941146e-10
30,0.01,0.0,12.0,0.0010017443715464203,0.0040192379100743355,0.0010017443715464203,0.24923739125656613,2.3440769337508133e-10
30,0.01,0.0,12.25,0.0009687479347283183,0.004019237900785511,0.0009687479347283183,0.24102776661689732,1.4701807344121278e-10
30,0.01,0.0,12.5,0.0009368383777325601,0.004019237895151553,0.0009368383777325601,0.2330885611082334,9.220821043461217e-11
30,0.01,0.0,12.75,0.0009059798954317698,0.004019237891734385,0.0009059798954317698,0.22541086639706726,5.783203297735661e-11
30,0.01,0.0,13.0,0.0008761378637409488,0.004019237889661768,0.0008761378637409488,0.21798606795445957,3.6271651109179463e-11
30,0.01,0.0,13.25,0.0008472788000966227,0.0040192378884046625,0.0008472788000966227,0.21080583524080213,2.2749203278039102e-11
30,0.01,0.0,13.5,0.0008193703254683691,0.004019237887642189,0.0008193703254683691,0.2038621122645312,1.4268064285998904e-11
30,0.01,0.0,13.75,0.0007923811277662805,0.004019237887179726,0.0007923811277662805,0.19714710848386469,8.9487818971584e-12
30,0.01,0.0,14.0,0.0007662809265444575,0.004019237886899228,0.0007662809265444575,0.19065329002848097,5.612583167393442e-12
30,0.01,0.0,14.25,0.000741040438924028,0.0040192378867290966,0.000741040438924028,0.18437337122314387,3.520153935241738e-12
30,0.01,0.0,14.5,0.0007166313466743081,0.004019237886625907,0.0007166313466743081,0.17830030639861177,2.2078040285951477e-12
30,0.01,0.0,14.75,0.0006930262644006557,0.0040192378865633194,0.0006930262644006557,0.1724272819773883,1.3847117820277643e-12
30,0.01,0.0,15.0,0.0006701987087942193,0.0040192378865253585,0.0006701987087942193,0.16674770882337792,8.68476864093097e-13
30,0.01,0.0,15.25,0.0006481230689033715,0.0040192378865023335,0.0006481230689033715,0.1612552148455658,5.44699679207208e-13
30,0.01,0.0,15.5,0.0006267745773898913,0.004019237886488368,0.0006267745773898913,0.15594363784660378,3.4162998785034555e-13
30,0.01,0.0,15.75,0.0006061292827354003,0.004019237886479898,0.0006061292827354003,0.15080701860776305,2.1426678416351327e-13
30,0.01,0.0,16.0,0.0005861640223654635,0.00401923788647476,0.0005861640223654635,0.14583959420216927,1.343859041317092e-13
30,0.01,0.05,1.0,0.07396303154755342,0.08021388025142981,0.07396303154755342,0.9220727300027981,0.0
30,0.01,0.05,1.25,0.04655513765497409,0.04884657313230038,0.04655513765497409,0.9530891251855076,0.0
30,0.01,0.05,1.5,0.029715090618544063,0.03025661631095215,0.029715090618544063,0.9821022388345498,0.0
30,0.01,0.05,1.75,0.01934367451107507,0.019226020372424688,0.019226020372424688,1.0061195263695408,0.018499971741050912
30,0.01,0.05,2.0,0.012933140935065762,0.01266803468145897,0.01266803468145897,1.0209271809142426,0.022670432634840455
30,0.01,0.05,2.25,0.008949262625750009,0.00875665485430573,0.00875665485430573,1.021995587887031,0.016746724269927703
30,0.01,0.05,2.5,0.006453332232002584,0.006411678221227476,0.006411678221227476,1.0064965847221095,0.011150755089771003
30,0.01,0.05,2.75,0.0048709366284755,0.004994085610501279,0.0048709366284755,0.9753410350501744,0.007174277898919883
30,0.01,0.05,3.0,0.0038505144868501134,0.00412584279648123,0.0038505144868501134,0.9332673775486712,0.004553252070514411
30,0.01,0.05,3.25,0.003176834688284155,0.003583303067668861,0.003176834688284155,0.8865660058028146,0.0028724020842040175
30,0.01,0.05,3.5,0.00271807008531862,0.0032341489324410077,0.00271807008531862,0.84042823694799,0.0018068873063832828
30,0.01,0.05,3.75,0.0023934217170314613,0.0030000896355048866,0.0023934217170314613,0.7977834024377979,0.0011350223621678682
30,0.01,0.05,4.0,0.0021533138568886226,0.0028347946626314886,0.0021533138568886226,0.7596013514748685,0.0007124662176538401
30,0.01,0.05,4.25,0.0019672787235497607,0.0027108401762585693,0.0019672787235497607,0.7257081183830422,0.0004470535432223508
30,0.01,0.05,4.5,0.0018165450205457016,0.0026119870989636017,0.0018165450205457016,0.6954647751769065,0.0002804572463825829
30,0.01,0.05,4.75,0.0016895038557393199,0.0025286131620939766,0.0016895038557393199,0.6681543389342403,0.0001759243054036255
30,0.01,0.05,5.0,0.0015789347923146593,0.00245501069965746,0.0015789347923146593,0.6431478251947998,0.0001103465122688257
30,0.01,0.05,5.25,0.001480308604298041,0.0023877881340761084,0.001480308604298041,0.6199497280234234,6.921124677637119e-05
30,0.01,0.05,5.5,0.0013907486800105928,0.002324924357022778,0.0013907486800105928,0.5981909371845284,4.340966927601282e-05
30,0.01,0.05,5.75,0.0013083953451321006,0.0022652093340803196,0.0013083953451321006,0.5776046060940819,2.7226487099035396e-05
30,0.01,0.05,6.0,0.0012320166740313785,0.0022079131824033617,0.0012320166740313785,0.5580005064738558,1.7076312093282848e-05
30,0.01,0.05,6.25,0.001160770098471567,0.0021525904030331847,0.001160770098471567,0.5392433678213664,1.0710137210090263e-05
30,0.01,0.05,6.5,0.001094056278059264,0.0020989640648899368,0.001094056278059264,0.5212363071669037,6.717305656318136e-06
30,0.01,0.05,6.75,0.0010314294249002438,0.0020468572848204025,0.0010314294249002438,0.5039088130615538,4.213031248856405e-06
30,0.01,0.05,7.0,0.0009725421778555533,0.001996152686087837,0.0009725421778555533,0.4872083105834913,2.642371991558504e-06
30,0.01,0.05,7.25,0.0009171116263297382,0.001946768407860886,0.0009171116263297382,0.47109436470538507,1.6572692175831858e-06
30,0.01,0.05,7.5,0.0008648982858377548,0.0018986439057314126,0.0008648982858377548,0.4555347546882789,1.0394223976036308e-06
30,0.01,0.05,7.75,0.0008156930099249086,0.0018517315443597523,0.0008156930099249086,0.4405028430873005,6.51915068805976e-07
30,0.01,0.05,8.0,0.0007693087697045074,0.0018059916166710517,0.0007693087697045074,0.4259758254706403,4.088744138735276e-07
30,0.01,0.05,8.25,0.0007255754231208954,0.0017613893902286822,0.0007255754231208954,0.4119335719552015,2.564418075506558e-07
30,0.01,0.05,8.5,0.0006843363245309454,0.0017178933529730335,0.0006843363245309454,0.3983578627547596,1.6083764756169205e-07
30,0.01,0.05,8.75,0.0006454460708540493,0.0016754741686248395,0.0006454460708540493,0.3852318841679338,1.0087570629142911e-07
30,0.01,0.05,9.0,0.0006087689531880003,0.0016341040520635997,0.0006087689531880003,0.37253989574239604,6.326819732762554e-08
30,0.01,0.05,9.25,0.0005741778496026821,0.001593756393309558,0.0005741778496026821,0.3602670094457519,3.968115731602312e-08
30,0.01,0.05,9.5,0.0005415533968976485,0.0015544055287294357,0.0005415533968976485,0.348399041877001,2.4887610319800723e-08
30,0.01,0.05,9.75,0.0005107833415799883,0.0015160265994901552,0.0005107833415799883,0.33692241399442885,1.5609251042786213e-08
30,0.01,0.05,10.0,0.0004817620085615823,0.0014785954617777101,0.0004817620085615823,0.325824081714928,9.789960333749023e-09
30,0.01,0.05,10.25,0.00045438984949578803,0.0014420886277873234,0.00045438984949578803,0.31509148657040836,6.1401615623478165e-09
30,0.01,0.05,10.5,0.00042857304702635917,0.001406483225062186,0.00042857304702635917,0.30471251941693817,3.851045633577856e-09
30,0.01,0.05,10.75,0.0004042231600257176,0.0013717569668284485,0.0004042231600257176,0.2946754926714869,2.415335869856988e-09
30,0.01,0.05,11.0,0.00038125680030853034,0.0013378881289736629,0.00038125680030853034,0.2849691181586346,1.5148736001716682e-09
30,0.01,0.05,11.25,0.00035959533463708886,0.0013048555310903203,0.00035959533463708886,0.27558248868870233,9.50113006201667e-10
30,0.01,0.05,11.5,0.0003391646078929398,0.001272638520055913,0.0003391646078929398,0.26650506215860786,5.959010206555609e-10
30,0.01,0.05,11.75,0.0003198946845675834,0.0012412169552420305,0.0003198946845675834,0.2577266473975983,3.7374293803941146e-10
30,0.01,0.05,12.0,0.0003017196065254082,0.0012105711948124855,0.0003017196065254082,0.24923739125656613,2.3440769337508133e-10
30,0.01,0.05,12.25,0.0002845771654989627,0.0011806820827879349,0.0002845771654989627,0.24102776661689737,1.4701807344121278e-10
30,0.01,0.05,12.5,0.0002684086891030971,0.0011515309366831737,0.0002684086891030971,0.23308856110823334,9.220821043461217e-11
30,0.01,0.05,12.75,0.00025315883936962883,0.001123099535599507,0.00025315883936962883,0.2254108663970673,5.783203297735661e-11
30,0.01,0.05,13.0,0.00023877542295031015,0.0010953701086997625,0.00023877542295031015,0.21798606795445952,3.6271651109179463e-11
30,0.01,0.05,13.25,0.00022520921223899743,0.001068325324020288,0.00022520921223899743,0.21080583524080218,2.2749203278039102e-11
30,0.01,0.05,13.5,0.00021241377673992897,0.0010419482775902034,0.00021241377673992897,0.2038621122645312,1.4268064285998904e-11
30,0.01,0.05,13.75,0.00020034532406773556,0.001016222482837645,0.00020034532406773556,0.1971471084838647,8.9487818971584e-12
30,0.01,0.05,14.0,0.00018896255001222436,0.0009911318602684274,0.00018896255001222436,0.19065329002848097,5.612583167393442e-12
30,0.01,0.05,14.25,0.0001782264971408533,0.0009666607274059597,0.0001782264971408533,0.18437337122314387,3.520153935241738e-12
30,0.01,0.05,14.5,0.00016810042144643859,0.0009427937889833453,0.00016810042144643859,0.17830030639861177,2.2078040285951477e-12
30,0.01,0.05,14.75,0.00015854966657848776,0.0009195161273798863,0.00015854966657848776,0.17242728197738832,1.3847117820277643e-12
30,0.01,0.05,15.0,0.00014954154522452503,0.0008968131932950398,0.00014954154522452503,0.16674770882337792,8.68476864093097e-13
30,0.01,0.05,15.25,0.00014104522723348988,0.0008746707966534225,0.00014104522723348988,0.16125521484556585,5.44699679207208e-13
30,0.01,0.05,15.5,0.00013303163409711754,0.0008530750977348372,0.00013303163409711754,0.15594363784660376,3.4162998785034555e-13
30,0.01,0.05,15.75,0.00012547333942743765,0.000832012598523572,0.00012547333942743765,0.1508070186077631,2.1426678416351327e-13
30,0.01,0.05,16.0,0.00011834447508932837,0.000811470134271452,0.00011834447508932837,0.14583959420216927,1.343859041317092e-13
30,1.0,0.0,1.0,0.5146748714566622,0.5312152419081821,0.5146748714566622,0.9688631478417202,0.0
30,1.0,0.0,1.25,0.47142660240235756,0.4803430190885856,0.47142660240235756,0.9814373971684938,0.0
30,1.0,0.0,1.5,0.4394060914372968,0.4494874562207677,0.4394060914372968,0.977571421306762,0.0
30,1.0,0.0,1.75,0.41458877126514737,0.4307726113187454,0.41458877126514737,0.9624306661371678,0.018499971741050912
30,1.0,0.0,2.0,0.39444516338125085,0.41942148409390223,0.39444516338125085,0.9404505451917681,0.022670432634840455
30,1.0,0.0,2.25,0.3773836684205189,0.41253667740973604,0.3773836684205189,0.9147881608735051,0.016746724269927703
30,1.0,0.0,2.5,0.3624010842813623,0.4083608310695948,0.3624010842813623,0.8874530971350683,0.011150755089771003
30,1.0,0.0,2.75,0.34886340914552033,0.40582805223405033,0.34886340914552033,0.859633549788034,0.007174277898919883
30,1.0,0.0,3.0,0.33636835801654025,0.4042918442160214,0.33636835801654025,0.8319939242623251,0.004553252070514411
30,1.0,0.0,3.25,0.32465912930695134,0.4033600869533904,0.32465912930695134,0.8048866008511815,0.0028724020842040175
30,1.0,0.0,3.5,0.31357031509597083,0.40279494760619483,0.31357031509597083,0.778486217266416,0.0018068873063832828
30,1.0,0.0,3.75,0.3029939717299193,0.4024521732651107,0.3029939717299193,0.7528695130944804,0.0011350223621678682
30,1.0,0.0,4.0,0.29285833494098923,0.4022442701178804,0.29285833494098923,0.7280609239136336,0.0007124662176538401
30,1.0,0.0,4.25,0.28311446563201126,0.40211817048483445,0.28311446563201126,0.7040578775404746,0.0004470535432223508
30,1.0,0.0,4.5,0.273727869842814,0.4020416871912136,0.273727869842814,0.6808444958908634,0.0002804572463825829
30,1.0,0.0,4.75,0.26467323861688025,0.40199529772867676,0.26467323861688025,0.6583988422559091,0.0001759243054036255
30,1.0,0.0,5.0,0.2559311447775287,0.4019671610973605,0.2559311447775287,0.6366966497433346,0.0001103465122688257
30,1.0,0.0,5.25,0.2474859671932457,0.40195009536780624,0.2474859671932457,0.6157131694838449,6.921124677637119e-05
30,1.0,0.0,5.5,0.2393245850428054,0.4019397444796012,0.2393245850428054,0.5954240363879998,4.340966927601282e-05
30,1.0,0.0,5.75,0.23143555514326783,0.40193346634854954,0.23143555514326783,0.5758056358078206,2.7226487099035396e-05
30,1.0,0.0,6.0,0.2238085923728204,0.40192965846958106,0.2238085923728204,0.5568352264050669,1.7076312093282848e-05
30,1.0,0.0,6.25,0.2164342403103324,0.4019273488742382,0.2164342403103324,0.5384909509555519,1.0710137210090263e-05
30,1.0,0.0,6.5,0.2093036612917179,0.40192594803385123,0.2093036612917179,0.5207518009613299,6.717305656318136e-06
30,1.0,0.0,6.75,0.2024085014743582,0.40192509838120716,0.2024085014743582,0.5035975665356016,4.213031248856405e-06
30,1.0,0.0,7.0,0.19574080305321834,0.4019245830408284,0.19574080305321834,0.4870087855097297,2.642371991558504e-06
30,1.0,0.0,7.25,0.1892929461538964,0.40192427047108853,0.1892929461538964,0.47096669711443256,1.6572692175831858e-06
30,1.0,0.0,7.5,0.1830576094391945,0.401924080887958,0.1830576094391945,0.45545320159660796,1.0394223976036308e-06
30,1.0,0.0,7.75,0.17702774254976503,0.40192396589997675,0.17702774254976503,0.4404508254524448,6.51915068805976e-07
30,1.0,0.0,8.0,0.17119654606091472,0.40192389615624063,0.17119654606091472,0.42594269138544866,4.088744138735276e-07
30,1.0,0.0,8.25,0.16555745624431908,0.40192385385452634,0.16555745624431908,0.41191249202203734,2.564418075506558e-07
30,1.0,0.0,8.5,0.16010413293118791,0.40192382819723965,0.16010413293118791,0.3983444665356307,1.6083764756169205e-07
30,1.0,0.0,8.75,0.1548304494055962,0.4019238126353087,0.1548304494055962,0.38522337950173613,1.0087570629142911e-07
30,1.0,0.0,9.0,0.14973048365328234,0.4019238031965204,0.14973048365328234,0.3725345014713441,6.326819732762554e-08
30,1.0,0.0,9.25,0.1447985105400434,0.4019237974716059,0.1447985105400434,0.3602635908869585,3.968115731602312e-08
30,1.0,0.0,9.5,0.1400289946500084,0.40192379399926975,0.1400289946500084,0.3483968770713356,2.4887610319800723e-08
30,1.0,0.0,9.75,0.13541658361209435,0.4019237918931914,0.13541658361209435,0.33692104409703727,1.5609251042786213e-08
30,1.0,0.0,10.0,0.13095610180451023,0.4019237906157903,0.13095610180451023,0.3258232154007889,9.789960333749023e-09
30,1.0,0.0,10.25,0.12664254436586792,0.4019237898410074,0.12664254436586792,0.31509093904584506,6.1401615623478165e-09
30,1.0,0.0,10.5,0.12247107146580283,0.4019237893710778,0.12247107146580283,0.3047121735626624,3.851045633577856e-09
30,1.0,0.0,10.75,0.11843700280335161,0.4019237890860511,0.11843700280335161,0.2946752743167299,2.415335869856988e-09
30,1.0,0.0,11.0,0.11453581231103174,0.40192378891317365,0.11453581231103174,0.2849689803650178,1.5148736001716682e-09
30,1.0,0.0,11.25,0.110763123048719,0.4019237888083182,0.110763123048719,0.275582401771056,9.50113006201667e-10
30,1.0,0.0,11.5,0.10711470227534649,0.4019237887447201,0.10711470227534649,0.26650500735446603,5.959010206555609e-10
30,1.0,0.0,11.75,0.10358645668897744,0.401923788706146,0.10358645668897744,0.2577266128547356,3.7374293803941146e-10
30,1.0,0.0,12.0,0.10017442782745323,0.4019237886827495,0.10017442782745323,0.24923736949176675,2.3440769337508133e-10
30,1.0,0.0,12.25,0.09687478762291579,0.4019237886685589,0.09687478762291579,0.24102775290765957,1.4701807344121278e-10
30,1.0,0.0,12.5,0.09368383410424935,0.4019237886599518,0.09368383410424935,0.2330885524755806,9.220821043461217e-11
30,1.0,0.0,12.75,0.09059798724201407,0.4019237886547314,0.09059798724201407,0.22541086096260243,5.783203297735661e-11
30,1.0,0.0,13.0,0.08761378493082937,0.40192378865156503,0.08761378493082937,0.2179860645341979,3.6271651109179463e-11
30,1.0,0.0,13.25,0.08472787910446111,0.4019237886496445,0.08472787910446111,0.21080583308871548,2.2749203278039102e-11
30,1.0,0.0,13.5,0.08193703197910414,0.4019237886484797,0.08193703197910414,0.20386211091069756,1.4268064285998904e-11
30,1.0,0.0,13.75,0.07923811242055195,0.4019237886477732,0.07923811242055195,0.19714710763236873,8.9487818971584e-12
30,1.0,0.0,14.0,0.07662809243111851,0.4019237886473447,0.07662809243111851,0.19065328949303223,5.612583167393442e-12
30,1.0,0.0,14.25,0.07410404375233427,0.4019237886470847,0.07410404375233427,0.18437337088649522,3.520153935241738e-12
30,1.0,0.0,14.5,0.07166313457958129,0.4019237886469271,0.07166313457958129,0.17830030618698783,2.2078040285951477e-12
30,1.0,0.0,14.75,0.06930262638496726,0.4019237886468315,0.06930262638496726,0.17242728184437758,1.3847117820277643e-12
30,1.0,0.0,15.0,0.06701987084486484,0.40192378864677347,0.06701987084486484,0.16674770873978936,8.68476864093097e-13
30,1.0,0.0,15.25,0.0648123068686633,0.40192378864673833,0.0648123068686633,0.16125521479304272,5.44699679207208e-13
30,1.0,0.0,15.5,0.06267745772539551,0.40192378864671696,0.06267745772539551,0.1559436378136049,3.4162998785034555e-13
30,1.0,0.0,15.75,0.06061292826501425,0.401923788646704,0.06061292826501425,0.15080701858703308,2.1426678416351327e-13
30,1.0,0.0,16.0,0.05861640223119907,0.4019237886466962,0.05861640223119907,0.14583959418914802,1.343859041317092e-13
30,1.0,0.05,1.0,0.4656970818168356,0.4806634279095472,0.4656970818168356,0.9688631478417201,0.0
30,1.0,0.05,1.25,0.4160325164160601,0.42390122652380996,0.4160325164160601,0.9814373971684937,0.0
30,1.0,0.05,1.5,0.37820032778983964,0.3868774388722237,0.37820032778983964,0.977571421306762,0.0
30,1.0,0.05,1.75,0.3480294547706069,0.36161509292660576,0.3480294547706069,0.9624306661371675,0.018499971741050912
30,1.0,0.05,2.0,0.32294438566309913,0.34339326752928534,0.32294438566309913,0.9404505451917683,0.022670432634840455
30,1.0,0.05,2.25,0.30134697992869525,0.32941722774477933,0.30134697992869525,0.914788160873505,0.016746724269927703
30,1.0,0.05,2.5,0.28223824822425114,0.3180317350126901,0.28223824822425114,0.8874530971350681,0.011150755089771003
30,1.0,0.05,2.75,0.26498692040016375,0.308255675299671,0.26498692040016375,0.8596335497880339,0.007174277898919883
30,1.0,0.05,3.0,0.24918780847944438,0.2995067646682432,0.24918780847944438,0.8319939242623251,0.004553252070514411
30,1.0,0.05,3.25,0.23457510153389086,0.2914386961912693,0.23457510153389086,0.8048866008511814,0.0028724020842040175
30,1.0,0.05,3.5,0.2209692663374747,0.2838448021769587,0.2209692663374747,0.778486217266416,0.0018068873063832828
30,1.0,0.05,3.75,0.2082445083082685,0.27660106391123734,0.2082445083082685,0.7528695130944804,0.0011350223621678682
30,1.0,0.05,4.0,0.19630881255956456,0.26963239766298974,0.19630881255956456,0.7280609239136335,0.0007124662176538401
30,1.0,0.05,4.25,0.18509168336339152,0.2628927099146775,0.18509168336339152,0.7040578775404746,0.0004470535432223508
30,1.0,0.05,4.5,0.1745365956952388,0.2563530978786327,0.1745365956952388,0.6808444958908633,0.0002804572463825829
30,1.0,0.05,4.75,0.1645963319420383,0.24999486842667068,0.1645963319420383,0.6583988422559091,0.0001759243054036255
30,1.0,0.05,5.0,0.15523008608292396,0.24380540740319648,0.15523008608292396,0.6366966497433345,0.0001103465122688257
30,1.0,0.05,5.25,0.14640165149867407,0.2377757351225787,0.14640165149867407,0.6157131694838447,6.921124677637119e-05
30,1.0,0.05,5.5,0.13807827395983524,0.23189905936188715,0.13807827395983524,0.5954240363879999,4.340966927601282e-05
30,1.0,0.05,5.75,0.13022991369415748,0.22616991845078552,0.13022991369415748,0.5758056358078206,2.7226487099035396e-05
30,1.0,0.05,6.0,0.1228287597520286,0.22058367345940402,0.1228287597520286,0.556835226405067,1.7076312093282848e-05
30,1.0,0.05,6.25,0.11584890064893093,0.21513620691927532,0.11584890064893093,0.5384909509555518,1.0710137210090263e-05
30,1.0,0.05,6.5,0.10926609243795947,0.20982374374173965,0.10926609243795947,0.5207518009613298,6.717305656318136e-06
30,1.0,0.05,6.75,0.10305758811122204,0.20464274444411248,0.10305758811122204,0.5035975665356015,4.213031248856405e-06
30,1.0,0.05,7.0,0.09720200614855688,0.19958984117056536,0.09720200614855688,0.4870087855097297,2.642371991558504e-06
30,1.0,0.05,7.25,0.0916792245522765,0.19466179904860845,0.0916792245522765,0.4709666971144325,1.6572692175831858e-06
30,1.0,0.05,7.5,0.08647029192380333,0.18985549255264547,0.08647029192380333,0.4554532015966079,1.0394223976036308e-06
30,1.0,0.05,7.75,0.08155735033438824,0.1851678907642187,0.08155735033438824,0.44045082545244474,6.51915068805976e-07
30,1.0,0.05,8.0,0.07692356670199701,0.18059604791384135,0.07692356670199701,0.4259426913854486,4.088744138735276e-07
30,1.0,0.05,8.25,0.07255307058974533,0.1761370970654217,0.07255307058974533,0.4119124920220374,2.564418075506558e-07
30,1.0,0.05,8.5,0.06843089708149358,0.1717882456774949,0.06843089708149358,0.39834446653563077,1.6083764756169205e-07
30,1.0,0.05,8.75,0.06454293384694794,0.16754677229204118,0.06454293384694794,0.3852233795017361,1.0087570629142911e-07
30,1.0,0.05,9.0,0.06087587179171033,0.1634100239072568,0.06087587179171033,0.37253450147134404,6.326819732762554e-08
30,1.0,0.05,9.25,0.05741715886438871,0.15937541377142592,0.05741715886438871,0.3602635908869584,3.968115731602312e-08
30,1.0,0.05,9.5,0.05415495670424911,0.1554404194419937,0.05415495670424911,0.34839687707133554,2.4887610319800723e-08
30,1.0,0.05,9.75,0.051078099884127884,0.15160258101722135,0.051078099884127884,0.33692104409703716,1.5609251042786213e-08
30,1.0,0.05,10.0,0.048176057549833715,0.14785949948524474,0.048176057549833715,0.3258232154007888,9.789960333749023e-09
30,1.0,0.05,10.25,0.04543889728848982,0.14420883515751795,0.04543889728848982,0.3150909390458452,6.1401615623478165e-09
30,1.0,0.05,10.5,0.04285725107997447,0.14064830616674107,0.04285725107997447,0.3047121735626623,3.851045633577856e-09
30,1.0,0.05,10.75,0.0404222832013614,0.13717568701713928,0.0404222832013614,0.2946752743167299,2.415335869856988e-09
30,1.0,0.05,11.0,0.03812565996621298,0.1337888071795663,0.03812565996621298,0.2849689803650178,1.5148736001716682e-09
30,1.0,0.05,11.25,0.03595952119008312,0.13048554972663678,0.03595952119008312,0.2755824017710559,9.50113006201667e-10
30,1.0,0.05,11.5,0.03391645328146483,0.12726385000471724,0.03391645328146483,0.26650500735446603,5.959010206555609e-10
30,1.0,0.05,11.75,0.03198946386418727,0.12412169434057528,0.03198946386418727,0.2577266128547356,3.7374293803941146e-10
30,1.0,0.05,12.0,0.030171957843245542,0.12105711878106716,0.030171957843245542,0.24923736949176684,2.3440769337508133e-10
30,1.0,0.05,12.25,0.028457714831438385,0.11806820786459743,0.028457714831438385,0.24102775290765963,1.4701807344121278e-10
30,1.0,0.05,12.5,0.026840867859121705,0.11515309342329746,0.026840867859121705,0.23308855247558058,9.220821043461217e-11
30,1.0,0.05,12.75,0.0253158832939467,0.11230995341500787,0.0253158832939467,0.2254108609626025,5.783203297735661e-11
30,1.0,0.05,13.0,0.02387754190169528,0.10953701078423454,0.02387754190169528,0.2179860645341979,3.6271651109179463e-11
30,1.0,0.05,13.25,0.0225209209832946,0.10683253235130781,0.0225209209832946,0.21080583308871556,2.2749203278039102e-11
30,1.0,0.05,13.5,0.021241377526813703,0.10419482772901609,0.021241377526813703,0.20386211091069756,1.4268064285998904e-11
30,1.0,0.05,13.75,0.020034532316743417,0.10162224826601532,0.020034532316743417,0.1971471076323687,8.9487818971584e-12
30,1.0,0.05,14.0,0.018896254946150617,0.0991131860163431,0.018896254946150617,0.19065328949303226,5.612583167393442e-12
30,1.0,0.05,14.25,0.017822649680397665,0.09666607273438485,0.017822649680397665,0.18437337088649525,3.520153935241738e-12
30,1.0,0.05,14.5,0.01681004212403697,0.09427937889466032,0.01681004212403697,0.1783003061869878,2.2078040285951477e-12
30,1.0,0.05,14.75,0.015854966645243454,0.09195161273581513,0.015854966645243454,0.17242728184437758,1.3847117820277643e-12
30,1.0,0.05,15.0,0.014954154514741773,0.08968131932821823,0.014954154514741773,0.16674770873978934,8.68476864093097e-13
30,1.0,0.05,15.25,0.0141045227186323,0.08746707966458167,0.0141045227186323,0.16125521479304278,5.44699679207208e-13
30,1.0,0.05,15.5,0.013303163406826538,0.08530750977303378,0.013303163406826538,0.15594363781360487,3.4162998785034555e-13
30,1.0,0.05,15.75,0.012547333940978867,0.08320125985209102,0.012547333940978867,0.15080701858703316,2.1426678416351327e-13
30,1.0,0.05,16.0,0.01183444750785324,0.08114701342698777,0.01183444750785324,0.145839594189148,1.343859041317092e-13
45,0.0,0.0,1.0,0.09069491732480758,0.11551588987351179,0.09069491732480758,0.7851293655281294,0.0
45,0.0,0.0,1.25,0.05918834348664129,0.07006392889227302,0.05918834348664129,0.8447762553773781,0.0
45,0.0,0.0,1.5,0.038626861438622144,0.04249592101308938,0.038626861438622144,0.908954565938799,0.0
45,0.0,0.0,1.75,0.02520824771747943,0.025775079007165067,0.02520824771747943,0.9780085527758008,0.0
45,0.0,0.0,2.0,0.016451136057107366,0.015633375674361075,0.015633375674361075,1.052308624815268,0.027084757390880527
45,0.0,0.0,2.25,0.01073616383822649,0.00948212166130566,0.00948212166130566,1.132253331238966,0.028700795368132706
45,0.0,0.0,2.5,0.007006520009385264,0.005751197506707172,0.005751197506707172,1.2182714993206383,0.02155897145437063
45,0.0,0.0,2.75,0.004572519885280133,0.0034882776178807536,0.0034882776178807536,1.3108245346762546,0.01486494838061316
45,0.0,0.0,3.0,0.002984068849197029,0.002115747324834027,0.002115747324834027,1.41040889626606,0.009941455400064147
45,0.0,0.0,3.25,0.001947430983387081,0.0012832656207168217,0.0012832656207168217,1.517558759424461,0.006564611388378675
45,0.0,0.0,3.5,0.0012709115059716138,0.000778339943519916,0.000778339943519916,1.6328488812023738,0.004309614192573405
45,0.0,0.0,3.75,0.0008294086259230403,0.0004720870394238285,0.0004720870394238285,1.756897683391848,0.0028212231488512532
45,0.0,0.0,4.0,0.0005412797551389162,0.00028633526346351866,0.00028633526346351866,1.8903705697704938,0.0018442168421070567
45,0.0,0.0,4.25,0.00035324418406812024,0.00017367111624751866,0.00017367111624751866,2.0339834953595357,0.0012046459701781226
45,0.0,0.0,4.5,0.00023053042792248434,0.00010533685671063696,0.00010533685671063696,2.188506806841193,0.0007865592203470414
45,0.0,0.0,4.75,0.00015044629351314474,6.389003319275776e-05,6.389003319275776e-05,2.354769374735566,0.0005134610988531219
45,0.0,0.0,5.0,9.818264528383216e-05,3.875126398146542e-05,3.875126398146542e-05,2.5336630395022093,0.0003351432660261742
45,0.0,0.0,5.25,6.407490413905453e-05,2.3503829707376628e-05,2.3503829707376628e-05,2.726147395415512,0.00021873768473063058
45,0.0,0.0,5.5,4.181587620256448e-05,1.4255793338188539e-05,1.4255793338188539e-05,2.933254937874819,0.00014275778917854782
45,0.0,0.0,5.75,2.728942830399683e-05,8.646575738138459e-06,8.646575738138459e-06,3.15609660175972,9.316791013694842e-05
45,0.0,0.0,6.0,1.7809333793496158e-05,5.24441328670837e-06,5.24441328670837e-06,3.395867720538497,6.080332584337136e-05
45,0.0,0.0,6.25,1.162253626697304e-05,3.1808974505929275e-06,3.1808974505929275e-06,3.653854438094686,3.9681227617382545e-05
45,0.0,0.0,6.5,7.584974870111946e-06,1.929311829186362e-06,1.929311829186362e-06,3.9314406076651256,2.5896495298818833e-05
45,0.0,0.0,6.75,4.950024887744512e-06,1.1701867765477916e-06,1.1701867765477916e-06,4.230115214895652,1.6900353680663452e-05
45,0.0,0.0,7.0,3.2304321120220708e-06,7.097541575665321e-07,7.097541575665321e-07,4.551480364832173,1.1029350876725855e-05
45,0.0,0.0,7.25,2.108209931675398e-06,4.30487657422613e-07,4.30487657422613e-07,4.897259875689658,7.197865647262929e-06
45,0.0,0.0,7.5,1.3758373375110917e-06,2.6110396285468367e-07,2.6110396285468367e-07,5.269308525496445,4.69739732893285e-06
45,0.0,0.0,7.75,8.978841958994565e-07,1.5836755884383422e-07,1.5836755884383422e-07,5.6696220012133764,3.065566386561291e-06
45,0.0,0.0,8.0,5.859675466464903e-07,9.605477994263005e-08,9.605477994263005e-08,6.100347603695171,2.0006175601259535e-06
45,0.0,0.0,8.25,3.824078509132768e-07,5.8260169047155235e-08,5.8260169047155235e-08,6.563795765916152,1.3056217645637496e-06
45,0.0,0.0,8.5,2.49562907155904e-07,3.533657876714061e-08,3.533657876714061e-08,7.062452446244509,8.520609425221168e-07
45,0.0,0.0,8.75,1.6286706582870503e-07,2.143271843162123e-08,2.143271843162123e-08,7.598992463243279,5.560628981597336e-07
45,0.0,0.0,9.0,1.0628855639624749e-07,1.2999600849766343e-08,1.2999600849766343e-08,8.176293843526583,3.628918124223618e-07
45,0.0,0.0,9.25,6.936489684587393e-08,7.884656479409688e-09,7.884656479409688e-09,8.797453259633599,2.368265643708266e-07
45,0.0,0.0,9.5,4.5268174463686596e-08,4.782285896063849e-09,4.782285896063849e-09,9.465802640729912,1.5455521237616587e-07
45,0.0,0.0,9.75,2.9542430140536834e-08,2.9006030194740284e-09,2.9006030194740284e-09,10.184927045236895,1.0086416454364194e-07
45,0.0,0.0,10.0,1.9279663669861623e-08,1.7593046629660389e-09,1.7593046629660389e-09,10.958683891258346,6.582488874454417e-08
45,0.0,0.0,10.25,1.2582087169360703e-08,1.0670722178643037e-09,1.0670722178643037e-09,11.791223647958127,4.295793248558396e-08
45,0.0,0.0,10.5,8.211186680858054e-09,6.472120162622591e-10,6.472120162622591e-10,12.687012098877302,2.8034744861713283e-08
45,0.0,0.0,10.75,5.3586965183397715e-09,3.925539311974916e-10,3.925539311974916e-10,13.65085429661343,1.829573430309774e-08
45,0.0,0.0,11.0,3.4971350051763973e-09,2.380959948620023e-10,2.380959948620023e-10,14.687920337355092,1.1939965753707734e-08
45,0.0,0.0,11.25,2.2822627111973777e-09,1.4441252083858604e-10,1.4441252083858604e-10,15.80377309352786,7.792132297366998e-09
45,0.0,0.0,11.5,1.489425794317967e-09,8.759062153499201e-11,8.759062153499201e-11,17.00439805331155,5.085217745492952e-09
45,0.0,0.0,11.75,9.72013075399121e-10,5.3126397464258294e-11,5.3126397464258294e-11,18.296235427088007,3.318660224194903e-09
45,0.0,0.0,12.0,6.343447403363287e-10,3.2222788902152166e-11,3.2222788902152166e-11,19.68621469304169,2.1657884154253113e-09
45,0.0,0.0,12.25,4.139792558110753e-10,1.9544109410603275e-11,1.9544109410603275e-11,21.181791767215493,1.413413589632307e-09
45,0.0,0.0,12.5,2.701666985542072e-10,1.185410157430909e-11,1.185410157430909e-11,22.790988997405623,9.224068062662924e-10
45,0.0,0.0,12.75,1.7631329102391074e-10,7.1898760481662595e-12,7.1898760481662595e-12,24.522438195423206,6.019712294250652e-10
45,0.0,0.0,13.0,1.1506368756045947e-10,4.360880262746343e-12,4.360880262746343e-12,26.385426938550257,3.9285200259950147e-10
45,0.0,0.0,13.25,7.50916287599418e-11,2.645007582691342e-12,2.645007582691342e-12,28.389948388554235,2.56378857330479e-10
45,0.0,0.0,13.5,4.900549277858013e-11,1.6042781940746971e-12,1.6042781940746971e-12,30.546754895490633,1.6731521807445754e-10
45,0.0,0.0,13.75,3.198143870535658e-11,9.730439114147183e-13,9.730439114147183e-13,32.867415673829605,1.091914617716581e-10
45,0.0,0.0,14.0,2.0871383260766754e-11,5.901809655197303e-13,5.901809655197303e-13,35.364378860281974,7.125935979424885e-11
45,0.0,0.0,14.25,1.3620858124336098e-11,3.57962850366521e-13,3.57962850366521e-13,38.0510382862065,4.650451853920968e-11
45,0.0,0.0,14.5,8.889098232029573e-12,2.1711544378542065e-13,2.1711544378542065e-13,40.94180532277031,3.034927974103901e-11
45,0.0,0.0,14.75,5.80110787862144e-12,1.3168717335297236e-13,1.3168717335297236e-13,44.0521861842401,1.980622119596962e-11
45,0.0,0.0,15.0,3.785856758579219e-12,7.987230812947026e-14,7.987230812947026e-14,47.39886510406681,1.2925723490339412e-11
45,0.0,0.0,15.25,2.4706852029591957e-12,4.8445003742538325e-14,4.8445003742538325e-14,50.99979382992079,8.435446928296384e-12
45,0.0,0.0,15.5,1.6123920584920271e-12,2.938338007974276e-14,2.938338007974276e-14,54.87428791773444,5.5050508339655884e-12
45,0.0,0.0,15.75,1.0522619988877243e-12,1.782192090435343e-14,1.782192090435343e-14,59.04313034128011,3.592647187772068e-12
45,0.0,0.0,16.0,6.867159314458135e-13,1.0809541443463859e-14,1.0809541443463859e-14,63.528682973045626,2.3445948466398807e-12
45,0.0,0.05,1.0,0.0820641548211637,0.10452309953527465,0.0820641548211637,0.7851293655281294,0.0
45,0.0,0.05,1.25,0.05223352979607405,0.06183120023033828,0.05223352979607405,0.8447762553773781,0.0
45,0.0,0.05,1.5,0.03324644774448755,0.036576578181495255,0.03324644774448755,0.9089545659387986,0.0
45,0.0,0.05,1.75,0.02116124052772745,0.021637071033445726,0.02116124052772745,0.9780085527758006,0.0
45,0.0,0.05,2.0,0.013469051013023854,0.012799525439020645,0.012799525439020645,1.052308624815268,0.027084757390880527
45,0.0,0.05,2.25,0.008573000952081777,0.0075716279348021776,0.0075716279348021776,1.1322533312389658,0.028700795368132706
45,0.0,0.05,2.5,0.005456683269914711,0.004479037121821857,0.004479037121821857,1.2182714993206383,0.02155897145437063
45,0.0,0.05,2.75,0.003473158637750619,0.002649598436611819,0.002649598436611819,1.3108245346762544,0.01486494838061316
45,0.0,0.05,3.0,0.0022106525752538827,0.0015673841685956485,0.0015673841685956485,1.4104088962660588,0.009941455400064147
45,0.0,0.05,3.25,0.0014070721548272455,0.0009271945129563764,0.0009271945129563764,1.5175587594244606,0.006564611388378675
45,0.0,0.05,3.5,0.0008955962013446694,0.0005484868879508209,0.0005484868879508209,1.6328488812023734,0.004309614192573405
45,0.0,0.05,3.75,0.0005700436563336577,0.0003244603608521684,0.0003244603608521684,1.756897683391848,0.0028212231488512532
45,0.0,0.05,4.0,0.0003628306703828778,0.00019193626698649276,0.00019193626698649276,1.8903705697704931,0.0018442168421070567
45,0.0,0.05,4.25,0.00023094037431658303,0.000113540928352401,0.000113540928352401,2.0339834953595344,0.0012046459701781226
45,0.0,0.05,4.5,0.0001469926906487901,6.716574524205104e-05,6.716574524205104e-05,2.188506806841192,0.0007865592203470414
45,0.0,0.05,4.75,9.356030173637504e-05,3.973225689963016e-05,3.973225689963016e-05,2.354769374735567,0.0005134610988531219
45,0.0,0.05,5.0,5.95507846163342e-05,2.350382970737663e-05,2.350382970737663e-05,2.5336630395022093,0.0003351432660261742
45,0.0,0.05,5.25,3.7903853264747133e-05,1.3903816546562754e-05,1.3903816546562754e-05,2.7261473954155107,0.00021873768473063058
45,0.0,0.05,5.5,2.4125661845963468e-05,8.224877263291283e-06,8.224877263291283e-06,2.933254937874817,0.00014275778917854782
45,0.0,0.05,5.75,1.5355894173617346e-05,4.865470266358607e-06,4.865470266358607e-06,3.156096601759717,9.316791013694842e-05
45,0.0,0.05,6.0,9.773969616953247e-06,2.8781950362316707e-06,2.8781950362316707e-06,3.3958677205384924,6.080332584337136e-05
45,0.0,0.05,6.25,6.221095365273761e-06,1.7026117133767847e-06,1.7026117133767847e-06,3.6538544380946854,3.9681227617382545e-05
45,0.0,0.05,6.5,3.959704097780376e-06,1.007189092481811e-06,1.007189092481811e-06,3.931440607665124,2.5896495298818833e-05
45,0.0,0.05,6.75,2.520336953762279e-06,5.958081105893596e-07,5.958081105893596e-07,4.2301152148956485,1.6900353680663452e-05
45,0.0,0.05,7.0,1.6041851117260029e-06,3.5245348395239224e-07,3.5245348395239224e-07,4.551480364832168,1.1029350876725855e-05
45,0.0,0.05,7.25,1.0210578664260998e-06,2.0849574912181078e-07,2.0849574912181078e-07,4.8972598756896515,7.197865647262929e-06
45,0.0,0.05,7.5,6.498995402524903e-07,1.2333677884068486e-07,1.2333677884068486e-07,5.269308525496445,4.69739732893285e-06
45,0.0,0.05,7.75,4.136586439500956e-07,7.296053314693064e-08,7.296053314693064e-08,5.669622001213374,3.065566386561291e-06
45,0.0,0.05,8.0,2.6329219074097704e-07,4.3160194770129634e-08,4.3160194770129634e-08,6.100347603695168,2.0006175601259535e-06
45,0.0,0.05,8.25,1.675845016635171e-07,2.553164474338674e-08,2.553164474338674e-08,6.563795765916146,1.3056217645637496e-06
45,0.0,0.05,8.5,1.0666691297896697e-07,1.5103381409058225e-08,1.5103381409058225e-08,7.0624524462445,8.520609425221168e-07
45,0.0,0.05,8.75,6.789309400046655e-08,8.934486292606418e-09,8.934486292606418e-09,7.598992463243278,5.560628981597336e-07
45,0.0,0.05,9.0,4.3213702208341806e-08,5.285243294253105e-09,5.285243294253105e-09,8.17629384352658,3.628918124223618e-07
45,0.0,0.05,9.25,2.7505360980284868e-08,3.126514022699161e-09,3.126514022699161e-09,8.797453259633592,2.368265643708266e-07
45,0.0,0.05,9.5,1.7507060122003084e-08,1.8495061418957591e-09,1.8495061418957591e-09,9.46580264072992,1.5455521237616587e-07
45,0.0,0.05,9.75,1.1143178754684217e-08,1.0940852796678082e-09,1.0940852796678082e-09,10.184927045236883,1.0086416454364194e-07
45,0.0,0.05,10.0,7.092591896842052e-09,6.472120162622591e-10,6.472120162622591e-10,10.958683891258344,6.582488874454417e-08
45,0.0,0.05,10.25,4.514408403796185e-09,3.8286174010260163e-10,3.8286174010260163e-10,11.791223647958102,4.295793248558396e-08
45,0.0,0.05,10.5,2.8734041846309645e-09,2.264839161685074e-10,2.264839161685074e-10,12.687012098877295,2.8034744861713283e-08
45,0.0,0.05,10.75,1.8289110930486157e-09,1.339777755522846e-10,1.339777755522846e-10,13.650854296613442,1.829573430309774e-08
45,0.0,0.05,11.0,1.1640951190115547e-09,7.925527183388709e-11,7.925527183388709e-11,14.68792033735507,1.1939965753707734e-08
45,0.0,0.05,11.25,7.409422203501854e-10,4.6883881207686054e-11,4.6883881207686054e-11,15.80377309352786,7.792132297366998e-09
45,0.0,0.05,11.5,4.716069717426702e-10,2.7734411430743193e-11,2.7734411430743193e-11,17.004398053311515,5.085217745492952e-09
45,0.0,0.05,11.75,3.001760861881707e-10,1.6406439859412452e-11,1.6406439859412452e-11,18.296235427087993,3.318660224194903e-09
45,0.0,0.05,12.0,1.9106096414625044e-10,9.705317508996972e-12,9.705317508996972e-12,19.686214693041638,2.1657884154253113e-09
45,0.0,0.05,12.25,1.216095941687088e-10,5.741232635330333e-12,5.741232635330333e-12,21.181791767215465,1.413413589632307e-09
45,0.0,0.05,12.5,7.740405508766134e-11,3.3962569635074856e-12,3.3962569635074856e-12,22.790988997405623,9.224068062662924e-10
45,0.0,0.05,12.75,4.926739362111404e-11,2.0090740255310034e-12,2.0090740255310034e-12,24.52243819542316,6.019712294250652e-10
45,0.0,0.05,13.0,3.135851308395741e-11,1.1884785172128968e-12,1.1884785172128968e-12,26.385426938550236,3.9285200259950147e-10
45,0.0,0.05,13.25,1.9959577127199614e-11,7.030508422920072e-13,7.030508422920072e-13,28.389948388554156,2.56378857330479e-10
45,0.0,0.05,13.5,1.270419672099945e-11,4.1589349718044463e-13,4.1589349718044463e-13,30.546754895490594,1.6731521807445754e-10
45,0.0,0.05,13.75,8.086174035516631e-12,2.4602402926236693e-13,2.4602402926236693e-13,32.8674156738296,1.091914617716581e-10
45,0.0,0.05,14.0,5.146819745366737e-12,1.4553683427329141e-13,1.4553683427329141e-13,35.364378860281896,7.125935979424885e-11
45,0.0,0.05,14.25,3.275931655062934e-12,8.60930950273297e-14,8.60930950273297e-14,38.05103828620647,4.650451853920968e-11
45,0.0,0.05,14.5,2.085118333181238e-12,5.092883219835884e-14,5.092883219835884e-14,40.94180532277019,3.034927974103901e-11
45,0.0,0.05,14.75,1.3271700759230218e-12,3.012722388787655e-14,3.012722388787655e-14,44.052186184240036,1.980622119596962e-11
45,0.0,0.05,15.0,8.447388248407965e-13,1.782192090435343e-14,1.782192090435343e-14,47.3988651040668,1.2925723490339412e-11
45,0.0,0.05,15.25,5.376731250492714e-13,1.054265291429135e-14,1.054265291429135e-14,50.99979382992069,8.435446928296384e-12
45,0.0,0.05,15.5,3.422269474292639e-13,6.236562886106485e-15,6.236562886106485e-15,54.874287917734414,5.5050508339655884e-12
45,0.0,0.05,15.75,2.1782618116912493e-13,3.6892722304872775e-15,3.6892722304872775e-15,59.04313034127995,3.592647187772068e-12
45,0.0,0.05,16.0,1.3864555541036604e-13,2.182408778554274e-15,2.182408778554274e-15,63.52868297304555,2.3445948466398807e-12
45,1e-06,0.0,1.0,0.09069529037571063,0.11551629828262047,0.09069529037571063,0.7851298191170987,0.0
45,1e-06,0.0,1.25,0.05918869019763955,0.07006429184942073,0.05918869019763955,0.8447768276149202,0.0
45,1e-06,0.0,1.5,0.03862718366949021,0.04249625640222921,0.03862718366949021,0.9089549748543017,0.0
45,1e-06,0.0,1.75,0.02520854719667926,0.02577539767546289,0.02520854719667926,0.9780080801886814,0.0
45,1e-06,0.0,2.0,0.016451414391059883,0.015633684200955563,0.015633684200955563,1.0523056612627713,0.027084757390880527
45,1e-06,0.0,2.25,0.010736422519928485,0.009482424036646134,0.009482424036646134,1.1322445060921238,0.028700795368132706
45,1e-06,0.0,2.5,0.007006760426417901,0.005751496151123494,0.005751496151123494,1.218250041782468,0.02155897145437063
45,1e-06,0.0,2.75,0.00457274332725201,0.003488573999377185,0.003488573999377185,1.3107772195941325,0.01486494838061316
45,1e-06,0.0,3.0,0.0029842765146616958,0.0021160423338001657,0.0021160423338001657,1.41031040210915,0.009941455400064147
45,1e-06,0.0,3.25,0.0019476239862721387,0.0012835597972012558,0.0012835597972012558,1.517361318513438,0.006564611388378675
45,1e-06,0.0,3.5,0.0012710908815538769,0.0007786336150786729,0.0007786336150786729,1.6324634037607613,0.004309614192573405
45,1e-06,0.0,3.75,0.0008295753363818121,0.0004723804047296814,0.0004723804047296814,1.7561595021210388,0.0028212231488512532
45,1e-06,0.0,4.0,0.0005414346947171646,0.0002866284430175956,0.0002866284430175956,1.8889775523217243,0.0018442168421070567
45,1e-06,0.0,4.25,0.0003533881838692404,0.00017396418313744838,0.00017396418313744838,2.031384722394436,0.0012046459701781226
45,1e-06,0.0,4.5,0.00023066426036837755,0.00010562985526630713,0.00010562985526630713,2.183703270129849,0.0007865592203470414
45,1e-06,0.0,4.75,0.00015057067648752682,6.418299030160441e-05,6.418299030160441e-05,2.3459591985349264,0.0005134610988531219
45,1e-06,0.0,5.0,9.829824598299656e-05,3.9044195951542855e-05,3.9044195951542855e-05,2.517614810277896,0.0003351432660261742
45,1e-06,0.0,5.25,6.418234265074543e-05,2.3796746430019787e-05,2.3796746430019787e-05,2.697105792991049,0.00021873768473063058
45,1e-06,0.0,5.5,4.191572883215748e-05,1.454870081279533e-05,1.454870081279533e-05,2.881063358955964,0.00014275778917854782
45,1e-06,0.0,5.75,2.7382230665828895e-05,8.93947760352765e-06,8.93947760352765e-06,3.063068322361864,9.316791013694842e-05
45,1e-06,0.0,6.0,1.7895583683926815e-05,5.537311749935109e-06,5.537311749935109e-06,3.231817981737534,6.080332584337136e-05
45,1e-06,0.0,6.25,1.1702696334588153e-05,3.473793850303831e-06,3.473793850303831e-06,3.368851704762098,3.9681227617382545e-05
45,1e-06,0.0,6.5,7.65947509739311e-06,2.222206977311644e-06,2.222206977311644e-06,3.4467874395117333,2.5896495298818833e-05
45,1e-06,0.0,6.75,5.019264897515895e-06,1.4630811655480208e-06,1.4630811655480208e-06,3.4306127477458492,1.6900353680663452e-05
45,1e-06,0.0,7.0,3.2947833110465782e-06,1.0026480861341422e-06,1.0026480861341422e-06,3.286081484232521,1.1029350876725855e-05
45,1e-06,0.0,7.25,2.168017502898521e-06,7.23381306723723e-07,7.23381306723723e-07,2.9970604475773936,7.197865647262929e-06
45,1e-06,0.0,7.5,1.431422091638932e-06,5.539974427720991e-07,5.539974427720991e-07,2.583806315921541,4.69739732893285e-06
45,1e-06,0.0,7.75,9.495442922428758e-07,4.512609360248456e-07,4.512609360248456e-07,2.1042022839543897,3.065566386561291e-06
45,1e-06,0.0,8.0,6.339800924620825e-07,3.8894809481086254e-07,3.8894809481086254e-07,1.629986368156332,2.0006175601259535e-06
45,1e-06,0.0,8.25,4.2703038782010144e-07,3.511534461207768e-07,3.511534461207768e-07,1.2160791600866911,1.3056217645637496e-06
45,1e-06,0.0,8.5,2.9103479260119296e-07,3.2822983291717193e-07,2.9103479260119296e-07,0.8866798913876758,8.520609425221168e-07
45,1e-06,0.0,8.75,2.014107570127919e-07,3.143259586777922e-07,2.014107570127919e-07,0.6407703578158911,5.560628981597336e-07
45,1e-06,0.0,9.0,1.421108035437549e-07,3.0589283266281974e-07,1.421108035437549e-07,0.46457709488211885,3.628918124223618e-07
45,1e-06,0.0,9.25,1.0265785222392291e-07,3.007778831775187e-07,1.0265785222392291e-07,0.3413078486337188,2.368265643708266e-07
45,1e-06,0.0,9.5,7.621042309595548e-08,2.976755094918023e-07,7.621042309595548e-08,0.256018451857405,1.5455521237616587e-07
45,1e-06,0.0,9.75,5.8299947745970064e-08,2.9579382473352956e-07,5.8299947745970064e-08,0.19709656818728544,1.0086416454364194e-07
45,1e-06,0.0,10.0,4.600670696445754e-08,2.9465252523572324e-07,4.600670696445754e-08,0.15613885178025194,6.582488874454417e-08
45,1e-06,0.0,10.25,3.7422021306660635e-08,2.9396029209838904e-07,3.7422021306660635e-08,0.12730298041116184,4.295793248558396e-08
45,1e-06,0.0,10.5,3.1297254269567257e-08,2.935404314769268e-07,3.1297254269567257e-08,0.10661990960528828,2.8034744861713283e-08
45,1e-06,0.0,10.75,2.6814732342128088e-08,2.9328577313720395e-07,2.6814732342128088e-08,0.09142868423277972,1.829573430309774e-08
45,1e-06,0.0,11.0,2.3438230278450155e-08,2.931313150464105e-07,2.3438230278450155e-08,0.07995812482449804,1.1939965753707734e-08
45,1e-06,0.0,11.25,2.0815382433942676e-08,2.9303763147870365e-07,2.0815382433942676e-08,0.07103313771990892,7.792132297366998e-09
45,1e-06,0.0,11.5,1.8713982517536594e-08,2.9298080952257813e-07,1.8713982517536594e-08,0.06387443105243529,5.085217745492952e-09
45,1e-06,0.0,11.75,1.6980400154842664e-08,2.929463452640432e-07,1.6980400154842664e-08,0.05796419866422164,3.318660224194903e-09
45,1e-06,0.0,12.0,1.5512431938937275e-08,2.929254416345775e-07,1.5512431938937275e-08,0.052956929423320385,2.1657884154253113e-09
45,1e-06,0.0,12.25,1.4241573353246396e-08,2.929127629424072e-07,1.4241573353246396e-08,0.048620528549814634,1.413413589632307e-09
45,1e-06,0.0,12.5,1.3121439578673352e-08,2.9290507292688095e-07,1.3121439578673352e-08,0.044797583898278565,9.224068062662924e-10
45,1e-06,0.0,12.75,1.2120199803422908e-08,2.9290040869669056e-07,1.2120199803422908e-08,0.04137993476128547,6.019712294250652e-10
45,1e-06,0.0,13.0,1.1215631417450898e-08,2.9289757969807616e-07,1.1215631417450898e-08,0.03829199076691642,3.9285200259950147e-10
45,1e-06,0.0,13.25,1.039188455859623e-08,2.9289586382368026e-07,1.039188455859623e-08,0.03547979279370096,2.56378857330479e-10
45,1e-06,0.0,13.5,9.637363399061137e-09,2.928948230932509e-07,9.637363399061137e-09,0.03290383659663668,1.6731521807445754e-10
45,1e-06,0.0,13.75,8.943336737219631e-09,2.92894191858337e-07,8.943336737219631e-09,0.030534360140351366,1.091914617716581e-10
45,1e-06,0.0,14.0,8.303025015044306e-09,2.9289380899500825e-07,8.303025015044306e-09,0.028348243493210242,7.125935979424885e-11
45,1e-06,0.0,14.25,7.710998696027556e-09,2.9289357677666084e-07,7.710998696027556e-09,0.026326964151581235,4.650451853920968e-11
45,1e-06,0.0,14.5,7.1627802494499584e-09,2.9289343592911345e-07,7.1627802494499584e-09,0.024455243343806127,3.034927974103901e-11
45,1e-06,0.0,14.75,6.65457939071983e-09,2.9289335050075757e-07,6.65457939071983e-09,0.022720144992511935,1.980622119596962e-11
45,1e-06,0.0,15.0,6.183115639663495e-09,2.9289329868584054e-07,6.183115639663495e-09,0.02111047151780536,1.2925723490339412e-11
45,1e-06,0.0,15.25,5.745498192141966e-09,2.9289326725850473e-07,5.745498192141966e-09,0.01961635460562173,8.435446928296384e-12
45,1e-06,0.0,15.5,5.339143500481217e-09,2.92893248196862e-07,5.339143500481217e-09,0.018228974322045913,5.5050508339655884e-12
45,1e-06,0.0,15.75,4.9617177470515455e-09,2.9289323663539124e-07,4.9617177470515455e-09,0.016940362993865067,3.592647187772068e-12
45,1e-06,0.0,16.0,4.611095827320135e-09,2.928932296230048e-07,4.611095827320135e-09,0.015743265330015552,2.3445948466398807e-12
45,1e-06,0.05,1.0,0.0820644923715796,0.10452346907911805,0.0820644923715796,0.7851298191170986,0.0
45,1e-06,0.05,1.25,0.05223383576745611,0.0618315205388969,0.05223383576745611,0.8447768276149203,0.0
45,1e-06,0.05,1.5,0.03324672509116595,0.03657686685360311,0.03324672509116595,0.9089549748543014,0.0
45,1e-06,0.05,1.75,0.021161491927644323,0.02163733854178563,0.021161491927644323,0.9780080801886812,0.0
45,1e-06,0.05,2.0,0.013469278893590406,0.012799778039231694,0.012799778039231694,1.0523056612627713,0.027084757390880527
45,1e-06,0.05,2.25,0.008573207513616316,0.007571869386415699,0.007571869386415699,1.1322445060921238,0.028700795368132706
45,1e-06,0.05,2.5,0.0054568705068879925,0.004479269706327148,0.004479269706327148,1.2182500417824682,0.02155897145437063
45,1e-06,0.05,2.75,0.0034733283580436155,0.002649823559734348,0.002649823559734348,1.3107772195941325,0.01486494838061316
45,1e-06,0.05,3.0,0.0022108064176139144,0.0015676027166130284,0.0015676027166130284,1.410310402109149,0.009941455400064147
45,1e-06,0.05,3.25,0.0014072116046910316,0.0009274070635131782,0.0009274070635131782,1.5173613185134378,0.006564611388378675
45,1e-06,0.05,3.5,0.0008957226051810766,0.0005486938348005661,0.0005486938348005661,1.6324634037607608,0.004309614192573405
45,1e-06,0.05,3.75,0.0005701582346446339,0.0003246619876816503,0.0003246619876816503,1.756159502121039,0.0028212231488512532
45,1e-06,0.05,4.0,0.00036293452948810205,0.00019213279111867832,0.00019213279111867832,1.888977552321724,0.0018442168421070567
45,1e-06,0.05,4.25,0.0002310345170356201,0.00011373252663005903,0.00011373252663005903,2.0313847223944346,0.0012046459701781226
45,1e-06,0.05,4.5,0.000147078025983892,6.735256936953085e-05,6.735256936953085e-05,2.183703270129848,0.0007865592203470414
45,1e-06,0.05,4.75,9.363765364942193e-05,3.9914442547807087e-05,3.9914442547807087e-05,2.3459591985349277,0.0005134610988531219
45,1e-06,0.05,5.0,5.9620899984661626e-05,2.368150192843862e-05,2.368150192843862e-05,2.517614810277896,0.0003351432660261742
45,1e-06,0.05,5.25,3.796740909267747e-05,1.4077093005155061e-05,1.4077093005155061e-05,2.6971057929910476,0.00021873768473063058
45,1e-06,0.05,5.5,2.4183271801673144e-05,8.393870175224698e-06,8.393870175224698e-06,2.8810633589559624,0.00014275778917854782
45,1e-06,0.05,5.75,1.5408114514457032e-05,5.0302875720957445e-06,5.0302875720957445e-06,3.063068322361861,9.316791013694842e-05
45,1e-06,0.05,6.0,9.821304560433427e-06,3.0389411210445635e-06,3.0389411210445635e-06,3.2318179817375294,6.080332584337136e-05
45,1e-06,0.05,6.25,6.264001957575605e-06,1.859387858694112e-06,1.859387858694112e-06,3.3688517047620974,3.9681227617382545e-05
45,1e-06,0.05,6.5,3.998596626800244e-06,1.1600937675944067e-06,1.1600937675944067e-06,3.4467874395117324,2.5896495298818833e-05
45,1e-06,0.05,6.75,2.5555909493003086e-06,7.449371693087513e-07,7.449371693087513e-07,3.430612747745847,1.6900353680663452e-05
45,1e-06,0.05,7.0,1.6361409714429294e-06,4.979003044487983e-07,4.979003044487983e-07,3.2860814842325174,1.1029350876725855e-05
45,1e-06,0.05,7.25,1.0500241425790061e-06,3.50351339569334e-07,3.50351339569334e-07,2.9970604475773897,7.197865647262929e-06
45,1e-06,0.05,7.5,6.761559189448151e-07,2.61689862269594e-07,2.61689862269594e-07,2.583806315921541,4.69739732893285e-06
45,1e-06,0.05,7.75,4.374586456622797e-07,2.0789761944377877e-07,2.0789761944377877e-07,2.1042022839543892,3.065566386561291e-06
45,1e-06,0.05,8.0,2.8486561821692775e-07,1.7476564453673174e-07,1.7476564453673174e-07,1.6299863681563314,2.0006175601259535e-06
45,1e-06,0.05,8.25,1.8713965878864633e-07,1.5388772781477957e-07,1.5388772781477957e-07,1.2160791600866903,1.3056217645637496e-06
45,1e-06,0.05,8.5,1.2439261607435052e-07,1.4029033169983496e-07,1.2439261607435052e-07,0.8866798913876747,8.520609425221168e-07
45,1e-06,0.05,8.75,8.396049495332973e-08,1.3103055397180783e-07,8.396049495332973e-08,0.6407703578158911,5.560628981597336e-07
45,1e-06,0.05,9.0,5.777794104224754e-08,1.2436674489281065e-07,5.777794104224754e-08,0.4645770948821187,3.628918124223618e-07
45,1e-06,0.05,9.25,4.0707063821543045e-08,1.1926788084275392e-07,4.0707063821543045e-08,0.34130784863371866,2.368265643708266e-07
45,1e-06,0.05,9.5,2.9473697026030397e-08,1.1512333119819969e-07,2.9473697026030397e-08,0.2560184518574052,1.5455521237616587e-07
45,1e-06,0.05,9.75,2.1990294502911497e-08,1.1157116892068794e-07,2.1990294502911497e-08,0.1970965681872853,1.0086416454364194e-07
45,1e-06,0.05,10.0,1.6924921648222945e-08,1.0839660632347218e-07,1.6924921648222945e-08,0.15613885178025194,6.582488874454417e-08
45,1e-06,0.05,10.25,1.3426888973176034e-08,1.0547191377460306e-07,1.3426888973176034e-08,0.12730298041116175,4.295793248558396e-08
45,1e-06,0.05,10.5,1.0952090712451863e-08,1.027208778641531e-07,1.0952090712451863e-08,0.10661990960528829,2.8034744861713283e-08
45,1e-06,0.05,10.75,9.151807957365275e-09,1.0009777603344419e-07,9.151807957365275e-09,0.09142868423277972,1.829573430309774e-08
45,1e-06,0.05,11.0,7.801909112752844e-09,9.757493850534184e-08,7.801909112752844e-09,0.07995812482449804,1.1939965753707734e-08
45,1e-06,0.05,11.25,6.757765266187143e-09,9.513539008840796e-08,6.757765266187143e-09,0.07103313771990895,7.792132297366998e-09
45,1e-06,0.05,11.5,5.925534966568868e-09,9.276849701728887e-08,5.925534966568868e-09,0.0638744310524353,5.085217745492952e-09
45,1e-06,0.05,11.75,5.243869850512806e-09,9.046739144777621e-08,5.243869850512806e-09,0.05796419866422164,3.318660224194903e-09
45,1e-06,0.05,12.0,4.672254712689887e-09,8.82274475421603e-08,4.672254712689887e-09,0.052956929423320406,2.1657884154253113e-09
45,1e-06,0.05,12.25,4.183571837238567e-09,8.604537963737366e-08,4.183571837238567e-09,0.04862052854981466,1.413413589632307e-09
45,1e-06,0.05,12.5,3.759355381001068e-09,8.39187084182352e-08,3.759355381001068e-09,0.044797583898278585,9.224068062662924e-10
45,1e-06,0.05,12.75,3.386759166107374e-09,8.184544479456214e-08,3.386759166107374e-09,0.041379934761285486,6.019712294250652e-10
45,1e-06,0.05,13.0,3.0566161402064985e-09,7.98239025704393e-08,3.0566161402064985e-09,0.03829199076691643,3.9285200259950147e-10
45,1e-06,0.05,13.25,2.762193666185402e-09,7.785258730924148e-08,2.762193666185402e-09,0.035479792793700976,2.56378857330479e-10
45,1e-06,0.05,13.5,2.4983925995117853e-09,7.593013028052665e-08,2.4983925995117853e-09,0.032903836596636704,1.6731521807445754e-10
45,1e-06,0.05,13.75,2.2612296457843538e-09,7.405524908301979e-08,2.2612296457843538e-09,0.030534360140351397,1.091914617716581e-10
45,1e-06,0.05,14.0,2.0475007602411383e-09,7.22267240554618e-08,2.0475007602411383e-09,0.028348243493210263,7.125935979424885e-11
45,1e-06,0.05,14.25,1.854560446183118e-09,7.044338403414927e-08,1.854560446183118e-09,0.02632696415158124,4.650451853920968e-11
45,1e-06,0.05,14.5,1.6801754266660403e-09,6.870409764667438e-08,1.6801754266660403e-09,0.02445524334380613,3.034927974103901e-11
45,1e-06,0.05,14.75,1.5224262020302552e-09,6.700776788757348e-08,1.5224262020302552e-09,0.022720144992511942,1.980622119596962e-11
45,1e-06,0.05,15.0,1.3796395828943782e-09,6.535332864217349e-08,1.3796395828943782e-09,0.02111047151780538,1.2925723490339412e-11
45,1e-06,0.05,15.25,1.2503413887912201e-09,6.373974236950689e-08,1.2503413887912201e-09,0.019616354605621746,8.435446928296384e-12
45,1e-06,0.05,15.5,1.1332223899473628e-09,6.216599847731731e-08,1.1332223899473628e-09,0.018228974322045916,5.5050508339655884e-12
45,1e-06,0.05,15.75,1.0271130479117827e-09,6.063111211275404e-08,1.0271130479117827e-09,0.01694036299386507,3.592647187772068e-12
45,1e-06,0.05,16.0,9.309641916756205e-10,5.913412320509372e-08,9.309641916756205e-10,0.01574326533001556,2.3445948466398807e-12
45,0.0001,0.0,1.0,0.09073222241511159,0.11555673078438047,0.09073222241511159,0.7851747085542822,0.0
45,0.0001,0.0,1.25,0.059223014586467906,0.07010022460704358,0.059223014586467906,0.8448334497992072,0.0
45,0.0001,0.0,1.5,0.03865908452542857,0.042529459927072036,0.03865908452542857,0.9089954255642972,0.0
45,0.0001,0.0,1.75,0.02523819563746256,0.025806945836947127,0.02523819563746256,0.9779613518361284,0.0
45,0.0001,0.0,2.0,0.01647896945235915,0.015664228333809857,0.015664228333809857,1.0520128474372878,0.027084757390880527
45,0.0001,0.0,2.25,0.010762032008425905,0.009512359195353133,0.009512359195353133,1.1313735938065972,0.028700795368132706
45,0.0001,0.0,2.5,0.0070305617126490095,0.005781061948339189,0.005781061948339189,1.2161367194255344,0.02155897145437063
45,0.0001,0.0,2.75,0.004594864082467881,0.003517915767523887,0.003517915767523887,1.3061324904041158,0.01486494838061316
45,0.0001,0.0,3.0,0.0030048353956637214,0.002145248221447856,0.002145248221447856,1.4006935727165963,0.009941455400064147
45,0.0001,0.0,3.25,0.0019667312718928474,0.0013126832691602386,0.0013126832691602386,1.4982527149531069,0.006564611388378675
45,0.0001,0.0,3.5,0.0012888490641979314,0.0008077070993956132,0.0008077070993956132,1.5956886663028522,0.004309614192573405
45,0.0001,0.0,3.75,0.0008460796718002252,0.0005014235700091162,0.0005014235700091162,1.6873552070654416,0.0028212231488512532
45,0.0001,0.0,4.0,0.0005567737129637576,0.00031565321887121027,0.00031565321887121027,1.7638778243884372,0.0018442168421070567
45,0.0001,0.0,4.25,0.00036764416418013583,0.00020297780524048867,0.00020297780524048867,1.8112530271206253,0.0012046459701781226
45,0.0001,0.0,4.5,0.0002439136725118034,0.00013463671227765327,0.00013463671227765327,1.811643112680847,0.0007865592203470414
45,0.0001,0.0,4.75,0.00016288459095135325,9.318574407742229e-05,9.318574407742229e-05,1.747956112428769,0.0005134610988531219
45,0.0001,0.0,5.0,0.0001097427152002721,6.804446098920882e-05,6.804446098920882e-05,1.6128089429303616,0.0003351432660261742
45,0.0001,0.0,5.25,7.481875530814403e-05,5.279550197169262e-05,5.279550197169262e-05,1.417142607115652,0.00021873768473063058
45,0.0001,0.0,5.5,5.180113916186449e-05,4.354654079886761e-05,4.354654079886761e-05,1.1895580730768753,0.00014275778917854782
45,0.0001,0.0,5.75,3.6569664487203226e-05,3.7936762277057526e-05,3.6569664487203226e-05,0.9639637726627751,9.316791013694842e-05
45,0.0001,0.0,6.0,2.643432283656194e-05,3.4534259609382296e-05,2.643432283656194e-05,0.7654521375457617,6.080332584337136e-05
45,0.0001,0.0,6.25,1.9638543028484393e-05,3.247053742168324e-05,1.9638543028484393e-05,0.6048111484403744,3.9681227617382545e-05
45,0.0001,0.0,6.5,1.5034997598228431e-05,3.121882664171454e-05,1.5034997598228431e-05,0.48160034234402316,2.5896495298818833e-05
45,0.0001,0.0,6.75,1.1874025864882859e-05,3.04596256765707e-05,1.1874025864882859e-05,0.3898283580686372,1.6900353680663452e-05
45,0.0001,0.0,7.0,9.665552014472818e-06,2.9999147014327543e-05,9.665552014472818e-06,0.32219422805110315,1.1029350876725855e-05
45,0.0001,0.0,7.25,8.088967053987727e-06,2.971985258753361e-05,8.088967053987727e-06,0.2721738619047105,7.197865647262929e-06
45,0.0001,0.0,7.5,6.934312750295121e-06,2.955045195459622e-05,6.934312750295121e-06,0.2346601250278533,4.69739732893285e-06
45,0.0001,0.0,7.75,6.063893830241385e-06,2.9447705276944974e-05,6.063893830241385e-06,0.20592075929899006,3.065566386561291e-06
45,0.0001,0.0,8.0,5.387222128205715e-06,2.9385386266765878e-05,5.387222128205715e-06,0.1833299749507981,2.0006175601259535e-06
45,0.0001,0.0,8.25,4.844661541595743e-06,2.9347587876409315e-05,4.844661541595743e-06,0.16507869614354448,1.3056217645637496e-06
45,0.0001,0.0,8.5,4.3967514516848e-06,2.9324661993770273e-05,4.3967514516848e-06,0.1499335764763067,8.520609425221168e-07
45,0.0001,0.0,8.75,4.017236184237392e-06,2.931075674304872e-05,4.017236184237392e-06,0.1370567201472924,5.560628981597336e-07
45,0.0001,0.0,9.0,3.68851327114699e-06,2.9302322782155105e-05,3.68851327114699e-06,0.12587784588166734,3.628918124223618e-07
45,0.0001,0.0,9.25,3.3986604346507716e-06,2.9297207326290312e-05,3.3986604346507716e-06,0.11600629359648658,2.368265643708266e-07
45,0.0001,0.0,9.5,3.1394930376905764e-06,2.9294104645469906e-05,3.1394930376905764e-06,0.10717149664364545,1.5455521237616587e-07
45,0.0001,0.0,9.75,2.9052941906838604e-06,2.929222277442503e-05,2.9052941906838604e-06,0.099183124922171,1.0086416454364194e-07
45,0.0001,0.0,10.0,2.691983993129453e-06,2.9291081361938686e-05,2.691983993129453e-06,0.09190456166044662,6.582488874454417e-08
45,0.0001,0.0,10.25,2.4965755008993538e-06,2.929038906027034e-05,2.4965755008993538e-06,0.0852353137325077,4.295793248558396e-08
45,0.0001,0.0,10.5,2.3168179455517786e-06,2.928996915808272e-05,2.3168179455517786e-06,0.07909936446322412,2.8034744861713283e-08
45,0.0001,0.0,10.75,2.1509622788971718e-06,2.9289714474531845e-05,2.1509622788971718e-06,0.07343746149411898,1.829573430309774e-08
45,0.0001,0.0,11.0,1.9976066623325523e-06,2.9289560001149717e-05,1.9976066623325523e-06,0.06820200311148884,1.1939965753707734e-08
45,0.0001,0.0,11.25,1.8555942349857273e-06,2.9289466308307343e-05,1.8555942349857273e-06,0.06335363763386248,7.792132297366998e-09
45,0.0001,0.0,11.5,1.7239450981161808e-06,2.928940948072585e-05,1.7239450981161808e-06,0.05885899131051576,5.085217745492952e-09
45,0.0001,0.0,11.75,1.6018107210197538e-06,2.928937501305536e-05,1.6018107210197538e-06,0.05468913967285978,3.318660224194903e-09
45,0.0001,0.0,12.0,1.4884430646004313e-06,2.9289354107356434e-05,1.4884430646004313e-06,0.050818569065904665,2.1657884154253113e-09
45,0.0001,0.0,12.25,1.3831733889993434e-06,2.9289341427409074e-05,1.3831733889993434e-06,0.047224461923372735,1.413413589632307e-09
45,0.0001,0.0,12.5,1.2853974547104687e-06,2.928933373663224e-05,1.2853974547104687e-06,0.043886196465535134,9.224068062662924e-10
45,0.0001,0.0,12.75,1.1945649645309238e-06,2.928932907194029e-05,1.1945649645309238e-06,0.04078498901756472,6.019712294250652e-10
45,0.0001,0.0,13.0,1.1101718366766043e-06,2.9289326242661606e-05,1.1101718366766043e-06,0.037903631769431914,3.9285200259950147e-10
45,0.0001,0.0,13.25,1.0317543846123889e-06,2.9289324526617337e-05,1.0317543846123889e-06,0.03522629494834402,2.56378857330479e-10
45,0.0001,0.0,13.5,9.588847961210344e-07,2.9289323485783875e-05,9.588847961210344e-07,0.032738372963323895,1.6731521807445754e-10
45,0.0001,0.0,13.75,8.911675112901328e-07,2.928932285448647e-05,8.911675112901328e-07,0.030426361023011016,1.091914617716581e-10
45,0.0001,0.0,14.0,8.282362345616147e-07,2.928932247158524e-05,8.282362345616147e-07,0.02827775327903608,7.125935979424885e-11
45,0.0001,0.0,14.25,7.697514046484464e-07,2.9289322239343902e-05,7.697514046484464e-07,0.02628095653283677,4.650451853920968e-11
45,0.0001,0.0,14.5,7.153980042200251e-07,2.928932209848241e-05,7.153980042200251e-07,0.024425215503949563,3.034927974103901e-11
45,0.0001,0.0,14.75,6.648836293919995e-07,2.9289322013045596e-05,6.648836293919995e-07,0.022700546946626397,1.980622119596962e-11
45,0.0001,0.0,15.0,6.179367641472502e-07,2.928932196122555e-05,6.179367641472502e-07,0.021097680750865492,1.2925723490339412e-11
45,0.0001,0.0,15.25,5.743052213791036e-07,2.9289321929795102e-05,5.743052213791036e-07,0.019608006725306982,8.435446928296384e-12
45,0.0001,0.0,15.5,5.337547232343311e-07,2.928932191073157e-05,5.337547232343311e-07,0.01822352613218963,5.5050508339655884e-12
45,0.0001,0.0,15.75,4.960676007672647e-07,2.928932189916896e-05,4.960676007672647e-07,0.016936807293628054,3.592647187772068e-12
45,0.0001,0.0,16.0,4.610415978548004e-07,2.9289321892155878e-05,4.610415978548004e-07,0.01574094475633027,2.3445948466398807e-12
45,0.0001,0.05,1.0,0.08209790986275398,0.1045600539196153,0.08209790986275398,0.7851747085542822,0.0
45,0.0001,0.05,1.25,0.05226412693428024,0.0618632310862004,0.05226412693428024,0.8448334497992072,0.0
45,0.0001,0.05,1.5,0.03327418241232688,0.03660544539228076,0.03327418241232688,0.908995425564297,0.0
45,0.0001,0.05,1.75,0.02118638051941472,0.021663821867435935,0.02118638051941472,0.9779613518361281,0.0
45,0.0001,0.05,2.0,0.013491839069679065,0.012824785460125604,0.012824785460125604,1.0520128474372878,0.027084757390880527
45,0.0001,0.05,2.25,0.008593657105535639,0.0075957730961543745,0.0075957730961543745,1.1313735938065972,0.028700795368132706
45,0.0001,0.05,2.5,0.005475406967242886,0.004502295572350862,0.004502295572350862,1.2161367194255344,0.02155897145437063
45,0.0001,0.05,2.75,0.0034901306670502745,0.0026721107488647134,0.0026721107488647134,1.3061324904041156,0.01486494838061316
45,0.0001,0.05,3.0,0.002226036811257042,0.0015892389703336205,0.0015892389703336205,1.4006935727165952,0.009941455400064147
45,0.0001,0.05,3.25,0.0014210171412058455,0.0009484495686365712,0.0009484495686365712,1.4982527149531066,0.006564611388378675
45,0.0001,0.05,3.5,0.0009082365849853914,0.0005691815729253377,0.0005691815729253377,1.5956886663028516,0.004309614192573405
45,0.0001,0.05,3.75,0.0005815014874312793,0.00034462304380036,0.00034462304380036,1.6873552070654418,0.0028212231488512532
45,0.0001,0.05,4.0,0.0003732165809052997,0.0002115886802050474,0.0002115886802050474,1.763877824388437,0.0018442168421070567
45,0.0001,0.05,4.25,0.00024035464622028954,0.00013270075611820228,0.00013270075611820228,1.811253027120624,0.0012046459701781226
45,0.0001,0.05,4.5,0.00015552622415897967,8.584815799003256e-05,8.584815799003256e-05,1.8116431126808463,0.0007865592203470414
45,0.0001,0.05,4.75,0.00010129549304106406,5.7950821717322664e-05,5.7950821717322664e-05,1.74795611242877,0.0005134610988531219
45,0.0001,0.05,5.0,6.656232144907668e-05,4.1271051813575374e-05,4.1271051813575374e-05,1.6128089429303616,0.0003351432660261742
45,0.0001,0.05,5.25,4.425943605778071e-05,3.123146240579353e-05,3.123146240579353e-05,1.4171426071156517,0.00021873768473063058
45,0.0001,0.05,5.5,2.9886657416930906e-05,2.5124168456632794e-05,2.5124168456632794e-05,1.1895580730768749,0.00014275778917854782
45,0.0001,0.05,5.75,2.057792825758606e-05,2.134720084007232e-05,2.057792825758606e-05,0.9639637726627744,9.316791013694842e-05
45,0.0001,0.05,6.0,1.450746396497123e-05,1.895280351752095e-05,1.450746396497123e-05,0.765452137545761,6.080332584337136e-05
45,0.0001,0.05,6.25,1.0511754595458213e-05,1.7380226245109503e-05,1.0511754595458213e-05,0.6048111484403743,3.9681227617382545e-05
45,0.0001,0.05,6.5,7.848956999767172e-06,1.629765660374137e-05,7.848956999767172e-06,0.4816003423440231,2.5896495298818833e-05
45,0.0001,0.05,6.75,6.045736507565214e-06,1.5508713982528537e-05,6.045736507565214e-06,0.38982835806863714,1.6900353680663452e-05
45,0.0001,0.05,7.0,4.799771083418653e-06,1.4897135533592997e-05,4.799771083418653e-06,0.3221942280511031,1.1029350876725855e-05
45,0.0001,0.05,7.25,3.917685481716732e-06,1.4394054793874128e-05,3.917685481716732e-06,0.27217386190471043,7.197865647262929e-06
45,0.0001,0.05,7.5,3.275537409484972e-06,1.3958645121731596e-05,3.275537409484972e-06,0.23466012502785338,4.69739732893285e-06
45,0.0001,0.05,7.75,2.7936588151685073e-06,1.3566669162831747e-05,2.7936588151685073e-06,0.20592075929899006,3.065566386561291e-06
45,0.0001,0.05,8.0,2.4206349383360485e-06,1.320370517143034e-05,2.4206349383360485e-06,0.18332997495079817,2.0006175601259535e-06
45,0.0001,0.05,8.25,2.12310021417644e-06,1.286113995188267e-05,2.12310021417644e-06,0.16507869614354453,1.3056217645637496e-06
45,0.0001,0.05,8.5,1.8792372225173235e-06,1.2533798410486732e-05,1.8792372225173235e-06,0.14993357647630667,8.520609425221168e-07
45,0.0001,0.05,8.75,1.6746331892867844e-06,1.2218541254212748e-05,1.6746331892867844e-06,0.13705672014729245,5.560628981597336e-07
45,0.0001,0.05,9.0,1.499637585598916e-06,1.1913435403150006e-05,1.499637585598916e-06,0.12587784588166734,3.628918124223618e-07
45,0.0001,0.05,9.25,1.3476756451061026e-06,1.1617263196028174e-05,1.3476756451061026e-06,0.11600629359648659,2.368265643708266e-07
45,0.0001,0.05,9.5,1.2141707505247347e-06,1.1329232011772288e-05,1.2141707505247347e-06,0.10717149664364548,1.5455521237616587e-07
45,0.0001,0.05,9.75,1.0958547535774122e-06,1.1048802449381682e-05,1.0958547535774122e-06,0.09918312492217099,1.0086416454364194e-07
45,0.0001,0.05,10.0,9.903255670349314e-07,1.0775586642737254e-05,9.903255670349314e-07,0.09190456166044665,6.582488874454417e-08
45,0.0001,0.05,10.25,8.957624653417813e-07,1.050928806519015e-05,8.957624653417813e-07,0.0852353137325077,4.295793248558396e-08
45,0.0001,0.05,10.5,8.107420569667207e-07,1.0249665878714628e-05,8.107420569667207e-07,0.07909936446322413,2.8034744861713283e-08
45,0.0001,0.05,10.75,7.341185975247148e-07,9.996513803564743e-06,7.341185975247148e-07,0.07343746149411899,1.829573430309774e-08
45,0.0001,0.05,11.0,6.649454944931405e-07,9.74964757862263e-06,6.649454944931405e-07,0.06820200311148887,1.1939965753707734e-08
45,0.0001,0.05,11.25,6.02423246804046e-07,9.508897504601235e-06,6.02423246804046e-07,0.0633536376338625,7.792132297366998e-09
45,0.0001,0.05,11.5,5.458644064543624e-07,9.274103994997245e-06,5.458644064543624e-07,0.05885899131051577,5.085217745492952e-09
45,0.0001,0.05,11.75,4.946695525186517e-07,9.045114907231539e-06,4.946695525186517e-07,0.05468913967285977,3.318660224194903e-09
45,0.0001,0.05,12.0,4.483104358185099e-07,8.821783927782639e-06,4.483104358185099e-07,0.050818569065904685,2.1657884154253113e-09
45,0.0001,0.05,12.25,4.0631783390115457e-07,8.603969581706468e-06,4.0631783390115457e-07,0.04722446192337276,1.413413589632307e-09
45,0.0001,0.05,12.5,3.6827253664642843e-07,8.391534612384132e-06,3.6827253664642843e-07,0.04388619646553516,9.224068062662924e-10
45,0.0001,0.05,12.75,3.337984446422471e-07,8.184345581127687e-06,3.337984446422471e-07,0.04078498901756473,6.019712294250652e-10
45,0.0001,0.05,13.0,3.0255712122533804e-07,7.982272597670727e-06,3.0255712122533804e-07,0.03790363176943192,3.9285200259950147e-10
45,0.0001,0.05,13.25,2.7424336848294747e-07,7.78518912889076e-06,2.7424336848294747e-07,0.035226294948344034,2.56378857330479e-10
45,0.0001,0.05,13.5,2.4858154447579964e-07,7.592971854596443e-06,2.4858154447579964e-07,0.032738372963323915,1.6731521807445754e-10
45,0.0001,0.05,13.75,2.2532243334891923e-07,7.405500551923082e-06,2.2532243334891923e-07,0.030426361023011043,1.091914617716581e-10
45,0.0001,0.05,14.0,2.0424054086932255e-07,7.222657997399588e-06,2.0424054086932255e-07,0.028277753279036106,7.125935979424885e-11
45,0.0001,0.05,14.25,1.8513172738446056e-07,7.0443298801985196e-06,1.8513172738446056e-07,0.026280956532836772,4.650451853920968e-11
45,0.0001,0.05,14.5,1.6781111595161908e-07,6.870404722713051e-06,1.6781111595161908e-07,0.02442521550394956,3.034927974103901e-11
45,0.0001,0.05,14.75,1.5211123036550913e-07,6.700773806162183e-06,1.5211123036550913e-07,0.022700546946626404,1.980622119596962e-11
45,0.0001,0.05,15.0,1.378803291457786e-07,6.53533109984718e-06,1.378803291457786e-07,0.021097680750865516,1.2925723490339412e-11
45,0.0001,0.05,15.25,1.2498090923974215e-07,6.373973193228051e-06,1.2498090923974215e-07,0.019608006725307,8.435446928296384e-12
45,0.0001,0.05,15.5,1.1328835852694079e-07,6.216599230312006e-06,1.1328835852694079e-07,0.01822352613218963,5.5050508339655884e-12
45,0.0001,0.05,15.75,1.0268973999924254e-07,6.063110846037454e-06,1.0268973999924254e-07,0.016936807293628058,3.592647187772068e-12
45,0.0001,0.05,16.0,9.308269325757643e-08,5.9134121044509034e-06,9.308269325757643e-08,0.015740944756330276,2.3445948466398807e-12
45,0.01,0.0,1.0,0.09442542635520709,0.11959998096038144,0.09442542635520709,0.7895103794915014,0.0
45,0.01,0.0,1.25,0.06265545346930304,0.07369350036933027,0.06265545346930304,0.8502168190585633,0.0
45,0.01,0.0,1.5,0.04184917011926497,0.0458498124113548,0.04184917011926497,0.9127446311841603,0.0
45,0.01,0.0,1.75,0.028203039715792307,0.028961761985371242,0.028203039715792307,0.9738026205048516,0.0
45,0.01,0.0,2.0,0.019234475582285825,0.01871864161923921,0.01871864161923921,1.0275572327062683,0.027084757390880527
45,0.01,0.0,2.25,0.013322980858168085,0.01250587506605324,0.01250587506605324,1.0653377542794147,0.028700795368132706
45,0.01,0.0,2.5,0.009410690335759826,0.00873764166990877,0.00873764166990877,1.0770286412830297,0.02155897145437063
45,0.01,0.0,2.75,0.006806939604055011,0.006452092582194087,0.006452092582194087,1.0549971993334688,0.01486494838061316
45,0.01,0.0,3.0,0.005060723495866256,0.005065836986216893,0.005060723495866256,0.9989905931903159,0.009941455400064147
45,0.01,0.0,3.25,0.0038774598339637355,0.004225030465058515,0.0038774598339637355,0.9177353550538324,0.006564611388378675
45,0.01,0.0,3.5,0.0030646673286033824,0.0037150555310896402,0.0030646673286033824,0.8249317683023983,0.004309614192573405
45,0.01,0.0,3.75,0.002496513213641524,0.003405740097952592,0.002496513213641524,0.7330310422519726,0.0028212231488512532
45,0.01,0.0,4.0,0.002090675537623047,0.003218130804232679,0.002090675537623047,0.6496552392691014,0.0018442168421070567
45,0.01,0.0,4.25,0.0017932421952696802,0.0031043400155445194,0.0017932421952696802,0.5776565022807706,0.0012046459701781226
45,0.01,0.0,4.5,0.0015688548868543876,0.003035322413412269,0.0015688548868543876,0.5168659777037333,0.0007865592203470414
45,0.01,0.0,4.75,0.0013942760373339962,0.0029934611216592107,0.0013942760373339962,0.46577389204947456,0.0005134610988531219
45,0.01,0.0,5.0,0.0012541896369278253,0.0029680709647558054,0.0012541896369278253,0.42256052898351515,0.0003351432660261742
45,0.01,0.0,5.25,0.0011384600210480056,0.002952671056138976,0.0011384600210480056,0.38556954005459004,0.00021873768473063058
45,0.01,0.0,5.5,0.0010403421721325655,0.002943330539406096,0.0010403421721325655,0.3534574721405518,0.00014275778917854782
45,0.01,0.0,5.75,0.0009553130466246361,0.0029376652296300453,0.0009553130466246361,0.32519466036807176,9.316791013694842e-05
45,0.01,0.0,6.0,0.000880308238100074,0.002934229045554101,0.000880308238100074,0.30001347012562074,6.080332584337136e-05
45,0.01,0.0,6.25,0.0008132232124181085,0.002932144894559624,0.0008132232124181085,0.2773475532969,3.9681227617382545e-05
45,0.01,0.0,6.5,0.0007525872476817604,0.0029308807930820036,0.0007525872476817604,0.2567785252331495,2.5896495298818833e-05
45,0.01,0.0,6.75,0.0006973501226015793,0.0029301140767788387,0.0006973501226015793,0.23799418873417957,1.6900353680663452e-05
45,0.01,0.0,7.0,0.0006467424223570967,0.0029296490398336675,0.0006467424223570967,0.22075764487947536,1.1029350876725855e-05
45,0.01,0.0,7.25,0.0006001839221629082,0.002929366980668522,0.0006001839221629082,0.204885194010734,7.197865647262929e-06
45,0.01,0.0,7.5,0.0005572233786159141,0.0029291959031370086,0.0005572233786159141,0.19023083366297158,4.69739732893285e-06
45,0.01,0.0,7.75,0.0005174988476300923,0.0029290921393689577,0.0005174988476300923,0.17667551002392914,3.065566386561291e-06
45,0.01,0.0,8.0,0.000480711425702569,0.0029290292034622675,0.000480711425702569,0.16411971076776655,2.0006175601259535e-06
45,0.01,0.0,8.25,0.0004466077769191599,0.002928991030905263,0.0004466077769191599,0.15247836958419325,1.3056217645637496e-06
45,0.01,0.0,8.5,0.00041496841736004544,0.00292896787807908,0.00041496841736004544,0.14167735346834745,8.520609425221168e-07
45,0.01,0.0,8.75,0.0003855997789066975,0.0029289538351801414,0.0003855997789066975,0.13165102647750734,5.560628981597336e-07
45,0.01,0.0,9.0,0.00035832876003147053,0.0029289453177313834,0.00035832876003147053,0.1223405428097969,3.628918124223618e-07
45,0.01,0.0,9.25,0.00033299891867733563,0.0029289401516375694,0.00033299891867733563,0.11369263332033468,2.368265643708266e-07
45,0.01,0.0,9.5,0.00030946775449715265,0.0029289370182432805,0.00030946775449715265,0.10565872621008607,1.5455521237616587e-07
45,0.01,0.0,9.75,0.0002876047184844729,0.002928935117743575,0.0002876047184844729,0.09819429482823128,1.0086416454364194e-07
45,0.01,0.0,10.0,0.000267289712609629,0.002928933965032235,0.000267289712609629,0.09125836082367507,6.582488874454417e-08
45,0.01,0.0,10.25,0.00024841192346016866,0.0029289332658774653,0.00024841192346016866,0.08481310460508157,4.295793248558396e-08
45,0.01,0.0,10.5,0.0002308688870737729,0.0029289328418186616,0.0002308688870737729,0.07882355094574976,2.8034744861713283e-08
45,0.01,0.0,10.75,0.00021456571693440152,0.0029289325846139956,0.00021456571693440152,0.07325730816118431,1.829573430309774e-08
45,0.01,0.0,11.0,0.00019941444986774275,0.00292893242861148,0.00019941444986774275,0.06808434633716669,1.1939965753707734e-08
45,0.01,0.0,11.25,0.0001853334794901642,0.0029289323339911715,0.0001853334794901642,0.06327680477261678,7.792132297366998e-09
45,0.01,0.0,11.5,0.00017224705665798057,0.0029289322766010532,0.00017224705665798057,0.058808821915769464,5.085217745492952e-09
45,0.01,0.0,11.75,0.00016008484280751083,0.002928932241792187,0.00016008484280751083,0.05465638314307892,3.318660224194903e-09
45,0.01,0.0,12.0,0.00014878150633074983,0.002928932220679542,0.00014878150633074983,0.05079718311003831,2.1657884154253113e-09
45,0.01,0.0,12.25,0.00013827635495360904,0.002928932207874076,0.00013827635495360904,0.047210500325637436,1.413413589632307e-09
45,0.01,0.0,12.5,0.00012851299896789,0.002928932200107168,0.00012851299896789,0.04387708222238391,9.224068062662924e-10
45,0.01,0.0,12.75,0.000119439041437281,0.0029289321953963002,0.000119439041437281,0.040779039414096184,6.019712294250652e-10
45,0.01,0.0,13.0,0.00011100579236259195,0.0029289321925390142,0.00011100579236259195,0.037899748121640174,3.9285200259950147e-10
45,0.01,0.0,13.25,0.00010316800438999164,0.002928932190805983,0.00010316800438999164,0.035223759947000305,2.56378857330479e-10
45,0.01,0.0,13.5,9.588362806831836e-05,0.0029289321897548464,9.588362806831836e-05,0.032736718317928654,1.6731521807445754e-10
45,0.01,0.0,13.75,8.911358496658147e-05,0.0029289321891172995,8.911358496658147e-05,0.030425281028250054,1.091914617716581e-10
45,0.01,0.0,14.0,8.282155718921866e-05,0.002928932188730608,8.282155718921866e-05,0.028277048375474106,7.125935979424885e-11
45,0.01,0.0,14.25,7.697379199989034e-05,0.0029289321884960677,7.697379199989034e-05,0.0262804964560871,4.650451853920968e-11
45,0.01,0.0,14.5,7.153892040127754e-05,0.0029289321883538117,7.153892040127754e-05,0.02442491522532843,3.034927974103901e-11
45,0.01,0.0,14.75,6.648778862951998e-05,0.002928932188267529,6.648778862951998e-05,0.022700350966079443,1.980622119596962e-11
45,0.01,0.0,15.0,6.179330161490593e-05,0.0029289321882151964,6.179330161490593e-05,0.021097552843161217,1.2925723490339412e-11
45,0.01,0.0,15.25,5.743027754007527e-05,0.002928932188183455,5.743027754007527e-05,0.01960792324649003,8.435446928296384e-12
45,0.01,0.0,15.5,5.337531269661931e-05,0.0029289321881642025,5.337531269661931e-05,0.0182234716502856,5.5050508339655884e-12
45,0.01,0.0,15.75,4.960665590278858e-05,0.0029289321881525252,4.960665590278858e-05,0.016936771736623522,3.592647187772068e-12
45,0.01,0.0,16.0,4.610409180060282e-05,0.0029289321881454428,4.610409180060282e-05,0.01574092155059256,2.3445948466398807e-12
45,0.01,0.05,1.0,0.08543965898019024,0.10821853796934146,0.08543965898019024,0.7895103794915015,0.0
45,0.01,0.05,1.25,0.05529324361669318,0.0650342858165507,0.05529324361669318,0.8502168190585634,0.0
45,0.01,0.05,1.5,0.036019914528420544,0.039463299260045694,0.036019914528420544,0.91274463118416,0.0
45,0.01,0.05,1.75,0.02367523969645464,0.024312154432466627,0.02367523969645464,0.9738026205048514,0.0
45,0.01,0.05,2.0,0.015747856678544926,0.015325527549516571,0.015325527549516571,1.0275572327062683,0.027084757390880527
45,0.01,0.05,2.25,0.01063861629746794,0.009986144070022008,0.009986144070022008,1.0653377542794147,0.028700795368132706
45,0.01,0.05,2.5,0.007329053002732254,0.006804882174722288,0.006804882174722288,1.0770286412830297,0.02155897145437063
45,0.01,0.05,2.75,0.00517036156771619,0.0049008296619012315,0.0049008296619012315,1.0549971993334688,0.01486494838061316
45,0.01,0.05,3.0,0.0037490761755698005,0.0037528643423928344,0.0037490761755698005,0.9989905931903154,0.009941455400064147
45,0.01,0.05,3.25,0.0028015707926872463,0.003052700080975863,0.0028015707926872463,0.9177353550538323,0.006564611388378675
45,0.01,0.05,3.5,0.00215963456541687,0.002617955385402499,0.00215963456541687,0.8249317683023983,0.004309614192573405
45,0.01,0.05,3.75,0.0017158267660958154,0.002340728655671332,0.0017158267660958154,0.7330310422519727,0.0028212231488512532
45,0.01,0.05,4.0,0.001401421722625066,0.0021571775888419584,0.001401421722625066,0.6496552392691015,0.0018442168421070567
45,0.01,0.05,4.25,0.0011723675646872342,0.0020295237049325274,0.0011723675646872342,0.5776565022807705,0.0012046459701781226
45,0.01,0.05,4.5,0.0010003460416677492,0.001935407020040205,0.0010003460416677492,0.5168659777037331,0.0007865592203470414
45,0.01,0.05,4.75,0.0008670794322052768,0.0018615887386688804,0.0008670794322052768,0.46577389204947467,0.0005134610988531219
45,0.01,0.05,5.0,0.0007607044678905822,0.001800226040327251,0.0007607044678905822,0.42256052898351526,0.0003351432660261742
45,0.01,0.05,5.25,0.0006734621325681048,0.0017466684024696406,0.0006734621325681048,0.38556954005459,0.00021873768473063058
45,0.01,0.05,5.5,0.0006002252189427074,0.0016981539965974426,0.0006002252189427074,0.3534574721405519,0.00014275778917854782
45,0.01,0.05,5.75,0.0005375593025704889,0.00165303852763773,0.0005375593025704889,0.3251946603680717,9.316791013694842e-05
45,0.01,0.05,6.0,0.00048312340441875154,0.0016103390431651595,0.00048312340441875154,0.3000134701256209,6.080332584337136e-05
45,0.01,0.05,6.25,0.000435287018383719,0.0015694640648866486,0.000435287018383719,0.2773475532968999,3.9681227617382545e-05
45,0.01,0.05,6.5,0.0003928849942964599,0.0015300539402184374,0.0003928849942964599,0.25677852523314953,2.5896495298818833e-05
45,0.01,0.05,6.75,0.00035506029233405576,0.001491886395304507,0.00035506029233405576,0.23799418873417963,1.6900353680663452e-05
45,0.01,0.05,7.0,0.000321162782280991,0.0014548206584480128,0.000321162782280991,0.2207576448794754,1.1029350876725855e-05
45,0.01,0.05,7.25,0.0002906838193954893,0.0014187644002243535,0.0002906838193954893,0.204885194010734,7.197865647262929e-06
45,0.01,0.05,7.5,0.00026321368646350067,0.001383654171067932,0.00026321368646350067,0.19023083366297164,4.69739732893285e-06
45,0.01,0.05,7.75,0.00023841367576579123,0.0013494438235016285,0.00023841367576579123,0.17667551002392914,3.065566386561291e-06
45,0.01,0.05,8.0,0.0002159975669502481,0.0013160976578607912,0.0002159975669502481,0.16411971076776657,2.0006175601259535e-06
45,0.01,0.05,8.25,0.00019571915575295582,0.0012835863623586717,0.00019571915575295582,0.1524783695841933,1.3056217645637496e-06
45,0.01,0.05,8.5,0.00017736369786681462,0.0012518846062891764,0.00017736369786681462,0.14167735346834745,8.520609425221168e-07
45,0.01,0.05,8.75,0.00016074190262263226,0.0012209696112783068,0.00016074190262263226,0.13165102647750737,5.560628981597336e-07
45,0.01,0.05,9.0,0.00014568560204126577,0.0011908203012288695,0.00014568560204126577,0.12234054280979692,3.628918124223618e-07
45,0.01,0.05,9.25,0.00013204453377356208,0.0011614167947145702,0.00013204453377356208,0.1136926333203347,2.368265643708266e-07
45,0.01,0.05,9.5,0.00011968387610039516,0.0011327401000691814,0.00011968387610039516,0.1056587262100861,1.5455521237616587e-07
45,0.01,0.05,9.75,0.00010848230066102748,0.001104771930495481,0.00010848230066102748,0.09819429482823126,1.0086416454364194e-07
45,0.01,0.05,10.0,9.833039010570577e-05,0.0010774945902841154,9.833039010570577e-05,0.0912583608236751,6.582488874454417e-08
45,0.01,0.05,10.25,8.91293201022023e-05,0.0010508909032067447,8.91293201022023e-05,0.08481310460508158,4.295793248558396e-08
45,0.01,0.05,10.5,8.078973868239362e-05,0.001024944165963762,8.078973868239362e-05,0.07882355094574979,2.8034744861713283e-08
45,0.01,0.05,10.75,7.323079755425966e-05,0.0009996381165566946,7.323079755425966e-05,0.07325730816118431,1.829573430309774e-08
45,0.01,0.05,11.0,6.63793040325319e-05,0.0009749569115903514,6.63793040325319e-05,0.06808434633716669,1.1939965753707734e-08
45,0.01,0.05,11.25,6.016897140058994e-05,0.000950885108955884,6.016897140058994e-05,0.06327680477261682,7.792132297366998e-09
45,0.01,0.05,11.5,5.4539751555233724e-05,0.0009274076537929928,5.4539751555233724e-05,0.05880882191576949,5.085217745492952e-09
45,0.01,0.05,11.75,4.943723781933255e-05,0.0009045098664856078,4.943723781933255e-05,0.05465638314307893,3.318660224194903e-09
45,0.01,0.05,12.0,4.481212854640051e-05,0.0008821774319518304,4.481212854640051e-05,0.050797183110038335,2.1657884154253113e-09
45,0.01,0.05,12.25,4.061974404029275e-05,0.000860396389788616,4.061974404029275e-05,0.04721050032563746,1.413413589632307e-09
45,0.01,0.05,12.5,3.6819590663189164e-05,0.0008391531250089737,3.6819590663189164e-05,0.043877082222383935,9.224068062662924e-10
45,0.01,0.05,12.75,3.3374966992256216e-05,0.0008184343592144402,3.3374966992256216e-05,0.040779039414096184,6.019712294250652e-10
45,0.01,0.05,13.0,3.0252607629738494e-05,0.0007982271421076994,3.0252607629738494e-05,0.03789974812164019,3.9285200259950147e-10
45,0.01,0.05,13.25,2.7422360850159154e-05,0.0007785188432870427,2.7422360850159154e-05,0.03522375994700032,2.56378857330479e-10
45,0.01,0.05,13.5,2.4856896732104584e-05,0.0007592971442861882,2.4856896732104584e-05,0.03273671831792867,1.6731521807445754e-10
45,0.01,0.05,13.75,2.2531442803662405e-05,0.0007405500308359293,2.2531442803662405e-05,0.03042528102825007,1.091914617716581e-10
45,0.01,0.05,14.0,2.0423544551777464e-05,0.0007222657853318121,2.0423544551777464e-05,0.02827704837547413,7.125935979424885e-11
45,0.01,0.05,14.25,1.8512848421212207e-05,0.0007044329794966354,1.8512848421212207e-05,0.026280496456087103,4.650451853920968e-11
45,0.01,0.05,14.5,1.6780905168446926e-05,0.0006870404672293507,1.6780905168446926e-05,0.02442491522532843,3.034927974103901e-11
45,0.01,0.05,14.75,1.5210991646713397e-05,0.0006700773776336231,1.5210991646713397e-05,0.022700350966079443,1.980622119596962e-11
45,0.01,0.05,15.0,1.3787949285434199e-05,0.0006535331082203478,1.3787949285434199e-05,0.021097552843161237,1.2925723490339412e-11
45,0.01,0.05,15.25,1.2498037694334834e-05,0.0006373973182790825,1.2498037694334834e-05,0.019607923246490043,8.435446928296384e-12
45,0.01,0.05,15.5,1.1328801972226284e-05,0.0006216599224137809,1.1328801972226284e-05,0.018223471650285605,5.5050508339655884e-12
45,0.01,0.05,15.75,1.0268952435132317e-05,0.0006063110842385074,1.0268952435132317e-05,0.016936771736623522,3.592647187772068e-12
45,0.01,0.05,16.0,9.308255599847656e-06,0.0005913412102290318,9.308255599847656e-06,0.015740921550592566,2.3445948466398807e-12
45,1.0,0.0,1.0,0.46374582036475864,0.5239249985604761,0.46374582036475864,0.8851377995685177,0.0
45,1.0,0.0,1.25,0.40589934175281694,0.4330210765979986,0.40589934175281694,0.9373662477164812,0.0
45,1.0,0.0,1.5,0.36085772950290507,0.3778850608396313,0.36085772950290507,0.9549404485615471,0.0
45,1.0,0.0,1.75,0.32468744754876727,0.3444433768277827,0.32468744754876727,0.9426438985096435,0.0
45,1.0,0.0,2.0,0.29478508857495334,0.3241599701621747,0.29478508857495334,0.9093815267427211,0.027084757390880527
45,1.0,0.0,2.25,0.269417865832386,0.31185746213606386,0.269417865832386,0.863913481457239,0.028700795368132706
45,1.0,0.0,2.5,0.24742355264684143,0.30439561382686686,0.24742355264684143,0.8128354726805301,0.02155897145437063
45,1.0,0.0,2.75,0.22801449176276792,0.29986977404921406,0.22801449176276792,0.7603783758657403,0.01486494838061316
45,1.0,0.0,3.0,0.21064953351611967,0.2971247134631206,0.21064953351611967,0.7089599887565923,0.009941455400064147
45,1.0,0.0,3.25,0.19495031604105256,0.29545975005488617,0.19495031604105256,0.6598202157987257,0.006564611388378675
45,1.0,0.0,3.5,0.18064649376914846,0.2944498987004924,0.18064649376914846,0.6135050294342193,0.004309614192573405
45,1.0,0.0,3.75,0.16753986739777138,0.2938373928923002,0.16753986739777138,0.5701788521489487,0.0028212231488512532
45,1.0,0.0,4.0,0.15548085800355202,0.2934658893403796,0.15548085800355202,0.5298089612834556,0.0018442168421070567
45,1.0,0.0,4.25,0.1443530453042241,0.2932405610459476,0.1443530453042241,0.4922683437425478,0.0012046459701781226
45,1.0,0.0,4.5,0.1340629763211128,0.2931038925268738,0.1340629763211128,0.457390637720108,0.0007865592203470414
45,1.0,0.0,4.75,0.12453342067559828,0.29302099887983807,0.12453342067559828,0.4249982805043501,0.0005134610988531219
45,1.0,0.0,5.0,0.11569888180968316,0.2929707213414155,0.11569888180968316,0.39491619258039323,0.0003351432660261742
45,1.0,0.0,5.25,0.10750258659503414,0.29294022647286727,0.10750258659503414,0.3669778913241581,0.00021873768473063058
45,1.0,0.0,5.5,0.09989444546920266,0.2929217304001289,0.09989444546920266,0.3410277732988522,0.00014275778917854782
45,1.0,0.0,5.75,0.09282965126036792,0.2929105119649288,0.09282965126036792,0.31692154247944077,9.316791013694842e-05
45,1.0,0.0,6.0,0.08626769976445128,0.29290370764002593,0.08626769976445128,0.29452580323931216,6.080332584337136e-05
45,1.0,0.0,6.25,0.08017169015138051,0.29289958060835375,0.08017169015138051,0.2737173265487904,3.9681227617382545e-05
45,1.0,0.0,6.5,0.07450781225603495,0.2928970774371109,0.07450781225603495,0.2543822318337499,2.5896495298818833e-05
45,1.0,0.0,6.75,0.06924495979627122,0.29289555918700566,0.06924495979627122,0.23641519177851464,1.6900353680663452e-05
45,1.0,0.0,7.0,0.06435442945661948,0.29289463832176765,0.06435442945661948,0.21971870098189067,1.1029350876725855e-05
45,1.0,0.0,7.25,0.059809679433054964,0.29289407978876736,0.059809679433054964,0.20420241841756986,7.197865647262929e-06
45,1.0,0.0,7.5,0.055586129965177804,0.2928937410213783,0.055586129965177804,0.18978258043800458,4.69739732893285e-06
45,1.0,0.0,7.75,0.05166099422761518,0.2928935355485702,0.05166099422761518,0.17638147639843793,3.065566386561291e-06
45,1.0,0.0,8.0,0.048013131783138895,0.2928934109230124,0.048013131783138895,0.1639269781857921,2.0006175601259535e-06
45,1.0,0.0,8.25,0.044622919314675574,0.29289333533379064,0.044622919314675574,0.15235211570731666,1.3056217645637496e-06
45,1.0,0.0,8.5,0.04147213500819611,0.2928932894866101,0.04147213500819611,0.14159469163970742,8.520609425221168e-07
45,1.0,0.0,8.75,0.0385438540511527,0.2928932616788894,0.0385438540511527,0.1315969299881329,5.560628981597336e-07
45,1.0,0.0,9.0,0.03582235343606382,0.2928932448126542,0.03582235343606382,0.12230515408089106,3.628918124223618e-07
45,1.0,0.0,9.25,0.03329302474294582,0.2928932345827655,0.03329302474294582,0.11366949048984573,2.368265643708266e-07
45,1.0,0.0,9.5,0.030942293900443358,0.29289322837802434,0.030942293900443358,0.10564359603598451,1.5455521237616587e-07
45,1.0,0.0,9.75,0.028757547147863372,0.29289322461465855,0.028757547147863372,0.09818440554812387,1.0086416454364194e-07
45,1.0,0.0,10.0,0.026727062574259584,0.2928932223320619,0.026727062574259584,0.09125189842719647,6.582488874454417e-08
45,1.0,0.0,10.25,0.0248399467193871,0.29289322094759696,0.0248399467193871,0.08480888236000295,4.295793248558396e-08
45,1.0,0.0,10.5,0.023086075799895887,0.29289322010787655,0.023086075799895887,0.07882079274963405,2.8034744861713283e-08
45,1.0,0.0,10.75,0.021456041182484835,0.2928932195985604,0.021456041182484835,0.07325550660371208,1.829573430309774e-08
45,1.0,0.0,11.0,0.019941098770408762,0.2928932192896445,0.019941098770408762,0.06808316975985998,1.1939965753707734e-08
45,1.0,0.0,11.25,0.01853312200500801,0.29289321910227756,0.01853312200500801,0.06327603644021643,7.792132297366998e-09
45,1.0,0.0,11.5,0.01722455821264442,0.2928932189886338,0.01722455821264442,0.05880832022032182,5.085217745492952e-09
45,1.0,0.0,11.75,0.01600838805145662,0.2928932189197053,0.01600838805145662,0.05465605557718702,3.318660224194903e-09
45,1.0,0.0,12.0,0.014878087832945688,0.2928932188778981,0.014878087832945688,0.050796969250244385,2.1657884154253113e-09
45,1.0,0.0,12.25,0.013827594511414578,0.29289321885254077,0.013827594511414578,0.047210360709566926,1.413413589632307e-09
45,1.0,0.0,12.5,0.012851273150285843,0.29289321883716074,0.012851273150285843,0.04387699107991551,9.224068062662924e-10
45,1.0,0.0,12.75,0.011943886688712288,0.2928932188278323,0.011943886688712288,0.04077897991804689,6.019712294250652e-10
45,1.0,0.0,13.0,0.011100567844954126,0.2928932188221743,0.011100567844954126,0.03789970928515648,3.9285200259950147e-10
45,1.0,0.0,13.25,0.010316793004927917,0.29289321881874253,0.010316793004927917,0.03522373459698458,2.56378857330479e-10
45,1.0,0.0,13.5,0.00958835795528805,0.2928932188166611,0.00958835795528805,0.032736701771473795,1.6731521807445754e-10
45,1.0,0.0,13.75,0.008911355330495713,0.29289321881539865,0.008911355330495713,0.030425270228302072,1.091914617716581e-10
45,1.0,0.0,14.0,0.008282153652654922,0.2928932188146329,0.008282153652654922,0.028277041326438337,7.125935979424885e-11
45,1.0,0.0,14.25,0.007697377851524078,0.29289321881416847,0.007697377851524078,0.02628049185531954,4.650451853920968e-11
45,1.0,0.0,14.5,0.007153891160107028,0.29289321881388675,0.007153891160107028,0.024424912222542196,3.034927974103901e-11
45,1.0,0.0,14.75,0.006648778288642317,0.29289321881371594,0.006648778288642317,0.022700349006273955,1.980622119596962e-11
45,1.0,0.0,15.0,0.006179329786690773,0.2928932188136123,0.006179329786690773,0.02109755156408417,1.2925723490339412e-11
45,1.0,0.0,15.25,0.005743027509409692,0.2928932188135494,0.005743027509409692,0.01960792241170186,8.435446928296384e-12
45,1.0,0.0,15.5,0.005337531110035117,0.2928932188135113,0.005337531110035117,0.018223471105466554,5.5050508339655884e-12
45,1.0,0.0,15.75,0.00496066548610492,0.2928932188134882,0.00496066548610492,0.016936771381053473,3.592647187772068e-12
45,1.0,0.0,16.0,0.004610409112075406,0.29289321881347413,0.004610409112075406,0.015740921318535186,2.3445948466398807e-12
45,1.0,0.05,1.0,0.41961457072381614,0.47406694294195506,0.41961457072381614,0.8851377995685177,0.0
45,1.0,0.05,1.25,0.35820491185798714,0.3821397588515806,0.35820491185798714,0.9373662477164814,0.0
45,1.0,0.05,1.5,0.3105931261377863,0.3252486860365389,0.3105931261377863,0.9549404485615471,0.0
45,1.0,0.05,1.75,0.27256115740044645,0.2891454109355359,0.27256115740044645,0.9426438985096434,0.0
45,1.0,0.05,2.0,0.24134961756513115,0.26539973648861337,0.24134961756513115,0.9093815267427213,0.027084757390880527
45,1.0,0.05,2.25,0.21513453549069805,0.2490232414567853,0.21513453549069805,0.863913481457239,0.028700795368132706
45,1.0,0.05,2.5,0.1926936565516691,0.23706354241186486,0.1926936565516691,0.8128354726805301,0.02155897145437063
45,1.0,0.05,2.75,0.17319345163430772,0.22777272096555307,0.17319345163430772,0.7603783758657404,0.01486494838061316
45,1.0,0.05,3.0,0.15605301260684568,0.22011540154831424,0.15605301260684568,0.7089599887565924,0.009941455400064147
45,1.0,0.05,3.25,0.14085693594082732,0.213477751314905,0.14085693594082732,0.6598202157987257,0.006564611388378675
45,1.0,0.05,3.5,0.12729943260856472,0.20749533663311864,0.12729943260856472,0.6135050294342194,0.004309614192573405
45,1.0,0.05,3.75,0.11514835463254944,0.20195128984276856,0.11514835463254944,0.5701788521489488,0.0028212231488512532
45,1.0,0.05,4.0,0.1042219358946017,0.1967160684525331,0.1042219358946017,0.5298089612834556,0.0018442168421070567
45,1.0,0.05,4.25,0.09437365941138169,0.19171181858636502,0.09437365941138169,0.49226834374254774,0.0012046459701781226
45,1.0,0.05,4.5,0.08548232779254471,0.18689129322505743,0.08548232779254471,0.45739063772010796,0.0007865592203470414
45,1.0,0.05,4.75,0.07744547334862655,0.18222538043382466,0.07744547334862655,0.42499828050435023,0.0005134610988531219
45,1.0,0.05,5.0,0.07017491911204114,0.17769572489169483,0.07017491911204114,0.3949161925803933,0.0003351432660261742
45,1.0,0.05,5.25,0.06359373178360052,0.17329036240885434,0.06359373178360052,0.3669778913241581,0.00021873768473063058
45,1.0,0.05,5.5,0.05763408137152035,0.1690011368106784,0.05763408137152035,0.34102777329885225,0.00014275778917854782
45,1.0,0.05,5.75,0.052235696733860776,0.16482217120740347,0.052235696733860776,0.31692154247944077,9.316791013694842e-05
45,1.0,0.05,6.0,0.04734471744979678,0.160748963007929,0.04734471744979678,0.2945258032393122,6.080332584337136e-05
45,1.0,0.05,6.25,0.042912813397209794,0.15677784792904056,0.042912813397209794,0.2737173265487904,3.9681227617382545e-05
45,1.0,0.05,6.5,0.03889648872396573,0.15290568230168802,0.03889648872396573,0.25438223183375,2.5896495298818833e-05
45,1.0,0.05,6.75,0.03525651587498311,0.14912965452750238,0.03525651587498311,0.23641519177851464,1.6900353680663452e-05
45,1.0,0.05,7.0,0.03195746390203823,0.14544717294988999,0.03195746390203823,0.21971870098189075,1.1029350876725855e-05
45,1.0,0.05,7.25,0.02896729721077275,0.14185579894327227,0.02896729721077275,0.20420241841756986,7.197865647262929e-06
45,1.0,0.05,7.5,0.02625702859186507,0.13835320676568796,0.02625702859186507,0.18978258043800467,4.69739732893285e-06
45,1.0,0.05,7.75,0.023800415370828065,0.1349371592573813,0.023800415370828065,0.17638147639843796,3.065566386561291e-06
45,1.0,0.05,8.0,0.021573690768141453,0.13160549292679688,0.021573690768141453,0.16392697818579213,2.0006175601259535e-06
45,1.0,0.05,8.25,0.019555324709630895,0.12835610860303756,0.019555324709630895,0.15235211570731677,1.3056217645637496e-06
45,1.0,0.05,8.5,0.017725809762296544,0.12518696539415813,0.017725809762296544,0.14159469163970742,8.520609425221168e-07
45,1.0,0.05,8.75,0.01606746884595718,0.1220960766136877,0.01606746884595718,0.131596929988133,5.560628981597336e-07
45,1.0,0.05,9.0,0.01456428204760795,0.11908150688380083,0.01456428204760795,0.12230515408089107,3.628918124223618e-07
45,1.0,0.05,9.25,0.013201730346619157,0.11614136994656878,0.013201730346619157,0.11366949048984576,2.368265643708266e-07
45,1.0,0.05,9.5,0.011966654411087439,0.11327382690581007,0.011966654411087439,0.10564359603598457,1.5455521237616587e-07
45,1.0,0.05,9.75,0.010847126891406034,0.11047708473510541,0.010847126891406034,0.09818440554812387,1.0086416454364194e-07
45,1.0,0.05,10.0,0.00983233684397279,0.10774939495442194,0.00983233684397279,0.0912518984271965,6.582488874454417e-08
45,1.0,0.05,10.25,0.008912485083788255,0.1050890524173622,0.008912485083788255,0.08480888236000296,4.295793248558396e-08
45,1.0,0.05,10.5,0.008078689401225083,0.1024943941744685,0.008078689401225083,0.07882079274963406,2.8034744861713283e-08
45,1.0,0.05,10.75,0.007322898693227753,0.09996379839186968,0.007322898693227753,0.07325550660371209,1.829573430309774e-08
45,1.0,0.05,11.0,0.006637815157836408,0.09749568331276323,0.006637815157836408,0.06808316975986,1.1939965753707734e-08
45,1.0,0.05,11.25,0.006016823786779179,0.09508850625408415,0.006016823786779179,0.06327603644021645,7.792132297366998e-09
45,1.0,0.05,11.5,0.005453928466433169,0.09274076263359256,0.005453928466433169,0.05880832022032184,5.085217745492952e-09
45,1.0,0.05,11.75,0.004943694064500722,0.09045098502432324,0.004943694064500722,0.05465605557718702,3.318660224194903e-09
45,1.0,0.05,12.0,0.0044811939396046,0.0882177422343566,0.0044811939396046,0.05079696925024441,2.1657884154253113e-09
45,1.0,0.05,12.25,0.004061962364679452,0.08603963841047957,0.004061962364679452,0.047210360709566954,1.413413589632307e-09
45,1.0,0.05,12.5,0.003681951403317462,0.08391531216466794,0.003681951403317462,0.04387699107991553,9.224068062662924e-10
45,1.0,0.05,12.75,0.0033374918217536536,0.0818434357225457,0.0033374918217536536,0.0407789799180469,6.019712294250652e-10
45,1.0,0.05,13.0,0.003025257658481054,0.07982271409311056,0.003025257658481054,0.037899709285156485,3.9285200259950147e-10
45,1.0,0.05,13.25,0.0027422341090177797,0.07785188425910222,0.0027422341090177797,0.0352237345969846,2.56378857330479e-10
45,1.0,0.05,13.5,0.002485688415494983,0.07592971438744535,0.002485688415494983,0.032736701771473815,1.6731521807445754e-10
45,1.0,0.05,13.75,0.002253143479835011,0.07405500305923655,0.002253143479835011,0.030425270228302104,1.091914617716581e-10
45,1.0,0.05,14.0,0.0020423539456425914,0.07222657851877308,0.0020423539456425914,0.02827704132643836,7.125935979424885e-11
45,1.0,0.05,14.25,0.0018512845178039867,0.07044329794114033,0.0018512845178039867,0.026280491855319544,4.650451853920968e-11
45,1.0,0.05,14.5,0.0016780903104179775,0.06870404671789311,0.0016780903104179775,0.024424912222542196,3.034927974103901e-11
45,1.0,0.05,14.75,0.0015210990332815023,0.06700773776037973,0.0015210990332815023,0.022700349006273962,1.980622119596962e-11
45,1.0,0.05,15.0,0.0013787948449142762,0.0653533108202704,0.0013787948449142762,0.02109755156408419,1.2925723490339412e-11
45,1.0,0.05,15.25,0.0012498037162038441,0.06373973182686452,0.0012498037162038441,0.019607922411701877,8.435446928296384e-12
45,1.0,0.05,15.5,0.0011328801633421605,0.06216599224076067,0.0011328801633421605,0.01822347110546656,5.5050508339655884e-12
45,1.0,0.05,15.75,0.0010268952219484398,0.06063110842348551,0.0010268952219484398,0.016936771381053477,3.592647187772068e-12
45,1.0,0.05,16.0,0.0009308255462588558,0.059134121022687114,0.0009308255462588558,0.015740921318535193,2.3445948466398807e-12
60,0.0,0.0,1.0986122886681096,0.09622504486493764,0.16666666666666666,0.09622504486493764,0.577350269189626,0.0
60,0.0,0.0,1.346968750523641,0.06629768454243117,0.10142127543309443,0.06629768454243117,0.6536861645579128,0.0
60,0.0,0.0,1.5953252123791726,0.0456781597956864,0.06171765066285362,0.0456781597956864,0.7401150125628323,0.0
60,0.0,0.0,1.8436816742347042,0.03147160110825415,0.03755689708176466,0.03147160110825415,0.8379712796756801,0.0
60,0.0,0.0,2.0920381360902356,0.021683484640083912,0.022854410420052214,0.021683484640083912,0.9487658723875483,0.0
60,0.0,0.0,2.340394597945767,0.014939611890716334,0.013907540724438597,0.013907540724438597,1.0742094656939714,0.034336905253193994
60,0.0,0.0,2.5887510598012984,0.010293179677985974,0.008463123110461589,0.008463123110461589,1.2162389160169704,0.0447267780167148
60,0.0,0.0,2.8371075216568302,0.007091854102926312,0.005150044440061867,0.005150044440061867,1.3770471663815622,0.036985815439099935
60,0.0,0.0,3.0854639835123616,0.0048861864060099425,0.0031339444538891477,0.0031339444538891477,1.5591171055844038,0.02740140695679263
60,0.0,0.0,3.333820445367893,0.0033665127973268464,0.0019070918618994603,0.0019070918618994603,1.7652599041421138,0.019512370026733897
60,0.0,0.0,3.5821769072234244,0.0023194793388613853,0.0011605181340115084,0.0011605181340115084,1.9986584189285783,0.013663006948617551
60,0.0,0.0,3.8305333690789563,0.0015980882079749657,0.0007062073758880915,0.0007062073758880915,2.262916336671348,0.009492435790123913
60,0.0,0.0,4.078889830934488,0.001101059999836998,0.00042974671669697396,0.00042974671669697396,2.5621138150856084,0.006569316798287194
60,0.0,0.0,4.327246292790019,0.0007586146479218891,0.0002615127607235511,0.0002615127607235511,2.900870480748095,0.0045372019437913465
60,0.0,0.0,4.575602754645551,0.0005226746808773792,0.0001591377464076728,0.0001591377464076728,3.2844167564017894,0.003130318349165606
60,0.0,0.0,4.823959216501082,0.00036011540612698517,9.68397192612872e-05,9.68397192612872e-05,3.7186746189891684,0.002158405219404619
60,0.0,0.0,5.072315678356613,0.000248114382568356,5.892964704037535e-05,5.892964704037535e-05,4.210349035322776,0.0014877664297007075
60,0.0,0.0,5.320672140212146,0.00017094727354032888,3.5860319781941594e-05,3.5860319781941594e-05,4.767031487165206,0.0010253114135262893
60,0.0,0.0,5.569028602067677,0.00011778023518173556,2.182199621833888e-05,2.182199621833888e-05,5.397317184151778,0.0007065300182875163
60,0.0,0.0,5.817385063923208,8.11489034728145e-05,1.3279288133760572e-05,1.3279288133760572e-05,6.110937774330368,0.000486831583497563
60,0.0,0.0,6.065741525778739,5.59104379837521e-05,8.08081403621733e-06,8.08081403621733e-06,6.918911601376742,0.000335437279397287
60,0.0,0.0,6.3140979876342715,3.8521494952574436e-05,4.917398796544868e-06,4.917398796544868e-06,7.833713828465763,0.0002311185472339974
60,0.0,0.0,6.5624544494898025,2.6540761025918935e-05,2.9923731465524685e-06,2.9923731465524685e-06,8.869469055520936,0.00015924026969493774
60,0.0,0.0,6.8108109113453335,1.828620609615933e-05,1.820941806570562e-06,1.820941806570562e-06,10.042169403863777,0.00010971546153430683
60,0.0,0.0,7.059167373200866,1.259893539091294e-05,1.1080934430709744e-06,1.1080934430709744e-06,11.36992143550295,7.559287761298268e-05
60,0.0,0.0,7.307523835056397,8.680486928217348e-06,6.743055017718443e-07,6.743055017718443e-07,12.873225719511403,5.2082616949490526e-05
60,0.0,0.0,7.555880296911928,5.980731781932901e-06,4.103335441275194e-07,4.103335441275194e-07,14.57529336201251,3.588426421821446e-05
60,0.0,0.0,7.804236758767461,4.120638962216348e-06,2.496993083903691e-07,2.496993083903691e-07,16.50240438701704,2.4723781199375445e-05
60,0.0,0.0,8.052593220622992,2.8390615188979244e-06,1.5194893399027705e-07,1.5194893399027705e-07,18.684313501531975,1.703434723566648e-05
60,0.0,0.0,8.300949682478523,1.9560729250959787e-06,9.246512811595794e-08,9.246512811595794e-08,21.154709509977884,1.1736428438140923e-05
60,0.0,0.0,8.549306144334055,1.3477063680461534e-06,5.6267587359629466e-08,5.6267587359629466e-08,23.951735471300797,8.08623440974251e-06
60,0.0,0.0,8.797662606189586,9.285504804904155e-07,3.424038285334014e-08,3.424038285334014e-08,27.118577630034757,5.571301298404596e-06
60,0.0,0.0,9.046019068045117,6.397580476442882e-07,2.0836219801819304e-08,2.0836219801819304e-08,30.70413221444458,3.838547624478492e-06
60,0.0,0.0,9.294375529900648,4.4078417719353625e-07,1.2679415925028886e-08,1.2679415925028886e-08,34.76376039715189,2.644704786949323e-06
60,0.0,0.0,9.542731991756181,3.0369401616689e-07,7.715775209178691e-09,7.715775209178691e-09,39.36014307488059,1.8221639815939912e-06
60,0.0,0.0,9.791088453611712,2.092408489860104e-07,4.695262576019728e-09,4.695262576019728e-09,44.56424866517012,1.2554450456764351e-06
60,0.0,0.0,10.039444915467243,1.441639629156434e-07,2.857197113719187e-09,2.857197113719187e-09,50.45642886289581,8.649837573226526e-07
60,0.0,0.0,10.287801377322776,9.932691586876761e-08,1.7386834526229323e-09,1.7386834526229323e-09,57.12765927514041,5.959614867754082e-07
60,0.0,0.0,10.536157839178307,6.843482945716611e-08,1.0580369600366053e-09,1.0580369600366053e-09,64.68094408989118,4.1060897321290377e-07
60,0.0,0.0,10.784514301033838,4.715062218401194e-08,6.438447476535995e-10,6.438447476535995e-10,73.2329064667308,2.829037316267297e-07
60,0.0,0.0,11.032870762889369,3.2486106708732946e-08,3.9179733292756184e-10,3.9179733292756184e-10,82.91558920524658,1.9491663963399681e-07
60,0.0,0.0,11.281227224744901,2.238246454039446e-08,2.384195113007877e-10,2.384195113007877e-10,93.87849349358393,1.3429478698346083e-07
60,0.0,0.0,11.529583686600432,1.5421199080385432e-08,1.4508486554556593e-10,1.4508486554556593e-10,106.2908872155393,9.252719437389822e-08
60,0.0,0.0,11.777940148455963,1.0624986388236641e-08,8.828815265802198e-11,8.828815265802198e-11,120.34441845659391,6.374991828401565e-08
60,0.0,0.0,12.026296610311496,7.320464197482649e-09,5.3725782289249873e-11,5.3725782289249873e-11,136.2560745615689,4.392278516587801e-08
60,0.0,0.0,12.274653072167027,5.0436955030790525e-09,3.2693624180498904e-11,3.2693624180498904e-11,154.2715324319265,3.0262173010507625e-08
60,0.0,0.0,12.523009534022558,3.475034320436638e-09,1.989497437749876e-11,1.989497437749876e-11,174.66895179150902,2.0850205919282198e-08
60,0.0,0.0,12.77136599587809,2.3942491216689245e-09,1.2106642056447917e-11,1.2106642056447917e-11,197.76326998895314,1.4365494728615126e-08
60,0.0,0.0,13.019722457733621,1.6496035227335934e-09,7.367226471461343e-12,7.367226471461343e-12,223.91106464878126,9.897621135815596e-09
60,0.0,0.0,13.268078919589152,1.1365533175253956e-09,4.483161030840396e-12,4.483161030840396e-12,253.51605925079645,6.819319904906825e-09
60,0.0,0.0,13.516435381444685,7.830690379694331e-10,2.7281274583186696e-12,2.7281274583186696e-12,287.0353566442363,4.6984142277136944e-09
60,0.0,0.0,13.764791843300216,5.395234071037516e-10,1.6601409982003555e-12,1.6601409982003555e-12,324.98649674251266,3.237140442579382e-09
60,0.0,0.0,14.013148305155747,3.717239383741321e-10,1.0102417046175047e-12,1.0102417046175047e-12,367.95544736976916,2.230343630226717e-09
60,0.0,0.0,14.26150476701128,2.5611249584543696e-10,6.147600130680632e-13,6.147600130680632e-13,416.60565163837595,1.5366749750650453e-09
60,0.0,0.0,14.50986122886681,1.7645785960160685e-10,3.74098467663773e-13,3.74098467663773e-13,471.6882715494071,1.0587471576064653e-09
60,0.0,0.0,14.758217690722342,1.2157695044279174e-10,2.276492623681568e-13,2.276492623681568e-13,534.0537859779058,7.294617026554191e-10
60,0.0,0.0,15.006574152577874,8.376478617807308e-11,1.3853087124468932e-13,1.3853087124468932e-13,604.6651221164847,5.025887170678803e-10
60,0.0,0.0,15.254930614433405,5.771274388692575e-11,8.429986589096515e-14,8.429986589096515e-14,684.6125231275264,3.462764633213205e-10
60,0.0,0.0,15.503287076288936,3.976325803395617e-11,5.129879950500305e-14,5.129879950500305e-14,775.1303815614273,2.385795482036389e-10
60,0.0,0.0,15.751643538144467,2.73963180917684e-11,3.121673804390405e-14,3.121673804390405e-14,877.6162984498088,1.6437790855056923e-10
60,0.0,0.0,16.0,1.887567272139549e-11,1.8996248323641254e-14,1.8996248323641254e-14,993.6526623472432,1.1325403632835564e-10
60,0.0,0.05,1.0986122886681096,0.08621364299529777,0.14932640997346036,0.08621364299529777,0.5773502691896258,0.0
60,0.0,0.05,1.346968750523641,0.05794290317052021,0.08864024712792712,0.05794290317052021,0.6536861645579127,0.0
60,0.0,0.05,1.5953252123791726,0.03894256072686079,0.05261690421872745,0.03894256072686079,0.7401150125628319,0.0
60,0.0,0.05,1.8436816742347042,0.02617271405097298,0.031233426115871894,0.02617271405097298,0.8379712796756802,0.0
60,0.0,0.05,2.0920381360902356,0.01759029062312046,0.018540180602043457,0.01759029062312046,0.9487658723875483,0.0
60,0.0,0.05,2.340394597945767,0.011822171884934372,0.011005462400479686,0.011005462400479686,1.074209465693971,0.034336905253193994
60,0.0,0.05,2.5887510598012984,0.007945505339930483,0.0065328491263468335,0.0065328491263468335,1.2162389160169702,0.0447267780167148
60,0.0,0.05,2.8371075216568302,0.005340055593956901,0.003877903186126043,0.003877903186126043,1.3770471663815624,0.036985815439099935
60,0.0,0.05,3.0854639835123616,0.003588971692365622,0.002301925672876491,0.002301925672876491,1.5591171055844022,0.02740140695679263
60,0.0,0.05,3.333820445367893,0.0024120943278527463,0.0013664244693899529,0.0013664244693899529,1.7652599041421133,0.019512370026733897
60,0.0,0.05,3.5821769072234244,0.0016211326098881556,0.000811110390117185,0.000811110390117185,1.9986584189285788,0.013663006948617551
60,0.0,0.05,3.8305333690789563,0.0010895390402009258,0.00048147561734588533,0.00048147561734588533,2.2629163366713465,0.009492435790123913
60,0.0,0.05,4.078889830934488,0.0007322629332611204,0.0002858042171856653,0.0002858042171856653,2.562113815085607,0.006569316798287194
60,0.0,0.05,4.327246292790019,0.0004921429922596403,0.00016965355589840874,0.00016965355589840874,2.9008704807480923,0.0045372019437913465
60,0.0,0.05,4.575602754645551,0.0003307619624437596,0.00010070645322310516,0.00010070645322310516,3.28441675640179,0.003130318349165606
60,0.0,0.05,4.823959216501082,0.00022230018007028565,5.977941144275555e-05,5.977941144275555e-05,3.718674618989167,0.002158405219404619
60,0.0,0.05,5.072315678356613,0.0001494046343605305,3.5485094728987685e-05,3.5485094728987685e-05,4.210349035322773,0.0014877664297007075
60,0.0,0.05,5.320672140212146,0.00010041262567284562,2.106397365807157e-05,2.106397365807157e-05,4.767031487165205,0.0010253114135262893
60,0.0,0.05,5.569028602067677,6.748582758272636e-05,1.2503587482478506e-05,1.2503587482478506e-05,5.397317184151782,0.0007065300182875163
60,0.0,0.05,5.817385063923208,4.5356217846189524e-05,7.422137079633355e-06,7.422137079633355e-06,6.110937774330364,0.000486831583497563
60,0.0,0.05,6.065741525778739,3.0483237310666953e-05,4.405785052175168e-06,4.405785052175168e-06,6.91891160137673,0.000335437279397287
60,0.0,0.05,6.3140979876342715,2.048732899400038e-05,2.615276667313851e-06,2.615276667313851e-06,7.833713828465767,0.0002311185472339974
60,0.0,0.05,6.5624544494898025,1.3769228150893727e-05,1.5524298088985237e-06,1.5524298088985237e-06,8.86946905552093,0.00015924026969493774
60,0.0,0.05,6.8108109113453335,9.25409280667506e-06,9.215232719649717e-07,9.215232719649717e-07,10.042169403863758,0.00010971546153430683
60,0.0,0.05,7.059167373200866,6.219537706548667e-06,5.470167706812779e-07,5.470167706812779e-07,11.369921435502958,7.559287761298268e-05
60,0.0,0.05,7.307523835056397,4.180058498578984e-06,3.2470948538123194e-07,3.2470948538123194e-07,12.873225719511394,5.2082616949490526e-05
60,0.0,0.05,7.555880296911928,2.809354951437124e-06,1.92747746591443e-07,1.92747746591443e-07,14.575293362012486,3.588426421821446e-05
60,0.0,0.05,7.804236758767461,1.88812554796717e-06,1.1441517876344228e-07,1.1441517876344228e-07,16.50240438701705,2.4723781199375445e-05
60,0.0,0.05,8.052593220622992,1.2689810104140274e-06,6.791691920123161e-08,6.791691920123161e-08,18.684313501531964,1.703434723566648e-05
60,0.0,0.05,8.300949682478523,8.52863204210722e-07,4.0315524248085755e-08,4.0315524248085755e-08,21.15470950997784,1.1736428438140923e-05
60,0.0,0.05,8.549306144334055,5.731966350381076e-07,2.3931319537363677e-08,2.3931319537363677e-08,23.951735471300807,8.08623440974251e-06
60,0.0,0.05,8.797662606189586,3.85236906454499e-07,1.4205645727814138e-08,1.4205645727814138e-08,27.118577630034736,5.571301298404596e-06
60,0.0,0.05,9.046019068045117,2.589119771869664e-07,8.432479881817447e-09,8.432479881817447e-09,30.70413221444452,3.838547624478492e-06
60,0.0,0.05,9.294375529900648,1.7401087696352857e-07,5.0055251496263645e-09,5.0055251496263645e-09,34.76376039715185,2.644704786949323e-06
60,0.0,0.05,9.542731991756181,1.1695011420715578e-07,2.9712827513016007e-09,2.9712827513016007e-09,39.36014307488057,1.8221639815939912e-06
60,0.0,0.05,9.791088453611712,7.860042689132284e-08,1.763755235320603e-09,1.763755235320603e-09,44.564248665170034,1.2554450456764351e-06
60,0.0,0.05,10.039444915467243,5.282617421437435e-08,1.0469661726936298e-09,1.0469661726936298e-09,50.45642886289575,8.649837573226526e-07
60,0.0,0.05,10.287801377322776,3.5503683535788725e-08,6.214797522999245e-10,6.214797522999245e-10,57.127659275140374,5.959614867754082e-07
60,0.0,0.05,10.536157839178307,2.3861495998066174e-08,3.689107562330004e-10,3.689107562330004e-10,64.68094408989118,4.1060897321290377e-07
60,0.0,0.05,10.784514301033838,1.603695545257392e-08,2.18985647659081e-10,2.18985647659081e-10,73.23290646673068,2.829037316267297e-07
60,0.0,0.05,11.032870762889369,1.0778198492193638e-08,1.299900126804095e-10,1.299900126804095e-10,82.91558920524666,1.9491663963399681e-07
60,0.0,0.05,11.281227224744901,7.243866398498952e-09,7.716215001888617e-11,7.716215001888617e-11,93.87849349358393,1.3429478698346083e-07
60,0.0,0.05,11.529583686600432,4.868494529703402e-09,4.580349884398796e-11,4.580349884398796e-11,106.29088721553914,9.252719437389822e-08
60,0.0,0.05,11.777940148455963,3.27204253665743e-09,2.7188984571291893e-11,2.7188984571291893e-11,120.34441845659401,6.374991828401565e-08
60,0.0,0.05,12.026296610311496,2.199090970807306e-09,1.6139397659027883e-11,1.6139397659027883e-11,136.25607456156843,4.392278516587801e-08
60,0.0,0.05,12.274653072167027,1.4779762315762843e-09,9.580356195842254e-12,9.580356195842254e-12,154.2715324319263,3.0262173010507625e-08
60,0.0,0.05,12.523009534022558,9.933257741959244e-10,5.6869052227529935e-12,5.6869052227529935e-12,174.6689517915092,2.0850205919282198e-08
60,0.0,0.05,12.77136599587809,6.675994326577221e-10,3.3757503741469072e-12,3.3757503741469072e-12,197.76326998895246,1.4365494728615126e-08
60,0.0,0.05,13.019722457733621,4.4868361826782475e-10,2.0038474604710317e-12,2.0038474604710317e-12,223.91106464878098,9.897621135815596e-09
60,0.0,0.05,13.268078919589152,3.015535655871688e-10,1.1894850625176763e-12,1.1894850625176763e-12,253.51605925079664,6.819319904906825e-09
60,0.0,0.05,13.516435381444685,2.026696523251587e-10,7.060790513565781e-13,7.060790513565781e-13,287.0353566442352,4.6984142277136944e-09
60,0.0,0.05,13.764791843300216,1.3621124954573826e-10,4.1912895123657655e-13,4.1912895123657655e-13,324.98649674251226,3.237140442579382e-09
60,0.0,0.05,14.013148305155747,9.154554858092196e-11,2.4879519853642797e-13,2.4879519853642797e-13,367.95544736976944,2.230343630226717e-09
60,0.0,0.05,14.26150476701128,6.152639736388128e-11,1.476849800810862e-13,1.476849800810862e-13,416.60565163837447,1.5366749750650453e-09
60,0.0,0.05,14.50986122886681,4.1350973709355634e-11,8.766589335267025e-14,8.766589335267025e-14,471.6882715494065,1.0587471576064653e-09
60,0.0,0.05,14.758217690722342,2.7791372483570926e-11,5.203852722939156e-14,5.203852722939156e-14,534.0537859779062,7.294617026554191e-10
60,0.0,0.05,15.006574152577874,1.867816680567867e-11,3.0890101185760993e-14,3.0890101185760993e-14,604.6651221164825,5.025887170678803e-10
60,0.0,0.05,15.254930614433405,1.2553317236383284e-11,1.8336382716219944e-14,1.8336382716219944e-14,684.6125231275254,3.462764633213205e-10
60,0.0,0.05,15.503287076288936,8.436897222128205e-12,1.08844878523957e-14,1.08844878523957e-14,775.1303815614278,2.385795482036389e-10
60,0.0,0.05,15.751643538144467,5.670312746534421e-12,6.461038561556192e-15,6.461038561556192e-15,877.6162984498086,1.6437790855056923e-10
60,0.0,0.05,16.0,3.810932597256445e-12,3.835276391504979e-15,3.835276391504979e-15,993.652662347242,1.1325403632835564e-10
60,1e-06,0.0,1.0986122886681096,0.09622533354007223,0.16666705555555553,0.09622533354007223,0.5773506540889073,0.0
60,1e-06,0.0,1.346968750523641,0.06629793950677905,0.10142157732812833,0.06629793950677905,0.6536867326790424,0.0
60,1e-06,0.0,1.5953252123791726,0.04567838498591203,0.06171789961972117,0.04567838498591203,0.7401156757984694,0.0
60,1e-06,0.0,1.8436816742347042,0.031471800001307774,0.037557113824294115,0.031471800001307774,0.8379717394830801,0.0
60,1e-06,0.0,2.0920381360902356,0.02168366030688593,0.022854607559266108,0.02168366030688593,0.948765374800521,0.0
60,1e-06,0.0,2.340394597945767,0.014939767043572447,0.013907725934492899,0.013907725934492899,1.074206316254763,0.034336905253193994
60,1e-06,0.0,2.5887510598012984,0.010293316712465361,0.008463301061292403,0.008463301061292403,1.2162295347784193,0.0447267780167148
60,1e-06,0.0,2.8371075216568302,0.007091975134849354,0.005150217973454454,0.005150217973454454,1.377024267983067,0.036985815439099935
60,1e-06,0.0,3.0854639835123616,0.004886293304116615,0.0031341152991484194,0.0031341152991484194,1.559066223710495,0.02740140695679263
60,1e-06,0.0,3.333820445367893,0.0033666072121301713,0.0019072610713552764,0.0019072610713552764,1.765152795646325,0.019512370026733897
60,1e-06,0.0,3.5821769072234244,0.0023195627281314517,0.0011606863480356873,0.0011606863480356873,1.9984406054719381,0.013663006948617551
60,1e-06,0.0,3.8305333690789563,0.001598161859246984,0.0007063749841645927,0.0007063749841645927,2.2624836596345204,0.009492435790123913
60,1e-06,0.0,4.078889830934488,0.0011011250502909182,0.0004299139563592629,0.0004299139563592629,2.561268444541376,0.006569316798287194
60,1e-06,0.0,4.327246292790019,0.0007586721019405269,0.0002616797760738987,0.0002616797760738987,2.8992385782471666,0.0045372019437913465
60,1e-06,0.0,4.575602754645551,0.0005227254255541447,0.00015930462525800133,0.00015930462525800133,3.281294718891974,0.003130318349165606
60,1e-06,0.0,4.823959216501082,0.00036016022496265733,9.700651504757954e-05,9.700651504757954e-05,3.7127426419349954,0.002158405219404619
60,1e-06,0.0,5.072315678356613,0.0002481539675683806,5.909639227990474e-05,5.909639227990474e-05,4.199139033615143,0.0014877664297007075
60,1e-06,0.0,5.320672140212146,0.00017098223589942288,3.6027034262367966e-05,3.6027034262367966e-05,4.745942578959999,0.0010253114135262893
60,1e-06,0.0,5.569028602067677,0.00011781111472076952,2.198869198100051e-05,2.198869198100051e-05,5.3578045853098075,0.0007065300182875163
60,1e-06,0.0,5.817385063923208,8.117617697367828e-05,1.344597250614475e-05,1.344597250614475e-05,6.037211286619924,0.000486831583497563
60,1e-06,0.0,6.065741525778739,5.593452655089516e-05,8.247491477302712e-06,8.247491477302712e-06,6.7820047713693645,0.000335437279397287
60,1e-06,0.0,6.3140979876342715,3.854277051488321e-05,5.084072019743264e-06,5.084072019743264e-06,7.581082715824617,0.0002311185472339974
60,1e-06,0.0,6.5624544494898025,2.6559552079320594e-05,3.1590438030499973e-06,3.1590438030499973e-06,8.407465592492844,0.00015924026969493774
60,1e-06,0.0,6.8108109113453335,1.8302802775618108e-05,1.9876109011596376e-06,1.9876109011596376e-06,9.208443546440428,0.00010971546153430683
60,1e-06,0.0,7.059167373200866,1.261359395013097e-05,1.2747615871955652e-06,1.2747615871955652e-06,9.89486510797715,7.559287761298268e-05
60,1e-06,0.0,7.307523835056397,8.693433696206824e-06,8.409730675125134e-07,8.409730675125134e-07,10.337350899858002,5.2082616949490526e-05
60,1e-06,0.0,7.555880296911928,5.9921666575492675e-06,5.770007579055783e-07,5.770007579055783e-07,10.385023893729164,3.588426421821446e-05
60,1e-06,0.0,7.804236758767461,4.1307385006083285e-06,4.16366307989447e-07,4.16366307989447e-07,9.920924006927631,2.4723781199375445e-05
60,1e-06,0.0,8.052593220622992,2.8479816575293494e-06,3.1861580325552247e-07,3.1861580325552247e-07,8.938607653573712,1.703434723566648e-05
60,1e-06,0.0,8.300949682478523,1.9639513914293527e-06,2.5913191806946214e-07,2.5913191806946214e-07,7.578963664765147,1.1736428438140923e-05
60,1e-06,0.0,8.549306144334055,1.3546648060627376e-06,2.22934329049746e-07,2.22934329049746e-07,6.07651953755608,8.08623440974251e-06
60,1e-06,0.0,8.797662606189586,9.346963288804165e-07,2.0090709517385067e-07,2.0090709517385067e-07,4.6523808831718805,5.571301298404596e-06
60,1e-06,0.0,9.046019068045117,6.451861986665229e-07,1.8750291425011243e-07,1.8750291425011243e-07,3.440939578175842,3.838547624478492e-06
60,1e-06,0.0,9.294375529900648,4.4557844181746113e-07,1.793460994975835e-07,1.793460994975835e-07,2.484461290575571,2.644704786949323e-06
60,1e-06,0.0,9.542731991756181,3.0792841811887457e-07,1.743824521635457e-07,1.743824521635457e-07,1.7658222733906845,1.8221639815939912e-06
60,1e-06,0.0,9.791088453611712,2.129807676800044e-07,1.7136193550303656e-07,1.7136193550303656e-07,1.242870927284959,1.2554450456764351e-06
60,1e-06,0.0,10.039444915467243,1.474671429151544e-07,1.6952386758998206e-07,1.474671429151544e-07,0.8698901518211286,8.649837573226526e-07
60,1e-06,0.0,10.287801377322776,1.0224435846630098e-07,1.6840535243753427e-07,1.0224435846630098e-07,0.6071324752235886,5.959614867754082e-07
60,1e-06,0.0,10.536157839178307,7.101158013716608e-08,1.6772470503741929e-07,7.101158013716608e-08,0.4233817559632818,4.1060897321290377e-07
60,1e-06,0.0,10.784514301033838,4.942646612777761e-08,1.6731051227277998e-07,4.942646612777761e-08,0.29541757691347936,2.829037316267297e-07
60,1e-06,0.0,11.032870762889369,3.449618307994591e-08,1.6705846452199073e-07,3.449618307994591e-08,0.20649168049431585,1.9491663963399681e-07
60,1e-06,0.0,11.281227224744901,2.4157809035862507e-08,1.669050864958602e-07,2.4157809035862507e-08,0.14473980118312152,1.3429478698346083e-07
60,1e-06,0.0,11.529583686600432,1.6989223123017572e-08,1.6681175172565879e-07,1.6989223123017572e-08,0.10184668014852043,9.252719437389822e-08
60,1e-06,0.0,11.777940148455963,1.2009900361017027e-08,1.667549549370423e-07,1.2009900361017027e-08,0.07202125037634605,6.374991828401565e-08
60,1e-06,0.0,12.026296610311496,8.543651253200718e-09,1.6672039252059036e-07,8.543651253200718e-09,0.05124538830572605,4.392278516587801e-08
60,1e-06,0.0,12.274653072167027,6.124041721460011e-09,1.6669936033443872e-07,6.124041721460011e-09,0.036737043916507665,3.0262173010507625e-08
60,1e-06,0.0,12.523009534022558,4.42922031031769e-09,1.6668656166757087e-07,4.42922031031769e-09,0.02657214994422314,2.0850205919282198e-08
60,1e-06,0.0,12.77136599587809,3.2370075705759285e-09,1.6667877332486536e-07,3.2370075705759285e-09,0.01942063470953699,1.4365494728615126e-08
60,1e-06,0.0,13.019722457733621,2.3939466704386624e-09,1.6667403390296117e-07,2.3939466704386624e-09,0.014363045126947822,9.897621135815596e-09
60,1e-06,0.0,13.268078919589152,1.7939738657904984e-09,1.6667114983367511e-07,1.7939738657904984e-09,0.010763553665890858,6.819319904906825e-09
60,1e-06,0.0,13.516435381444685,1.3637175985341892e-09,1.6666939479776254e-07,1.3637175985341892e-09,0.008182171658983528,4.6984142277136944e-09
60,1e-06,0.0,13.764791843300216,1.0523652277247398e-09,1.6666832680987844e-07,1.0523652277247398e-09,0.006314128472203311,3.237140442579382e-09
60,1e-06,0.0,14.013148305155747,8.24677326774926e-10,1.6666767690971835e-07,8.24677326774926e-10,0.00494803396834794,2.230343630226717e-09
60,1e-06,0.0,14.26150476701128,6.561710788512623e-10,1.6666728142749947e-07,6.561710788512623e-10,0.003937011951183099,1.5366749750650453e-09
60,1e-06,0.0,14.50986122886681,5.297985651468146e-10,1.666670407656332e-07,5.297985651468146e-10,0.003178784255801458,1.0587471576064653e-09
60,1e-06,0.0,14.758217690722342,4.3365537969965685e-10,1.6666689431623264e-07,4.3365537969965685e-10,0.0026019287242302724,7.294617026554191e-10
60,1e-06,0.0,15.006574152577874,3.5939944835817475e-10,1.666668051977227e-07,3.5939944835817475e-10,0.0021563948977830743,5.025887170678803e-10
60,1e-06,0.0,15.254930614433405,3.011594543053695e-10,1.6666675096664502e-07,3.011594543053695e-10,0.001806955811874202,3.462764633213205e-10
60,1e-06,0.0,15.503287076288936,2.547808481469028e-10,1.6666671796553463e-07,2.547808481469028e-10,0.0015286846183626742,2.385795482036389e-10
60,1e-06,0.0,15.751643538144467,2.1730467207409643e-10,1.666666978834464e-07,2.1730467207409643e-10,0.0013038277882367493,1.6437790855056923e-10
60,1e-06,0.0,16.0,1.866069866726517e-10,1.6666668566294038e-07,1.866069866726517e-10,0.0011196417924217784,1.1325403632835564e-10
60,1e-06,0.05,1.0986122886681096,0.08621390163622675,0.14932675840175028,0.08621390163622675,0.5773506540889073,0.0
60,1e-06,0.05,1.346968750523641,0.05794312600446416,0.08864051097838944,0.05794312600446416,0.6536867326790422,0.0
60,1e-06,0.05,1.5953252123791726,0.03894275271104044,0.05261711646497328,0.03894275271104044,0.7401156757984688,0.0
60,1e-06,0.05,1.8436816742347042,0.02617287945631735,0.031233606365368146,0.02617287945631735,0.8379717394830802,0.0
60,1e-06,0.05,2.0920381360902356,0.017590433129279024,0.018540340527264113,0.017590433129279024,0.9487653748005209,0.0
60,1e-06,0.05,2.340394597945767,0.011822294662135469,0.011005608962861147,0.011005608962861147,1.0742063162547624,0.034336905253193994
60,1e-06,0.05,2.5887510598012984,0.007945611119507036,0.0065329864900498585,0.0065329864900498585,1.216229534778419,0.0447267780167148
60,1e-06,0.05,2.8371075216568302,0.0053401467291083445,0.0038780338540656783,0.0038780338540656783,1.3770242679830675,0.036985815439099935
60,1e-06,0.05,3.0854639835123616,0.003589050210507775,0.0023020511610892507,0.0023020511610892507,1.5590662237104935,0.02740140695679263
60,1e-06,0.05,3.333820445367893,0.0024121619757202207,0.0013665457073572993,0.0013665457073572993,1.7651527956463244,0.019512370026733897
60,1e-06,0.05,3.5821769072234244,0.001621190892392662,0.000811227958416013,0.000811227958416013,1.998440605471939,0.013663006948617551
60,1e-06,0.05,3.8305333690789563,0.0010895892539099213,0.00048158988873578574,0.00048158988873578574,2.262483659634519,0.009492435790123913
60,1e-06,0.05,4.078889830934488,0.0007323061952415798,0.00028591544037575797,0.00028591544037575797,2.561268444541375,0.006569316798287194
60,1e-06,0.05,4.327246292790019,0.000492180264928613,0.00016976190528831113,0.00016976190528831113,2.8992385782471644,0.0045372019437913465
60,1e-06,0.05,4.575602754645551,0.00033079407497854386,0.00010081205844571203,0.00010081205844571203,3.281294718891974,0.003130318349165606
60,1e-06,0.05,4.823959216501082,0.0002223278468545191,5.988237491695548e-05,5.988237491695548e-05,3.712742641934994,0.002158405219404619
60,1e-06,0.05,5.072315678356613,0.0001494284708765503,3.558550209467671e-05,3.558550209467671e-05,4.199139033615141,0.0014877664297007075
60,1e-06,0.05,5.320672140212146,0.00010043316219386545,2.116189998570818e-05,2.116189998570818e-05,4.745942578959999,0.0010253114135262893
60,1e-06,0.05,5.569028602067677,6.750352096942969e-05,1.2599100974028217e-05,1.2599100974028217e-05,5.357804585309811,0.0007065300182875163
60,1e-06,0.05,5.817385063923208,4.5371461710168785e-05,7.515301280033733e-06,7.515301280033733e-06,6.03721128661992,0.000486831583497563
60,1e-06,0.05,6.065741525778739,3.0496370770807422e-05,4.496660176287359e-06,4.496660176287359e-06,6.782004771369352,0.000335437279397287
60,1e-06,0.05,6.3140979876342715,2.0498644220605395e-05,2.703920401477335e-06,2.703920401477335e-06,7.581082715824621,0.0002311185472339974
60,1e-06,0.05,6.5624544494898025,1.3778976865379738e-05,1.638897800269704e-06,1.638897800269704e-06,8.407465592492839,0.00015924026969493774
60,1e-06,0.05,6.8108109113453335,9.262491881430452e-06,1.005869432192038e-06,1.005869432192038e-06,9.20844354644041,0.00010971546153430683
60,1e-06,0.05,7.059167373200866,6.226773989532225e-06,6.292934690450962e-07,6.292934690450962e-07,9.894865107977157,7.559287761298268e-05
60,1e-06,0.05,7.307523835056397,4.1862929699872206e-06,4.049676760072765e-07,4.049676760072765e-07,10.337350899857995,5.2082616949490526e-05
60,1e-06,0.05,7.555880296911928,2.814726304910783e-06,2.7103705621808116e-07,2.7103705621808116e-07,10.385023893729146,3.588426421821446e-05
60,1e-06,0.05,7.804236758767461,1.8927532760053277e-06,1.9078397079582967e-07,1.9078397079582967e-07,9.920924006927637,2.4723781199375445e-05
60,1e-06,0.05,8.052593220622992,1.2729680626346967e-06,1.4241234339508758e-07,1.4241234339508758e-07,8.938607653573706,1.703434723566648e-05
60,1e-06,0.05,8.300949682478523,8.562982775943065e-07,1.1298355757730667e-07,1.1298355757730667e-07,7.578963664765133,1.1736428438140923e-05
60,1e-06,0.05,8.549306144334055,5.761561471030464e-07,9.48168015493242e-08,9.48168015493242e-08,6.0765195375560825,8.08623440974251e-06
60,1e-06,0.05,8.797662606189586,3.877866952608673e-07,8.33523103543672e-08,8.33523103543672e-08,4.652380883171878,5.571301298404596e-06
60,1e-06,0.05,9.046019068045117,2.6110876598674977e-07,7.588298488088327e-08,7.588298488088327e-08,3.4409395781758354,3.838547624478492e-06
60,1e-06,0.05,9.294375529900648,1.759035360805506e-07,7.080147988129835e-08,7.080147988129835e-08,2.484461290575568,2.644704786949323e-06
60,1e-06,0.05,9.542731991756181,1.1858074821876391e-07,6.715327471267446e-08,6.715327471267446e-08,1.7658222733906834,1.8221639815939912e-06
60,1e-06,0.05,9.791088453611712,8.000531129755282e-08,6.437137561204678e-08,6.437137561204678e-08,1.2428709272849567,1.2554450456764351e-06
60,1e-06,0.05,10.039444915467243,5.4036562431974265e-08,6.21188345664656e-08,5.4036562431974265e-08,0.8698901518211275,8.649837573226526e-07
60,1e-06,0.05,10.287801377322776,3.654650216969764e-08,6.019526818465556e-08,3.654650216969764e-08,0.6071324752235883,5.959614867754082e-07
60,1e-06,0.05,10.536157839178307,2.4759943857533955e-08,5.848136701403187e-08,2.4759943857533955e-08,0.42338175596328176,4.1060897321290377e-07
60,1e-06,0.05,10.784514301033838,1.6811019637787493e-08,5.6905956014631646e-08,1.6811019637787493e-08,0.2954175769134789,2.829037316267297e-07
60,1e-06,0.05,11.032870762889369,1.1445099032404497e-08,5.542644141888098e-08,1.1445099032404497e-08,0.20649168049431604,1.9491663963399681e-07
60,1e-06,0.05,11.281227224744901,7.818439333185009e-09,5.40172037634161e-08,7.818439333185009e-09,0.14473980118312152,1.3429478698346083e-07
60,1e-06,0.05,11.529583686600432,5.3635219548864254e-09,5.2662707778642795e-08,5.3635219548864254e-09,0.10184668014852032,9.252719437389822e-08
60,1e-06,0.05,11.777940148455963,3.6985369586705876e-09,5.135341221297784e-08,3.6985369586705876e-09,0.07202125037634612,6.374991828401565e-08
60,1e-06,0.05,12.026296610311496,2.5665402933192566e-09,5.00833417049644e-08,2.5665402933192566e-09,0.05124538830572589,4.392278516587801e-08
60,1e-06,0.05,12.274653072167027,1.7945548259156168e-09,4.88486452528436e-08,1.7945548259156168e-09,0.03673704391650762,3.0262173010507625e-08
60,1e-06,0.05,12.523009534022558,1.2660763285002072e-09,4.764674033368741e-08,1.2660763285002072e-09,0.026572149944223158,2.0850205919282198e-08
60,1e-06,0.05,12.77136599587809,9.025896253097042e-10,4.647580466906508e-08,9.025896253097042e-10,0.01942063470953694,1.4365494728615126e-08
60,1e-06,0.05,13.019722457733621,6.511411010160045e-10,4.533447435838934e-08,6.511411010160045e-10,0.01436304512694781,9.897621135815596e-09
60,1e-06,0.05,13.268078919589152,4.759822592196462e-10,4.4221664516618606e-08,4.759822592196462e-10,0.010763553665890865,6.819319904906825e-09
60,1e-06,0.05,13.516435381444685,3.529499420399936e-10,4.3136462634889434e-08,3.529499420399936e-10,0.008182171658983512,4.6984142277136944e-09
60,1e-06,0.05,13.764791843300216,2.6568630898956894e-10,4.2078065113689085e-08,2.6568630898956894e-10,0.006314128472203307,3.237140442579382e-09
60,1e-06,0.05,14.013148305155747,2.0309571294242068e-10,4.104573942733676e-08,2.0309571294242068e-10,0.004948033968347942,2.230343630226717e-09
60,1e-06,0.05,14.26150476701128,1.5763324004485052e-10,4.003880150718892e-08,1.5763324004485052e-10,0.003937011951183096,1.5366749750650453e-09
60,1e-06,0.05,14.50986122886681,1.241525120394286e-10,3.905660216255424e-08,1.241525120394286e-10,0.003178784255801458,1.0587471576064653e-09
60,1e-06,0.05,14.758217690722342,9.912963059892322e-11,3.8098518870169534e-08,9.912963059892322e-11,0.0026019287242302733,7.294617026554191e-10
60,1e-06,0.05,15.006574152577874,8.014015378767998e-11,3.716395075413586e-08,8.014015378767998e-11,0.002156394897783074,5.025887170678803e-10
60,1e-06,0.05,15.254930614433405,6.550633212031062e-11,3.625231546330203e-08,6.550633212031062e-11,0.0018069558118742023,3.462764633213205e-10
60,1e-06,0.05,15.503287076288936,5.405894628016738e-11,3.53630471784744e-08,5.405894628016738e-11,0.0015286846183626744,2.385795482036389e-10
60,1e-06,0.05,15.751643538144467,4.4976315715704094e-11,3.4495595293707066e-08,4.4976315715704094e-11,0.0013038277882367491,1.6437790855056923e-10
60,1e-06,0.05,16.0,3.767530084268346e-11,3.3649423501057415e-08,3.767530084268346e-11,0.001119641792421779,1.1325403632835564e-10
60,0.0001,0.0,1.0986122886681096,0.09625391237839713,0.16670555555555552,0.09625391237839713,0.5773887502286629,0.0
60,0.0001,0.0,1.346968750523641,0.06632318097721947,0.1014514649364855,0.06632318097721947,0.65374295993401,0.0
60,0.0001,0.0,1.5953252123791726,0.04570067881824879,0.06174254634960866,0.04570067881824879,0.7401813096511277,0.0
60,0.0001,0.0,1.8436816742347042,0.03149149041361688,0.0375785713347089,0.03149149041361688,0.8380172341605288,0.0
60,0.0001,0.0,2.0920381360902356,0.02170105132028577,0.022874124341441555,0.02170105132028577,0.9487161561402154,0.0
60,0.0001,0.0,2.340394597945767,0.014955127176327692,0.013926061729868523,0.013926061729868523,1.0738949364450996,0.034336905253193994
60,0.0001,0.0,2.5887510598012984,0.01030688312592468,0.008480918193542984,0.008480918193542984,1.2153027408956625,0.0447267780167148
60,0.0001,0.0,2.8371075216568302,0.00710395729523051,0.005167397779320541,0.005167397779320541,1.3747649394555816,0.036985815439099935
60,0.0001,0.0,3.0854639835123616,0.004896876216677127,0.003151028979816333,0.003151028979816333,1.5540562298994014,0.02740140695679263
60,0.0001,0.0,3.333820445367893,0.0033759542776593226,0.001924012807481047,0.001924012807481047,1.7546423103488507,0.019512370026733897
60,0.0001,0.0,3.5821769072234244,0.0023278182658680326,0.0011773395364293765,0.0011773395364293765,1.9771851652309378,0.013663006948617551
60,0.0001,0.0,3.8305333690789563,0.0016054533351767882,0.0007229682035382099,0.0007229682035382099,2.2206416925664114,0.009492435790123913
60,0.0001,0.0,4.078889830934488,0.0011075650452290232,0.0004464706829258669,0.0004464706829258669,2.4807116963890907,0.006569316798287194
60,0.0001,0.0,4.327246292790019,0.0007643600497856664,0.0002782142957583142,0.0002782142957583142,2.7473787703909682,0.0045372019437913465
60,0.0001,0.0,4.575602754645551,0.0005277491485539251,0.00017582563144052715,0.00017582563144052715,3.0015484331272586,0.003130318349165606
60,0.0001,0.0,4.823959216501082,0.0003645972896942001,0.00011351929789052203,0.00011351929789052203,3.211764840598447,0.002158405219404619
60,0.0001,0.0,5.072315678356613,0.0002520728825708122,7.560417099331408e-05,7.560417099331408e-05,3.334113439232127,0.0014877664297007075
60,0.0001,0.0,5.320672140212146,0.00017444350944972872,5.253176782457919e-05,5.253176782457919e-05,3.320724138434725,0.0010253114135262893
60,0.0001,0.0,5.569028602067677,0.00012086818908513135,3.8491572484501334e-05,3.8491572484501334e-05,3.1401208442133415,0.0007065300182875163
60,0.0001,0.0,5.817385063923208,8.387625355919187e-05,2.9947725372178416e-05,2.9947725372178416e-05,2.800755400178516,0.000486831583497563
60,0.0001,0.0,6.065741525778739,5.8319294698058195e-05,2.47485581447555e-05,2.47485581447555e-05,2.3564724198050593,0.000335437279397287
60,0.0001,0.0,6.3140979876342715,4.064905118345233e-05,2.1584721116384415e-05,2.1584721116384415e-05,1.8832326331331037,0.0002311185472339974
60,0.0001,0.0,6.5624544494898025,2.841986636608496e-05,1.965943879630535e-05,1.965943879630535e-05,1.4456092394369862,0.00015924026969493774
60,0.0001,0.0,6.8108109113453335,1.9945874042037053e-05,1.8487851265478112e-05,1.8487851265478112e-05,1.0788638309353704,0.00010971546153430683
60,0.0001,0.0,7.059167373200866,1.4064791312715924e-05,1.7774907855530057e-05,1.4064791312715924e-05,0.7912722488932703,7.559287761298268e-05
60,0.0001,0.0,7.307523835056397,9.975163727164928e-06,1.7341062075838755e-05,9.975163727164928e-06,0.5752337246438494,5.2082616949490526e-05
60,0.0001,0.0,7.555880296911928,7.124219343569563e-06,1.707705492193341e-05,7.124219343569563e-06,0.4171807947059633,3.588426421821446e-05
60,0.0001,0.0,7.804236758767461,5.1305928014144025e-06,1.691639926829816e-05,5.1305928014144025e-06,0.30329106803652284,2.4723781199375445e-05
60,0.0001,0.0,8.052593220622992,3.7310753820404018e-06,1.6818635860514816e-05,3.7310753820404018e-06,0.22184173633248483,1.703434723566648e-05
60,0.0001,0.0,8.300949682478523,2.7439195584333765e-06,1.6759144123466383e-05,2.7439195584333765e-06,0.1637267117114473,1.1736428438140923e-05
60,0.0001,0.0,8.549306144334055,2.0435501697045694e-06,1.6722941756371285e-05,2.0435501697045694e-06,0.1222003998743819,8.08623440974251e-06
60,0.0001,0.0,8.797662606189586,1.5431353194905176e-06,1.6700911614904396e-05,1.5431353194905176e-06,0.09239826873362872,5.571301298404596e-06
60,0.0001,0.0,9.046019068045117,1.1825731498677592e-06,1.6687505664631134e-05,1.1825731498677592e-06,0.07086578267800692,3.838547624478492e-06
60,0.0001,0.0,9.294375529900648,9.202106395860266e-07,1.6679347773180494e-05,9.202106395860266e-07,0.055170660873543054,2.644704786949323e-06
60,0.0001,0.0,9.542731991756181,7.271342113653485e-07,1.6674383470645882e-05,7.271342113653485e-07,0.04360786188259487,1.8221639815939912e-06
60,0.0001,0.0,9.791088453611712,5.832327183854107e-07,1.6671362555277704e-05,5.832327183854107e-07,0.03498410621516805,1.2554450456764351e-06
60,0.0001,0.0,10.039444915467243,4.7448196286674327e-07,1.6669524244740008e-05,4.7448196286674327e-07,0.028464037479441793,8.649837573226526e-07
60,0.0001,0.0,10.287801377322776,3.910711756221045e-07,1.666840558194376e-05,3.910711756221045e-07,0.023461822650016197,5.959614867754082e-07
60,0.0001,0.0,10.536157839178307,3.261098974571629e-07,1.6667724844698306e-05,3.261098974571629e-07,0.01956535162991321,4.1060897321290377e-07
60,0.0001,0.0,10.784514301033838,2.7473501656057875e-07,1.6667310597260295e-05,2.7473501656057875e-07,0.016483464141223755,2.829037316267297e-07
60,0.0001,0.0,11.032870762889369,2.3349374383002922e-07,1.6667058516239246e-05,2.3349374383002922e-07,0.014009295257620223,1.9491663963399681e-07
60,0.0001,0.0,11.281227224744901,1.9991691408719906e-07,1.6666905117967242e-05,1.9991691408719906e-07,0.011994843234073781,1.3429478698346083e-07
60,0.0001,0.0,11.529583686600432,1.7222360334359953e-07,1.666681177087687e-05,1.7222360334359953e-07,0.010333326236067437,9.252719437389822e-08
60,0.0001,0.0,11.777940148455963,1.4911638366627528e-07,1.6666754966591087e-05,1.4911638366627528e-07,0.008946935619152179,6.374991828401565e-08
60,0.0001,0.0,12.026296610311496,1.2963916976928958e-07,1.66667203996124e-05,1.2963916976928958e-07,0.007778325109018117,4.392278516587801e-08
60,0.0001,0.0,12.274653072167027,1.1307831734117485e-07,1.6666699364650006e-05,1.1307831734117485e-07,0.006784685729738034,3.0262173010507625e-08
60,0.0001,0.0,12.523009534022558,9.889363330854189e-08,1.6666686564293715e-05,9.889363330854189e-08,0.005933610914625892,2.0850205919282198e-08
60,0.0001,0.0,12.77136599587809,8.667009401236932e-08,1.666667877492295e-05,8.667009401236932e-08,0.0052002018628195465,1.4365494728615126e-08
60,0.0001,0.0,13.019722457733621,7.608391829324049e-08,1.6666674034875443e-05,7.608391829324049e-08,0.004565033079427422,9.897621135815596e-09
60,0.0001,0.0,13.268078919589152,6.687860814403567e-08,1.666667115042546e-05,6.687860814403567e-08,0.00401271540911926,6.819319904906825e-09
60,0.0001,0.0,13.516435381444685,5.8847925094445045e-08,1.6666669395157884e-05,5.8847925094445045e-08,0.003530874927629029,4.6984142277136944e-09
60,0.0001,0.0,13.764791843300216,5.182370546920258e-08,1.6666668327029026e-05,5.182370546920258e-08,0.0031094220183861183,3.237140442579382e-09
60,0.0001,0.0,14.013148305155747,4.5667062778453515e-08,1.6666667677043078e-05,4.5667062778453515e-08,0.0027400236005998982,2.230343630226717e-09
60,0.0001,0.0,14.26150476701128,4.026197079642798e-08,1.6666667281508656e-05,4.026197079642798e-08,0.002415718158668581,1.5366749750650453e-09
60,0.0001,0.0,14.50986122886681,3.551052841412238e-08,1.6666667040815022e-05,3.551052841412238e-08,0.0021306316570170033,1.0587471576064653e-09
60,0.0001,0.0,14.758217690722342,3.132941987612931e-08,1.666666689434629e-05,3.132941987612931e-08,0.001879765166888705,7.294617026554191e-10
60,0.0001,0.0,15.006574152577874,2.7647231004188244e-08,1.6666666805216016e-05,2.7647231004188244e-08,0.0016588338464614736,5.025887170678803e-10
60,0.0001,0.0,15.254930614433405,2.4402383785731305e-08,1.666666675097778e-05,2.4402383785731305e-08,0.0014641430197372667,3.462764633213205e-10
60,0.0001,0.0,15.503287076288936,2.154152226932862e-08,1.6666666717972314e-05,2.154152226932862e-08,0.0012924913321809908,2.385795482036389e-10
60,0.0001,0.0,15.751643538144467,1.9018231716324576e-08,1.6666666697887573e-05,1.9018231716324576e-08,0.0011410939008419153,1.6437790855056923e-10
60,0.0001,0.0,16.0,1.679200706784702e-08,1.6666666685665454e-05,1.679200706784702e-08,0.0010075204229223211,1.1325403632835564e-10
60,0.0001,0.05,1.0986122886681096,0.08623950708819636,0.14936125280245413,0.08623950708819636,0.5773887502286629,0.0
60,0.0001,0.05,1.346968750523641,0.05796518656491518,0.08866663217415956,0.05796518656491518,0.6537429599340099,0.0
60,0.0001,0.05,1.5953252123791726,0.038961759144826136,0.05263812884331022,0.038961759144826136,0.7401813096511273,0.0
60,0.0001,0.05,1.8436816742347042,0.02618925458541038,0.03125145106549637,0.02618925458541038,0.8380172341605288,0.0
60,0.0001,0.05,2.0920381360902356,0.017604541238976864,0.01855617312410879,0.017604541238976864,0.9487161561402153,0.0
60,0.0001,0.05,2.340394597945767,0.011834449605044043,0.011020118638625368,0.011020118638625368,1.0738949364450991,0.034336905253193994
60,0.0001,0.05,2.5887510598012984,0.007956083297585815,0.006546585496649406,0.006546585496649406,1.2153027408956625,0.0447267780167148
60,0.0001,0.05,2.8371075216568302,0.005349169109101283,0.0038909699800895397,0.0038909699800895397,1.3747649394555819,0.036985815439099935
60,0.0001,0.05,3.0854639835123616,0.0035968235065809142,0.0023144744941524737,0.0023144744941524737,1.5540562298994,0.02740140695679263
60,0.0001,0.05,3.333820445367893,0.002418859114600203,0.001378548266124562,0.001378548266124562,1.7546423103488502,0.019512370026733897
60,0.0001,0.05,3.5821769072234244,0.0016269608603387887,0.0008228672199999827,0.0008228672199999827,1.9771851652309385,0.013663006948617551
60,0.0001,0.05,3.8305333690789563,0.0010945604111004708,0.0004929027563359311,0.0004929027563359311,2.22064169256641,0.009492435790123913
60,0.0001,0.05,4.078889830934488,0.0007365891313070637,0.00029692653619493094,0.00029692653619493094,2.4807116963890903,0.006569316798287194
60,0.0001,0.05,4.327246292790019,0.0004958702591568973,0.00018048849488865067,0.00018048849488865067,2.747378770390966,0.0045372019437913465
60,0.0001,0.05,4.575602754645551,0.00033397321592218383,0.00011126697548379162,0.00011126697548379162,3.0015484331272586,0.003130318349165606
60,0.0001,0.05,4.823959216501082,0.0002250668584936314,7.007575886274877e-05,7.007575886274877e-05,3.2117648405984456,0.002158405219404619
60,0.0001,0.05,5.072315678356613,0.00015178828596250964,4.552583129789003e-05,4.552583129789003e-05,3.3341134392321248,0.0014877664297007075
60,0.0001,0.05,5.320672140212146,0.00010246627777482959,3.085660642173327e-05,3.085660642173327e-05,3.3207241384347244,0.0010253114135262893
60,0.0001,0.05,5.569028602067677,6.925516625305948e-05,2.2054936637449423e-05,2.2054936637449423e-05,3.1401208442133437,0.0007065300182875163
60,0.0001,0.05,5.817385063923208,4.6880604244115374e-05,1.6738557119671107e-05,1.6738557119671107e-05,2.8007554001785144,0.000486831583497563
60,0.0001,0.05,6.065741525778739,3.179658332471402e-05,1.349329746339423e-05,1.349329746339423e-05,2.3564724198050557,0.000335437279397287
60,0.0001,0.05,6.3140979876342715,2.1618851654501847e-05,1.147965008366221e-05,1.147965008366221e-05,1.8832326331331046,0.0002311185472339974
60,0.0001,0.05,6.5624544494898025,1.474409959949466e-05,1.0199228946016542e-05,1.0199228946016542e-05,1.4456092394369855,0.00015924026969493774
60,0.0001,0.05,6.8108109113453335,1.0094000282214343e-05,9.356139294671602e-06,9.356139294671602e-06,1.0788638309353686,0.00010971546153430683
60,0.0001,0.05,7.059167373200866,6.943166004904491e-06,8.774686607063112e-06,6.943166004904491e-06,0.7912722488932706,7.559287761298268e-05
60,0.0001,0.05,7.307523835056397,4.8035056394025995e-06,8.350528547985687e-06,4.8035056394025995e-06,0.575233724643849,5.2082616949490526e-05
60,0.0001,0.05,7.555880296911928,3.3464902988030103e-06,8.021678709255259e-06,3.3464902988030103e-06,0.41718079470596275,3.588426421821446e-05
60,0.0001,0.05,7.804236758767461,2.350898351782942e-06,7.751294382002181e-06,2.350898351782942e-06,0.303291068036523,2.4723781199375445e-05
60,0.0001,0.05,8.052593220622992,1.6676862324809537e-06,7.517459338586825e-06,1.6676862324809537e-06,0.22184173633248475,1.703434723566648e-05
60,0.0001,0.05,8.300949682478523,1.1963705425691805e-06,7.307118857170179e-06,1.1963705425691805e-06,0.16372671171144706,1.1736428438140923e-05
60,0.0001,0.05,8.549306144334055,8.691478415319759e-07,7.112479520733416e-06,8.691478415319759e-07,0.12220039987438196,8.08623440974251e-06
60,0.0001,0.05,8.797662606189586,6.402157870913282e-07,6.928872108383121e-06,6.402157870913282e-07,0.0923982687336287,5.571301298404596e-06
60,0.0001,0.05,9.046019068045117,4.78590857165303e-07,6.7534829797884005e-06,4.78590857165303e-07,0.07086578267800686,3.838547624478492e-06
60,0.0001,0.05,9.294375529900648,3.6327678866573047e-07,6.584600998316825e-06,3.6327678866573047e-07,0.05517066087354303,2.644704786949323e-06
60,0.0001,0.05,9.542731991756181,2.8001351536796903e-07,6.421170478888589e-06,2.8001351536796903e-07,0.043607861882594856,1.8221639815939912e-06
60,0.0001,0.05,9.791088453611712,2.190888675143208e-07,6.262525792907938e-06,2.190888675143208e-07,0.034984106215168044,1.2554450456764351e-06
60,0.0001,0.05,10.039444915467243,1.7386499597436546e-07,6.108233805549891e-06,1.7386499597436546e-07,0.02846403747944179,8.649837573226526e-07
60,0.0001,0.05,10.287801377322776,1.3978554692668051e-07,5.9580003229878645e-06,1.3978554692668051e-07,0.0234618226500162,5.959614867754082e-07
60,0.0001,0.05,10.536157839178307,1.1370628194484434e-07,5.811614536536121e-06,1.1370628194484434e-07,0.019565351629913217,4.1060897321290377e-07
60,0.0001,0.05,10.784514301033838,9.344337397393124e-08,5.668916022344917e-06,9.344337397393124e-08,0.016483464141223755,2.829037316267297e-07
60,0.0001,0.05,11.032870762889369,7.746825251327952e-08,5.529775130632738e-06,7.746825251327952e-08,0.014009295257620234,1.9491663963399681e-07
60,0.0001,0.05,11.281227224744901,6.47011598671047e-08,5.394081323489741e-06,6.47011598671047e-08,0.011994843234073788,1.3429478698346083e-07
60,0.0001,0.05,11.529583686600432,5.4371237048005735e-08,5.261736231478726e-06,5.4371237048005735e-08,0.010333326236067438,9.252719437389822e-08
60,0.0001,0.05,11.777940148455963,4.592148473797321e-08,5.1326495118252264e-06,4.592148473797321e-08,0.008946935619152187,6.374991828401565e-08
60,0.0001,0.05,12.026296610311496,3.894402322200236e-08,5.006736370128195e-06,3.894402322200236e-08,0.007778325109018116,4.392278516587801e-08
60,0.0001,0.05,12.274653072167027,3.313583566550954e-08,4.8839160700209725e-06,3.313583566550954e-08,0.006784685729738032,3.0262173010507625e-08
60,0.0001,0.05,12.523009534022558,2.8268381204624215e-08,4.764111029751688e-06,2.8268381204624215e-08,0.005933610914625892,2.0850205919282198e-08
60,0.0001,0.05,12.77136599587809,2.416661869785594e-08,4.647246267619468e-06,2.416661869785594e-08,0.0052002018628195465,1.4365494728615126e-08
60,0.0001,0.05,13.019722457733621,2.0694431893085793e-08,4.5332490549403475e-06,2.0694431893085793e-08,0.004565033079427423,9.897621135815596e-09
60,0.0001,0.05,13.268078919589152,1.77444229288349e-08,4.422048692640671e-06,1.77444229288349e-08,0.00401271540911926,6.819319904906825e-09
60,0.0001,0.05,13.516435381444685,1.5230698623808653e-08,4.31357636166286e-06,1.5230698623808653e-08,0.003530874927629032,4.6984142277136944e-09
60,0.0001,0.05,13.764791843300216,1.3083717193928804e-08,4.207765017602737e-06,1.3083717193928804e-08,0.0031094220183861187,3.237140442579382e-09
60,0.0001,0.05,14.013148305155747,1.1246561984730794e-08,4.1045493120090205e-06,1.1246561984730794e-08,0.002740023600599899,2.230343630226717e-09
60,0.0001,0.05,14.26150476701128,9.672210665460807e-09,4.003865529905865e-06,9.672210665460807e-09,0.002415718158668583,1.5366749750650453e-09
60,0.0001,0.05,14.50986122886681,8.321504806716653e-09,3.905651537331982e-06,8.321504806716653e-09,0.0021306316570170046,1.0587471576064653e-09
60,0.0001,0.05,14.758217690722342,7.1616171840188005e-09,3.8098467352027582e-06,7.1616171840188005e-09,0.001879765166888705,7.294617026554191e-10
60,0.0001,0.05,15.006574152577874,6.164876865005811e-09,3.7163920172935688e-06,6.164876865005811e-09,0.001658833846461475,5.025887170678803e-10
60,0.0001,0.05,15.254930614433405,5.307854805629117e-09,3.625229731028314e-06,5.307854805629117e-09,0.0014641430197372672,3.462764633213205e-10
60,0.0001,0.05,15.503287076288936,4.570641803026047e-09,3.5363036402831428e-06,4.570641803026047e-09,0.0012924913321809908,2.385795482036389e-10
60,0.0001,0.05,15.751643538144467,3.936270609663502e-09,3.449558889727889e-06,3.936270609663502e-09,0.0011410939008419149,1.6437790855056923e-10
60,0.0001,0.05,16.0,3.3902477571399576e-09,3.3649419704133785e-06,3.3902477571399576e-09,0.0010075204229223218,1.1325403632835564e-10
60,0.01,0.0,1.0986122886681096,0.09911179621088577,0.17055555555555554,0.09911179621088577,0.5811115087283205,0.0
60,0.01,0.0,1.346968750523641,0.06884732802126146,0.10444022577220234,0.06884732802126146,0.6592031711174812,0.0
60,0.01,0.0,1.5953252123791726,0.047930062051925494,0.06420721933835832,0.047930062051925494,0.7464902318747727,0.0
60,0.01,0.0,1.8436816742347042,0.033460531644527086,0.0397243223761882,0.033460531644527086,0.842318500178727,0.0
60,0.01,0.0,2.0920381360902356,0.02344015266026948,0.024825802558986244,0.02344015266026948,0.9441850914819591,0.0
60,0.01,0.0,2.340394597945767,0.016491140451852175,0.015759641267431113,0.015759641267431113,1.0464159794000374,0.034336905253193994
60,0.01,0.0,2.5887510598012984,0.011663524471856566,0.010242631418601078,0.010242631418601078,1.1387234388494232,0.0447267780167148
60,0.01,0.0,2.8371075216568302,0.00830217333334609,0.006885378365929359,0.006885378365929359,1.205768643656157,0.036985815439099935
60,0.01,0.0,3.0854639835123616,0.005955167472728438,0.004842397046607671,0.004842397046607671,1.2297974361479334,0.02740140695679263
60,0.01,0.0,3.333820445367893,0.004310660830574471,0.0035991864200581205,0.0035991864200581205,1.197676454476304,0.019512370026733897
60,0.01,0.0,3.5821769072234244,0.0031533720395261235,0.0028426583757983296,0.0028426583757983296,1.109303905939993,0.013663006948617551
60,0.01,0.0,3.8305333690789563,0.0023346009281572165,0.0023822901408999337,0.0023346009281572165,0.9799817780697769,0.009492435790123913
60,0.01,0.0,4.078889830934488,0.0017515645390395157,0.002102143339586268,0.0017515645390395157,0.8332279279224836,0.006569316798287194
60,0.01,0.0,4.327246292790019,0.0013331548342996199,0.0019316662641998658,0.0013331548342996199,0.6901579527516565,0.0045372019437913465
60,0.01,0.0,4.575602754645551,0.0010301214485319713,0.0018279262496931092,0.0010301214485319713,0.5635465045183954,0.003130318349165606
60,0.01,0.0,4.823959216501082,0.0008083037628484752,0.0017647975821847718,0.0008083037628484752,0.45801499900505127,0.002158405219404619
60,0.01,0.0,5.072315678356613,0.0006439643828139764,0.0017263820423342477,0.0006439643828139764,0.3730138329887107,0.0014877664297007075
60,0.01,0.0,5.320672140212146,0.0005205708644803121,0.0017030051240457015,0.0005205708644803121,0.3056778028028659,0.0010253114135262893
60,0.01,0.0,5.569028602067677,0.0004265756255213148,0.001688779622834584,0.0004265756255213148,0.25259401508251017,0.0007065300182875163
60,0.01,0.0,5.817385063923208,0.0003538839121105518,0.0016801230119755449,0.0003538839121105518,0.21062976317099738,0.000486831583497563
60,0.01,0.0,6.065741525778739,0.0002967961094143617,0.0016748552248900344,0.0002967961094143617,0.17720702363026533,0.000335437279397287
60,0.01,0.0,6.3140979876342715,0.00025127711804036405,0.0016716496307804995,0.00025127711804036405,0.1503168567225668,0.0002311185472339974
60,0.01,0.0,6.5624544494898025,0.00021445129504252128,0.0016696989381218407,0.00021445129504252128,0.1284371033281884,0.00015924026969493774
60,0.01,0.0,6.8108109113453335,0.0001842530006839315,0.0016685118876973255,0.0001842530006839315,0.11042954026429791,0.00010971546153430683
60,0.01,0.0,7.059167373200866,0.00015918452757121129,0.0016677895346889793,0.00015918452757121129,0.09544641230819156,7.559287761298268e-05
60,0.01,0.0,7.307523835056397,0.0001381481668229754,0.0016673499629084629,0.0001381481668229754,0.0828549314158348,5.2082616949490526e-05
60,0.01,0.0,7.555880296911928,0.00012032948794559904,0.0016670824713247167,0.00012032948794559904,0.07217968517777132,3.588426421821446e-05
60,0.01,0.0,7.804236758767461,0.00010511602288202179,0.0016669196952991696,0.00010511602288202179,0.063060040131781,2.4723781199375445e-05
60,0.01,0.0,8.052593220622992,9.204044783314567e-05,0.0016668206415864442,9.204044783314567e-05,0.05521916727977615,1.703434723566648e-05
60,0.01,0.0,8.300949682478523,8.074073625883575e-05,0.0016667603646631582,8.074073625883575e-05,0.04844171842012391,1.1736428438140923e-05
60,0.01,0.0,8.549306144334055,7.093208653388774e-05,0.0016667236844885253,7.093208653388774e-05,0.04255779598863442,8.08623440974251e-06
60,0.01,0.0,8.797662606189586,6.238703438050064e-05,0.0016667013635879588,6.238703438050064e-05,0.03743144137483524,5.571301298404596e-06
60,0.01,0.0,9.046019068045117,5.4921268269991384e-05,0.0016666877807027332,5.4921268269991384e-05,0.03295234350781325,3.838547624478492e-06
60,0.01,0.0,9.294375529900648,4.8383430416442566e-05,0.0016666795151414715,4.8383430416442566e-05,0.02902983445640758,2.644704786949323e-06
60,0.01,0.0,9.542731991756181,4.264771353601273e-05,0.0016666744853188794,4.264771353601273e-05,0.025588508081020443,1.8221639815939912e-06
60,0.01,0.0,9.791088453611712,3.760842778892604e-05,0.0016666714245327445,3.760842778892604e-05,0.0225649922566289,1.2554450456764351e-06
60,0.01,0.0,10.039444915467243,3.3175963958025625e-05,0.0016666695619597426,3.3175963958025625e-05,0.019905543795385502,8.649837573226526e-07
60,0.01,0.0,10.287801377322776,2.927375289120246e-05,0.001666668428532566,2.927375289120246e-05,0.017564233167227397,5.959614867754082e-07
60,0.01,0.0,10.536157839178307,2.5835941629456844e-05,0.001666667738810787,2.5835941629456844e-05,0.015501555005733473,4.1060897321290377e-07
60,0.01,0.0,10.784514301033838,2.2805590059840692e-05,0.0016666673190960117,2.2805590059840692e-05,0.013683348679453484,2.829037316267297e-07
60,0.01,0.0,11.032870762889369,2.0133249818838358e-05,0.0016666670636879648,2.0133249818838358e-05,0.012079947013705268,1.9491663963399681e-07
60,0.01,0.0,11.281227224744901,1.7775827419220855e-05,0.0016666669082651055,1.7775827419220855e-05,0.010665494905472361,1.3429478698346083e-07
60,0.01,0.0,11.529583686600432,1.5695661625401796e-05,0.001666666813685998,1.5695661625401796e-05,0.009417396144517507,9.252719437389822e-08
60,0.01,0.0,11.777940148455963,1.38597647141921e-05,0.0016666667561319954,1.38597647141921e-05,0.008315858382126657,6.374991828401565e-08
60,0.01,0.0,12.026296610311496,1.2239191021378176e-05,0.0016666667211087936,1.2239191021378176e-05,0.007343514372948981,4.392278516587801e-08
60,0.01,0.0,12.274653072167027,1.0808505879312658e-05,0.0016666666997962067,1.0808505879312658e-05,0.0064851033986785,3.0262173010507625e-08
60,0.01,0.0,12.523009534022558,9.545334933130961e-06,0.001666666686826908,9.545334933130961e-06,0.005727200890601525,2.0850205919282198e-08
60,0.01,0.0,12.77136599587809,8.429978738191708e-06,0.0016666666789347314,8.429978738191708e-06,0.005057987205683996,1.4365494728615126e-08
60,0.01,0.0,13.019722457733621,7.445081080573423e-06,0.0016666666741321236,7.445081080573423e-06,0.004467048628334918,9.897621135815596e-09
60,0.01,0.0,13.268078919589152,6.575342035968553e-06,0.001666666671209604,6.575342035968553e-06,0.00394520521082744,6.819319904906825e-09
60,0.01,0.0,13.516435381444685,5.807268674685531e-06,0.0016666666694311698,5.807268674685531e-06,0.003484361199031802,4.6984142277136944e-09
60,0.01,0.0,13.764791843300216,5.128957729616987e-06,0.0016666666683489437,5.128957729616987e-06,0.0030773746346639944,3.237140442579382e-09
60,0.01,0.0,14.013148305155747,4.529905607946313e-06,0.001666666667690379,4.529905607946313e-06,0.0027179433630983526,2.230343630226717e-09
60,0.01,0.0,14.26150476701128,4.000841942554099e-06,0.0016666666672896242,4.000841942554099e-06,0.002400505164635212,1.5366749750650453e-09
60,0.01,0.0,14.50986122886681,3.5335835133116795e-06,0.001666666667045754,3.5335835133116795e-06,0.0021201501075047745,1.0587471576064653e-09
60,0.01,0.0,14.758217690722342,3.1209058695190945e-06,0.001666666666897352,3.1209058695190945e-06,0.0018725435214522756,7.294617026554191e-10
60,0.01,0.0,15.006574152577874,2.756430386587195e-06,0.0016666666668070454,2.756430386587195e-06,0.0016538582318130172,5.025887170678803e-10
60,0.01,0.0,15.254930614433405,2.4345248169283248e-06,0.0016666666667520913,2.4345248169283248e-06,0.0014607148900821262,3.462764633213205e-10
60,0.01,0.0,15.503287076288936,2.1502156643875005e-06,0.0016666666667186501,2.1502156643875005e-06,0.001290129398592261,2.385795482036389e-10
60,0.01,0.0,15.751643538144467,1.8991109361413724e-06,0.0016666666666983003,1.8991109361413724e-06,0.0011394665616631962,1.6437790855056923e-10
60,0.01,0.0,16.0,1.6773320151852836e-06,0.001666666666685917,1.6773320151852836e-06,0.001006399209099546,1.1325403632835564e-10
60,0.01,0.05,1.0986122886681096,0.0888000522851567,0.1528106928728411,0.0888000522851567,0.5811115087283204,0.0
60,0.01,0.05,1.346968750523641,0.06017124261001694,0.09127875175117055,0.06017124261001694,0.659203171117481,0.0
60,0.01,0.05,1.5953252123791726,0.0408624025233954,0.05473936667700467,0.0408624025233954,0.7464902318747723,0.0
60,0.01,0.05,1.8436816742347042,0.027826767494712995,0.033035921078319645,0.027826767494712995,0.8423185001787269,0.0
60,0.01,0.05,2.0920381360902356,0.019015352208760793,0.020139432808576736,0.019015352208760793,0.9441850914819591,0.0
60,0.01,0.05,2.340394597945767,0.013049943895901474,0.012471086215047734,0.012471086215047734,1.046415979400037,0.034336905253193994
60,0.01,0.05,2.5887510598012984,0.009003301105463565,0.007906486156604086,0.007906486156604086,1.1387234388494232,0.0447267780167148
60,0.01,0.05,2.8371075216568302,0.006251407108395113,0.005184582582475742,0.005184582582475742,1.2057686436561572,0.036985815439099935
60,0.01,0.05,3.0854639835123616,0.004374153113894812,0.0035568078004747485,0.0035568078004747485,1.2297974361479325,0.02740140695679263
60,0.01,0.05,3.333820445367893,0.0030885730025983927,0.0025788041428508354,0.0025788041428508354,1.1976764544763039,0.019512370026733897
60,0.01,0.05,3.5821769072234244,0.002203957654951468,0.001986793378396965,0.001986793378396965,1.1093039059399932,0.013663006948617551
60,0.01,0.05,3.8305333690789563,0.001591676130155421,0.0016241895163504668,0.001591676130155421,0.9799817780697766,0.009492435790123913
60,0.01,0.05,4.078889830934488,0.001164882737855445,0.0013980361181122293,0.001164882737855445,0.8332279279224833,0.006569316798287194
60,0.01,0.05,4.327246292790019,0.0008648696819853338,0.0012531474549226053,0.0008648696819853338,0.6901579527516563,0.0045372019437913465
60,0.01,0.05,4.575602754645551,0.0006518873102861818,0.0011567586792917508,0.0006518873102861818,0.5635465045183955,0.003130318349165606
60,0.01,0.05,4.823959216501082,0.0004989680224048621,0.001089414153442078,0.0004989680224048621,0.4580149990050512,0.002158405219404619
60,0.01,0.05,5.072315678356613,0.00038776979455844513,0.0010395587516192225,0.00038776979455844513,0.3730138329887106,0.0014877664297007075
60,0.01,0.05,5.320672140212146,0.00030577783587124345,0.0010003272500242418,0.00030577783587124345,0.305677802802866,0.0010253114135262893
60,0.01,0.05,5.569028602067677,0.0002444196946160392,0.0009676385029795703,0.0002444196946160392,0.2525940150825103,0.0007065300182875163
60,0.01,0.05,5.817385063923208,0.00019779485763877437,0.0009390641410834083,0.00019779485763877437,0.21062976317099738,0.000486831583497563
60,0.01,0.05,6.065741525778739,0.0001618178387153732,0.0009131570261740814,0.0001618178387153732,0.17720702363026525,0.000335437279397287
60,0.01,0.05,6.3140979876342715,0.00013363959504414713,0.0008890526183021496,0.00013363959504414713,0.15031685672256684,0.0002311185472339974
60,0.01,0.05,6.5624544494898025,0.00011125637301098697,0.0008662323435207004,0.00011125637301098697,0.1284371033281884,0.00015924026969493774
60,0.01,0.05,6.8108109113453335,9.324484036060332e-05,0.000844383125542628,9.324484036060332e-05,0.11042954026429787,0.00010971546153430683
60,0.01,0.05,7.059167373200866,7.858236754213108e-05,0.0008233140004088648,7.858236754213108e-05,0.09544641230819152,7.559287761298268e-05
60,0.01,0.05,7.307523835056397,6.652477258094054e-05,0.0008029066157458269,6.652477258094054e-05,0.08285493141583483,5.2082616949490526e-05
60,0.01,0.05,7.555880296911928,5.652288968802574e-05,0.0007830858440129731,5.652288968802574e-05,0.07217968517777132,3.588426421821446e-05
60,0.01,0.05,7.804236758767461,4.816540592954439e-05,0.0007638023355026373,4.816540592954439e-05,0.06306004013178103,2.4723781199375445e-05
60,0.01,0.05,8.052593220622992,4.1139503217106657e-05,0.0007450221588577606,4.1139503217106657e-05,0.05521916727977617,1.703434723566648e-05
60,0.01,0.05,8.300949682478523,3.520359704005658e-05,0.0007267206488164573,3.520359704005658e-05,0.048441718420123916,1.1736428438140923e-05
60,0.01,0.05,8.549306144334055,3.0168317284424936e-05,0.0007088787514391426,3.0168317284424936e-05,0.04255779598863445,8.08623440974251e-06
60,0.01,0.05,8.797662606189586,2.588312497013741e-05,0.0006914808519112585,2.588312497013741e-05,0.037431441374835256,5.571301298404596e-06
60,0.01,0.05,9.046019068045117,2.2226799975020624e-05,0.00067451348247054,2.2226799975020624e-05,0.03295234350781328,3.838547624478492e-06
60,0.01,0.05,9.294375529900648,1.910060204718372e-05,0.0006579645528418695,1.910060204718372e-05,0.029029834456407593,2.644704786949323e-06
60,0.01,0.05,9.542731991756181,1.642329023028848e-05,0.00064182289089648,1.642329023028848e-05,0.025588508081020443,1.8221639815939912e-06
60,0.01,0.05,9.791088453611712,1.4127444489191119e-05,0.0006260779675224971,1.4127444489191119e-05,0.02256499225662892,1.2554450456764351e-06
60,0.01,0.05,10.039444915467243,1.2156708350213485e-05,0.0006107197309038924,1.2156708350213485e-05,0.019905543795385512,8.649837573226526e-07
60,0.01,0.05,10.287801377322776,1.0463690022624967e-05,0.0005957385058033087,1.0463690022624967e-05,0.0175642331672274,5.959614867754082e-07
60,0.01,0.05,10.536157839178307,9.00834009067588e-06,0.000581124931488745,9.00834009067588e-06,0.01550155500573348,4.1060897321290377e-07
60,0.01,0.05,10.784514301033838,7.756678807588306e-06,0.0005668699226553733,7.756678807588306e-06,0.013683348679453493,2.829037316267297e-07
60,0.01,0.05,11.032870762889369,6.679783600600783e-06,0.0005529646440520184,6.679783600600783e-06,0.01207994701370528,1.9491663963399681e-07
60,0.01,0.05,11.281227224744901,5.7529732132590734e-06,0.0005394004932961223,5.7529732132590734e-06,0.010665494905472367,1.3429478698346083e-07
60,0.01,0.05,11.529583686600432,4.9551427463599365e-06,0.000526169088601487,4.9551427463599365e-06,0.009417396144517512,9.252719437389822e-08
60,0.01,0.05,11.777940148455963,4.268216262668235e-06,0.00051326225947305,4.268216262668235e-06,0.008315858382126666,6.374991828401565e-08
60,0.01,0.05,12.026296610311496,3.6766923160903127e-06,0.0005006720392124514,3.6766923160903127e-06,0.007343514372948981,4.392278516587801e-08
60,0.01,0.05,12.274653072167027,3.1672639196249013e-06,0.0004883906585468338,3.1672639196249013e-06,0.006485103398678497,3.0262173010507625e-08
60,0.01,0.05,12.523009534022558,2.728498868817025e-06,0.00047641053997155177,2.728498868817025e-06,0.005727200890601526,2.0850205919282198e-08
60,0.01,0.05,12.77136599587809,2.3505695259524795e-06,0.00046472429256265977,2.3505695259524795e-06,0.005057987205683997,1.4365494728615126e-08
60,0.01,0.05,13.019722457733621,2.025023511100064e-06,0.0004533247071131362,2.025023511100064e-06,0.00446704862833492,9.897621135815596e-09
60,0.01,0.05,13.268078919589152,1.7445884898903606e-06,0.000442204751505046,1.7445884898903606e-06,0.00394520521082744,6.819319904906825e-09
60,0.01,0.05,13.516435381444685,1.5030055668006745e-06,0.00043135756626445985,1.5030055668006745e-06,0.003484361199031805,4.6984142277136944e-09
60,0.01,0.05,13.764791843300216,1.2948868056878523e-06,0.0004207764602665075,1.2948868056878523e-06,0.0030773746346639944,3.237140442579382e-09
60,0.01,0.05,14.013148305155747,1.115593189163568e-06,0.0004104549065701774,1.115593189163568e-06,0.002717943363098352,2.230343630226717e-09
60,0.01,0.05,14.26150476701128,9.611299532070565e-07,0.00040038653836977343,9.611299532070565e-07,0.002400505164635214,1.5366749750650453e-09
60,0.01,0.05,14.50986122886681,8.28056734274439e-07,0.00039056514505427485,8.28056734274439e-07,0.0021201501075047754,1.0587471576064653e-09
60,0.01,0.05,14.758217690722342,7.134103725260066e-07,0.0003809846683684616,7.134103725260066e-07,0.0018725435214522758,7.294617026554191e-10
60,0.01,0.05,15.006574152577874,6.146385479868189e-07,0.00037163919867123685,6.146385479868189e-07,0.0016538582318130185,5.025887170678803e-10
60,0.01,0.05,15.254930614433405,5.295427021565097e-07,0.00036252297128752957,5.295427021565097e-07,0.0014607148900821268,3.462764633213205e-10
60,0.01,0.05,15.503287076288936,4.56228927477614e-07,0.0003536303629507499,4.56228927477614e-07,0.001290129398592261,2.385795482036389e-10
60,0.01,0.05,15.751643538144467,3.9306570000444325e-07,0.0003449558883331461,3.9306570000444325e-07,0.0011394665616631956,1.6437790855056923e-10
60,0.01,0.05,16.0,3.3864749338686736e-07,0.0003364941966616455,3.3864749338686736e-07,0.0010063992090995465,1.1325403632835564e-10
60,1.0,0.0,1.0986122886681096,0.3849001794597506,0.5555555555555556,0.3849001794597506,0.692820323027551,0.0
60,1.0,0.0,1.346968750523641,0.3212620324254604,0.40331630934388707,0.3212620324254604,0.7965510567824243,0.0
60,1.0,0.0,1.5953252123791726,0.27086838541959585,0.31067451821332515,0.27086838541959585,0.8718719094740935,0.0
60,1.0,0.0,1.8436816742347042,0.2303646547355476,0.25429942652411763,0.2303646547355476,0.9058795683666236,0.0
60,1.0,0.0,2.0920381360902356,0.1973502866586407,0.21999362431345523,0.1973502866586407,0.8970727550606129,0.0
60,1.0,0.0,2.340394597945767,0.17009246800430042,0.19911759502369014,0.17009246800430042,0.8542312294604781,0.034336905253193994
60,1.0,0.0,2.5887510598012984,0.1473276590650452,0.18641395392441046,0.1473276590650452,0.7903252732077424,0.0447267780167148
60,1.0,0.0,2.8371075216568302,0.12812377714490403,0.1786834370268111,0.12812377714490403,0.7170433884461227,0.036985815439099935
60,1.0,0.0,3.0854639835123616,0.11178429307785948,0.1739792037257414,0.11178429307785948,0.6425152586286969,0.02740140695679263
60,1.0,0.0,3.333820445367893,0.09778131612208936,0.1711165476777655,0.09778131612208936,0.571431094473833,0.019512370026733897
60,1.0,0.0,3.5821769072234244,0.0857087494053352,0.16937454231269358,0.0857087494053352,0.5060308841874394,0.013663006948617551
60,1.0,0.0,3.8305333690789563,0.07524936022620005,0.1683144838770723,0.07524936022620005,0.4470759645447867,0.009492435790123913
60,1.0,0.0,4.078889830934488,0.06615151392008875,0.16766940900562635,0.06615151392008875,0.3945353795448098,0.006569316798287194
60,1.0,0.0,4.327246292790019,0.058212633285694974,0.16727686310835502,0.058212633285694974,0.3480017033078104,0.0045372019437913465
60,1.0,0.0,4.575602754645551,0.05126735144633658,0.16703798807495132,0.05126735144633658,0.30692031218271437,0.003130318349165606
60,1.0,0.0,4.823959216501082,0.045178951078275985,0.16689262601160976,0.045178951078275985,0.270706694225862,0.002158405219404619
60,1.0,0.0,5.072315678356613,0.03983311440713039,0.16680416917642762,0.03983311440713039,0.2388016714678107,0.0014877664297007075
60,1.0,0.0,5.320672140212146,0.035133306367538655,0.16675034074615794,0.035133306367538655,0.21069406041587446,0.0010253114135262893
60,1.0,0.0,5.569028602067677,0.030997319269139657,0.16671758465784287,0.030997319269139657,0.18592711340411958,0.0007065300182875163
60,1.0,0.0,5.817385063923208,0.027354649767246546,0.16669765167231218,0.027354649767246546,0.16409739125191314,0.000486831583497563
60,1.0,0.0,6.065741525778739,0.024144477581044706,0.1666855218994179,0.024144477581044706,0.14485047834936782,0.000335437279397287
60,1.0,0.0,6.3140979876342715,0.021314083803731537,0.16667814059719202,0.021314083803731537,0.12787569940104437,0.0002311185472339974
60,1.0,0.0,6.5624544494898025,0.018817594162686153,0.16667364887067537,0.018817594162686153,0.11290083519613237,0.00015924026969493774
60,1.0,0.0,6.8108109113453335,0.016614965664873377,0.16667091553088206,0.016614965664873377,0.09968725264363733,0.00010971546153430683
60,1.0,0.0,7.059167373200866,0.014671158153420745,0.16666925221803391,0.014671158153420745,0.08802558335252013,7.559287761298268e-05
60,1.0,0.0,7.307523835056397,0.012955448476404022,0.16666824004617087,0.012955448476404022,0.07773195704721589,5.2082616949490526e-05
60,1.0,0.0,7.555880296911928,0.011440856348148547,0.16666762411160305,0.011440856348148547,0.06864474374751742,3.588426421821446e-05
60,1.0,0.0,7.804236758767461,0.01010365903094276,0.1666672492983863,0.01010365903094276,0.060621742264756896,2.4723781199375445e-05
60,1.0,0.0,8.052593220622992,0.008922977692943673,0.1666670212141794,0.008922977692943673,0.053537752267600616,1.703434723566648e-05
60,1.0,0.0,8.300949682478523,0.007880422406299072,0.16666688241863234,0.007880422406299072,0.04728247323007519,1.1736428438140923e-05
60,1.0,0.0,8.549306144334055,0.006959785722952205,0.16666679795770392,0.006959785722952205,0.04175868144246962,8.08623440974251e-06
60,1.0,0.0,8.797662606189586,0.006146776940481513,0.1666667465608934,0.006146776940481513,0.03688064396358589,5.571301298404596e-06
60,1.0,0.0,9.046019068045117,0.005428790780282354,0.16666671528451293,0.005428790780282354,0.03257273517999673,3.838547624478492e-06
60,1.0,0.0,9.294375529900648,0.004794705408102097,0.16666669625197056,0.004794705408102097,0.028768227341912093,2.644704786949323e-06
60,1.0,0.0,9.542731991756181,0.004234705646000751,0.16666668467014223,0.004234705646000751,0.025408231131385697,1.8221639815939912e-06
60,1.0,0.0,9.791088453611712,0.003740127934842989,0.1666666776222794,0.003740127934842989,0.022440766133943874,1.2554450456764351e-06
60,1.0,0.0,10.039444915467243,0.003303324163473914,0.16666667333346,0.003303324163473914,0.019819944188030653,8.649837573226526e-07
60,1.0,0.0,10.287801377322776,0.0029175419244492377,0.16666667072359478,0.0029175419244492377,0.017505251120590152,5.959614867754082e-07
60,1.0,0.0,10.536157839178307,0.002576819114829425,0.16666666913541964,0.002576819114829425,0.01546091445996148,4.1060897321290377e-07
60,1.0,0.0,10.784514301033838,0.002275891094387852,0.16666666816897116,0.002275891094387852,0.013655346443240183,2.829037316267297e-07
60,1.0,0.0,11.032870762889369,0.0020101088573196715,0.16666666758086052,0.0020101088573196715,0.01206065307776338,1.9491663963399681e-07
60,1.0,0.0,11.281227224744901,0.0017753668779325864,0.16666666722297893,0.0017753668779325864,0.010652201232039818,1.3429478698346083e-07
60,1.0,0.0,11.529583686600432,0.0015680394638312213,0.16666666700519808,0.0015680394638312213,0.009408236763877425,9.252719437389822e-08
60,1.0,0.0,11.777940148455963,0.0013849245977667747,0.16666666687267243,0.0013849245977667747,0.00830954757632976,6.374991828401565e-08
60,1.0,0.0,12.026296610311496,0.001223194376182267,0.1666666667920269,0.001223194376182267,0.007339166251573364,4.392278516587801e-08
60,1.0,0.0,12.274653072167027,0.001080351262076461,0.16666666674295186,0.001080351262076461,0.006482107569491833,3.0262173010507625e-08
60,1.0,0.0,12.523009534022558,0.0009541894649153729,0.16666666671308836,0.0009541894649153729,0.005725136787897615,2.0850205919282198e-08
60,1.0,0.0,12.77136599587809,0.0008427608431561256,0.16666666669491556,0.0008427608431561256,0.005056565058079699,1.4365494728615126e-08
60,1.0,0.0,13.019722457733621,0.0007443447973085916,0.16666666668385693,0.0007443447973085916,0.004466068783390912,9.897621135815596e-09
60,1.0,0.0,13.268078919589152,0.0006574216848184202,0.16666666667712746,0.0006574216848184202,0.003944530108662944,6.819319904906825e-09
60,1.0,0.0,13.516435381444685,0.0005806493436337941,0.16666666667303237,0.0005806493436337941,0.0034838960616697,4.6984142277136944e-09
60,1.0,0.0,13.764791843300216,0.0005128423601443953,0.1666666666705404,0.0005128423601443953,0.003077054160794854,3.237140442579382e-09
60,1.0,0.0,14.013148305155747,0.00045295376012473217,0.16666666666902397,0.00045295376012473217,0.0027177225607099543,2.230343630226717e-09
60,1.0,0.0,14.26150476701128,0.0004000588391183212,0.16666666666810118,0.0004000588391183212,0.0024003530346892676,1.5366749750650453e-09
60,1.0,0.0,14.50986122886681,0.00035334088200306737,0.16666666666753963,0.00035334088200306737,0.0021200452920073,1.0587471576064653e-09
60,1.0,0.0,14.758217690722342,0.0003120785508338156,0.16666666666719793,0.0003120785508338156,0.001872471304996925,7.294617026554191e-10
60,1.0,0.0,15.006574152577874,0.00027563474594488786,0.16666666666698998,0.00027563474594488786,0.001653808475666119,5.025887170678803e-10
60,1.0,0.0,15.254930614433405,0.00024344676813118767,0.16666666666686344,0.00024344676813118767,0.0014606806087854014,3.462764633213205e-10
60,1.0,0.0,15.503287076288936,0.00021501762987620465,0.16666666666678645,0.00021501762987620465,0.0012901057792563007,2.385795482036389e-10
60,1.0,0.0,15.751643538144467,0.00018990838137864614,0.16666666666673957,0.00018990838137864614,0.0011394502882713783,1.6437790855056923e-10
60,1.0,0.0,16.0,0.00016773133282692895,0.16666666666671107,0.00016773133282692895,0.0010063879969613057,1.1325403632835564e-10
60,1.0,0.05,1.0986122886681096,0.34485457198119107,0.49775469991153454,0.34485457198119107,0.692820323027551,0.0
60,1.0,0.05,1.346968750523641,0.280776847120193,0.3524907094522711,0.280776847120193,0.7965510567824242,0.0
60,1.0,0.05,1.5953252123791726,0.2309267403803223,0.2648631500464507,0.2309267403803223,0.8718719094740933,0.0
60,1.0,0.05,1.8436816742347042,0.19157805842497452,0.21148292236064634,0.19157805842497452,0.9058795683666239,0.0
60,1.0,0.05,2.0920381360902356,0.16009644918715374,0.17846540125537136,0.16009644918715374,0.8970727550606128,0.0
60,1.0,0.05,2.340394597945767,0.13459937298164465,0.15756784385728428,0.13459937298164465,0.8542312294604785,0.034336905253193994
60,1.0,0.05,2.5887510598012984,0.11372508189323863,0.14389655215207223,0.11372508189323863,0.7903252732077424,0.0447267780167148
60,1.0,0.05,2.8371075216568302,0.0964752070377781,0.13454584282109594,0.0964752070377781,0.7170433884461229,0.036985815439099935
60,1.0,0.05,3.0854639835123616,0.0821071138452846,0.12779013843270218,0.0821071138452846,0.6425152586286967,0.02740140695679263
60,1.0,0.05,3.333820445367893,0.07005996180241737,0.12260439181547822,0.07005996180241737,0.571431094473833,0.019512370026733897
60,1.0,0.05,3.5821769072234244,0.059903637116219405,0.11837940921809514,0.059903637116219405,0.5060308841874395,0.013663006948617551
60,1.0,0.05,3.8305333690789563,0.05130324803565044,0.11475286551780403,0.05130324803565044,0.44707596454478676,0.009492435790123913
60,1.0,0.05,4.078889830934488,0.04399424339269358,0.11150899430984207,0.04399424339269358,0.3945353795448098,0.006569316798287194
60,1.0,0.05,4.327246292790019,0.03776481196482899,0.10851904345831806,0.03776481196482899,0.34800170330781044,0.0045372019437913465
60,1.0,0.05,4.575602754645551,0.03244329674668597,0.10570592906008767,0.03244329674668597,0.3069203121827144,0.003130318349165606
60,1.0,0.05,4.823959216501082,0.027889084413527925,0.103023253611375,0.027889084413527925,0.270706694225862,0.002158405219404619
60,1.0,0.05,5.072315678356613,0.023985920654151997,0.10044285078375247,0.023985920654151997,0.23880167146781078,0.0014877664297007075
60,1.0,0.05,5.320672140212146,0.02063693364551263,0.09794739161027512,0.02063693364551263,0.21069406041587455,0.0010253114135262893
60,1.0,0.05,5.569028602067677,0.01776087253091401,0.09552599513719166,0.01776087253091401,0.1859271134041196,0.0007065300182875163
60,1.0,0.05,5.817385063923208,0.015289220197104674,0.09317162253745712,0.015289220197104674,0.1640973912519132,0.000486831583497563
60,1.0,0.05,6.065741525778739,0.01316394337778129,0.0908795298972428,0.01316394337778129,0.1448504783493678,0.000335437279397287
60,1.0,0.05,6.3140979876342715,0.011335713934008675,0.0886463494401509,0.011335713934008675,0.12787569940104437,0.0002311185472339974
60,1.0,0.05,6.5624544494898025,0.00976248371416022,0.08646954380098909,0.00976248371416022,0.11290083519613238,0.00015924026969493774
60,1.0,0.05,6.8108109113453335,0.008408328848199502,0.08434708175033827,0.008408328848199502,0.09968725264363731,0.00010971546153430683
60,1.0,0.05,7.059167373200866,0.00724250252126479,0.08227724538058903,0.00724250252126479,0.0880255833525201,7.559287761298268e-05
60,1.0,0.05,7.307523835056397,0.006238651466734733,0.08025851533552994,0.006238651466734733,0.07773195704721592,5.2082616949490526e-05
60,1.0,0.05,7.555880296911928,0.0053741628286102985,0.07828950237438476,0.0053741628286102985,0.06864474374751742,3.588426421821446e-05
60,1.0,0.05,7.804236758767461,0.004629616163705689,0.07636890644756615,0.004629616163705689,0.06062174226475693,2.4723781199375445e-05
60,1.0,0.05,8.052593220622992,0.003988321201679677,0.07449549211077515,0.003988321201679677,0.05353775226760062,1.703434723566648e-05
60,1.0,0.05,8.300949682478523,0.003435926246788796,0.07266807364474517,0.003435926246788796,0.047282473230075193,1.1736428438140923e-05
60,1.0,0.05,8.549306144334055,0.002960085261573721,0.07088550594328007,0.002960085261573721,0.04175868144246964,8.08623440974251e-06
60,1.0,0.05,8.797662606189586,0.0025501740432747454,0.06914667883219879,0.0025501740432747454,0.0368806439635859,5.571301298404596e-06
60,1.0,0.05,9.046019068045117,0.0021970477117605526,0.0674505134315457,0.0021970477117605526,0.03257273517999676,3.838547624478492e-06
60,1.0,0.05,9.294375529900648,0.0018928331278989824,0.06579595973719714,0.0018928331278989824,0.0287682273419121,2.644704786949323e-06
60,1.0,0.05,9.542731991756181,0.0016307509617223398,0.06418199493265561,0.0016307509617223398,0.025408231131385704,1.8221639815939912e-06
60,1.0,0.05,9.791088453611712,0.0014049630066568708,0.0626076221404814,0.0014049630066568708,0.022440766133943888,1.2554450456764351e-06
60,1.0,0.05,10.039444915467243,0.0012104410437741254,0.06107186944073815,0.0012104410437741254,0.019819944188030663,8.649837573226526e-07
60,1.0,0.05,10.287801377322776,0.0010428541375924537,0.05957378905383539,0.0010428541375924537,0.01750525112059016,5.959614867754082e-07
60,1.0,0.05,10.536157839178307,0.0008984717209637796,0.05811245662670962,0.0008984717209637796,0.015460914459961488,4.1060897321290377e-07
60,1.0,0.05,10.784514301033838,0.0007740802221690258,0.05668697058595822,0.0007740802221690258,0.013655346443240188,2.829037316267297e-07
60,1.0,0.05,11.032870762889369,0.0006669113184093511,0.05529645153619059,0.0006669113184093511,0.01206065307776339,1.9491663963399681e-07
60,1.0,0.05,11.281227224744901,0.000574580178552456,0.05394004169055937,0.000574580178552456,0.010652201232039825,1.3429478698346083e-07
60,1.0,0.05,11.529583686600432,0.000495032293677553,0.05261690432560231,0.000495032293677553,0.00940823676387743,9.252719437389822e-08
60,1.0,0.05,11.777940148455963,0.0004264976940556944,0.051326223255595535,0.0004264976940556944,0.008309547576329767,6.374991828401565e-08
60,1.0,0.05,12.026296610311496,0.0003674515216029213,0.05006720232344477,0.0003674515216029213,0.007339166251573363,4.392278516587801e-08
60,1.0,0.05,12.274653072167027,0.0003165800723155641,0.048839064906228115,0.0003165800723155641,0.00648210756949183,3.0262173010507625e-08
60,1.0,0.05,12.523009534022558,0.0002727515476300571,0.047641053434151565,0.0002727515476300571,0.005725136787897614,2.0850205919282198e-08
60,1.0,0.05,12.77136599587809,0.00023499086025141483,0.04647242892206669,0.00023499086025141483,0.005056565058079699,1.4365494728615126e-08
60,1.0,0.05,13.019722457733621,0.00020245793143179795,0.04533247051293272,0.00020245793143179795,0.004466068783390915,9.897621135815596e-09
60,1.0,0.05,13.268078919589152,0.00017442899518604294,0.04422047503274558,0.00017442899518604294,0.003944530108662944,6.819319904906825e-09
60,1.0,0.05,13.516435381444685,0.00015028049238448727,0.04313575655654416,0.00015028049238448727,0.003483896061669703,4.6984142277136944e-09
60,1.0,0.05,13.764791843300216,0.0001294751956550802,0.04207764598515698,0.0001294751956550802,0.003077054160794855,3.237140442579382e-09
60,1.0,0.05,14.013148305155747,0.00011155025590704729,0.041045490632387015,0.00011155025590704729,0.0027177225607099547,2.230343630226717e-09
60,1.0,0.05,14.26150476701128,9.610690420736662e-05,0.04003865382235653,9.610690420736662e-05,0.0024003530346892697,1.5366749750650453e-09
60,1.0,0.05,14.50986122886681,8.280157968104668e-05,0.03905651449674855,8.280157968104668e-05,0.0021200452920073012,1.0587471576064653e-09
60,1.0,0.05,14.758217690722342,7.133828590672478e-05,0.03809846683169435,7.133828590672478e-05,0.001872471304996925,7.294617026554191e-10
60,1.0,0.05,15.006574152577874,6.146200566016812e-05,0.037163919864065566,6.146200566016812e-05,0.0016538084756661203,5.025887170678803e-10
60,1.0,0.05,15.254930614433405,5.2953027437244574e-05,0.03625229712693766,5.2953027437244574e-05,0.0014606806087854019,3.462764633213205e-10
60,1.0,0.05,15.503287076288936,4.562205749493641e-05,0.03536303629399743,4.562205749493641e-05,0.001290105779256301,2.385795482036389e-10
60,1.0,0.05,15.751643538144467,3.930600863948242e-05,0.03449558883267497,3.930600863948242e-05,0.0011394502882713779,1.6437790855056923e-10
60,1.0,0.05,16.0,3.3864372056359604e-05,0.033649419665784865,3.3864372056359604e-05,0.001006387996961306,1.1325403632835564e-10
75,0.0,0.0,1.5818001446858627,0.06826573457692493,0.1985988383101079,0.06826573457692493,0.34373682725338717,0.0
75,0.0,0.0,1.822103475607765,0.05044630691165122,0.12281513291837926,0.05044630691165122,0.41074992725185533,0.0
75,0.0,0.0,2.0624068065296672,0.037278290445360684,0.07594987464230032,0.037278290445360684,0.4908275440997044,0.0
75,0.0,0.0,2.3027101374515695,0.027547525747770987,0.04696801868882638,0.027547525747770987,0.5865166663784458,0.0
75,0.0,0.0,2.5430134683734718,0.020356785833201937,0.029045403826451006,0.020356785833201937,0.7008608299900263,0.0
75,0.0,0.0,2.783316799295374,0.015043047177926034,0.017961913382612292,0.015043047177926034,0.83749692237622,0.0
75,0.0,0.0,3.0236201302172763,0.011116355511694969,0.011107792967596966,0.011107792967596966,1.000770859172743,0.0005668883193352571
75,0.0,0.0,3.2639234611391785,0.008214649492273149,0.006869149292882986,0.006869149292882986,1.1958758125673894,0.0746193913275555
75,0.0,0.0,3.504226792061081,0.006070376771407739,0.004247937654722309,0.004247937654722309,1.4290173879222257,0.08384177455680156
75,0.0,0.0,3.7445301229829835,0.004485824280330878,0.002626959110803394,0.002626959110803394,1.7076110023497826,0.07257281145660732
75,0.0,0.0,3.9848334539048857,0.003314888059137644,0.0016245328276325857,0.0016245328276325857,2.0405177431645964,0.05761543066308958
75,0.0,0.0,4.225136784826788,0.002449601713735171,0.001004624281056593,0.001004624281056593,2.43832620804153,0.044117896639482894
75,0.0,0.0,4.46544011574869,0.0018101813542069638,0.0006212678063017498,0.0006212678063017498,2.9136892912293586,0.03321606393454151
75,0.0,0.0,4.705743446670592,0.0013376691062654989,0.000384197051997438,0.000384197051997438,3.4817266278097807,0.02479674264513678
75,0.0,0.0,4.946046777592494,0.0009884968893854565,0.00023759057409105335,0.00023759057409105335,4.160505496344432,0.0184288534997085
75,0.0,0.0,5.186350108514397,0.0007304692137599428,0.00014692793867999992,0.00014692793867999992,4.971615475739165,0.013662870140668783
75,0.0,0.0,5.426653439436299,0.0005397945891188346,9.086142936158982e-05,9.086142936158982e-05,5.940855134148086,0.010115605972798428
75,0.0,0.0,5.666956770358202,0.0003988918259020951,5.6189445110312134e-05,5.6189445110312134e-05,7.099052591086875,0.0074834651168479245
75,0.0,0.0,5.907260101280104,0.0002947689583759029,3.474800874241433e-05,3.474800874241433e-05,8.483046051962688,0.005533715659938284
75,0.0,0.0,6.1475634322020065,0.00021782531799320707,2.1488450530032218e-05,2.1488450530032218e-05,10.136855502390683,0.004090867622738273
75,0.0,0.0,6.387866763123909,0.00016096630194802953,1.32886321516897e-05,1.32886321516897e-05,12.113082829790127,0.0030237475731214485
75,0.0,0.0,6.628170094045811,0.00011894921399188444,8.217797938298182e-06,8.217797938298182e-06,14.47458490522554,0.002234779765203375
75,0.0,0.0,6.868473424967713,8.789986064198261e-05,5.081952919143064e-06,5.081952919143064e-06,17.296472840367162,0.0016515789466994976
75,0.0,0.0,7.1087767558896156,6.495533044385743e-05,3.1427209170021345e-06,3.1427209170021345e-06,20.668501008934264,0.0012205317772975828
75,0.0,0.0,7.349080086811518,4.800001868325542e-05,1.943484113156282e-06,1.943484113156282e-06,24.697921819027275,0.0009019653073427541
75,0.0,0.0,7.58938341773342,3.547055765630014e-05,1.2018663437967294e-06,1.2018663437967294e-06,29.512897036660213,0.0006665382732398065
75,0.0,0.0,7.829686748655322,2.6211666056867887e-05,7.43243898199626e-07,7.43243898199626e-07,35.266574162749144,0.0004925575769556903
75,0.0,0.0,8.069990079577224,1.9369626046878066e-05,4.596280568652032e-07,4.596280568652032e-07,42.141957518834985,0.0003639878352168567
75,0.0,0.0,8.310293410499128,1.4313566042765597e-05,2.8423771950151973e-07,2.8423771950151973e-07,50.35772897371936,0.0002689772074474564
75,0.0,0.0,8.550596741421028,1.0577291082686375e-05,1.7577491186774755e-07,1.7577491186774755e-07,60.175203447945364,0.0001987665600119023
75,0.0,0.0,8.790900072342932,7.816297232542032e-06,1.0870063162728483e-07,1.0870063162728483e-07,71.90664042636594,0.00014688271442442506
75,0.0,0.0,9.031203403264833,5.776006536063677e-06,6.722135252760614e-08,6.722135252760614e-08,85.92517583890645,0.00010854198684411598
75,0.0,0.0,9.271506734186737,4.268293606562349e-06,4.157022979530168e-08,4.157022979530168e-08,102.6766902078746,8.020928871269644e-05
75,0.0,0.0,9.511810065108637,3.1541394903332e-06,2.5707367380394775e-08,2.5707367380394775e-08,122.69399054601925,5.927225535208516e-05
75,0.0,0.0,9.752113396030541,2.3308133979311353e-06,1.589764456162022e-08,1.589764456162022e-08,146.61375708185972,4.3800409658459845e-05
75,0.0,0.0,9.992416726952444,1.7224003924447202e-06,9.831232380502617e-09,9.831232380502617e-09,175.1967938282691,3.236717903560343e-05
75,0.0,0.0,10.232720057874346,1.2728016384867963e-06,6.079713868605493e-09,6.079713868605493e-09,209.35222709399306,2.3918365704994445e-05
75,0.0,0.0,10.473023388796248,9.405617985463084e-07,3.759744383361251e-09,3.759744383361251e-09,250.16642160801268,1.767494770878521e-05
75,0.0,0.0,10.71332671971815,6.950466358107576e-07,2.325056430897262e-09,2.325056430897262e-09,298.937533977415,1.3061250641421593e-05
75,0.0,0.0,10.953630050640053,5.136183786099902e-07,1.4378337609281285e-09,1.4378337609281285e-09,357.2168025032651,9.651868211064216e-06
75,0.0,0.0,11.193933381561955,3.7954840042961066e-07,8.891680634464901e-10,8.891680634464901e-10,426.85788663894334,7.132437904548239e-06
75,0.0,0.0,11.434236712483857,2.80474753762782e-07,5.498687445917479e-10,5.498687445917479e-10,510.0758254063368,5.270655284256328e-06
75,0.0,0.0,11.67454004340576,2.0726233441967072e-07,3.4004329294840963e-10,3.4004329294840963e-10,609.5174900306472,3.894854382922848e-06
75,0.0,0.0,11.914843374327662,1.531605775307102e-07,2.1028553125900516e-10,2.1028553125900516e-10,728.3457716454342,2.8781792424247096e-06
75,0.0,0.0,12.155146705249564,1.1318102044552835e-07,1.3004227865653261e-10,1.3004227865653261e-10,870.3401817839706,2.126887150740546e-06
75,0.0,0.0,12.395450036171466,8.363734059779587e-08,8.041920020333823e-11,8.041920020333823e-11,1040.017065406279,1.5717050841616928e-06
75,0.0,0.0,12.635753367093368,6.180545744097037e-08,4.973188587709908e-11,4.973188587709908e-11,1242.7732500172697,1.1614423781371607e-06
75,0.0,0.0,12.87605669801527,4.5672358090116936e-08,3.075460171997756e-11,3.075460171997756e-11,1485.0576998514373,8.582706838091251e-07
75,0.0,0.0,13.116360028937173,3.3750487090952136e-08,1.9018895227337384e-11,1.9018895227337384e-11,1774.5766348425882,6.342359986308959e-07
75,0.0,0.0,13.356663359859075,2.49405860899269e-08,1.1761439116068013e-11,1.1761439116068013e-11,2120.538638494847,4.686811626002529e-07
75,0.0,0.0,13.596966690780977,1.8430336511374686e-08,7.273369374375639e-12,7.273369374375639e-12,2533.9475506778845,3.463411610740877e-07
75,0.0,0.0,13.83727002170288,1.3619459570747612e-08,4.4979106327076065e-12,4.4979106327076065e-12,3027.952461240678,2.559356112872347e-07
75,0.0,0.0,14.077573352624782,1.0064367456598003e-08,2.7815444285147183e-12,2.7815444285147183e-12,3618.2659365150416,1.8912865256922094e-07
75,0.0,0.0,14.317876683546684,7.437262233149591e-09,1.7201296423143554e-12,1.7201296423143554e-12,4323.663781029374,1.397603367587159e-07
75,0.0,0.0,14.558180014468586,5.4959111700925635e-09,1.0637421268688737e-12,1.0637421268688737e-12,5166.5822301028775,1.0327864903261473e-07
75,0.0,0.0,14.798483345390489,4.061311628211454e-09,6.57826761797483e-13,6.57826761797483e-13,6173.8315679254165,7.63197885273323e-08
75,0.0,0.0,15.038786676312391,3.0011860874322885e-09,4.0680540669261775e-13,4.0680540669261775e-13,7377.448868815024,5.639800844988102e-08
75,0.0,0.0,15.279090007234293,2.217785473252091e-09,2.515717640646759e-13,2.515717640646759e-13,8815.716984366842,4.167641732872443e-08
75,0.0,0.0,15.519393338156195,1.6388761849739758e-09,1.5557401999436463e-13,1.5557401999436463e-13,10534.382186905892,3.0797608091053854e-08
75,0.0,0.0,15.759696669078098,1.2110797829946562e-09,9.620823619531728e-14,9.620823619531728e-14,12588.10919821855,2.2758498088930787e-08
75,0.0,0.0,16.0,8.949512197601915e-10,5.949595383695323e-14,5.949595383695323e-14,15042.219882931484,1.6817839675478693e-08
75,0.0,0.05,1.5818001446858627,0.05827819072257737,0.16954305184069593,0.05827819072257737,0.34373682725338717,0.0
75,0.0,0.05,1.822103475607765,0.042043264432265234,0.10235732654551634,0.042043264432265234,0.41074992725185533,0.0
75,0.0,0.05,2.0624068065296672,0.03033100482710394,0.06179564531721278,0.03033100482710394,0.49082754409970425,0.0
75,0.0,0.05,2.3027101374515695,0.021881503880459646,0.03730755686035486,0.021881503880459646,0.5865166663784457,0.0
75,0.0,0.05,2.5430134683734718,0.015785834158804798,0.022523493229075795,0.015785834158804798,0.7008608299900262,0.0
75,0.0,0.05,2.783316799295374,0.011388273925350223,0.013597988984888938,0.011388273925350223,0.8374969223762198,0.0
75,0.0,0.05,3.0236201302172763,0.008215770018493045,0.008209441695059308,0.008209441695059308,1.000770859172743,0.0005668883193352571
75,0.0,0.05,3.2639234611391785,0.005927050704893663,0.004956242648782285,0.004956242648782285,1.195875812567389,0.0746193913275555
75,0.0,0.05,3.504226792061081,0.004275914488758305,0.002992206060540268,0.002992206060540268,1.4290173879222252,0.08384177455680156
75,0.0,0.05,3.7445301229829835,0.003084745791035238,0.0018064686786337357,0.0018064686786337357,1.707611002349781,0.07257281145660732
75,0.0,0.05,3.9848334539048857,0.00222540853432102,0.0010906097444022614,0.0010906097444022614,2.040517743164597,0.05761543066308958
75,0.0,0.05,4.225136784826788,0.001605462323353003,0.000658428030695087,0.000658428030695087,2.4383262080415293,0.044117896639482894
75,0.0,0.05,4.46544011574869,0.0011582184717793523,0.00039750925922875987,0.00039750925922875987,2.9136892912293573,0.03321606393454151
75,0.0,0.05,4.705743446670592,0.0008355661848041643,0.00023998615460794732,0.00023998615460794732,3.4817266278097776,0.02479674264513678
75,0.0,0.05,4.946046777592494,0.0006027971977649423,0.00014488556698088282,0.00014488556698088282,4.160505496344432,0.0184288534997085
75,0.0,0.05,5.186350108514397,0.00043487214806141317,8.747099412324478e-05,8.747099412324478e-05,4.9716154757391635,0.013662870140668783
75,0.0,0.05,5.426653439436299,0.0003137270476053069,5.280839887880808e-05,5.280839887880808e-05,5.940855134148083,0.010115605972798428
75,0.0,0.05,5.666956770358202,0.00022633010837300798,3.188173428341327e-05,3.188173428341327e-05,7.099052591086867,0.0074834651168479245
75,0.0,0.05,5.907260101280104,0.0001632798904243125,1.924779017161356e-05,1.924779017161356e-05,8.483046051962681,0.005533715659938284
75,0.0,0.05,6.1475634322020065,0.0001177939727446136,1.1620366169452941e-05,1.1620366169452941e-05,10.136855502390684,0.004090867622738273
75,0.0,0.05,6.387866763123909,8.497935648352618e-05,7.015501972341298e-06,7.015501972341298e-06,12.113082829790132,0.0030237475731214485
75,0.0,0.05,6.628170094045811,6.130611660420837e-05,4.23543175888077e-06,4.23543175888077e-06,14.474584905225521,0.002234779765203375
75,0.0,0.05,6.868473424967713,4.4227681740769504e-05,2.5570347289274676e-06,2.5570347289274676e-06,17.296472840367144,0.0016515789466994976
75,0.0,0.05,7.1087767558896156,3.1906895111156334e-05,1.5437450010218029e-06,1.5437450010218029e-06,20.66850100893425,0.0012205317772975828
75,0.0,0.05,7.349080086811518,2.301838838403062e-05,9.319969733768156e-07,9.319969733768156e-07,24.697921819027258,0.0009019653073427541
75,0.0,0.05,7.58938341773342,1.660600951462728e-05,5.626695845548372e-07,5.626695845548372e-07,29.512897036660195,0.0006665382732398065
75,0.0,0.05,7.829686748655322,1.1979967815262163e-05,3.3969752094367566e-07,3.3969752094367566e-07,35.26657416274913,0.0004925575769556903
75,0.0,0.05,8.069990079577224,8.642631977796913e-06,2.0508378078863962e-07,2.0508378078863962e-07,42.141957518834964,0.0003639878352168567
75,0.0,0.05,8.310293410499128,6.234999012975463e-06,1.2381414213951923e-07,1.2381414213951923e-07,50.35772897371927,0.0002689772074474564
75,0.0,0.05,8.550596741421028,4.498075677834765e-06,7.474965467671133e-08,7.474965467671133e-08,60.17520344794537,0.0001987665600119023
75,0.0,0.05,8.790900072342932,3.245018124529445e-06,4.512821215521002e-08,4.512821215521002e-08,71.90664042636597,0.00014688271442442506
75,0.0,0.05,9.031203403264833,2.341032784400266e-06,2.724501592861753e-08,2.724501592861753e-08,85.92517583890636,0.00010854198684411598
75,0.0,0.05,9.271506734186737,1.6888763906153995e-06,1.644848881665525e-08,1.644848881665525e-08,102.6766902078745,8.020928871269644e-05
75,0.0,0.05,9.511810065108637,1.218395351737386e-06,9.930358824545687e-09,9.930358824545687e-09,122.69399054601912,5.927225535208516e-05
75,0.0,0.05,9.752113396030541,8.789792085342226e-07,5.9952028106302405e-09,5.9952028106302405e-09,146.61375708185935,4.3800409658459845e-05
75,0.0,0.05,9.992416726952444,6.341163793293758e-07,3.6194519629791158e-09,3.6194519629791158e-09,175.19679382826902,3.236717903560343e-05
75,0.0,0.05,10.232720057874346,4.574665459998083e-07,2.1851525171233033e-09,2.1851525171233033e-09,209.35222709399304,2.3918365704994445e-05
75,0.0,0.05,10.473023388796248,3.3002718038969274e-07,1.3192305276957371e-09,1.3192305276957371e-09,250.16642160801263,1.767494770878521e-05
75,0.0,0.05,10.71332671971815,2.380894094844182e-07,7.964520423936007e-10,7.964520423936007e-10,298.93753397741455,1.3061250641421593e-05
75,0.0,0.05,10.953630050640053,1.7176332822558446e-07,4.808377630109232e-10,4.808377630109232e-10,357.21680250326455,9.651868211064216e-06
75,0.0,0.05,11.193933381561955,1.2391412531543415e-07,2.902936297865489e-10,2.902936297865489e-10,426.85788663894357,7.132437904548239e-06
75,0.0,0.05,11.434236712483857,8.939457922312184e-08,1.7525743187673793e-10,1.7525743187673793e-10,510.0758254063362,5.270655284256328e-06
75,0.0,0.05,11.67454004340576,6.449136266052179e-08,1.0580723886574472e-10,1.0580723886574472e-10,609.5174900306465,3.894854382922848e-06
75,0.0,0.05,11.914843374327662,4.6525593542199867e-08,6.387844256594234e-11,6.387844256594234e-11,728.3457716454349,2.8781792424247096e-06
75,0.0,0.05,12.155146705249564,3.356466300531526e-08,3.8564992985290435e-11,3.8564992985290435e-11,870.3401817839715,2.126887150740546e-06
75,0.0,0.05,12.395450036171466,2.4214341331046903e-08,2.3282638464771403e-11,2.3282638464771403e-11,1040.0170654062788,1.5717050841616928e-06
75,0.0,0.05,12.635753367093368,1.746879824187703e-08,1.4056303707562329e-11,1.4056303707562329e-11,1242.7732500172694,1.1614423781371607e-06
75,0.0,0.05,12.87605669801527,1.260240399866423e-08,8.486137609282774e-12,8.486137609282774e-12,1485.0576998514348,8.582706838091251e-07
75,0.0,0.05,13.116360028937173,9.091672154345223e-09,5.1232908040354585e-12,5.1232908040354585e-12,1774.5766348425884,6.342359986308959e-07
75,0.0,0.05,13.356663359859075,6.5589472112509284e-09,3.093057156414968e-12,3.093057156414968e-12,2120.5386384948433,4.686811626002529e-07
75,0.0,0.05,13.596966690780977,4.731779565920192e-09,1.867354975304976e-12,1.867354975304976e-12,2533.9475506778767,3.463411610740877e-07
75,0.0,0.05,13.83727002170288,3.4136176339479466e-09,1.1273683050325199e-12,1.1273683050325199e-12,3027.952461240675,2.559356112872347e-07
75,0.0,0.05,14.077573352624782,2.4626644560383813e-09,6.806200813449109e-13,6.806200813449109e-13,3618.2659365150316,1.8912865256922094e-07
75,0.0,0.05,14.317876683546684,1.776624353800516e-09,4.1090714814498056e-13,4.1090714814498056e-13,4323.663781029355,1.397603367587159e-07
75,0.0,0.05,14.558180014468586,1.2816988066635367e-09,2.480747909509259e-13,2.480747909509259e-13,5166.582230102865,1.0327864903261473e-07
75,0.0,0.05,14.798483345390489,9.246478173557628e-10,1.4976887645583622e-13,1.4976887645583622e-13,6173.831567925413,7.63197885273323e-08
75,0.0,0.05,15.038786676312391,6.670627932988435e-10,9.0419168625968e-14,9.0419168625968e-14,7377.448868815035,5.639800844988102e-08
75,0.0,0.05,15.279090007234293,4.812348678615332e-10,5.458828461881439e-14,5.458828461881439e-14,8815.71698436684,4.167641732872443e-08
75,0.0,0.05,15.519393338156195,3.4717420964289423e-10,3.295629525141286e-14,3.295629525141286e-14,10534.382186905874,3.0797608091053854e-08
75,0.0,0.05,15.759696669078098,2.5045968172831697e-10,1.9896529159737634e-14,1.9896529159737634e-14,12588.109198218554,2.2758498088930787e-08
75,0.0,0.05,16.0,1.8068753504465207e-10,1.2012025914451613e-14,1.2012025914451613e-14,15042.219882931464,1.6817839675478693e-08
75,1e-06,0.0,1.5818001446858627,0.06826588938837987,0.19859916084790494,0.06826588938837987,0.3437370485198604,0.0
75,1e-06,0.0,1.822103475607765,0.050446436465900205,0.1228153526845525,0.050446436465900205,0.41075024712480646,0.0
75,1e-06,0.0,2.0624068065296672,0.037278398863070696,0.07595003085366756,0.037278398863070696,0.49082796207015045,0.0
75,1e-06,0.0,2.3027101374515695,0.027547616477329742,0.04696813559738594,0.027547616477329742,0.5865171382034362,0.0
75,1e-06,0.0,2.5430134683734718,0.020356861760398987,0.029045496429835418,0.020356861760398987,0.7008612095708063,0.0
75,1e-06,0.0,2.783316799295374,0.015043110717739639,0.017961990955479196,0.015043110717739639,0.8374968429182306,0.0
75,1e-06,0.0,3.0236201302172763,0.011116408685104101,0.011107861245469898,0.011107861245469898,1.0007694946349541,0.0005668883193352571
75,1e-06,0.0,3.2639234611391785,0.008214693990537755,0.00686921182265623,0.00686921182265623,1.1958714045538408,0.0746193913275555
75,1e-06,0.0,3.504226792061081,0.006070414009861793,0.004247996629824069,0.004247996629824069,1.4290063149398495,0.08384177455680156
75,1e-06,0.0,3.7445301229829835,0.004485855443399205,0.0026270158876674703,0.0026270158876674703,1.7075859588280602,0.07257281145660732
75,1e-06,0.0,3.9848334539048857,0.0033149141380083235,0.0016245882450886412,0.0016245882450886412,2.0404641902523766,0.05761543066308958
75,1e-06,0.0,4.225136784826788,0.0024496235378857574,0.0010046788578436997,0.0010046788578436997,2.4382154742892492,0.044117896639482894
75,1e-06,0.0,4.46544011574869,0.0018101996177872649,0.0006213218632123578,0.0006213218632123578,2.9134651860280147,0.03321606393454151
75,1e-06,0.0,4.705743446670592,0.0013376843901760501,0.0003842507874122013,0.0003842507874122013,3.4812795028603603,0.02479674264513678
75,1e-06,0.0,4.946046777592494,0.000988509679753932,0.00023764411069017785,0.00023764411069017785,4.159622036847676,0.0184288534997085
75,1e-06,0.0,5.186350108514397,0.0007304799174031756,0.00014698135232992033,0.00014698135232992033,4.969881592622108,0.013662870140668783
75,1e-06,0.0,5.426653439436299,0.0005398035464822345,9.091476697872488e-05,9.091476697872488e-05,5.93746829498617,0.010115605972798428
75,1e-06,0.0,5.666956770358202,0.00039889932188802565,5.6242735708155836e-05,5.6242735708155836e-05,7.092459441480915,0.0074834651168479245
75,1e-06,0.0,5.907260101280104,0.00029477523140542753,3.4801270263146783e-05,3.4801270263146783e-05,8.470243447337129,0.005533715659938284
75,1e-06,0.0,6.1475634322020065,0.00021783056758942855,2.154169406924316e-05,2.154169406924316e-05,10.112044432960502,0.004090867622738273
75,1e-06,0.0,6.387866763123909,0.00016097069508222095,1.3341864570981849e-05,1.3341864570981849e-05,12.065082374792452,0.0030237475731214485
75,1e-06,0.0,6.628170094045811,0.00011895289039426084,8.271023480942328e-06,8.271023480942328e-06,14.381882806686022,0.002234779765203375
75,1e-06,0.0,6.868473424967713,8.790293724602981e-05,5.135174209212292e-06,5.135174209212292e-06,17.117810158871638,0.0016515789466994976
75,1e-06,0.0,7.1087767558896156,6.495790510557673e-05,3.195939577244531e-06,3.195939577244531e-06,20.325135546392907,0.0012205317772975828
75,1e-06,0.0,7.349080086811518,4.8002173293620324e-05,1.996701147092429e-06,1.996701147092429e-06,24.040740079465813,0.0009019653073427541
75,1e-06,0.0,7.58938341773342,3.54723607459215e-05,1.255082372011897e-06,1.255082372011897e-06,28.26297423734771,0.0006665382732398065
75,1e-06,0.0,7.829686748655322,2.6213174975712608e-05,7.964593044687802e-07,7.964593044687802e-07,32.91213352475828,0.0004925575769556903
75,1e-06,0.0,8.069990079577224,1.9370888788370774e-05,5.128430785178965e-07,5.128430785178965e-07,37.77157107073016,0.0003639878352168567
75,1e-06,0.0,8.310293410499128,1.431462277029139e-05,3.374525033042731e-07,3.374525033042731e-07,42.41966685718798,0.0002689772074474564
75,1e-06,0.0,8.550596741421028,1.0578175407047471e-05,2.289895485821683e-07,2.289895485821683e-07,46.19501401939183,0.0001987665600119023
75,1e-06,0.0,8.790900072342932,7.81703728099969e-06,1.619151773810873e-07,1.619151773810873e-07,48.27859504857491,0.00014688271442442506
75,1e-06,0.0,9.031203403264833,5.776625846967884e-06,1.2043584203062425e-07,1.2043584203062425e-07,47.96434142503036,0.00010854198684411598
75,1e-06,0.0,9.271506734186737,4.268811878024306e-06,9.478468451237839e-08,9.478468451237839e-08,45.036937137948925,8.020928871269644e-05
75,1e-06,0.0,9.511810065108637,3.154573206753264e-06,7.892180058556307e-08,7.892180058556307e-08,39.97087222222247,5.927225535208516e-05
75,1e-06,0.0,9.752113396030541,2.331176354309869e-06,6.911206446364983e-08,6.911206446364983e-08,33.730382276975305,4.3800409658459845e-05
75,1e-06,0.0,9.992416726952444,1.722704133153555e-06,6.304564405576333e-08,6.304564405576333e-08,27.32471305439973,3.236717903560343e-05
75,1e-06,0.0,10.232720057874346,1.2730558244540613e-06,5.929412045636557e-08,5.929412045636557e-08,21.47018649835443,2.3918365704994445e-05
75,1e-06,0.0,10.473023388796248,9.40774514537531e-07,5.697414782496965e-08,5.697414782496965e-08,16.51230514983191,1.767494770878521e-05
75,1e-06,0.0,10.71332671971815,6.952246475767441e-07,5.553945792689995e-08,5.553945792689995e-08,12.51767074305598,1.3061250641421593e-05
75,1e-06,0.0,10.953630050640053,5.137673480816669e-07,5.465223405375245e-08,5.465223405375245e-08,9.400665077595146,9.651868211064216e-06
75,1e-06,0.0,11.193933381561955,3.7967306580422037e-07,5.410356761221555e-08,5.410356761221555e-08,7.0175236599092115,7.132437904548239e-06
75,1e-06,0.0,11.434236712483857,2.805790802093462e-07,5.3764267833231e-08,5.3764267833231e-08,5.218690619570269,5.270655284256328e-06
75,1e-06,0.0,11.67454004340576,2.073496401971313e-07,5.3554442097039654e-08,5.3554442097039654e-08,3.8717542761703614,3.894854382922848e-06
75,1e-06,0.0,11.914843374327662,1.5323363953012668e-07,5.342468415938345e-08,5.342468415938345e-08,2.8682179771616467,2.8781792424247096e-06
75,1e-06,0.0,12.155146705249564,1.1324216251325855e-07,5.334444079796169e-08,5.334444079796169e-08,2.1228484321760024,2.126887150740546e-06
75,1e-06,0.0,12.395450036171466,8.36885074489111e-08,5.329481765221376e-08,5.329481765221376e-08,1.5702935320097648,1.5717050841616928e-06
75,1e-06,0.0,12.635753367093368,6.184827651383199e-08,5.326413029627191e-08,5.326413029627191e-08,1.1611618582677001,1.1614423781371607e-06
75,1e-06,0.0,12.87605669801527,4.57081913094917e-08,5.3245152986379357e-08,4.57081913094917e-08,0.8584479289820861,8.582706838091251e-07
75,1e-06,0.0,13.116360028937173,3.378047418606999e-08,5.323341726397172e-08,3.378047418606999e-08,0.6345727162049496,6.342359986308959e-07
75,1e-06,0.0,13.356663359859075,2.4965680845276757e-08,5.322615979801848e-08,2.4965680845276757e-08,0.4690490717349514,4.686811626002529e-07
75,1e-06,0.0,13.596966690780977,1.84513371032491e-08,5.322167172219044e-08,1.84513371032491e-08,0.3466884166954104,3.463411610740877e-07
75,1e-06,0.0,13.83727002170288,1.363703395443564e-08,5.3218896259684924e-08,1.363703395443564e-08,0.2562442085963768,2.559356112872347e-07
75,1e-06,0.0,14.077573352624782,1.0079074611703967e-08,5.3217179891153133e-08,1.0079074611703967e-08,0.189395128270965,1.8912865256922094e-07
75,1e-06,0.0,14.317876683546684,7.449569942776884e-09,5.321611847492753e-08,7.449569942776884e-09,0.13998709707260418,1.397603367587159e-07
75,1e-06,0.0,14.558180014468586,5.506210899386119e-09,5.3215462086521946e-08,5.506210899386119e-09,0.10347013224152186,1.0327864903261473e-07
75,1e-06,0.0,14.798483345390489,4.069930975493199e-09,5.321505617060641e-08,4.069930975493199e-09,0.07648081705382555,7.63197885273323e-08
75,1e-06,0.0,15.038786676312391,3.0083992039566053e-09,5.321480514891089e-08,3.0083992039566053e-09,0.05653312448553006,5.639800844988102e-08
75,1e-06,0.0,15.279090007234293,2.223821782997211e-09,5.321464991505775e-08,2.223821782997211e-09,0.04178965353613936,4.167641732872443e-08
75,1e-06,0.0,15.519393338156195,1.643927681815347e-09,5.321455391718349e-08,1.643927681815347e-09,0.030892445032495275,3.0797608091053854e-08
75,1e-06,0.0,15.759696669078098,1.2153071373578105e-09,5.321449455131919e-08,1.2153071373578105e-09,0.0228378968475551,2.2758498088930787e-08
75,1e-06,0.0,16.0,8.984888889843554e-10,5.321445783898704e-08,8.984888889843554e-10,0.016884300347528608,1.6817839675478693e-08
75,1e-06,0.05,1.5818001446858627,0.05827832288451121,0.1695433271899523,0.05827832288451121,0.3437370485198604,0.0
75,1e-06,0.05,1.822103475607765,0.04204337240614641,0.10235750970436186,0.04204337240614641,0.41075024712480646,0.0
75,1e-06,0.05,2.0624068065296672,0.030331093039788763,0.061795772416596284,0.030331093039788763,0.49082796207015034,0.0
75,1e-06,0.05,2.3027101374515695,0.021881575948608713,0.0373076497229634,0.021881575948608713,0.5865171382034362,0.0
75,1e-06,0.05,2.5430134683734718,0.01578589303716362,0.022523565039118936,0.01578589303716362,0.7008612095708062,0.0
75,1e-06,0.05,2.783316799295374,0.011388322027891811,0.013598047711092947,0.011388322027891811,0.8374968429182303,0.0
75,1e-06,0.05,3.0236201302172763,0.008215809317389168,0.00820949215721849,0.00820949215721849,1.0007694946349541,0.0005668883193352571
75,1e-06,0.05,3.2639234611391785,0.005927082811372563,0.004956287765392182,0.004956287765392182,1.1958714045538403,0.0746193913275555
75,1e-06,0.05,3.504226792061081,0.004275940719163966,0.002992247602029633,0.002992247602029633,1.429006314939849,0.08384177455680156
75,1e-06,0.05,3.7445301229829835,0.0030847672207966045,0.0018065077221141623,0.0018065077221141623,1.707585958828059,0.07257281145660732
75,1e-06,0.05,3.9848334539048857,0.002225426042043857,0.0010906469482165248,0.0010906469482165248,2.0404641902523766,0.05761543066308958
75,1e-06,0.05,4.225136784826788,0.0016054766268421413,0.0006584638001734223,0.0006584638001734223,2.438215474289248,0.044117896639482894
75,1e-06,0.05,4.46544011574869,0.0011582301574682013,0.0003975438467645601,0.0003975438467645601,2.913465186028014,0.03321606393454151
75,1e-06,0.05,4.705743446670592,0.000835575731798087,0.0002400197200803742,0.0002400197200803742,3.4812795028603567,0.02479674264513678
75,1e-06,0.05,4.946046777592494,0.0006028049974842517,0.00014491821423782075,0.00014491821423782075,4.159622036847676,0.0184288534997085
75,1e-06,0.05,5.186350108514397,0.00043487852028934154,8.750279301119125e-05,8.750279301119125e-05,4.969881592622104,0.013662870140668783
75,1e-06,0.05,5.426653439436299,0.0003137322535989023,5.283939854699187e-05,5.283939854699187e-05,5.937468294986165,0.010115605972798428
75,1e-06,0.05,5.666956770358202,0.00022633436157449733,3.191197121985074e-05,3.191197121985074e-05,7.092459441480907,0.0074834651168479245
75,1e-06,0.05,5.907260101280104,0.00016328336521208886,1.9277293058610015e-05,1.9277293058610015e-05,8.470243447337122,0.005533715659938284
75,1e-06,0.05,6.1475634322020065,0.00011779681158263265,1.1649158818830989e-05,1.1649158818830989e-05,10.112044432960502,0.004090867622738273
75,1e-06,0.05,6.387866763123909,8.498167576223243e-05,7.043605101261838e-06,7.043605101261838e-06,12.065082374792457,0.0030237475731214485
75,1e-06,0.05,6.628170094045811,6.130801141246483e-05,4.2628640656120015e-06,4.2628640656120015e-06,14.381882806686002,0.002234779765203375
75,1e-06,0.05,6.868473424967713,4.422922976443698e-05,2.583813545888308e-06,2.583813545888308e-06,17.11781015887162,0.0016515789466994976
75,1e-06,0.05,7.1087767558896156,3.190815981816133e-05,1.5698866925305247e-06,1.5698866925305247e-06,20.32513554639289,0.0012205317772975828
75,1e-06,0.05,7.349080086811518,2.3019421626507522e-05,9.575171791890623e-07,9.575171791890623e-07,24.040740079465795,0.0009019653073427541
75,1e-06,0.05,7.58938341773342,1.6606853654820904e-05,5.875833702199687e-07,5.875833702199687e-07,28.262974237347688,0.0006665382732398065
75,1e-06,0.05,7.829686748655322,1.1980657462351226e-05,3.640194718260587e-07,3.640194718260587e-07,32.912133524758275,0.0004925575769556903
75,1e-06,0.05,8.069990079577224,8.643195406847023e-06,2.2882806200096845e-07,2.2882806200096845e-07,37.77157107073014,0.0003639878352168567
75,1e-06,0.05,8.310293410499128,6.235459324197742e-06,1.4699453782110878e-07,1.4699453782110878e-07,42.419666857187906,0.0002689772074474564
75,1e-06,0.05,8.550596741421028,4.498451743678928e-06,9.737959472835226e-08,9.737959472835226e-08,46.195014019391834,0.0001987665600119023
75,1e-06,0.05,8.790900072342932,3.245325363441514e-06,6.72207913294964e-08,6.72207913294964e-08,48.27859504857494,0.00014688271442442506
75,1e-06,0.05,9.031203403264833,2.341283792968458e-06,4.8813008235043825e-08,4.8813008235043825e-08,47.964341425030305,0.00010854198684411598
75,1e-06,0.05,9.271506734186737,1.6890814600217503e-06,3.7504359029746316e-08,3.7504359029746316e-08,45.036937137948875,8.020928871269644e-05
75,1e-06,0.05,9.511810065108637,1.2185628896892735e-06,3.0486272176262256e-08,3.0486272176262256e-08,39.97087222222243,5.927225535208516e-05
75,1e-06,0.05,9.752113396030541,8.791160839746996e-07,2.606303352140765e-08,2.606303352140765e-08,33.73038227697522,4.3800409658459845e-05
75,1e-06,0.05,9.992416726952444,6.342282040592039e-07,2.321079100799864e-08,2.321079100799864e-08,27.324713054399716,3.236717903560343e-05
75,1e-06,0.05,10.232720057874346,4.5755790475750484e-07,2.1311314868763447e-08,2.1311314868763447e-08,21.470186498354423,2.3918365704994445e-05
75,1e-06,0.05,10.473023388796248,3.301018188227181e-07,1.999126202110421e-08,1.999126202110421e-08,16.512305149831906,1.767494770878521e-05
75,1e-06,0.05,10.71332671971815,2.3815038771819609e-07,1.9025135954331392e-08,1.9025135954331392e-08,12.517670743055959,1.3061250641421593e-05
75,1e-06,0.05,10.953630050640053,1.7181314632658086e-07,1.82767011598007e-08,1.82767011598007e-08,9.40066507759513,9.651868211064216e-06
75,1e-06,0.05,11.193933381561955,1.2395482579219654e-07,1.7663613519444852e-08,1.7663613519444852e-08,7.017523659909216,7.132437904548239e-06
75,1e-06,0.05,11.434236712483857,8.942783076775227e-08,1.7136066742947917e-08,1.7136066742947917e-08,5.218690619570264,5.270655284256328e-06
75,1e-06,0.05,11.67454004340576,6.45185285639279e-08,1.6663900640860063e-08,1.6663900640860063e-08,3.871754276170357,3.894854382922848e-06
75,1e-06,0.05,11.914843374327662,4.6547787588102767e-08,1.6228818018275534e-08,1.6228818018275534e-08,2.8682179771616485,2.8781792424247096e-06
75,1e-06,0.05,12.155146705249564,3.3582795134631064e-08,1.5819685770126956e-08,1.5819685770126956e-08,2.122848432176005,2.126887150740546e-06
75,1e-06,0.05,12.395450036171466,2.422915494885067e-08,1.5429697986363487e-08,1.5429697986363487e-08,1.5702935320097644,1.5717050841616928e-06
75,1e-06,0.05,12.635753367093368,1.7480900696509585e-08,1.50546631996583e-08,1.50546631996583e-08,1.1611618582676995,1.1614423781371607e-06
75,1e-06,0.05,12.87605669801527,1.261229148260457e-08,1.469197030687668e-08,1.261229148260457e-08,0.8584479289820847,8.582706838091251e-07
75,1e-06,0.05,13.116360028937173,9.099750047767561e-09,1.4339964223782653e-08,9.099750047767561e-09,0.6345727162049497,6.342359986308959e-07
75,1e-06,0.05,13.356663359859075,6.565546702338488e-09,1.3997568906923525e-08,6.565546702338488e-09,0.46904907173495064,4.686811626002529e-07
75,1e-06,0.05,13.596966690780977,4.7371712293573865e-09,1.3664059718266651e-08,4.7371712293573865e-09,0.34668841669540934,3.463411610740877e-07
75,1e-06,0.05,13.83727002170288,3.418022524299989e-09,1.3338925952796431e-08,3.418022524299989e-09,0.25624420859637653,2.559356112872347e-07
75,1e-06,0.05,14.077573352624782,2.466263170839395e-09,1.302178780074508e-08,2.466263170839395e-09,0.1893951282709645,1.8912865256922094e-07
75,1e-06,0.05,14.317876683546684,1.7795644379306534e-09,1.2712346174359856e-08,1.7795644379306534e-09,0.13998709707260354,1.397603367587159e-07
75,1e-06,0.05,14.558180014468586,1.2841008015895727e-09,1.2410352376782552e-08,1.2841008015895727e-09,0.10347013224152161,1.0327864903261473e-07
75,1e-06,0.05,14.798483345390489,9.266102032499492e-10,1.2115589751059031e-08,9.266102032499492e-10,0.07648081705382552,7.63197885273323e-08
75,1e-06,0.05,15.038786676312391,6.686660266595638e-10,1.1827862562783191e-08,6.686660266595638e-10,0.05653312448553015,5.639800844988102e-08
75,1e-06,0.05,15.279090007234293,4.825446801754828e-10,1.154698925077668e-08,4.825446801754828e-10,0.04178965353613936,4.167641732872443e-08
75,1e-06,0.05,15.519393338156195,3.4824430233171105e-10,1.1272798315749985e-08,3.4824430233171105e-10,0.030892445032495216,3.0797608091053854e-08
75,1e-06,0.05,15.759696669078098,2.5133392787065645e-10,1.100512580244721e-08,2.5133392787065645e-10,0.022837896847555102,2.2758498088930787e-08
75,1e-06,0.05,16.0,1.8140177814282762e-10,1.0743813744664876e-08,1.8140177814282762e-10,0.01688430034752859,1.6817839675478693e-08
75,0.0001,0.0,1.5818001446858627,0.06828121572241876,0.19863109208981533,0.06828121572241876,0.3437589503437052,0.0
75,0.0001,0.0,1.822103475607765,0.05045926233654904,0.12283710953570336,0.05045926233654904,0.41078190888139343,0.0
75,0.0001,0.0,2.0624068065296672,0.037289132216362056,0.07596549577902406,0.037289132216362056,0.49086933263533705,0.0
75,0.0001,0.0,2.3027101374515695,0.027556598703646483,0.046979709544782436,0.027556598703646483,0.5865638372535855,0.0
75,0.0001,0.0,2.5430134683734718,0.02036437855290689,0.02905466416489248,0.02036437855290689,0.7008987760909557,0.0
75,0.0001,0.0,2.783316799295374,0.015049401159286583,0.01796967066930304,0.015049401159286583,0.8374889799730691,0.0
75,0.0001,0.0,3.0236201302172763,0.011121672852608247,0.011114620754890238,0.011114620754890238,1.0006344883800833,0.0005668883193352571
75,0.0001,0.0,3.2639234611391785,0.0082190993187337,0.006875402270207477,0.006875402270207477,1.1954354080994993,0.0746193913275555
75,0.0001,0.0,3.504226792061081,0.00607410061681317,0.004253835164898456,0.004253835164898456,1.427911609489496,0.08384177455680156
75,0.0001,0.0,3.7445301229829835,0.004488940587163624,0.0026326367972109676,0.0026326367972109676,1.705111997188232,0.07257281145660732
75,0.0001,0.0,3.9848334539048857,0.0033174959462055815,0.0016300745732381592,0.0016300745732381592,2.035180476200756,0.05761543066308958
75,0.0001,0.0,4.225136784826788,0.002451784128793806,0.0010100819597672706,0.0010100819597672706,2.42731206619977,0.044117896639482894
75,0.0001,0.0,4.46544011574869,0.0018120077122370782,0.0006266734973625574,0.0006266734973625574,2.891470151303932,0.03321606393454151
75,0.0001,0.0,4.705743446670592,0.0013391974973206125,0.00038957059347377056,0.00038957059347377056,3.4376247071913024,0.02479674264513678
75,0.0001,0.0,4.946046777592494,0.0009897759262330152,0.00024294423400350476,0.00024294423400350476,4.074086920781732,0.0184288534997085
75,0.0001,0.0,5.186350108514397,0.0007315395780832223,0.00015226930367204063,0.00015226930367204063,4.804248528375887,0.013662870140668783
75,0.0001,0.0,5.426653439436299,0.0005406903254588284,9.61951910750952e-05,9.61951910750952e-05,5.620762528936984,0.010115605972798428
75,0.0001,0.0,5.666956770358202,0.0003996414244951491,6.151850489468298e-05,6.151850489468298e-05,6.496279862121454,0.0074834651168479245
75,0.0001,0.0,5.907260101280104,0.0002953962613283682,4.007416081565987e-05,4.007416081565987e-05,7.37124010374624,0.005533715659938284
75,0.0001,0.0,6.1475634322020065,0.0002183502776153542,2.68128044511265e-05,2.68128044511265e-05,8.143507629474415,0.004090867622738273
75,0.0001,0.0,6.387866763123909,0.0001614056153671707,1.861187408090456e-05,1.861187408090456e-05,8.67218500756836,0.0030237475731214485
75,0.0001,0.0,6.628170094045811,0.00011931685422952428,1.3540352202712798e-05,1.3540352202712798e-05,8.811946132805856,0.002234779765203375
75,0.0001,0.0,6.868473424967713,8.820752104670257e-05,1.0404081926065923e-05,1.0404081926065923e-05,8.478164788928794,0.0016515789466994976
75,0.0001,0.0,7.1087767558896156,6.521279661578713e-05,8.464586941241817e-06,8.464586941241817e-06,7.7041912462440765,0.0012205317772975828
75,0.0001,0.0,7.349080086811518,4.821547971974617e-05,7.26518750677101e-06,7.26518750677101e-06,6.636508648236581,0.0009019653073427541
75,0.0001,0.0,7.58938341773342,3.565086661843575e-05,6.523469165313502e-06,6.523469165313502e-06,5.465016498889583,0.0006665382732398065
75,0.0001,0.0,7.829686748655322,2.636255794134007e-05,6.064784525115044e-06,6.064784525115044e-06,4.34682515630512,0.0004925575769556903
75,0.0001,0.0,8.069990079577224,1.9495900196148823e-05,5.781130222134534e-06,5.781130222134534e-06,3.372333686846179,0.0003639878352168567
75,0.0001,0.0,8.310293410499128,1.4419238795344896e-05,5.6057160997768576e-06,5.6057160997768576e-06,2.5722385041794875,0.0002689772074474564
75,0.0001,0.0,8.550596741421028,1.066572351879602e-05,5.497238583309823e-06,5.497238583309823e-06,1.9401965836407835,0.0001987665600119023
75,0.0001,0.0,8.790900072342932,7.890302078307905e-06,5.430155207007533e-06,5.430155207007533e-06,1.4530527724374416,0.00014688271442442506
75,0.0001,0.0,9.031203403264833,5.837937626484393e-06,5.3886703028294196e-06,5.3886703028294196e-06,1.0833725758688701,0.00010854198684411598
75,0.0001,0.0,9.271506734186737,4.32012075275806e-06,5.3630157015029735e-06,4.32012075275806e-06,0.8055394563822283,8.020928871269644e-05
75,0.0001,0.0,9.511810065108637,3.197511132339573e-06,5.347150687897225e-06,3.197511132339573e-06,0.5979841076064754,5.927225535208516e-05
75,0.0001,0.0,9.752113396030541,2.3671090358044907e-06,5.337339634764582e-06,2.3671090358044907e-06,0.4434997953636688,4.3800409658459845e-05
75,0.0001,0.0,9.992416726952444,1.752774463328183e-06,5.331272399906574e-06,1.752774463328183e-06,0.32877225769947505,3.236717903560343e-05
75,0.0001,0.0,10.232720057874346,1.2982202352132888e-06,5.327520372644613e-06,1.2982202352132888e-06,0.24368189033669418,2.3918365704994445e-05
75,0.0001,0.0,10.473023388796248,9.618333976685656e-07,5.325200088544202e-06,9.618333976685656e-07,0.1806192033493169,1.767494770878521e-05
75,0.0001,0.0,10.71332671971815,7.128478124094021e-07,5.3237652060311665e-06,7.128478124094021e-07,0.13389918315740781,1.3061250641421593e-05
75,0.0001,0.0,10.953630050640053,5.285153257776604e-07,5.3228778630433615e-06,5.285153257776604e-07,0.0992912742648356,9.651868211064216e-06
75,0.0001,0.0,11.193933381561955,3.9201493789058155e-07,5.322329122940353e-06,3.9201493789058155e-07,0.0736547719683315,7.132437904548239e-06
75,0.0001,0.0,11.434236712483857,2.909073984192036e-07,5.3219897776085175e-06,2.909073984192036e-07,0.054661397442579335,5.270655284256328e-06
75,0.0001,0.0,11.67454004340576,2.1599291216572964e-07,5.321779923702074e-06,2.1599291216572964e-07,0.04058659231730783,3.894854382922848e-06
75,0.0001,0.0,11.914843374327662,1.6046677747235794e-07,5.321650148343705e-06,1.6046677747235794e-07,0.03015357511284374,2.8781792424247096e-06
75,0.0001,0.0,12.155146705249564,1.1929522721854862e-07,5.3215698942091725e-06,1.1929522721854862e-07,0.022417299704803904,2.126887150740546e-06
75,0.0001,0.0,12.395450036171466,8.875402570931994e-08,5.321520264401246e-06,8.875402570931994e-08,0.016678321475734555,1.5717050841616928e-06
75,0.0001,0.0,12.635753367093368,6.608736472713163e-08,5.321489572925359e-06,6.608736472713163e-08,0.012418959733261625,1.1614423781371607e-06
75,0.0001,0.0,12.87605669801527,4.925568002759291e-08,5.321470593067659e-06,4.925568002759291e-08,0.009256027852856851,8.582706838091251e-07
75,0.0001,0.0,13.116360028937173,3.67491966027379e-08,5.321458855769666e-06,3.67491966027379e-08,0.006905849993163708,6.342359986308959e-07
75,0.0001,0.0,13.356663359859075,2.7450061624912858e-08,5.321451597329358e-06,2.7450061624912858e-08,0.0051583785218847125,4.686811626002529e-07
75,0.0001,0.0,13.596966690780977,2.0530395698815905e-08,5.321447108650982e-06,2.0530395698815905e-08,0.003858047497162944,3.463411610740877e-07
75,0.0001,0.0,13.83727002170288,1.5376897939550415e-08,5.321444332815855e-06,1.5376897939550415e-08,0.002889609846094865,2.559356112872347e-07
75,0.0001,0.0,14.077573352624782,1.1535082967194396e-08,5.321442616216891e-06,1.1535082967194396e-08,0.0021676608767783523,1.8912865256922094e-07
75,0.0001,0.0,14.317876683546684,8.668033195878876e-09,5.321441554658165e-06,8.668033195878876e-09,0.001628888170028147,1.397603367587159e-07
75,0.0001,0.0,14.558180014468586,6.525884099448086e-09,5.3214408981816355e-06,6.525884099448086e-09,0.0012263377954038757,1.0327864903261473e-07
75,0.0001,0.0,14.798483345390489,4.923246356386004e-09,5.321440492211223e-06,4.923246356386004e-09,0.0009251717394175432,7.63197885273323e-08
75,0.0001,0.0,15.038786676312391,3.7224977398639753e-09,5.321440241155827e-06,3.7224977398639753e-09,0.0006995282425750667,5.639800844988102e-08
75,0.0001,0.0,15.279090007234293,2.821416447764081e-09,5.321440085901133e-06,2.821416447764081e-09,0.0005301979167705507,4.167641732872443e-08
75,0.0001,0.0,15.519393338156195,2.1440258691111002e-09,5.32143998989037e-06,2.1440258691111002e-09,0.0004029033256382302,3.0797608091053854e-08
75,0.0001,0.0,15.759696669078098,1.6338152193100899e-09,5.321439930516536e-06,1.6338152193100899e-09,0.0003070250234228427,2.2758498088930787e-08
75,0.0001,0.0,16.0,1.2487181421765783e-09,5.321439893799275e-06,1.2487181421765783e-09,0.0002346579435448717,1.6817839675478693e-08
75,0.0001,0.05,1.5818001446858627,0.05829140691596171,0.1695705867663356,0.05829140691596171,0.3437589503437052,0.0
75,0.0001,0.05,1.822103475607765,0.04205406182038257,0.10237564243006865,0.04205406182038257,0.4107819088813934,0.0
75,0.0001,0.05,2.0624068065296672,0.030339826095586168,0.06180835525556328,0.030339826095586168,0.49086933263533694,0.0
75,0.0001,0.05,2.3027101374515695,0.021888710695366173,0.03731684312120859,0.021888710695366173,0.5865638372535854,0.0
75,0.0001,0.05,2.5430134683734718,0.01579172199468708,0.02253067423339,0.01579172199468708,0.7008987760909556,0.0
75,0.0001,0.05,2.783316799295374,0.011393084179509147,0.013603861605290032,0.011393084179509147,0.837488979973069,0.0
75,0.0001,0.05,3.0236201302172763,0.008219699908105468,0.008214487910977617,0.008214487910977617,1.0006344883800833,0.0005668883193352571
75,0.0001,0.05,3.2639234611391785,0.005930261352783689,0.004960754309772042,0.004960754309772042,1.1954354080994989,0.0746193913275555
75,0.0001,0.05,3.504226792061081,0.004278537529324416,0.0029963602094768816,0.0029963602094768816,1.4279116094894955,0.08384177455680156
75,0.0001,0.05,3.7445301229829835,0.003086888767171873,0.0018103730266763854,0.0018103730266763854,1.7051119971882305,0.07257281145660732
75,0.0001,0.05,3.9848334539048857,0.002227159306604728,0.0010943301258286217,0.0010943301258286217,2.035180476200756,0.05761543066308958
75,0.0001,0.05,4.225136784826788,0.001606892672266833,0.0006620049785286179,0.0006620049785286179,2.4273120661997685,0.044117896639482894
75,0.0001,0.05,4.46544011574869,0.0011593870406642571,0.000400968012808786,0.000400968012808786,2.891470151303931,0.03321606393454151
75,0.0001,0.05,4.705743446670592,0.0008365208841964344,0.00024334270185063662,0.00024334270185063662,3.4376247071912993,0.02479674264513678
75,0.0001,0.05,4.946046777592494,0.0006035771696958867,0.0001481502926746769,0.0001481502926746769,4.074086920781731,0.0184288534997085
75,0.0001,0.05,5.186350108514397,0.00043550937085424916,9.065088291789032e-05,9.065088291789032e-05,4.804248528375884,0.013662870140668783
75,0.0001,0.05,5.426653439436299,0.00031424764696484804,5.5908365697185886e-05,5.5908365697185886e-05,5.62076252893698,0.010115605972798428
75,0.0001,0.05,5.666956770358202,0.00022675542852194434,3.49054279271605e-05,3.49054279271605e-05,6.4962798621214475,0.0074834651168479245
75,0.0001,0.05,5.907260101280104,0.0001636273692019481,2.2198078871259248e-05,2.2198078871259248e-05,7.371240103746234,0.005533715659938284
75,0.0001,0.05,6.1475634322020065,0.00011807785654651926,1.4499631107257897e-05,1.4499631107257897e-05,8.143507629474415,0.004090867622738273
75,0.0001,0.05,6.387866763123909,8.521128435415122e-05,9.825814864395291e-06,9.825814864395291e-06,8.672185007568364,0.0030237475731214485
75,0.0001,0.05,6.628170094045811,6.149559742985456e-05,6.978662432003941e-06,6.978662432003941e-06,8.811946132805845,0.002234779765203375
75,0.0001,0.05,6.868473424967713,4.438248410751742e-05,5.234916425011496e-06,5.234916425011496e-06,8.478164788928785,0.0016515789466994976
75,0.0001,0.05,7.1087767558896156,3.203336581165615e-05,4.1579141518940075e-06,4.1579141518940075e-06,7.70419124624407,0.0012205317772975828
75,0.0001,0.05,7.349080086811518,2.312171263172097e-05,3.48401755460151e-06,3.48401755460151e-06,6.6365086482365765,0.0009019653073427541
75,0.0001,0.05,7.58938341773342,1.6690423533989748e-05,3.0540481510679835e-06,3.0540481510679835e-06,5.465016498889581,0.0006665382732398065
75,0.0001,0.05,7.829686748655322,1.2048932524168462e-05,2.7718926091819802e-06,2.7718926091819802e-06,4.346825156305118,0.0004925575769556903
75,0.0001,0.05,8.069990079577224,8.698974882807846e-06,2.579511902021526e-06,2.579511902021526e-06,3.3723336868461766,0.0003639878352168567
75,0.0001,0.05,8.310293410499128,6.28103013520327e-06,2.441853710298475e-06,2.441853710298475e-06,2.5722385041794835,0.0002689772074474564
75,0.0001,0.05,8.550596741421028,4.535682262251032e-06,2.337743659840805e-06,2.337743659840805e-06,1.9401965836407835,0.0001987665600119023
75,0.0001,0.05,8.790900072342932,3.2757420157363256e-06,2.2543861295838483e-06,2.2543861295838483e-06,1.4530527724374422,0.00014688271442442506
75,0.0001,0.05,9.031203403264833,2.3661336412194756e-06,2.184044246571248e-06,2.184044246571248e-06,1.0833725758688688,0.00010854198684411598
75,0.0001,0.05,9.271506734186737,1.7093833312504898e-06,2.1220355101257624e-06,1.7093833312504898e-06,0.8055394563822277,8.020928871269644e-05
75,0.0001,0.05,9.511810065108637,1.2351491469261336e-06,2.065521693996203e-06,1.2351491469261336e-06,0.5979841076064748,5.927225535208516e-05
75,0.0001,0.05,9.752113396030541,8.926667525819289e-07,2.0127782738883714e-06,8.926667525819289e-07,0.4434997953636676,4.3800409658459845e-05
75,0.0001,0.05,9.992416726952444,6.452988523121979e-07,1.9627533564649316e-06,6.452988523121979e-07,0.32877225769947493,3.236717903560343e-05
75,0.0001,0.05,10.232720057874346,4.666024217694647e-07,1.9148013876811376e-06,4.666024217694647e-07,0.2436818903366941,2.3918365704994445e-05
75,0.0001,0.05,10.473023388796248,3.374910236922259e-07,1.8685223798685433e-06,3.374910236922259e-07,0.18061920334931686,1.767494770878521e-05
75,0.0001,0.05,10.71332671971815,2.441872328622053e-07,1.8236648432361727e-06,2.441872328622053e-07,0.1338991831574076,1.3061250641421593e-05
75,0.0001,0.05,10.953630050640053,1.7674513832522403e-07,1.7800671774419887e-06,1.7674513832522403e-07,0.09929127426483546,9.651868211064216e-06
75,0.0001,0.05,11.193933381561955,1.2798417299167193e-07,1.737622282595617e-06,1.2798417299167193e-07,0.07365477196833155,7.132437904548239e-06
75,0.0001,0.05,11.434236712483857,9.27197336861647e-08,1.6962561885389949e-06,9.27197336861647e-08,0.054661397442579286,5.270655284256328e-06
75,0.0001,0.05,11.67454004340576,6.72079530011328e-08,1.655915147438298e-06,6.72079530011328e-08,0.04058659231730778,3.894854382922848e-06
75,0.0001,0.05,11.914843374327662,4.8744998132490005e-08,1.6165578360135255e-06,4.8744998132490005e-08,0.03015357511284376,2.8781792424247096e-06
75,0.0001,0.05,12.155146705249564,3.5377875936895166e-08,1.5781506427071521e-06,3.5377875936895166e-08,0.022417299704803925,2.126887150740546e-06
75,0.0001,0.05,12.395450036171466,2.569570311142368e-08,1.5406648174283366e-06,2.569570311142368e-08,0.016678321475734552,1.5717050841616928e-06
75,0.0001,0.05,12.635753367093368,1.8679043705132673e-08,1.5040747458987815e-06,1.8679043705132673e-08,0.012418959733261622,1.1614423781371607e-06
75,0.0001,0.05,12.87605669801527,1.3591152392698222e-08,1.4683569030643493e-06,1.3591152392698222e-08,0.009256027852856836,8.582706838091251e-07
75,0.0001,0.05,13.116360028937173,9.89946149657909e-09,1.4334892165886658e-06,9.89946149657909e-09,0.00690584999316371,6.342359986308959e-07
75,0.0001,0.05,13.356663359859075,7.218896320006891e-09,1.3994506780338677e-06,7.218896320006891e-09,0.0051583785218847055,4.686811626002529e-07
75,0.0001,0.05,13.596966690780977,5.270945909639662e-09,1.3662211036841103e-06,5.270945909639662e-09,0.0038580474971629335,3.463411610740877e-07
75,0.0001,0.05,13.83727002170288,3.854106669152201e-09,1.333780985817445e-06,3.854106669152201e-09,0.002889609846094862,2.559356112872347e-07
75,0.0001,0.05,14.077573352624782,2.8225359361397617e-09,1.302111398686455e-06,2.8225359361397617e-09,0.0021676608767783475,1.8912865256922094e-07
75,0.0001,0.05,14.317876683546684,2.0706327668142603e-09,1.2711939376283194e-06,2.0706327668142603e-09,0.0016288881700281413,1.397603367587159e-07
75,0.0001,0.05,14.558180014468586,1.5218982992671425e-09,1.2410106782739513e-06,1.5218982992671425e-09,0.001226337795403873,1.0327864903261473e-07
75,0.0001,0.05,14.798483345390489,1.120886406774402e-09,1.2115441479871342e-06,1.120886406774402e-09,0.0009251717394175428,7.63197885273323e-08
75,0.0001,0.05,15.038786676312391,8.273861293708662e-10,1.1827773047806253e-06,8.273861293708662e-10,0.0006995282425750678,5.639800844988102e-08
75,0.0001,0.05,15.279090007234293,6.122160992564899e-10,1.1546935208374908e-06,6.122160992564899e-10,0.0005301979167705506,4.167641732872443e-08
75,0.0001,0.05,15.519393338156195,4.5418347852457554e-10,1.1272765689017688e-06,4.5418347852457554e-10,0.0004029033256382296,3.0797608091053854e-08
75,0.0001,0.05,15.759696669078098,3.378842959622678e-10,1.1005106104883342e-06,3.378842959622678e-10,0.00030702502342284276,2.2758498088930787e-08
75,0.0001,0.05,16.0,2.52111844862206e-10,1.0743801852759223e-06,2.52111844862206e-10,0.00023465794354487153,1.6817839675478693e-08
75,0.01,0.0,1.5818001446858627,0.06981384912630736,0.20182421628085245,0.06981384912630736,0.34591413465050463,0.0
75,0.01,0.0,1.822103475607765,0.051741849401432935,0.1250127946507893,0.051741849401432935,0.41389243033857936,0.0
75,0.01,0.0,2.0624068065296672,0.03836246754549798,0.07751198831467415,0.03836246754549798,0.4949230226137213,0.0
75,0.01,0.0,2.3027101374515695,0.02845482133532069,0.048137104284432276,0.02845482133532069,0.5911203375921199,0.0
75,0.01,0.0,2.5430134683734718,0.021116057803697276,0.029971437670598344,0.021116057803697276,0.7045393696416472,0.0
75,0.01,0.0,2.783316799295374,0.015678445313980886,0.01873764205168697,0.015678445313980886,0.8367352343871538,0.0
75,0.01,0.0,3.0236201302172763,0.011648089603022735,0.01179057169692404,0.011648089603022735,0.987915590730984,0.0005668883193352571
75,0.01,0.0,3.2639234611391785,0.008659632138328245,0.0074944470253321595,0.0074944470253321595,1.1554731268441307,0.0746193913275555
75,0.01,0.0,3.504226792061081,0.006442761311950843,0.004837688672337145,0.004837688672337145,1.3317850213867253,0.08384177455680156
75,0.01,0.0,3.7445301229829835,0.0047974549636055,0.003194727751560749,0.003194727751560749,1.5016788085500419,0.07257281145660732
75,0.01,0.0,3.9848334539048857,0.003575676765931359,0.002178707388189945,0.002178707388189945,1.641191830217277,0.05761543066308958
75,0.01,0.0,4.225136784826788,0.0026678432195987134,0.0015503921521243665,0.0015503921521243665,1.7207538208595816,0.044117896639482894
75,0.01,0.0,4.46544011574869,0.00199281715721841,0.0011618369123825153,0.0011618369123825153,1.7152296815323669,0.03321606393454151
75,0.01,0.0,4.705743446670592,0.0014905082117768573,0.0009215511996306935,0.0009215511996306935,1.6173905610173045,0.02479674264513678
75,0.01,0.0,4.946046777592494,0.001116400574141332,0.000772956565336196,0.000772956565336196,1.4443251072662222,0.0184288534997085
75,0.01,0.0,5.186350108514397,0.000837505646087889,0.0006810644378840697,0.0006810644378840697,1.2297010378193445,0.013662870140668783
75,0.01,0.0,5.426653439436299,0.0006293682231182158,0.0006242376007121267,0.0006242376007121267,1.0082190217318472,0.010115605972798428
75,0.01,0.0,5.666956770358202,0.0004738516852074976,0.0005890954235473971,0.0004738516852074976,0.8043716964461746,0.0074834651168479245
75,0.01,0.0,5.907260101280104,0.0003574992536224323,0.0005673632160669679,0.0003574992536224323,0.6301065058476322,0.005533715659938284
75,0.01,0.0,6.1475634322020065,0.0002703212802079219,0.0005539238426394605,0.0002703212802079219,0.48801163517322965,0.004090867622738273
75,0.01,0.0,6.387866763123909,0.00020489764386214616,0.0005456128250731757,0.00020489764386214616,0.37553670743473816,0.0030237475731214485
75,0.01,0.0,6.628170094045811,0.00015571323775586912,0.0005404732243797596,0.00015571323775586912,0.28810536902094214,0.002234779765203375
75,0.01,0.0,6.868473424967713,0.00011866590111397917,0.0005372948536114288,0.00011866590111397917,0.2208580639035829,0.0016515789466994976
75,0.01,0.0,7.1087767558896156,9.07019476368265e-05,0.0005353293233409703,9.07019476368265e-05,0.16943205552566976,0.0012205317772975828
75,0.01,0.0,7.349080086811518,6.954612233233091e-05,0.000534113823474629,6.954612233233091e-05,0.13020842988092862,0.0009019653073427541
75,0.01,0.0,7.58938341773342,5.350145386986092e-05,0.000533362148495474,5.350145386986092e-05,0.10030980642473343,0.0006665382732398065
75,0.01,0.0,7.829686748655322,4.1300854504086285e-05,0.0005328973065897413,4.1300854504086285e-05,0.07750246434606649,0.0004925575769556903
75,0.01,0.0,8.069990079577224,3.199704097395373e-05,0.0005326098445837983,3.199704097395373e-05,0.060075947336192106,0.0003639878352168567
75,0.01,0.0,8.310293410499128,2.4880841300695517e-05,0.0005324320757470353,2.4880841300695517e-05,0.046730545423632024,0.0002689772074474564
75,0.01,0.0,8.550596741421028,1.942053469365076e-05,0.0005323221420560752,1.942053469365076e-05,0.03648267310211752,0.0001987665600119023
75,0.01,0.0,8.790900072342932,1.521678180912926e-05,0.000532254158169652,1.521678180912926e-05,0.02858931503975029,0.00014688271442442506
75,0.01,0.0,9.031203403264833,1.1969115578135296e-05,0.0005322121163827089,1.1969115578135296e-05,0.0224893707033314,0.00010854198684411598
75,0.01,0.0,9.271506734186737,9.451008226133457e-06,0.0005321861174005624,9.451008226133457e-06,0.01775884021983973,8.020928871269644e-05
75,0.01,0.0,9.511810065108637,7.491303690970498e-06,0.0005321700394190634,7.491303690970498e-06,0.014076898615240129,5.927225535208516e-05
75,0.01,0.0,9.752113396030541,5.960377185266662e-06,0.0005321600966648577,5.960377185266662e-06,0.011200345953447863,4.3800409658459845e-05
75,0.01,0.0,9.992416726952444,4.759807480790994e-06,0.0005321539479849877,4.759807480790994e-06,0.008944418243656948,3.236717903560343e-05
75,0.01,0.0,10.232720057874346,3.8146613111360306e-06,0.0005321501455914693,3.8146613111360306e-06,0.007168392873210898,2.3918365704994445e-05
75,0.01,0.0,10.473023388796248,3.067721710772037e-06,0.0005321477941604674,3.067721710772037e-06,0.005764792684355233,1.767494770878521e-05
75,0.01,0.0,10.71332671971815,2.4751642956752083e-06,0.0005321463400164577,2.4751642956752083e-06,0.004651285012311949,1.3061250641421593e-05
75,0.01,0.0,10.953630050640053,2.003313095377019e-06,0.0005321454407620042,2.003313095377019e-06,0.003764596935207,9.651868211064216e-06
75,0.01,0.0,11.193933381561955,1.6262021465266996e-06,0.000532144884655754,1.6262021465266996e-06,0.003055938699060678,7.132437904548239e-06
75,0.01,0.0,11.434236712483857,1.3237392194049412e-06,0.0005321445407551372,1.3237392194049412e-06,0.0024875557635647173,5.270655284256328e-06
75,0.01,0.0,11.67454004340576,1.080320109025562e-06,0.0005321443280842054,1.080320109025562e-06,0.0020301261368600256,3.894854382922848e-06
75,0.01,0.0,11.914843374327662,8.837805716954846e-07,0.0005321441965667758,8.837805716954846e-07,0.0016607915249237976,2.8781792424247096e-06
75,0.01,0.0,12.155146705249564,7.24601697747556e-07,0.0005321441152353302,7.24601697747556e-07,0.0013616644006804722,2.126887150740546e-06
75,0.01,0.0,12.395450036171466,5.953058517502019e-07,0.0005321440649393044,5.953058517502019e-07,0.0011186930212556288,1.5717050841616928e-06
75,0.01,0.0,12.635753367093368,4.899961860570961e-07,0.000532144033835834,4.899961860570961e-07,0.0009207961658896649,1.1614423781371607e-06
75,0.01,0.0,12.87605669801527,4.040045518377142e-07,0.0005321440146011955,4.040045518377142e-07,0.0007592015333301968,8.582706838091251e-07
75,0.01,0.0,13.116360028937173,3.336214382695287e-07,0.0005321440027063391,3.336214382695287e-07,0.0006269382659070124,6.342359986308959e-07
75,0.01,0.0,13.356663359859075,2.758881395885228e-07,0.0005321439953504633,2.758881395885228e-07,0.0005184464017240792,4.686811626002529e-07
75,0.01,0.0,13.596966690780977,2.2843625525549647e-07,0.00053214399080153,2.2843625525549647e-07,0.0004292752698596097,3.463411610740877e-07
75,0.01,0.0,13.83727002170288,1.8936329645102807e-07,0.0005321439879884328,1.8936329645102807e-07,0.0003558497337663133,2.559356112872347e-07
75,0.01,0.0,14.077573352624782,1.5713591851623723e-07,0.0005321439862487906,1.5713591851623723e-07,0.0002952883478472164,1.8912865256922094e-07
75,0.01,0.0,14.317876683546684,1.3051435850607807e-07,0.0005321439851729818,1.3051435850607807e-07,0.0002452613618542589,1.397603367587159e-07
75,0.01,0.0,14.558180014468586,1.0849320410564489e-07,0.0005321439845076929,1.0849320410564489e-07,0.00020387941471520376,1.0327864903261473e-07
75,0.01,0.0,14.798483345390489,9.025478444566651e-08,0.0005321439840962729,9.025478444566651e-08,0.00016960594715534368,7.63197885273323e-08
75,0.01,0.0,15.038786676312391,7.513235133060097e-08,0.0005321439838418474,7.513235133060097e-08,0.00014118801228979076,5.639800844988102e-08
75,0.01,0.0,15.279090007234293,6.258088292445104e-08,0.0005321439836845086,6.258088292445104e-08,0.00011760141022575812,4.167641732872443e-08
75,0.01,0.0,15.519393338156195,5.2153844598686436e-08,0.000532143983587209,5.2153844598686436e-08,9.800701728715372e-05,3.0797608091053854e-08
75,0.01,0.0,15.759696669078098,4.348462341453803e-08,0.0005321439835270381,4.348462341453803e-08,8.171589787847067e-05,2.2758498088930787e-08
75,0.01,0.0,16.0,3.627164346139887e-08,0.000532143983489828,3.627164346139887e-08,6.816133337358724e-05,1.6817839675478693e-08
75,0.01,0.05,1.5818001446858627,0.05959981006101195,0.17229654440466502,0.05959981006101195,0.34591413465050463,0.0
75,0.01,0.05,1.822103475607765,0.043123003243998696,0.10418891500074665,0.043123003243998696,0.41389243033857936,0.0
75,0.01,0.05,2.0624068065296672,0.031213131675326727,0.06306663915226275,0.031213131675326727,0.4949230226137211,0.0
75,0.01,0.05,2.3027101374515695,0.022602185371112183,0.038236182945726976,0.022602185371112183,0.5911203375921198,0.0
75,0.01,0.05,2.5430134683734718,0.01637461774703313,0.02324159366049597,0.01637461774703313,0.7045393696416471,0.0
75,0.01,0.05,2.783316799295374,0.01186929934124254,0.01418525102499827,0.01186929934124254,0.8367352343871537,0.0
75,0.01,0.05,3.0236201302172763,0.00860875897973536,0.008714063286890249,0.00860875897973536,0.987915590730984,0.0005668883193352571
75,0.01,0.05,3.2639234611391785,0.006248115493896179,0.005407408747757948,0.005407408747757948,1.1554731268441303,0.0746193913275555
75,0.01,0.05,3.504226792061081,0.0045382185453693765,0.00340762095420171,0.00340762095420171,1.331785021386725,0.08384177455680156
75,0.01,0.05,3.7445301229829835,0.0032990434046987678,0.002196903482898709,0.002196903482898709,1.5016788085500405,0.07257281145660732
75,0.01,0.05,3.9848334539048857,0.002400485762691819,0.0014626478870382986,0.0014626478870382986,1.6411918302172774,0.05761543066308958
75,0.01,0.05,4.225136784826788,0.0017484972147360114,0.0010161228140481895,0.0010161228140481895,1.720753820859581,0.044117896639482894
75,0.01,0.05,4.46544011574869,0.0012750753602698338,0.0007433846172313765,0.0007433846172313765,1.715229681532366,0.03321606393454151
75,0.01,0.05,4.705743446670592,0.0009310361240311676,0.0005756408788768784,0.0005756408788768784,1.617390561017303,0.02479674264513678
75,0.01,0.05,4.946046777592494,0.0006807943908593839,0.000471358136360291,0.000471358136360291,1.4443251072662222,0.0184288534997085
75,0.01,0.05,5.186350108514397,0.0004985944273450149,0.0004054598735877978,0.0004054598735877978,1.2297010378193438,0.013662870140668783
75,0.01,0.05,5.426653439436299,0.0003657869835594216,0.0003628050807165876,0.0003628050807165876,1.0082190217318467,0.010115605972798428
75,0.01,0.05,5.666956770358202,0.00026886212326664307,0.0003342510986581369,0.00026886212326664307,0.804371696446174,0.0074834651168479245
75,0.01,0.05,5.907260101280104,0.0001980277681878736,0.0003142766601361824,0.0001980277681878736,0.6301065058476317,0.005533715659938284
75,0.01,0.05,6.1475634322020065,0.00014618235293518088,0.00029954685994994863,0.00014618235293518088,0.48801163517322976,0.004090867622738273
75,0.01,0.05,6.387866763123909,0.00010817214354603028,0.00028804679117774054,0.00010817214354603028,0.3755367074347382,0.0030237475731214485
75,0.01,0.05,6.628170094045811,8.025419916882718e-05,0.0002785584990711979,8.025419916882718e-05,0.2881053690209419,0.002234779765203375
75,0.01,0.05,6.868473424967713,5.970791841556122e-05,0.0002703452043373302,5.970791841556122e-05,0.22085806390358279,0.0016515789466994976
75,0.01,0.05,7.1087767558896156,4.45539651611378e-05,0.0002629606600882422,4.45539651611378e-05,0.16943205552566964,0.0012205317772975828
75,0.01,0.05,7.349080086811518,3.335081315306538e-05,0.0002561340550958462,3.335081315306538e-05,0.13020842988092854,0.0009019653073427541
75,0.01,0.05,7.58938341773342,2.504741145087413e-05,0.00024970052623586944,2.504741145087413e-05,0.10030980642473342,0.0006665382732398065
75,0.01,0.05,7.829686748655322,1.8876438705892103e-05,0.0002435592063447741,1.8876438705892103e-05,0.07750246434606647,0.0004925575769556903
75,0.01,0.05,8.069990079577224,1.4276922478890206e-05,0.00023764789590407723,1.4276922478890206e-05,0.0600759473361921,0.0003639878352168567
75,0.01,0.05,8.310293410499128,1.0838111235756172e-05,0.0002319277709580351,1.0838111235756172e-05,0.046730545423631975,0.0002689772074474564
75,0.01,0.05,8.550596741421028,8.258734119461394e-06,0.00022637415017108604,8.258734119461394e-06,0.03648267310211752,0.0001987665600119023
75,0.01,0.05,8.790900072342932,6.317407245217486e-06,0.000220970919955019,6.317407245217486e-06,0.028589315039750304,0.00014688271442442506
75,0.01,0.05,9.031203403264833,4.851118466321242e-06,0.00021570716808019162,4.851118466321242e-06,0.022489370703331395,0.00010854198684411598
75,0.01,0.05,9.271506734186737,3.739570454124422e-06,0.00021057515061972734,3.739570454124422e-06,0.017758840219839724,8.020928871269644e-05
75,0.01,0.05,9.511810065108637,2.8937748706121353e-06,0.00020556906387599025,2.8937748706121353e-06,0.014076898615240122,5.927225535208516e-05
75,0.01,0.05,9.752113396030541,2.2477336133048636e-06,0.00020068430231058473,2.2477336133048636e-06,0.011200345953447854,4.3800409658459845e-05
75,0.01,0.05,9.992416726952444,1.7523636776115843e-06,0.0001959170099021582,1.7523636776115843e-06,0.008944418243656955,3.236717903560343e-05
75,0.01,0.05,10.232720057874346,1.3710541229654483e-06,0.00019126380866891853,1.3710541229654483e-06,0.007168392873210898,2.3918365704994445e-05
75,0.01,0.05,10.473023388796248,1.0764115106430124e-06,0.00018672163416461241,1.0764115106430124e-06,0.005764792684355236,1.767494770878521e-05
75,0.01,0.05,10.71332671971815,8.478717472631287e-07,0.00018228763557142028,8.478717472631287e-07,0.004651285012311944,1.3061250641421593e-05
75,0.01,0.05,10.953630050640053,6.69944338189541e-07,0.00017795911480566077,6.69944338189541e-07,0.003764596935206999,9.651868211064216e-06
75,0.01,0.05,11.193933381561955,5.309188929392116e-07,0.00017373348919021283,5.309188929392116e-07,0.0030559386990606794,7.132437904548239e-06
75,0.01,0.05,11.434236712483857,4.2191002552740743e-07,0.0001696082683681437,4.2191002552740743e-07,0.0024875557635647186,5.270655284256328e-06
75,0.01,0.05,11.67454004340576,3.361503967216232e-07,0.00016558103982718207,3.361503967216232e-07,0.002030126136860026,3.894854382922848e-06
75,0.01,0.05,11.914843374327662,2.6846605257121365e-07,0.0001616494596355385,2.6846605257121365e-07,0.0016607915249237965,2.8781792424247096e-06
75,0.01,0.05,12.155146705249564,2.1488595616330553e-07,0.00015781124633640963,2.1488595616330553e-07,0.001361664400680472,2.126887150740546e-06
75,0.01,0.05,12.395450036171466,1.7235051936872438e-07,0.0001540641767616256,1.7235051936872438e-07,0.00111869302125563,1.5717050841616928e-06
75,0.01,0.05,12.635753367093368,1.3849334456744145e-07,0.00015040608301581109,1.3849334456744145e-07,0.0009207961658896646,1.1614423781371607e-06
75,0.01,0.05,12.87605669801527,1.1147724340206345e-07,0.00014683485017881158,1.1147724340206345e-07,0.0007592015333301967,8.582706838091251e-07
75,0.01,0.05,13.116360028937173,8.987060637773193e-08,0.00014334841445307698,8.987060637773193e-08,0.0006269382659070134,6.342359986308959e-07
75,0.01,0.05,13.356663359859075,7.255385808684719e-08,0.00013994476159072828,7.255385808684719e-08,0.0005184464017240791,4.686811626002529e-07
75,0.01,0.05,13.596966690780977,5.8648413937867245e-08,0.00013662192550026846,5.8648413937867245e-08,0.00042927526985960977,3.463411610740877e-07
75,0.01,0.05,13.83727002170288,4.746252115437341e-08,0.0001333779869722823,4.746252115437341e-08,0.0003558497337663129,2.559356112872347e-07
75,0.01,0.05,14.077573352624782,3.844981246617642e-08,0.00013021107248725744,3.844981246617642e-08,0.0002952883478472167,1.8912865256922094e-07
75,0.01,0.05,14.317876683546684,3.117746565517493e-08,0.00012711935308302427,3.117746565517493e-08,0.000245261361854259,1.397603367587159e-07
75,0.01,0.05,14.558180014468586,2.5301648067024123e-08,0.0001241010432679908,2.5301648067024123e-08,0.0002038794147152036,1.0327864903261473e-07
75,0.01,0.05,14.798483345390489,2.0548506759219674e-08,0.00012115439997159463,2.0548506759219674e-08,0.00016960594715534387,7.63197885273323e-08
75,0.01,0.05,15.038786676312391,1.669939640050111e-08,0.00011827772152656482,1.669939640050111e-08,0.00014118801228979097,5.639800844988102e-08
75,0.01,0.05,15.279090007234293,1.3579358007357204e-08,0.0001154693466795089,1.3579358007357204e-08,0.0001176014102257581,4.167641732872443e-08
75,0.01,0.05,15.519393338156195,1.1048101097811024e-08,0.00011272765362750362,1.1048101097811024e-08,9.800701728715371e-05,3.0797608091053854e-08
75,0.01,0.05,15.759696669078098,8.992921105123402e-09,0.00011005105907907702,8.992921105123402e-09,8.17158978784707e-05,2.2758498088930787e-08
75,0.01,0.05,16.0,7.323118516800045e-09,0.00010743801733840165,7.323118516800045e-09,6.816133337358728e-05,1.6817839675478693e-08
75,1.0,0.0,1.5818001446858627,0.22307718951516842,0.5211366353845633,0.22307718951516842,0.42805892805934215,0.0
75,1.0,0.0,1.822103475607765,0.18000055588982236,0.3425813061593811,0.18000055588982236,0.5254243376784828,0.0
75,1.0,0.0,2.0624068065296672,0.14569600045908965,0.23216124187968182,0.14569600045908965,0.6275638400254465,0.0
75,1.0,0.0,2.3027101374515695,0.11827708450274133,0.16387657824941607,0.11827708450274133,0.7217448995226551,0.0
75,1.0,0.0,2.5430134683734718,0.09628398288273574,0.12164878824118482,0.09628398288273574,0.7914915082576902,0.0
75,1.0,0.0,2.783316799295374,0.07858286078341124,0.09553478029008006,0.07858286078341124,0.8225576124716432,0.0
75,1.0,0.0,3.0236201302172763,0.06428976464447149,0.07938566590030413,0.06428976464447149,0.8098409695927888,0.0005668883193352571
75,1.0,0.0,3.2639234611391785,0.05271291409778276,0.06939892253780032,0.05271291409778276,0.7595638688636845,0.0746193913275555
75,1.0,0.0,3.504226792061081,0.04330883082571819,0.06322303941620593,0.04330883082571819,0.6850165892944536,0.08384177455680156
75,1.0,0.0,3.7445301229829835,0.0356488926077931,0.05940382318653885,0.0356488926077931,0.6001110820064405,0.07257281145660732
75,1.0,0.0,3.9848334539048857,0.029393758738509145,0.05704198888336851,0.029393758738509145,0.5153003833475968,0.05761543066308958
75,1.0,0.0,4.225136784826788,0.024273752300089442,0.05558141138783394,0.024273752300089442,0.436724287742766,0.044117896639482894
75,1.0,0.0,4.46544011574869,0.02007376165535158,0.05467817841437832,0.02007376165535158,0.36712564751558974,0.03321606393454151
75,1.0,0.0,4.705743446670592,0.01662157965740135,0.05411961181532299,0.01662157965740135,0.3071267346506586,0.02479674264513678
75,1.0,0.0,4.946046777592494,0.013778865364972992,0.05377418969860532,0.013778865364972992,0.2562356670030931,0.0184288534997085
75,1.0,0.0,5.186350108514397,0.011434112446554564,0.05356057785908698,0.011434112446554564,0.21348000532474978,0.013662870140668783
75,1.0,0.0,5.426653439436299,0.009497157989056954,0.05342847856441528,0.009497157989056954,0.17775460286796002,0.010115605972798428
75,1.0,0.0,5.666956770358202,0.007894877756442346,0.05334678728881881,0.007894877756442346,0.14799162531943266,0.0074834651168479245
75,1.0,0.0,5.907260101280104,0.006567798483028846,0.05329626874119777,0.006567798483028846,0.12323186290810575,0.005533715659938284
75,1.0,0.0,6.1475634322020065,0.005467421539464689,0.053265027661472855,0.005467421539464689,0.10264561532217754,0.004090867622738273
75,1.0,0.0,6.387866763123909,0.004554100493359691,0.053245707924300285,0.004554100493359691,0.08552990787227922,0.0030237475731214485
75,1.0,0.0,6.628170094045811,0.0037953515903903527,0.05323376044208444,0.0037953515903903527,0.07129595126986187,0.002234779765203375
75,1.0,0.0,6.868473424967713,0.0031645039078416386,0.05322637202214773,0.0031645039078416386,0.059453684097140316,0.0016515789466994976
75,1.0,0.0,7.1087767558896156,0.002639617049740763,0.05322180296331382,0.002639617049740763,0.049596535682195325,0.0012205317772975828
75,1.0,0.0,7.349080086811518,0.0022026103835908043,0.05321897742026043,0.0022026103835908043,0.041387687068791215,0.0009019653073427541
75,1.0,0.0,7.58938341773342,0.0018385601790123778,0.05321723008151152,0.0018385601790123778,0.034548212603254635,0.0006665382732398065
75,1.0,0.0,7.829686748655322,0.0015351305107787075,0.05321614951305237,0.0015351305107787075,0.028847079783594354,0.0004925575769556903
75,1.0,0.0,8.069990079577224,0.0012821111187544443,0.053215481280750175,0.0012821111187544443,0.02409282201151917,0.0003639878352168567
75,1.0,0.0,8.310293410499128,0.0010710410918357575,0.05321506804047287,0.0010710410918357575,0.020126650801633367,0.0002689772074474564
75,1.0,0.0,8.550596741421028,0.0008949016521791248,0.053214812489332616,0.0008949016521791248,0.016816777327901246,0.0001987665600119023
75,1.0,0.0,8.790900072342932,0.0007478647548912649,0.0532146544544341,0.0007478647548912649,0.014053736936911544,0.00014688271442442506
75,1.0,0.0,9.031203403264833,0.0006250869107432255,0.05321455672437066,0.0006250869107432255,0.011746539842113438,0.00010854198684411598
75,1.0,0.0,9.271506734186737,0.0005225397555636732,0.053214496287306505,0.0005225397555636732,0.009819500174209428,8.020928871269644e-05
75,1.0,0.0,9.511810065108637,0.0004368705595540629,0.053214458912535685,0.0004368705595540629,0.008209621378883357,5.927225535208516e-05
75,1.0,0.0,9.752113396030541,0.00036528719213148385,0.05321443579967418,0.00036528719213148385,0.006864437941362528,4.3800409658459845e-05
75,1.0,0.0,9.992416726952444,0.0003054631092270721,0.053214421506493095,0.0003054631092270721,0.005740231699968781,3.236717903560343e-05
75,1.0,0.0,10.232720057874346,0.0002554587689034102,0.05321441266747395,0.0002554587689034102,0.004800556016651357,2.3918365704994445e-05
75,1.0,0.0,10.473023388796248,0.00021365655302111916,0.053214407201352794,0.00021365655302111916,0.004015013306691269,1.767494770878521e-05
75,1.0,0.0,10.71332671971815,0.00017870681262225583,0.053214403821059124,0.00017870681262225583,0.0033582413743313273,1.3061250641421593e-05
75,1.0,0.0,10.953630050640053,0.0001494830900553129,0.05321440173065809,0.0001494830900553129,0.0028090720781173816,9.651868211064216e-06
75,1.0,0.0,11.193933381561955,0.00012504492301013853,0.05321440043793713,0.00012504492301013853,0.00234983241342681,7.132437904548239e-06
75,1.0,0.0,11.434236712483857,0.00010460692131797872,0.053214399638508,0.00010460692131797872,0.00196576344050833,5.270655284256328e-06
75,1.0,0.0,11.67454004340576,8.751303979500879e-05,0.05321439914413454,8.751303979500879e-05,0.0016445368396996126,3.894854382922848e-06
75,1.0,0.0,11.914843374327662,7.321515999400815e-05,0.05321439883840998,7.321515999400815e-05,0.0013758524307740875,2.8781792424247096e-06
75,1.0,0.0,12.155146705249564,6.12552487506483e-05,0.05321439864934744,6.12552487506483e-05,0.0011511029026990511,2.126887150740546e-06
75,1.0,0.0,12.395450036171466,5.12504884558384e-05,0.053214398532429624,5.12504884558384e-05,0.0009630943855281124,1.5717050841616928e-06
75,1.0,0.0,12.635753367093368,4.288087831905354e-05,0.0532143984601267,4.288087831905354e-05,0.0008058134557545357,1.1614423781371607e-06
75,1.0,0.0,12.87605669801527,3.5878891732849845e-05,0.053214398415413984,3.5878891732849845e-05,0.0006742327791204952,8.582706838091251e-07
75,1.0,0.0,13.116360028937173,3.0020845604948605e-05,0.053214398387763276,3.0020845604948605e-05,0.0005641489242477641,6.342359986308959e-07
75,1.0,0.0,13.356663359859075,2.5119695935949515e-05,0.05321439837066386,2.5119695935949515e-05,0.0004720469779810111,4.686811626002529e-07
75,1.0,0.0,13.596966690780977,2.1019022210923554e-05,0.05321439836008944,2.1019022210923554e-05,0.0003949875007266403,3.463411610740877e-07
75,1.0,0.0,13.83727002170288,1.758800314759879e-05,0.05321439835355013,1.758800314759879e-05,0.00033051211122873535,2.559356112872347e-07
75,1.0,0.0,14.077573352624782,1.4717219473420521e-05,0.05321439834950617,1.4717219473420521e-05,0.0002765646127718946,1.8912865256922094e-07
75,1.0,0.0,14.317876683546684,1.2315146889525997e-05,0.05321439834700535,1.2315146889525997e-05,0.0002314250893004606,1.397603367587159e-07
75,1.0,0.0,14.558180014468586,1.0305225204725325e-05,0.053214398345458824,1.0305225204725325e-05,0.00019365482886465343,1.0327864903261473e-07
75,1.0,0.0,14.798483345390489,8.623408593373716e-06,0.053214398344502443,8.623408593373716e-06,0.0001620502882987983,7.63197885273323e-08
75,1.0,0.0,15.038786676312391,7.2161177104043e-06,0.05321439834391101,7.2161177104043e-06,0.00013560460956014915,5.639800844988102e-08
75,1.0,0.0,15.279090007234293,6.038527530593146e-06,0.05321439834354526,6.038527530593146e-06,0.00011347544496527416,4.167641732872443e-08
75,1.0,0.0,15.519393338156195,5.05313571755622e-06,0.05321439834331908,5.05313571755622e-06,9.495805411451443e-05,3.0797608091053854e-08
75,1.0,0.0,15.759696669078098,4.228565442937332e-06,0.0532143983431792,4.228565442937332e-06,7.946280658229656e-05,2.2758498088930787e-08
75,1.0,0.0,16.0,3.5385641753836276e-06,0.0532143983430927,3.5385641753836276e-06,6.649636725326122e-05,1.6817839675478693e-08
75,1.0,0.05,1.5818001446858627,0.19044012456603576,0.4448923082376054,0.19044012456603576,0.4280589280593421,0.0
75,1.0,0.05,1.822103475607765,0.15001714560561133,0.2855161720685457,0.15001714560561133,0.5254243376784827,0.0
75,1.0,0.05,2.0624068065296672,0.11854368964938276,0.1888950288222088,0.11854368964938276,0.6275638400254466,0.0
75,1.0,0.05,2.3027101374515695,0.0939496529457134,0.13017016539756562,0.0939496529457134,0.7217448995226552,0.0
75,1.0,0.05,2.5430134683734718,0.07466419298163811,0.09433353637109307,0.07466419298163811,0.79149150825769,0.0
75,1.0,0.05,2.783316799295374,0.05949081551458185,0.07232419299582223,0.05949081551458185,0.8225576124716429,0.0
75,1.0,0.05,3.0236201302172763,0.0475146661427246,0.05867160087815307,0.0475146661427246,0.8098409695927888,0.0005668883193352571
75,1.0,0.05,3.2639234611391785,0.03803352960514529,0.05007285254634854,0.03803352960514529,0.7595638688636845,0.0746193913275555
75,1.0,0.05,3.504226792061081,0.030506320149865408,0.044533695426684464,0.030506320149865408,0.6850165892944539,0.08384177455680156
75,1.0,0.05,3.7445301229829835,0.024514507157388198,0.040849949105131025,0.024514507157388198,0.6001110820064403,0.07257281145660732
75,1.0,0.05,3.9848334539048857,0.019733131371400908,0.038294424008006,0.019733131371400908,0.5153003833475969,0.05761543066308958
75,1.0,0.05,4.225136784826788,0.015908951461653848,0.036427906366005326,0.015908951461653848,0.436724287742766,0.044117896639482894
75,1.0,0.05,4.46544011574869,0.01284390732082751,0.03498504505949043,0.01284390732082751,0.3671256475155898,0.03321606393454151
75,1.0,0.05,4.705743446670592,0.010382560107504499,0.033805458581501045,0.010382560107504499,0.30712673465065854,0.02479674264513678
75,1.0,0.05,4.946046777592494,0.008402516507209096,0.032792142504921705,0.008402516507209096,0.2562356670030932,0.0184288534997085
75,1.0,0.05,5.186350108514397,0.006807100076421592,0.03188635894057855,0.006807100076421592,0.2134800053247498,0.013662870140668783
75,1.0,0.05,5.426653439436299,0.005519720643016779,0.031052476582656766,0.005519720643016779,0.17775460286795994,0.010115605972798428
75,1.0,0.05,5.666956770358202,0.004479531597736518,0.030268818171755776,0.004479531597736518,0.14799162531943275,0.0074834651168479245
75,1.0,0.05,5.907260101280104,0.0036380676667804226,0.0295221347866285,0.0036380676667804226,0.12323186290810573,0.005533715659938284
75,1.0,0.05,6.1475634322020065,0.0029566319918013437,0.028804269744219024,0.0029566319918013437,0.10264561532217756,0.004090867622738273
75,1.0,0.05,6.387866763123909,0.0024042580627339364,0.02811014442251226,0.0024042580627339364,0.08552990787227918,0.0030237475731214485
75,1.0,0.05,6.628170094045811,0.001956114373066089,0.027436542162990595,0.001956114373066089,0.0712959512698619,0.002234779765203375
75,1.0,0.05,6.868473424967713,0.0015922513492199412,0.026781373995569208,0.0015922513492199412,0.05945368409714035,0.0016515789466994976
75,1.0,0.05,7.1087767558896156,0.001296613900109303,0.026143235253723068,0.001296613900109303,0.049596535682195325,0.0012205317772975828
75,1.0,0.05,7.349080086811518,0.0010562608652875064,0.02552113780922032,0.0010562608652875064,0.041387687068791215,0.0009019653073427541
75,1.0,0.05,7.58938341773342,0.0008607462031393122,0.024914348334716015,0.0008607462031393122,0.03454821260325465,0.0006665382732398065
75,1.0,0.05,7.829686748655322,0.000701627056878256,0.024322290579903986,0.000701627056878256,0.028847079783594368,0.0004925575769556903
75,1.0,0.05,8.069990079577224,0.0005720716820871262,0.02374448629610965,0.0005720716820871262,0.024092822011519185,0.0003639878352168567
75,1.0,0.05,8.310293410499128,0.00046654622129104617,0.023180519495731692,0.00046654622129104617,0.020126650801633367,0.0002689772074474564
75,1.0,0.05,8.550596741421028,0.00038056391984049766,0.02263001480129561,0.00038056391984049766,0.016816777327901246,0.0001987665600119023
75,1.0,0.05,8.790900072342932,0.00031048393019333345,0.02209262430249854,0.00031048393019333345,0.014053736936911549,0.00014688271442442506
75,1.0,0.05,9.031203403264833,0.00025334960097649783,0.02156801955144223,0.00025334960097649783,0.011746539842113442,0.00010854198684411598
75,1.0,0.05,9.271506734186737,0.00020675828274151765,0.021055886661579887,0.00020675828274151765,0.009819500174209427,8.020928871269644e-05
75,1.0,0.05,9.511810065108637,0.00016875634723921231,0.020555923282075398,0.00016875634723921231,0.008209621378883356,5.927225535208516e-05
75,1.0,0.05,9.752113396030541,0.0001377544196855983,0.020067836705980224,0.0001377544196855983,0.00686443794136253,4.3800409658459845e-05
75,1.0,0.05,9.992416726952444,0.00011245884620755023,0.019591342664471486,0.00011245884620755023,0.005740231699968789,3.236717903560343e-05
75,1.0,0.05,10.232720057874346,9.181622424256378e-05,0.01912616453679266,9.181622424256378e-05,0.004800556016651355,2.3918365704994445e-05
75,1.0,0.05,10.473023388796248,7.496846020572167e-05,0.018672032812639003,7.496846020572167e-05,0.004015013306691273,1.767494770878521e-05
75,1.0,0.05,10.71332671971815,6.121632318735548e-05,0.018228684708389835,6.121632318735548e-05,0.0033582413743313243,1.3061250641421593e-05
75,1.0,0.05,10.953630050640053,4.9989864324621246e-05,0.01779586387762754,4.9989864324621246e-05,0.002809072078117382,9.651868211064216e-06
75,1.0,0.05,11.193933381561955,4.082439088769318e-05,0.017373320179951936,4.082439088769318e-05,0.002349832413426811,7.132437904548239e-06
75,1.0,0.05,11.434236712483857,3.334093920965168e-05,0.016960809486328613,3.334093920965168e-05,0.0019657634405083313,5.270655284256328e-06
75,1.0,0.05,11.67454004340576,2.7230394768770663e-05,0.016558093507801557,2.7230394768770663e-05,0.0016445368396996137,3.894854382922848e-06
75,1.0,0.05,11.914843374327662,2.2240571496443577e-05,0.016164939639588035,2.2240571496443577e-05,0.001375852430774086,2.8781792424247096e-06
75,1.0,0.05,12.155146705249564,1.8165693978804344e-05,0.01578112081570666,1.8165693978804344e-05,0.0011511029026990505,2.126887150740546e-06
75,1.0,0.05,12.395450036171466,1.4837832145098795e-05,0.015406415371181356,1.4837832145098795e-05,0.0009630943855281137,1.5717050841616928e-06
75,1.0,0.05,12.635753367093368,1.211992343079832e-05,0.015040606910007042,1.211992343079832e-05,0.0008058134557545354,1.1614423781371607e-06
75,1.0,0.05,12.87605669801527,9.900086344338585e-06,0.014683484177753538,9.900086344338585e-06,0.0006742327791204951,8.582706838091251e-07
75,1.0,0.05,13.116360028937173,8.086985094493017e-06,0.014334840938101908,8.086985094493017e-06,0.0005641489242477651,6.342359986308959e-07
75,1.0,0.05,13.356663359859075,6.606050034770878e-06,0.013994475852860169,6.606050034770878e-06,0.0004720469779810113,4.686811626002529e-07
75,1.0,0.05,13.596966690780977,5.396395216760625e-06,0.013662192365158704,5.396395216760625e-06,0.0003949875007266404,3.463411610740877e-07
75,1.0,0.05,13.83727002170288,4.408303969676494e-06,0.013337798585618768,4.408303969676494e-06,0.0003305121112287349,2.559356112872347e-07
75,1.0,0.05,14.077573352624782,3.601177465469842e-06,0.013021107181344357,3.601177465469842e-06,0.0002765646127718949,1.8912865256922094e-07
75,1.0,0.05,14.317876683546684,2.941860754491242e-06,0.012711935267622619,2.941860754491242e-06,0.00023142508930046083,1.397603367587159e-07
75,1.0,0.05,14.558180014468586,2.4032766248427222e-06,0.012410104302239678,2.4032766248427222e-06,0.0001936548288646533,1.0327864903261473e-07
75,1.0,0.05,14.798483345390489,1.963310542003747e-06,0.012115439982332346,1.963310542003747e-06,0.00016205028829879853,7.63197885273323e-08
75,1.0,0.05,15.038786676312391,1.6039004235135255e-06,0.011827772143704984,1.6039004235135255e-06,0.0001356046095601494,5.639800844988102e-08
75,1.0,0.05,15.279090007234293,1.3102935488174288e-06,0.01154693466254665,1.3102935488174288e-06,0.00011347544496527415,4.167641732872443e-08
75,1.0,0.05,15.519393338156195,1.0704398630264558e-06,0.01127276535948769,1.0704398630264558e-06,9.495805411451443e-05,3.0797608091053854e-08
75,1.0,0.05,15.759696669078098,8.744966020212369e-07,0.011005105905937946,8.744966020212369e-07,7.946280658229659e-05,2.2758498088930787e-08
75,1.0,0.05,16.0,7.144237857105839e-07,0.010743801732650975,7.144237857105839e-07,6.649636725326126e-05,1.6817839675478693e-08
