angle_deg,label_noise,samples_per_source,budget,step_size,batch_size,steps,seed,method,target_risk,hindsight_static_grid,gain_vs_hindsight_static
45,0.0,128,4.0,0.025,32,160,0,static_0.0,0.06108350968984392,0.0007648963978971141,0.012522142257066313
45,0.0,128,4.0,0.025,32,160,0,static_0.1,0.033962444928859914,0.0007648963978971141,0.022521829612070596
45,0.0,128,4.0,0.025,32,160,0,static_0.2,0.018199299825335663,0.0007648963978971141,0.04202889150890762
45,0.0,128,4.0,0.025,32,160,0,static_0.3,0.008099487184817981,0.0007648963978971141,0.09443763295667261
45,0.0,128,4.0,0.025,32,160,0,static_0.4,0.002869057943238605,0.0007648963978971141,0.26660193451293485
45,0.0,128,4.0,0.025,32,160,0,static_0.5,0.0007648963978971141,0.0007648963978971141,1.0
45,0.0,128,4.0,0.025,32,160,0,static_0.6,0.0013120361925596266,0.0007648963978971141,0.582984221193542
45,0.0,128,4.0,0.025,32,160,0,static_0.7,0.004549193051641874,0.0007648963978971141,0.1681389180925288
45,0.0,128,4.0,0.025,32,160,0,static_0.8,0.013714871715871732,0.0007648963978971141,0.0557713126118363
45,0.0,128,4.0,0.025,32,160,0,static_0.9,0.03052569970879292,0.0007648963978971141,0.025057456674016414
45,0.0,128,4.0,0.025,32,160,0,static_1.0,0.06389622826092448,0.0007648963978971141,0.011970916260872379
45,0.0,128,4.0,0.025,32,160,0,prepare_AB,0.00037301497901378743,0.0007648963978971141,2.050578236615109
45,0.0,128,4.0,0.025,32,160,0,prepare_BA,0.000555783931139724,0.0007648963978971141,1.3762477737140968
45,0.0,128,4.0,0.025,32,160,0,matched_static,0.015737828014144715,0.0007648963978971141,0.04860241179466739
45,0.0,128,4.0,0.025,32,160,0,greedy_oracle,0.000666483514746768,0.0007648963978971141,1.1476598910143159
45,0.0,128,4.0,0.025,32,160,1,static_0.0,0.06569625888285477,0.00019090518534919975,0.0029058760513229415
45,0.0,128,4.0,0.025,32,160,1,static_0.1,0.02204292715478945,0.00019090518534919975,0.00866060954648304
45,0.0,128,4.0,0.025,32,160,1,static_0.2,0.007604848513731164,0.00019090518534919975,0.025103088510508145
45,0.0,128,4.0,0.025,32,160,1,static_0.3,0.0014420420985287582,0.00019090518534919975,0.1323853066037188
45,0.0,128,4.0,0.025,32,160,1,static_0.4,0.00019090518534919975,0.00019090518534919975,1.0
45,0.0,128,4.0,0.025,32,160,1,static_0.5,0.0009842272997015087,0.00019090518534919975,0.19396452974541192
45,0.0,128,4.0,0.025,32,160,1,static_0.6,0.003758801776817834,0.00019090518534919975,0.05078884088184567
45,0.0,128,4.0,0.025,32,160,1,static_0.7,0.009540434252223085,0.00019090518534919975,0.02001011487550638
45,0.0,128,4.0,0.025,32,160,1,static_0.8,0.0194641884173992,0.00019090518534919975,0.00980802185302255
45,0.0,128,4.0,0.025,32,160,1,static_0.9,0.03401131852152723,0.00019090518534919975,0.005612989841260274
45,0.0,128,4.0,0.025,32,160,1,static_1.0,0.060734866375106195,0.00019090518534919975,0.0031432552130788473
45,0.0,128,4.0,0.025,32,160,1,prepare_AB,0.0019041361765616098,0.00019090518534919975,0.1002581578455835
45,0.0,128,4.0,0.025,32,160,1,prepare_BA,0.00021919611954356112,0.00019090518534919975,0.8709332343415912
45,0.0,128,4.0,0.025,32,160,1,matched_static,0.006201476168146447,0.00019090518534919975,0.03078382955493308
45,0.0,128,4.0,0.025,32,160,1,greedy_oracle,0.00020470487453942772,0.00019090518534919975,0.9325873933325899
45,0.0,128,4.0,0.025,32,160,2,static_0.0,0.06387322214807564,0.000662603211269809,0.010373724527842248
45,0.0,128,4.0,0.025,32,160,2,static_0.1,0.03358900204320453,0.000662603211269809,0.019726790644673586
45,0.0,128,4.0,0.025,32,160,2,static_0.2,0.01766915970564391,0.000662603211269809,0.03750055024168236
45,0.0,128,4.0,0.025,32,160,2,static_0.3,0.007823141447707264,0.000662603211269809,0.08469784366023432
45,0.0,128,4.0,0.025,32,160,2,static_0.4,0.0027603175945386596,0.000662603211269809,0.24004600506144003
45,0.0,128,4.0,0.025,32,160,2,static_0.5,0.000662603211269809,0.000662603211269809,1.0
45,0.0,128,4.0,0.025,32,160,2,static_0.6,0.0013063143901235854,0.000662603211269809,0.5072310435217074
45,0.0,128,4.0,0.025,32,160,2,static_0.7,0.005141447777926446,0.000662603211269809,0.12887483057097937
45,0.0,128,4.0,0.025,32,160,2,static_0.8,0.014130615091521434,0.000662603211269809,0.04689132121837925
45,0.0,128,4.0,0.025,32,160,2,static_0.9,0.029803933474194175,0.000662603211269809,0.022232072549870842
45,0.0,128,4.0,0.025,32,160,2,static_1.0,0.05687482946486354,0.000662603211269809,0.011650201284192965
45,0.0,128,4.0,0.025,32,160,2,prepare_AB,0.000835936823200961,0.000662603211269809,0.7926474739234185
45,0.0,128,4.0,0.025,32,160,2,prepare_BA,0.000446720059526792,0.000662603211269809,1.4832627215614649
45,0.0,128,4.0,0.025,32,160,2,matched_static,0.015218067576393894,0.000662603211269809,0.04354056176604394
45,0.0,128,4.0,0.025,32,160,2,greedy_oracle,0.0006315670939299968,0.000662603211269809,1.0491414414051983
45,0.0,128,4.0,0.025,32,160,3,static_0.0,0.06121669278899698,0.0008792934292410521,0.014363621900840342
45,0.0,128,4.0,0.025,32,160,3,static_0.1,0.02826103438873186,0.0008792934292410521,0.03111327834453366
45,0.0,128,4.0,0.025,32,160,3,static_0.2,0.01159511132413192,0.0008792934292410521,0.07583311661795376
45,0.0,128,4.0,0.025,32,160,3,static_0.3,0.0037392225860592813,0.0008792934292410521,0.2351540752131924
45,0.0,128,4.0,0.025,32,160,3,static_0.4,0.0008792934292410521,0.0008792934292410521,1.0
45,0.0,128,4.0,0.025,32,160,3,static_0.5,0.0019596861786122547,0.0008792934292410521,0.44869093778255903
45,0.0,128,4.0,0.025,32,160,3,static_0.6,0.006160310149876583,0.0008792934292410521,0.14273525323374636
45,0.0,128,4.0,0.025,32,160,3,static_0.7,0.013542568659606463,0.0008792934292410521,0.06492811307383127
45,0.0,128,4.0,0.025,32,160,3,static_0.8,0.02525744287380036,0.0008792934292410521,0.03481324034402336
45,0.0,128,4.0,0.025,32,160,3,static_0.9,0.03938515899449216,0.0008792934292410521,0.0223255015769777
45,0.0,128,4.0,0.025,32,160,3,static_1.0,0.06266625159649875,0.0008792934292410521,0.014031371062413752
45,0.0,128,4.0,0.025,32,160,3,prepare_AB,0.0014107412236483378,0.0008792934292410521,0.6232847062958145
45,0.0,128,4.0,0.025,32,160,3,prepare_BA,0.002031037107493338,0.0008792934292410521,0.4329282936274153
45,0.0,128,4.0,0.025,32,160,3,matched_static,0.009716231734396251,0.0008792934292410521,0.09049737112879695
45,0.0,128,4.0,0.025,32,160,3,greedy_oracle,0.0007802184530413068,0.0008792934292410521,1.126983636202847
45,0.0,128,4.0,0.025,32,160,4,static_0.0,0.058218095237809436,0.00043158611472013104,0.007413264088376421
45,0.0,128,4.0,0.025,32,160,4,static_0.1,0.030909021746901,0.00043158611472013104,0.013963111425983669
45,0.0,128,4.0,0.025,32,160,4,static_0.2,0.015608004769898338,0.00043158611472013104,0.02765158782834881
45,0.0,128,4.0,0.025,32,160,4,static_0.3,0.007078087386710907,0.00043158611472013104,0.06097496274635335
45,0.0,128,4.0,0.025,32,160,4,static_0.4,0.0021658093491164223,0.00043158611472013104,0.19927244052954327
45,0.0,128,4.0,0.025,32,160,4,static_0.5,0.00043158611472013104,0.00043158611472013104,1.0
45,0.0,128,4.0,0.025,32,160,4,static_0.6,0.001679699569508933,0.00043158611472013104,0.25694244527686994
45,0.0,128,4.0,0.025,32,160,4,static_0.7,0.005781227634786621,0.00043158611472013104,0.07465302215799369
45,0.0,128,4.0,0.025,32,160,4,static_0.8,0.013410480898407224,0.00043158611472013104,0.03218274706102381
45,0.0,128,4.0,0.025,32,160,4,static_0.9,0.032986943911819666,0.00043158611472013104,0.013083543473255427
45,0.0,128,4.0,0.025,32,160,4,static_1.0,0.0642549057313077,0.00043158611472013104,0.006716780762621897
45,0.0,128,4.0,0.025,32,160,4,prepare_AB,0.0002090055262970243,0.00043158611472013104,2.0649507329619143
45,0.0,128,4.0,0.025,32,160,4,prepare_BA,0.0002762863521869326,0.00043158611472013104,1.5620971188186819
45,0.0,128,4.0,0.025,32,160,4,matched_static,0.013875757972368825,0.00043158611472013104,0.031103606417722206
45,0.0,128,4.0,0.025,32,160,4,greedy_oracle,0.00039039150096308153,0.00043158611472013104,1.105521287362619
45,0.0,128,4.0,0.025,32,160,5,static_0.0,0.06347845146278021,0.0009780296738064536,0.01540727051887693
45,0.0,128,4.0,0.025,32,160,5,static_0.1,0.035051189305419894,0.0009780296738064536,0.027902895541841798
45,0.0,128,4.0,0.025,32,160,5,static_0.2,0.016357949758321298,0.0009780296738064536,0.059789257716049
45,0.0,128,4.0,0.025,32,160,5,static_0.3,0.007735393722755585,0.0009780296738064536,0.1264356681586014
45,0.0,128,4.0,0.025,32,160,5,static_0.4,0.003142774112284852,0.0009780296738064536,0.31119948137010994
45,0.0,128,4.0,0.025,32,160,5,static_0.5,0.0009780296738064536,0.0009780296738064536,1.0
45,0.0,128,4.0,0.025,32,160,5,static_0.6,0.001376277385707685,0.0009780296738064536,0.7106341235880648
45,0.0,128,4.0,0.025,32,160,5,static_0.7,0.004836058525836002,0.0009780296738064536,0.20223693914816365
45,0.0,128,4.0,0.025,32,160,5,static_0.8,0.012557829199284597,0.0009780296738064536,0.07788206530649187
45,0.0,128,4.0,0.025,32,160,5,static_0.9,0.02924066753526514,0.0009780296738064536,0.03344758366500764
45,0.0,128,4.0,0.025,32,160,5,static_1.0,0.055749760906237185,0.0009780296738064536,0.01754320839960828
45,0.0,128,4.0,0.025,32,160,5,prepare_AB,0.0015472423236374494,0.0009780296738064536,0.6321115050079421
45,0.0,128,4.0,0.025,32,160,5,prepare_BA,0.000548795337610148,0.0009780296738064536,1.782139181548995
45,0.0,128,4.0,0.025,32,160,5,matched_static,0.014555506024944851,0.0009780296738064536,0.0671931070022802
45,0.0,128,4.0,0.025,32,160,5,greedy_oracle,0.0006659488305392335,0.0009780296738064536,1.4686258597594073
45,0.0,128,4.0,0.025,32,160,6,static_0.0,0.06124055737528952,0.0003169544713691532,0.005175564771999347
45,0.0,128,4.0,0.025,32,160,6,static_0.1,0.027646966014537887,0.0003169544713691532,0.011464349151457914
45,0.0,128,4.0,0.025,32,160,6,static_0.2,0.011134937502302968,0.0003169544713691532,0.028464863076564154
45,0.0,128,4.0,0.025,32,160,6,static_0.3,0.00367814460514555,0.0003169544713691532,0.0861723791190126
45,0.0,128,4.0,0.025,32,160,6,static_0.4,0.0005528662159833093,0.0003169544713691532,0.5732932528811308
45,0.0,128,4.0,0.025,32,160,6,static_0.5,0.0003169544713691532,0.0003169544713691532,1.0
45,0.0,128,4.0,0.025,32,160,6,static_0.6,0.002129950013653065,0.0003169544713691532,0.1488084083370325
45,0.0,128,4.0,0.025,32,160,6,static_0.7,0.005740410757581741,0.0003169544713691532,0.05521459783178938
45,0.0,128,4.0,0.025,32,160,6,static_0.8,0.01415021137211012,0.0003169544713691532,0.02239927468460763
45,0.0,128,4.0,0.025,32,160,6,static_0.9,0.027969472599244864,0.0003169544713691532,0.011332157595910856
45,0.0,128,4.0,0.025,32,160,6,static_1.0,0.05838447312399931,0.0003169544713691532,0.005428745938941548
45,0.0,128,4.0,0.025,32,160,6,prepare_AB,0.0005317734326451578,0.0003169544713691532,0.5960329191184902
45,0.0,128,4.0,0.025,32,160,6,prepare_BA,0.0003045649524197743,0.0003169544713691532,1.0406793981084954
45,0.0,128,4.0,0.025,32,160,6,matched_static,0.008899772361067877,0.0003169544713691532,0.035613772859592795
45,0.0,128,4.0,0.025,32,160,6,greedy_oracle,0.00015662984471914666,0.0003169544713691532,2.023589258723234
45,0.0,128,4.0,0.025,32,160,7,static_0.0,0.06931744838378202,0.0005410563655486046,0.007805485893724757
45,0.0,128,4.0,0.025,32,160,7,static_0.1,0.03147202570770907,0.0005410563655486046,0.01719166000223725
45,0.0,128,4.0,0.025,32,160,7,static_0.2,0.011399966121329515,0.0005410563655486046,0.04746122574314319
45,0.0,128,4.0,0.025,32,160,7,static_0.3,0.003083089162446974,0.0005410563655486046,0.17549163745857452
45,0.0,128,4.0,0.025,32,160,7,static_0.4,0.0005410563655486046,0.0005410563655486046,1.0
45,0.0,128,4.0,0.025,32,160,7,static_0.5,0.0014119325393388666,0.0005410563655486046,0.38320270301437537
45,0.0,128,4.0,0.025,32,160,7,static_0.6,0.004793490454143775,0.0005410563655486046,0.11287314968592117
45,0.0,128,4.0,0.025,32,160,7,static_0.7,0.011005988560759385,0.0005410563655486046,0.04916017880280925
45,0.0,128,4.0,0.025,32,160,7,static_0.8,0.020127090355449944,0.0005410563655486046,0.02688199615510243
45,0.0,128,4.0,0.025,32,160,7,static_0.9,0.035668694801942145,0.0005410563655486046,0.015168942080805946
45,0.0,128,4.0,0.025,32,160,7,static_1.0,0.06283378055123993,0.0005410563655486046,0.008610915351613799
45,0.0,128,4.0,0.025,32,160,7,prepare_AB,0.0016347770875548239,0.0005410563655486046,0.330966447760701
45,0.0,128,4.0,0.025,32,160,7,prepare_BA,0.00030048151360382685,0.0005410563655486046,1.800631123889925
45,0.0,128,4.0,0.025,32,160,7,matched_static,0.008662579224656106,0.0005410563655486046,0.06245903806670049
45,0.0,128,4.0,0.025,32,160,7,greedy_oracle,0.0003621944162991586,0.0005410563655486046,1.4938285660972557
45,0.0,128,4.0,0.025,32,160,8,static_0.0,0.06421564905545074,0.00025125956908223727,0.0039127467023695826
45,0.0,128,4.0,0.025,32,160,8,static_0.1,0.03803965023838202,0.00025125956908223727,0.006605201875087598
45,0.0,128,4.0,0.025,32,160,8,static_0.2,0.019899890652801327,0.00025125956908223727,0.012626178377862956
45,0.0,128,4.0,0.025,32,160,8,static_0.3,0.009616146019478683,0.00025125956908223727,0.02612892613873377
45,0.0,128,4.0,0.025,32,160,8,static_0.4,0.003558364852400308,0.00025125956908223727,0.0706109630418447
45,0.0,128,4.0,0.025,32,160,8,static_0.5,0.0007470056602862077,0.00025125956908223727,0.3363556428554634
45,0.0,128,4.0,0.025,32,160,8,static_0.6,0.00025125956908223727,0.00025125956908223727,1.0
45,0.0,128,4.0,0.025,32,160,8,static_0.7,0.002442341245054105,0.00025125956908223727,0.10287652046619356
45,0.0,128,4.0,0.025,32,160,8,static_0.8,0.00879107874401832,0.00025125956908223727,0.02858119878100294
45,0.0,128,4.0,0.025,32,160,8,static_0.9,0.023998646527464036,0.00025125956908223727,0.010469739149443115
45,0.0,128,4.0,0.025,32,160,8,static_1.0,0.06208512399472248,0.00025125956908223727,0.004047017271055068
45,0.0,128,4.0,0.025,32,160,8,prepare_AB,6.725598968695888e-05,0.00025125956908223727,3.735869031914003
45,0.0,128,4.0,0.025,32,160,8,prepare_BA,0.0023709428569718286,0.00025125956908223727,0.10597453597137568
45,0.0,128,4.0,0.025,32,160,8,matched_static,0.016904700180510622,0.00025125956908223727,0.014863296384984908
45,0.0,128,4.0,0.025,32,160,8,greedy_oracle,0.0001526093612841076,0.00025125956908223727,1.6464230435672682
45,0.0,128,4.0,0.025,32,160,9,static_0.0,0.06622178888935967,0.00076946211904226,0.011619470448432647
45,0.0,128,4.0,0.025,32,160,9,static_0.1,0.028679320361604775,0.00076946211904226,0.026829858913686062
45,0.0,128,4.0,0.025,32,160,9,static_0.2,0.011413473358387216,0.00076946211904226,0.0674169987418264
45,0.0,128,4.0,0.025,32,160,9,static_0.3,0.0029062802415946976,0.00076946211904226,0.26475840424117203
45,0.0,128,4.0,0.025,32,160,9,static_0.4,0.00076946211904226,0.00076946211904226,1.0
45,0.0,128,4.0,0.025,32,160,9,static_0.5,0.0018005166789002958,0.00076946211904226,0.4273562850371514
45,0.0,128,4.0,0.025,32,160,9,static_0.6,0.0055066500917948374,0.00076946211904226,0.1397332509266921
45,0.0,128,4.0,0.025,32,160,9,static_0.7,0.012545780038868918,0.00076946211904226,0.06133234574959374
45,0.0,128,4.0,0.025,32,160,9,static_0.8,0.02319748966033773,0.00076946211904226,0.03317005979133423
45,0.0,128,4.0,0.025,32,160,9,static_0.9,0.04269014132632094,0.00076946211904226,0.018024351645044616
45,0.0,128,4.0,0.025,32,160,9,static_1.0,0.07260520581768941,0.00076946211904226,0.010597891850542617
45,0.0,128,4.0,0.025,32,160,9,prepare_AB,0.001275035452752471,0.00076946211904226,0.6034829207150207
45,0.0,128,4.0,0.025,32,160,9,prepare_BA,0.002231991067508844,0.00076946211904226,0.34474247242443823
45,0.0,128,4.0,0.025,32,160,9,matched_static,0.00899450102096828,0.00076946211904226,0.08554806067045458
45,0.0,128,4.0,0.025,32,160,9,greedy_oracle,0.0007074382941099617,0.00076946211904226,1.087673830281313
45,0.0,128,4.0,0.025,32,160,10,static_0.0,0.06458257141534378,0.0007933626515973089,0.01228446985325237
45,0.0,128,4.0,0.025,32,160,10,static_0.1,0.03200676876801045,0.0007933626515973089,0.024787339745155554
45,0.0,128,4.0,0.025,32,160,10,static_0.2,0.012662429854868224,0.0007933626515973089,0.06265485066377612
45,0.0,128,4.0,0.025,32,160,10,static_0.3,0.005026959748369765,0.0007933626515973089,0.15782156438682352
45,0.0,128,4.0,0.025,32,160,10,static_0.4,0.0015353421878784592,0.0007933626515973089,0.5167334408322225
45,0.0,128,4.0,0.025,32,160,10,static_0.5,0.0007933626515973089,0.0007933626515973089,1.0
45,0.0,128,4.0,0.025,32,160,10,static_0.6,0.0023670182577563512,0.0007933626515973089,0.3351738623044342
45,0.0,128,4.0,0.025,32,160,10,static_0.7,0.0073317267264926145,0.0007933626515973089,0.10820952296688251
45,0.0,128,4.0,0.025,32,160,10,static_0.8,0.016518671803832898,0.0007933626515973089,0.048028235019066216
45,0.0,128,4.0,0.025,32,160,10,static_0.9,0.03307100632597167,0.0007933626515973089,0.02398967372741412
45,0.0,128,4.0,0.025,32,160,10,static_1.0,0.06461472406503144,0.0007933626515973089,0.01227835703204164
45,0.0,128,4.0,0.025,32,160,10,prepare_AB,0.0006106929367623501,0.0007933626515973089,1.2991187613916098
45,0.0,128,4.0,0.025,32,160,10,prepare_BA,0.000848035728424416,0.0007933626515973089,0.9355297483412811
45,0.0,128,4.0,0.025,32,160,10,matched_static,0.010826975744657059,0.0007933626515973089,0.0732764781512345
45,0.0,128,4.0,0.025,32,160,10,greedy_oracle,0.000685623545396593,0.0007933626515973089,1.1571403241969982
45,0.0,128,4.0,0.025,32,160,11,static_0.0,0.0699090976363139,0.0009397941767614116,0.013443088360980942
45,0.0,128,4.0,0.025,32,160,11,static_0.1,0.03290108091650934,0.0009397941767614116,0.028564234079307558
45,0.0,128,4.0,0.025,32,160,11,static_0.2,0.016027953224730183,0.0009397941767614116,0.05863469674414602
45,0.0,128,4.0,0.025,32,160,11,static_0.3,0.0065470249951514094,0.0009397941767614116,0.1435452251148275
45,0.0,128,4.0,0.025,32,160,11,static_0.4,0.0017209781809849568,0.0009397941767614116,0.5460814013478922
45,0.0,128,4.0,0.025,32,160,11,static_0.5,0.0009397941767614116,0.0009397941767614116,1.0
45,0.0,128,4.0,0.025,32,160,11,static_0.6,0.003313170475619912,0.0009397941767614116,0.28365403581763204
45,0.0,128,4.0,0.025,32,160,11,static_0.7,0.0086897537442297,0.0009397941767614116,0.1081496903621081
45,0.0,128,4.0,0.025,32,160,11,static_0.8,0.018707449802810062,0.0009397941767614116,0.050236359667807005
45,0.0,128,4.0,0.025,32,160,11,static_0.9,0.034543746238594346,0.0009397941767614116,0.027205913633982674
45,0.0,128,4.0,0.025,32,160,11,static_1.0,0.05984676603397089,0.0009397941767614116,0.01570334103313043
45,0.0,128,4.0,0.025,32,160,11,prepare_AB,0.0007759265682962313,0.0009397941767614116,1.211189583087738
45,0.0,128,4.0,0.025,32,160,11,prepare_BA,0.00036205067639545917,0.0009397941767614116,2.595753130799008
45,0.0,128,4.0,0.025,32,160,11,matched_static,0.013148108522344474,0.0009397941767614116,0.07147751900315426
45,0.0,128,4.0,0.025,32,160,11,greedy_oracle,0.0007378961346205991,0.0009397941767614116,1.2736130908784629
45,0.0,128,4.0,0.025,32,160,12,static_0.0,0.06682602197601603,0.0014725728010216653,0.022035918905215907
45,0.0,128,4.0,0.025,32,160,12,static_0.1,0.03990559215767676,0.0014725728010216653,0.03690141459881537
45,0.0,128,4.0,0.025,32,160,12,static_0.2,0.023327386088000265,0.0014725728010216653,0.06312635266834139
45,0.0,128,4.0,0.025,32,160,12,static_0.3,0.011263427717018396,0.0014725728010216653,0.13073931293550115
45,0.0,128,4.0,0.025,32,160,12,static_0.4,0.004849957520500072,0.0014725728010216653,0.3036259172987211
45,0.0,128,4.0,0.025,32,160,12,static_0.5,0.001721502850507483,0.0014725728010216653,0.8553995717100118
45,0.0,128,4.0,0.025,32,160,12,static_0.6,0.0014725728010216653,0.0014725728010216653,1.0
45,0.0,128,4.0,0.025,32,160,12,static_0.7,0.005562304457770089,0.0014725728010216653,0.26474149558005594
45,0.0,128,4.0,0.025,32,160,12,static_0.8,0.015321133581079756,0.0014725728010216653,0.09611382821178209
45,0.0,128,4.0,0.025,32,160,12,static_0.9,0.03595438272544766,0.0014725728010216653,0.040956698165740255
45,0.0,128,4.0,0.025,32,160,12,static_1.0,0.07166224508429786,0.0014725728010216653,0.020548795244824468
45,0.0,128,4.0,0.025,32,160,12,prepare_AB,0.0021303136796279884,0.0014725728010216653,0.6912469347137729
45,0.0,128,4.0,0.025,32,160,12,prepare_BA,0.0008526724218117815,0.0014725728010216653,1.7270088293611077
45,0.0,128,4.0,0.025,32,160,12,matched_static,0.02092721601292129,0.0014725728010216653,0.07036639752332277
45,0.0,128,4.0,0.025,32,160,12,greedy_oracle,0.0008011800913895943,0.0014725728010216653,1.8380047343258172
45,0.0,128,4.0,0.025,32,160,13,static_0.0,0.06523423592055036,0.0007386478554140402,0.011323009229596085
45,0.0,128,4.0,0.025,32,160,13,static_0.1,0.03550214071476794,0.0007386478554140402,0.020805727219338706
45,0.0,128,4.0,0.025,32,160,13,static_0.2,0.014996727720276229,0.0007386478554140402,0.04925393520450172
45,0.0,128,4.0,0.025,32,160,13,static_0.3,0.0056222274440776866,0.0007386478554140402,0.13137993131034095
45,0.0,128,4.0,0.025,32,160,13,static_0.4,0.001868327688327233,0.0007386478554140402,0.39535241062309184
45,0.0,128,4.0,0.025,32,160,13,static_0.5,0.0007386478554140402,0.0007386478554140402,1.0
45,0.0,128,4.0,0.025,32,160,13,static_0.6,0.0028682293424890943,0.0007386478554140402,0.25752747329926906
45,0.0,128,4.0,0.025,32,160,13,static_0.7,0.00811886757818332,0.0007386478554140402,0.09097917268645983
45,0.0,128,4.0,0.025,32,160,13,static_0.8,0.017604874360045583,0.0007386478554140402,0.04195700805967738
45,0.0,128,4.0,0.025,32,160,13,static_0.9,0.03609259049171741,0.0007386478554140402,0.02046535993540132
45,0.0,128,4.0,0.025,32,160,13,static_1.0,0.06369648118406296,0.0007386478554140402,0.011596368302977026
45,0.0,128,4.0,0.025,32,160,13,prepare_AB,0.0003627386181183934,0.0007386478554140402,2.036308842012941
45,0.0,128,4.0,0.025,32,160,13,prepare_BA,0.0008654400615611899,0.0007386478554140402,0.8534939485948617
45,0.0,128,4.0,0.025,32,160,13,matched_static,0.012790149007523855,0.0007386478554140402,0.057751309619577355
45,0.0,128,4.0,0.025,32,160,13,greedy_oracle,0.0006678606620991471,0.0007386478554140402,1.1059909608875635
45,0.0,128,4.0,0.025,32,160,14,static_0.0,0.06660182354326727,0.001115937173582378,0.016755354646669992
45,0.0,128,4.0,0.025,32,160,14,static_0.1,0.03648708630071611,0.001115937173582378,0.030584441969006344
45,0.0,128,4.0,0.025,32,160,14,static_0.2,0.019543594065532525,0.001115937173582378,0.05709989523116771
45,0.0,128,4.0,0.025,32,160,14,static_0.3,0.010170042246398883,0.001115937173582378,0.10972787984017678
45,0.0,128,4.0,0.025,32,160,14,static_0.4,0.0034260073750349046,0.001115937173582378,0.3257252689279482
45,0.0,128,4.0,0.025,32,160,14,static_0.5,0.001115937173582378,0.001115937173582378,1.0
45,0.0,128,4.0,0.025,32,160,14,static_0.6,0.0019910452679143265,0.001115937173582378,0.560478052189819
45,0.0,128,4.0,0.025,32,160,14,static_0.7,0.006842869271064361,0.001115937173582378,0.16308029999947696
45,0.0,128,4.0,0.025,32,160,14,static_0.8,0.01615731091990512,0.001115937173582378,0.06906701115762964
45,0.0,128,4.0,0.025,32,160,14,static_0.9,0.031836461761661584,0.001115937173582378,0.035052173257714925
45,0.0,128,4.0,0.025,32,160,14,static_1.0,0.06582433465370859,0.001115937173582378,0.016953261729923244
45,0.0,128,4.0,0.025,32,160,14,prepare_AB,0.0012260938488996148,0.001115937173582378,0.9101564081606809
45,0.0,128,4.0,0.025,32,160,14,prepare_BA,0.000704325502038613,0.001115937173582378,1.5844054635994131
45,0.0,128,4.0,0.025,32,160,14,matched_static,0.017694695289237637,0.001115937173582378,0.06306619895631203
45,0.0,128,4.0,0.025,32,160,14,greedy_oracle,0.0010489321288240448,0.001115937173582378,1.0638792948724456
45,0.0,128,4.0,0.025,32,160,15,static_0.0,0.07604855355159994,0.0011066116326261932,0.014551383043404536
45,0.0,128,4.0,0.025,32,160,15,static_0.1,0.04296304672425849,0.0011066116326261932,0.02575728950808696
45,0.0,128,4.0,0.025,32,160,15,static_0.2,0.02269080723222451,0.0011066116326261932,0.048769161066012263
45,0.0,128,4.0,0.025,32,160,15,static_0.3,0.01122681225104225,0.0011066116326261932,0.09856864155926896
45,0.0,128,4.0,0.025,32,160,15,static_0.4,0.004251601048671339,0.0011066116326261932,0.26028115525374107
45,0.0,128,4.0,0.025,32,160,15,static_0.5,0.0011066116326261932,0.0011066116326261932,1.0
45,0.0,128,4.0,0.025,32,160,15,static_0.6,0.001427597515922545,0.0011066116326261932,0.7751565972087562
45,0.0,128,4.0,0.025,32,160,15,static_0.7,0.005136644875210582,0.0011066116326261932,0.21543471653387883
45,0.0,128,4.0,0.025,32,160,15,static_0.8,0.013365837733617143,0.0011066116326261932,0.082794034663678
45,0.0,128,4.0,0.025,32,160,15,static_0.9,0.028709489675479358,0.0011066116326261932,0.038545151625294996
45,0.0,128,4.0,0.025,32,160,15,static_1.0,0.06046760340563065,0.0011066116326261932,0.018300901148715732
45,0.0,128,4.0,0.025,32,160,15,prepare_AB,0.001473669869957593,0.0011066116326261932,0.7509223437254895
45,0.0,128,4.0,0.025,32,160,15,prepare_BA,0.0006135814412456728,0.0011066116326261932,1.803528526514079
45,0.0,128,4.0,0.025,32,160,15,matched_static,0.019979590870028742,0.0011066116326261932,0.05538710175923643
45,0.0,128,4.0,0.025,32,160,15,greedy_oracle,0.0006497505686507142,0.0011066116326261932,1.7031329959806056
45,0.0,128,4.0,0.025,32,160,16,static_0.0,0.06471899815001883,0.0007025609238399261,0.01085555932450295
45,0.0,128,4.0,0.025,32,160,16,static_0.1,0.036738018952543854,0.0007025609238399261,0.019123538608531273
45,0.0,128,4.0,0.025,32,160,16,static_0.2,0.020434241805534322,0.0007025609238399261,0.03438155085595823
45,0.0,128,4.0,0.025,32,160,16,static_0.3,0.01050570706554051,0.0007025609238399261,0.06687421602915024
45,0.0,128,4.0,0.025,32,160,16,static_0.4,0.004310654614616388,0.0007025609238399261,0.16298242068796506
45,0.0,128,4.0,0.025,32,160,16,static_0.5,0.0011409723655574243,0.0007025609238399261,0.6157563014216287
45,0.0,128,4.0,0.025,32,160,16,static_0.6,0.0007025609238399261,0.0007025609238399261,1.0
45,0.0,128,4.0,0.025,32,160,16,static_0.7,0.0035294354096487143,0.0007025609238399261,0.19905759485476804
45,0.0,128,4.0,0.025,32,160,16,static_0.8,0.010466515667124464,0.0007025609238399261,0.06712462353127546
45,0.0,128,4.0,0.025,32,160,16,static_0.9,0.028299260270809833,0.0007025609238399261,0.024826123266713258
45,0.0,128,4.0,0.025,32,160,16,static_1.0,0.061602057069097854,0.0007025609238399261,0.01140482894997933
45,0.0,128,4.0,0.025,32,160,16,prepare_AB,0.000627346478063771,0.0007025609238399261,1.1198929912036732
45,0.0,128,4.0,0.025,32,160,16,prepare_BA,0.0009288687144113576,0.0007025609238399261,0.7563619195476433
45,0.0,128,4.0,0.025,32,160,16,matched_static,0.018228752547693343,0.0007025609238399261,0.03854136052380763
45,0.0,128,4.0,0.025,32,160,16,greedy_oracle,0.000528766795727723,0.0007025609238399261,1.3286782179146033
45,0.0,128,4.0,0.025,32,160,17,static_0.0,0.06225894772681814,0.0006559456093054186,0.010535764468484086
45,0.0,128,4.0,0.025,32,160,17,static_0.1,0.032480400545612687,0.0006559456093054186,0.020195120696995868
45,0.0,128,4.0,0.025,32,160,17,static_0.2,0.013845163636143458,0.0006559456093054186,0.04737723775203649
45,0.0,128,4.0,0.025,32,160,17,static_0.3,0.004968854825518044,0.0006559456093054186,0.13201142563810586
45,0.0,128,4.0,0.025,32,160,17,static_0.4,0.0014073382438431355,0.0006559456093054186,0.4660895219575455
45,0.0,128,4.0,0.025,32,160,17,static_0.5,0.0006559456093054186,0.0006559456093054186,1.0
45,0.0,128,4.0,0.025,32,160,17,static_0.6,0.00274928799122573,0.0006559456093054186,0.2385874493319177
45,0.0,128,4.0,0.025,32,160,17,static_0.7,0.008626560849758429,0.0006559456093054186,0.07603790441283298
45,0.0,128,4.0,0.025,32,160,17,static_0.8,0.0181959666758523,0.0006559456093054186,0.0360489563973492
45,0.0,128,4.0,0.025,32,160,17,static_0.9,0.03598570379673978,0.0006559456093054186,0.018227949993987493
45,0.0,128,4.0,0.025,32,160,17,static_1.0,0.06545775217366666,0.0006559456093054186,0.010020900313917324
45,0.0,128,4.0,0.025,32,160,17,prepare_AB,0.0004194062074679823,0.0006559456093054186,1.5639864113253352
45,0.0,128,4.0,0.025,32,160,17,prepare_BA,0.0010878462851737077,0.0006559456093054186,0.6029763747372424
45,0.0,128,4.0,0.025,32,160,17,matched_static,0.011563359332835801,0.0006559456093054186,0.056726215144310865
45,0.0,128,4.0,0.025,32,160,17,greedy_oracle,0.0005964665077184493,0.0006559456093054186,1.0997190970780295
45,0.0,128,4.0,0.025,32,160,18,static_0.0,0.06015807064844923,0.00013793268271410845,0.0022928375399563134
45,0.0,128,4.0,0.025,32,160,18,static_0.1,0.03375071189664801,0.00013793268271410845,0.004086808098640651
45,0.0,128,4.0,0.025,32,160,18,static_0.2,0.018911683800956057,0.00013793268271410845,0.007293516757462677
45,0.0,128,4.0,0.025,32,160,18,static_0.3,0.009600331633233835,0.00013793268271410845,0.014367491455880713
45,0.0,128,4.0,0.025,32,160,18,static_0.4,0.004153247185527869,0.00013793268271410845,0.033210805076745634
45,0.0,128,4.0,0.025,32,160,18,static_0.5,0.000981480492423087,0.00013793268271410845,0.1405353277817872
45,0.0,128,4.0,0.025,32,160,18,static_0.6,0.00013793268271410845,0.00013793268271410845,1.0
45,0.0,128,4.0,0.025,32,160,18,static_0.7,0.0018850006737027795,0.00013793268271410845,0.0731738108311452
45,0.0,128,4.0,0.025,32,160,18,static_0.8,0.008119543013939017,0.00013793268271410845,0.016987739639695985
45,0.0,128,4.0,0.025,32,160,18,static_0.9,0.023598483314491412,0.00013793268271410845,0.0058449808352474255
45,0.0,128,4.0,0.025,32,160,18,static_1.0,0.053838075792257106,0.00013793268271410845,0.002561991317192389
45,0.0,128,4.0,0.025,32,160,18,prepare_AB,0.00016892889824592997,0.00013793268271410845,0.8165132440117107
45,0.0,128,4.0,0.025,32,160,18,prepare_BA,0.003911672594522598,0.00013793268271410845,0.035261816877836756
45,0.0,128,4.0,0.025,32,160,18,matched_static,0.01641933655146271,0.00013793268271410845,0.008400624610001114
45,0.0,128,4.0,0.025,32,160,18,greedy_oracle,8.922245098750405e-05,0.00013793268271410845,1.5459414215534883
45,0.0,128,4.0,0.025,32,160,19,static_0.0,0.05033028543304875,0.0005939593539189792,0.011801231580716671
45,0.0,128,4.0,0.025,32,160,19,static_0.1,0.027171839717024394,0.0005939593539189792,0.02185937205962674
45,0.0,128,4.0,0.025,32,160,19,static_0.2,0.014138261325054139,0.0005939593539189792,0.04201077772317274
45,0.0,128,4.0,0.025,32,160,19,static_0.3,0.00571264313320179,0.0005939593539189792,0.10397277408541364
45,0.0,128,4.0,0.025,32,160,19,static_0.4,0.001736329042400355,0.0005939593539189792,0.3420776473898469
45,0.0,128,4.0,0.025,32,160,19,static_0.5,0.0005939593539189792,0.0005939593539189792,1.0
45,0.0,128,4.0,0.025,32,160,19,static_0.6,0.001992293295342006,0.0005939593539189792,0.2981284709975483
45,0.0,128,4.0,0.025,32,160,19,static_0.7,0.006241984106983072,0.0005939593539189792,0.09515553768464442
45,0.0,128,4.0,0.025,32,160,19,static_0.8,0.01578900728840406,0.0005939593539189792,0.037618536939634045
45,0.0,128,4.0,0.025,32,160,19,static_0.9,0.03266511522698963,0.0005939593539189792,0.018183292781658974
45,0.0,128,4.0,0.025,32,160,19,static_1.0,0.05968497527411642,0.0005939593539189792,0.009951572421553161
45,0.0,128,4.0,0.025,32,160,19,prepare_AB,0.0002709186606824586,0.0005939593539189792,2.1923899683497763
45,0.0,128,4.0,0.025,32,160,19,prepare_BA,0.0004458170474708412,0.0005939593539189792,1.3322939472336515
45,0.0,128,4.0,0.025,32,160,19,matched_static,0.011717736162838022,0.0005939593539189792,0.050688916840667536
45,0.0,128,4.0,0.025,32,160,19,greedy_oracle,0.0006750300194894039,0.0005939593539189792,0.879900651482512
45,0.0,128,8.0,0.025,32,320,0,static_0.0,0.05209723744265778,3.458100930538416e-05,0.0006637781771719983
45,0.0,128,8.0,0.025,32,320,0,static_0.1,0.020541727734275757,3.458100930538416e-05,0.0016834518377771396
45,0.0,128,8.0,0.025,32,320,0,static_0.2,0.008049598726402138,3.458100930538416e-05,0.004295991698562662
45,0.0,128,8.0,0.025,32,320,0,static_0.3,0.0027856489750321145,3.458100930538416e-05,0.012413986692269974
45,0.0,128,8.0,0.025,32,320,0,static_0.4,0.0007037811303260663,3.458100930538416e-05,0.049136027971313403
45,0.0,128,8.0,0.025,32,320,0,static_0.5,3.458100930538416e-05,3.458100930538416e-05,1.0
45,0.0,128,8.0,0.025,32,320,0,static_0.6,0.0001863657666777955,3.458100930538416e-05,0.18555451423206207
45,0.0,128,8.0,0.025,32,320,0,static_0.7,0.0013458042504003993,3.458100930538416e-05,0.025695422863388735
45,0.0,128,8.0,0.025,32,320,0,static_0.8,0.0057142359909656305,3.458100930538416e-05,0.006051729288054907
45,0.0,128,8.0,0.025,32,320,0,static_0.9,0.01848046594850947,3.458100930538416e-05,0.0018712195570032837
45,0.0,128,8.0,0.025,32,320,0,static_1.0,0.054865887804664754,3.458100930538416e-05,0.0006302825068374096
45,0.0,128,8.0,0.025,32,320,0,prepare_AB,9.435320723889955e-05,3.458100930538416e-05,0.3665059229817812
45,0.0,128,8.0,0.025,32,320,0,prepare_BA,2.711356937815393e-05,3.458100930538416e-05,1.2754133851977059
45,0.0,128,8.0,0.025,32,320,0,matched_static,0.018875584608932745,3.458100930538416e-05,0.0018320497098150235
45,0.0,128,8.0,0.025,32,320,0,greedy_oracle,9.811901259918841e-07,3.458100930538416e-05,35.243943441059656
45,0.0,128,8.0,0.025,32,320,1,static_0.0,0.054455083033745785,2.9752207226054273e-06,5.4636235165809674e-05
45,0.0,128,8.0,0.025,32,320,1,static_0.1,0.011021568904133631,2.9752207226054273e-06,0.0002699452998465194
45,0.0,128,8.0,0.025,32,320,1,static_0.2,0.0025279810511451397,2.9752207226054273e-06,0.0011769157530898795
45,0.0,128,8.0,0.025,32,320,1,static_0.3,0.0003140294192339713,2.9752207226054273e-06,0.009474337563222713
45,0.0,128,8.0,0.025,32,320,1,static_0.4,2.9752207226054273e-06,2.9752207226054273e-06,1.0
45,0.0,128,8.0,0.025,32,320,1,static_0.5,0.00019025832717831678,2.9752207226054273e-06,0.01563779502705785
45,0.0,128,8.0,0.025,32,320,1,static_0.6,0.0009209418577787145,2.9752207226054273e-06,0.003230628185129488
45,0.0,128,8.0,0.025,32,320,1,static_0.7,0.0029187691789913815,2.9752207226054273e-06,0.001019340872865306
45,0.0,128,8.0,0.025,32,320,1,static_0.8,0.008106908081252868,2.9752207226054273e-06,0.0003669982060713863
45,0.0,128,8.0,0.025,32,320,1,static_0.9,0.020581981516653646,2.9752207226054273e-06,0.0001445546299902206
45,0.0,128,8.0,0.025,32,320,1,static_1.0,0.052778066337151874,2.9752207226054273e-06,5.637229495297161e-05
45,0.0,128,8.0,0.025,32,320,1,prepare_AB,0.0013723849163640176,2.9752207226054273e-06,0.0021679200107269803
45,0.0,128,8.0,0.025,32,320,1,prepare_BA,0.00016767433906784835,2.9752207226054273e-06,0.017744043239684537
45,0.0,128,8.0,0.025,32,320,1,matched_static,0.00967434188216223,2.9752207226054273e-06,0.0003075372732166109
45,0.0,128,8.0,0.025,32,320,1,greedy_oracle,1.0055543624297514e-07,2.9752207226054273e-06,29.5878654975581
45,0.0,128,8.0,0.025,32,320,2,static_0.0,0.05412105331117875,3.0436660038061124e-05,0.0005623811470013353
45,0.0,128,8.0,0.025,32,320,2,static_0.1,0.01936560207805252,3.0436660038061124e-05,0.001571686742058781
45,0.0,128,8.0,0.025,32,320,2,static_0.2,0.0074023790909494664,3.0436660038061124e-05,0.004111740247844719
45,0.0,128,8.0,0.025,32,320,2,static_0.3,0.002493138746386921,3.0436660038061124e-05,0.0122081693536592
45,0.0,128,8.0,0.025,32,320,2,static_0.4,0.0006608998403808326,3.0436660038061124e-05,0.04605336267069229
45,0.0,128,8.0,0.025,32,320,2,static_0.5,3.0436660038061124e-05,3.0436660038061124e-05,1.0
45,0.0,128,8.0,0.025,32,320,2,static_0.6,0.0002057727626521585,3.0436660038061124e-05,0.14791393985175644
45,0.0,128,8.0,0.025,32,320,2,static_0.7,0.001441360607137356,3.0436660038061124e-05,0.02111661709591917
45,0.0,128,8.0,0.025,32,320,2,static_0.8,0.005421590971088197,3.0436660038061124e-05,0.005613972024147741
45,0.0,128,8.0,0.025,32,320,2,static_0.9,0.016621960188358265,3.0436660038061124e-05,0.001831111354687183
45,0.0,128,8.0,0.025,32,320,2,static_1.0,0.047425155140382175,3.0436660038061124e-05,0.0006417830357742895
45,0.0,128,8.0,0.025,32,320,2,prepare_AB,0.0005070136514357932,3.0436660038061124e-05,0.06003124363982838
45,0.0,128,8.0,0.025,32,320,2,prepare_BA,0.00011770679360223762,3.0436660038061124e-05,0.2585803173002456
45,0.0,128,8.0,0.025,32,320,2,matched_static,0.01796899083460286,3.0436660038061124e-05,0.001693843595236817
45,0.0,128,8.0,0.025,32,320,2,greedy_oracle,5.222229850333932e-07,3.0436660038061124e-05,58.282880896395
45,0.0,128,8.0,0.025,32,320,3,static_0.0,0.05289480962982754,7.233303511198916e-06,0.00013674883342656052
45,0.0,128,8.0,0.025,32,320,3,static_0.1,0.01571141420050734,7.233303511198916e-06,0.000460385259970127
45,0.0,128,8.0,0.025,32,320,3,static_0.2,0.004219510863175067,7.233303511198916e-06,0.001714251662278232
45,0.0,128,8.0,0.025,32,320,3,static_0.3,0.0008482238416417987,7.233303511198916e-06,0.00852758806826077
45,0.0,128,8.0,0.025,32,320,3,static_0.4,7.233303511198916e-06,7.233303511198916e-06,1.0
45,0.0,128,8.0,0.025,32,320,3,static_0.5,0.00043541467645403684,7.233303511198916e-06,0.016612447632923272
45,0.0,128,8.0,0.025,32,320,3,static_0.6,0.0019429257070863477,7.233303511198916e-06,0.003722892483648348
45,0.0,128,8.0,0.025,32,320,3,static_0.7,0.0053074280772464994,7.233303511198916e-06,0.001362864160554308
45,0.0,128,8.0,0.025,32,320,3,static_0.8,0.012296044783460821,7.233303511198916e-06,0.0005882626192878133
45,0.0,128,8.0,0.025,32,320,3,static_0.9,0.024861727379085673,7.233303511198916e-06,0.0002909413091418482
45,0.0,128,8.0,0.025,32,320,3,static_1.0,0.053149344751273406,7.233303511198916e-06,0.00013609393577755467
45,0.0,128,8.0,0.025,32,320,3,prepare_AB,0.0004321760975096082,7.233303511198916e-06,0.016736935598429536
45,0.0,128,8.0,0.025,32,320,3,prepare_BA,0.0016414945420655093,7.233303511198916e-06,0.00440653521887266
45,0.0,128,8.0,0.025,32,320,3,matched_static,0.014361102164427604,7.233303511198916e-06,0.0005036732855445998
45,0.0,128,8.0,0.025,32,320,3,greedy_oracle,1.3467294745258645e-06,7.233303511198916e-06,5.371014482136811
45,0.0,128,8.0,0.025,32,320,4,static_0.0,0.049782017975858586,1.1635032272044467e-05,0.00023371957877816018
45,0.0,128,8.0,0.025,32,320,4,static_0.1,0.017733040184012578,1.1635032272044467e-05,0.000656121688740894
45,0.0,128,8.0,0.025,32,320,4,static_0.2,0.006460757586834278,1.1635032272044467e-05,0.0018008773918022118
45,0.0,128,8.0,0.025,32,320,4,static_0.3,0.002238167806543569,1.1635032272044467e-05,0.0051984628846987995
45,0.0,128,8.0,0.025,32,320,4,static_0.4,0.0005047040916268417,1.1635032272044467e-05,0.02305317603933148
45,0.0,128,8.0,0.025,32,320,4,static_0.5,1.1635032272044467e-05,1.1635032272044467e-05,1.0
45,0.0,128,8.0,0.025,32,320,4,static_0.6,0.0003190533379588144,1.1635032272044467e-05,0.036467357923540666
45,0.0,128,8.0,0.025,32,320,4,static_0.7,0.0016264151452912681,1.1635032272044467e-05,0.007153789919953553
45,0.0,128,8.0,0.025,32,320,4,static_0.8,0.005063897500260711,1.1635032272044467e-05,0.002297643716415162
45,0.0,128,8.0,0.025,32,320,4,static_0.9,0.017965417607304093,1.1635032272044467e-05,0.0006476349465605565
45,0.0,128,8.0,0.025,32,320,4,static_1.0,0.054246303860618725,1.1635032272044467e-05,0.00021448525418321025
45,0.0,128,8.0,0.025,32,320,4,prepare_AB,5.685011455901184e-05,1.1635032272044467e-05,0.20466154487634344
45,0.0,128,8.0,0.025,32,320,4,prepare_BA,1.0888689731062403e-05,1.1635032272044467e-05,1.0685429155771569
45,0.0,128,8.0,0.025,32,320,4,matched_static,0.016299833814715184,1.1635032272044467e-05,0.0007138129384816536
45,0.0,128,8.0,0.025,32,320,4,greedy_oracle,1.9001441276533755e-07,1.1635032272044467e-05,61.232367075298676
45,0.0,128,8.0,0.025,32,320,5,static_0.0,0.053566774837269134,7.735541312079153e-05,0.0014440931595338727
45,0.0,128,8.0,0.025,32,320,5,static_0.1,0.021950986014628755,7.735541312079153e-05,0.0035240063051946596
45,0.0,128,8.0,0.025,32,320,5,static_0.2,0.007594438028105171,7.735541312079153e-05,0.010185798190006676
45,0.0,128,8.0,0.025,32,320,5,static_0.3,0.0027908764961279645,7.735541312079153e-05,0.027717246975318934
45,0.0,128,8.0,0.025,32,320,5,static_0.4,0.0008398776382068547,7.735541312079153e-05,0.09210319408663617
45,0.0,128,8.0,0.025,32,320,5,static_0.5,7.735541312079153e-05,7.735541312079153e-05,1.0
45,0.0,128,8.0,0.025,32,320,5,static_0.6,0.0001602449005142809,7.735541312079153e-05,0.4827324480999486
45,0.0,128,8.0,0.025,32,320,5,static_0.7,0.0013548874894405212,7.735541312079153e-05,0.057093606460809666
45,0.0,128,8.0,0.025,32,320,5,static_0.8,0.004956764552178136,7.735541312079153e-05,0.01560602935775908
45,0.0,128,8.0,0.025,32,320,5,static_0.9,0.016427760527662594,7.735541312079153e-05,0.004708822787532925
45,0.0,128,8.0,0.025,32,320,5,static_1.0,0.045942756213238414,7.735541312079153e-05,0.0016837347058969343
45,0.0,128,8.0,0.025,32,320,5,prepare_AB,0.0010592269031367188,7.735541312079153e-05,0.07303006833730974
45,0.0,128,8.0,0.025,32,320,5,prepare_BA,8.873183438705823e-07,7.735541312079153e-05,87.17887289848932
45,0.0,128,8.0,0.025,32,320,5,matched_static,0.02054152173703458,7.735541312079153e-05,0.0037658073297133794
45,0.0,128,8.0,0.025,32,320,5,greedy_oracle,9.536468666599727e-07,7.735541312079153e-05,81.1153644238554
45,0.0,128,8.0,0.025,32,320,6,static_0.0,0.05160019015133737,3.807383831293577e-05,0.0007378623644848909
45,0.0,128,8.0,0.025,32,320,6,static_0.1,0.014836410613396226,3.807383831293577e-05,0.0025662432312676623
45,0.0,128,8.0,0.025,32,320,6,static_0.2,0.0041624951950157895,3.807383831293577e-05,0.009146878621872223
45,0.0,128,8.0,0.025,32,320,6,static_0.3,0.001021837629777927,3.807383831293577e-05,0.03726016463223247
45,0.0,128,8.0,0.025,32,320,6,static_0.4,9.649117574729867e-05,3.807383831293577e-05,0.3945836292082043
45,0.0,128,8.0,0.025,32,320,6,static_0.5,3.807383831293577e-05,3.807383831293577e-05,1.0
45,0.0,128,8.0,0.025,32,320,6,static_0.6,0.0004672867182922805,3.807383831293577e-05,0.0814785373144742
45,0.0,128,8.0,0.025,32,320,6,static_0.7,0.0015778659065876543,3.807383831293577e-05,0.024129958163096085
45,0.0,128,8.0,0.025,32,320,6,static_0.8,0.005222150578145707,3.807383831293577e-05,0.007290835019631916
45,0.0,128,8.0,0.025,32,320,6,static_0.9,0.014669971071299479,3.807383831293577e-05,0.0025953587861821978
45,0.0,128,8.0,0.025,32,320,6,static_1.0,0.04796054475293342,3.807383831293577e-05,0.0007938575032679765
45,0.0,128,8.0,0.025,32,320,6,prepare_AB,0.0003349270944340429,3.807383831293577e-05,0.11367798827166443
45,0.0,128,8.0,0.025,32,320,6,prepare_BA,0.00021180788875406584,3.807383831293577e-05,0.17975646958619199
45,0.0,128,8.0,0.025,32,320,6,matched_static,0.0130547333472024,3.807383831293577e-05,0.0029164776713800065
45,0.0,128,8.0,0.025,32,320,6,greedy_oracle,5.189160117084451e-08,3.807383831293577e-05,733.7187031015667
45,0.0,128,8.0,0.025,32,320,7,static_0.0,0.05893348656188233,1.4211507976199145e-05,0.00024114487034933082
45,0.0,128,8.0,0.025,32,320,7,static_0.1,0.01737060496343977,1.4211507976199145e-05,0.0008181354654089691
45,0.0,128,8.0,0.025,32,320,7,static_0.2,0.004165264728283707,1.4211507976199145e-05,0.0034119099032764197
45,0.0,128,8.0,0.025,32,320,7,static_0.3,0.0007517520315476623,1.4211507976199145e-05,0.01890451555806419
45,0.0,128,8.0,0.025,32,320,7,static_0.4,1.4211507976199145e-05,1.4211507976199145e-05,1.0
45,0.0,128,8.0,0.025,32,320,7,static_0.5,0.00027483535287409775,1.4211507976199145e-05,0.05170916997242871
45,0.0,128,8.0,0.025,32,320,7,static_0.6,0.0012822588784852222,1.4211507976199145e-05,0.011083181574837448
45,0.0,128,8.0,0.025,32,320,7,static_0.7,0.0036008374219105932,1.4211507976199145e-05,0.003946723028849929
45,0.0,128,8.0,0.025,32,320,7,static_0.8,0.008492528197259272,1.4211507976199145e-05,0.0016734131045670845
45,0.0,128,8.0,0.025,32,320,7,static_0.9,0.02042219520439151,1.4211507976199145e-05,0.0006958854243613907
45,0.0,128,8.0,0.025,32,320,7,static_1.0,0.052559987322857195,1.4211507976199145e-05,0.00027038644223604803
45,0.0,128,8.0,0.025,32,320,7,prepare_AB,0.0010414863222553753,1.4211507976199145e-05,0.013645410095663689
45,0.0,128,8.0,0.025,32,320,7,prepare_BA,0.0001961282001100793,1.4211507976199145e-05,0.07246029876490359
45,0.0,128,8.0,0.025,32,320,7,matched_static,0.015004463980931559,1.4211507976199145e-05,0.0009471519938506205
45,0.0,128,8.0,0.025,32,320,7,greedy_oracle,2.4158420354898765e-07,1.4211507976199145e-05,58.826313009813084
45,0.0,128,8.0,0.025,32,320,8,static_0.0,0.053819765913901335,1.556429594648268e-05,0.00028919293278573165
45,0.0,128,8.0,0.025,32,320,8,static_0.1,0.02230404854056644,1.556429594648268e-05,0.0006978238017270477
45,0.0,128,8.0,0.025,32,320,8,static_0.2,0.007913664150336359,1.556429594648268e-05,0.0019667622546025213
45,0.0,128,8.0,0.025,32,320,8,static_0.3,0.002870831117602542,1.556429594648268e-05,0.0054215296229199895
45,0.0,128,8.0,0.025,32,320,8,static_0.4,0.0008313047876171628,1.556429594648268e-05,0.01872273103478196
45,0.0,128,8.0,0.025,32,320,8,static_0.5,0.00012830011957568567,1.556429594648268e-05,0.12131162463415422
45,0.0,128,8.0,0.025,32,320,8,static_0.6,1.556429594648268e-05,1.556429594648268e-05,1.0
45,0.0,128,8.0,0.025,32,320,8,static_0.7,0.0005783802505800414,1.556429594648268e-05,0.026910144201628055
45,0.0,128,8.0,0.025,32,320,8,static_0.8,0.0029291284791799228,1.556429594648268e-05,0.005313626922517331
45,0.0,128,8.0,0.025,32,320,8,static_0.9,0.01219603605405497,1.556429594648268e-05,0.0012761766099656474
45,0.0,128,8.0,0.025,32,320,8,static_1.0,0.05413931742583427,1.556429594648268e-05,0.00028748600253049534
45,0.0,128,8.0,0.025,32,320,8,prepare_AB,2.1714798978972046e-05,1.556429594648268e-05,0.7167598448207914
45,0.0,128,8.0,0.025,32,320,8,prepare_BA,0.001969137026844048,1.556429594648268e-05,0.007904120299554626
45,0.0,128,8.0,0.025,32,320,8,matched_static,0.0206617249841232,1.556429594648268e-05,0.0007532912164130795
45,0.0,128,8.0,0.025,32,320,8,greedy_oracle,3.9231818381015826e-08,1.556429594648268e-05,396.72634582786003
45,0.0,128,8.0,0.025,32,320,9,static_0.0,0.056339078689785924,2.5393305313757517e-06,4.507227648073207e-05
45,0.0,128,8.0,0.025,32,320,9,static_0.1,0.014851362850137724,2.5393305313757517e-06,0.00017098299711613358
45,0.0,128,8.0,0.025,32,320,9,static_0.2,0.003920901353940288,2.5393305313757517e-06,0.000647639484432289
45,0.0,128,8.0,0.025,32,320,9,static_0.3,0.0005926556117533902,2.5393305313757517e-06,0.004284664619749508
45,0.0,128,8.0,0.025,32,320,9,static_0.4,2.5393305313757517e-06,2.5393305313757517e-06,1.0
45,0.0,128,8.0,0.025,32,320,9,static_0.5,0.00034313580498027157,2.5393305313757517e-06,0.007400365961581157
45,0.0,128,8.0,0.025,32,320,9,static_0.6,0.0015327030419832524,2.5393305313757517e-06,0.0016567661587530787
45,0.0,128,8.0,0.025,32,320,9,static_0.7,0.004473571971713462,2.5393305313757517e-06,0.0005676293010220959
45,0.0,128,8.0,0.025,32,320,9,static_0.8,0.010568299157053493,2.5393305313757517e-06,0.00024027807063740735
45,0.0,128,8.0,0.025,32,320,9,static_0.9,0.027205275107983554,2.5393305313757517e-06,9.333963804065961e-05
45,0.0,128,8.0,0.025,32,320,9,static_1.0,0.0631100527644367,2.5393305313757517e-06,4.023654584561996e-05
45,0.0,128,8.0,0.025,32,320,9,prepare_AB,0.0005280125888156777,2.5393305313757517e-06,0.004809223463916689
45,0.0,128,8.0,0.025,32,320,9,prepare_BA,0.001850354978348338,2.5393305313757517e-06,0.0013723477716921142
45,0.0,128,8.0,0.025,32,320,9,matched_static,0.013552801173011733,2.5393305313757517e-06,0.0001873657333977885
45,0.0,128,8.0,0.025,32,320,9,greedy_oracle,1.0005840970658553e-06,2.5393305313757517e-06,2.537848181699235
45,0.0,128,8.0,0.025,32,320,10,static_0.0,0.05505711910515423,1.2280030778586024e-05,0.00022304165161878976
45,0.0,128,8.0,0.025,32,320,10,static_0.1,0.018336635662097648,1.2280030778586024e-05,0.0006696992297212514
45,0.0,128,8.0,0.025,32,320,10,static_0.2,0.005028977773358793,1.2280030778586024e-05,0.0024418542558768044
45,0.0,128,8.0,0.025,32,320,10,static_0.3,0.0014127687578173425,1.2280030778586024e-05,0.008692173231207393
45,0.0,128,8.0,0.025,32,320,10,static_0.4,0.0002139408148396352,1.2280030778586024e-05,0.05739919607107617
45,0.0,128,8.0,0.025,32,320,10,static_0.5,1.2280030778586024e-05,1.2280030778586024e-05,1.0
45,0.0,128,8.0,0.025,32,320,10,static_0.6,0.0005329758798177356,1.2280030778586024e-05,0.023040500036859993
45,0.0,128,8.0,0.025,32,320,10,static_0.7,0.002458063325466682,1.2280030778586024e-05,0.004995815466330415
45,0.0,128,8.0,0.025,32,320,10,static_0.8,0.007445170455726935,1.2280030778586024e-05,0.0016493955177533973
45,0.0,128,8.0,0.025,32,320,10,static_0.9,0.020190075580639413,1.2280030778586024e-05,0.0006082211396158191
45,0.0,128,8.0,0.025,32,320,10,static_1.0,0.05523723348324759,1.2280030778586024e-05,0.00022231437029355072
45,0.0,128,8.0,0.025,32,320,10,prepare_AB,9.645441004930622e-07,1.2280030778586024e-05,12.731435268028319
45,0.0,128,8.0,0.025,32,320,10,prepare_BA,0.0005349508218584969,1.2280030778586024e-05,0.022955438662423982
45,0.0,128,8.0,0.025,32,320,10,matched_static,0.01648635756700503,1.2280030778586024e-05,0.0007448601505018102
45,0.0,128,8.0,0.025,32,320,10,greedy_oracle,1.334125355388042e-06,1.2280030778586024e-05,9.204555425763774
45,0.0,128,8.0,0.025,32,320,11,static_0.0,0.05806560933533876,1.0410505441159897e-05,0.00017928866260642266
45,0.0,128,8.0,0.025,32,320,11,static_0.1,0.019386493738732368,1.0410505441159897e-05,0.0005369978491964588
45,0.0,128,8.0,0.025,32,320,11,static_0.2,0.006684741935672607,1.0410505441159897e-05,0.0015573533789846159
45,0.0,128,8.0,0.025,32,320,11,static_0.3,0.0020126041546703025,1.0410505441159897e-05,0.0051726542534467285
45,0.0,128,8.0,0.025,32,320,11,static_0.4,0.0002806763624726565,1.0410505441159897e-05,0.037090780817619046
45,0.0,128,8.0,0.025,32,320,11,static_0.5,1.0410505441159897e-05,1.0410505441159897e-05,1.0
45,0.0,128,8.0,0.025,32,320,11,static_0.6,0.0007439440452332666,1.0410505441159897e-05,0.013993667276274309
45,0.0,128,8.0,0.025,32,320,11,static_0.7,0.002812512376093019,1.0410505441159897e-05,0.0037014967577214987
45,0.0,128,8.0,0.025,32,320,11,static_0.8,0.008181206719960742,1.0410505441159897e-05,0.001272490208047188
45,0.0,128,8.0,0.025,32,320,11,static_0.9,0.020692899245528584,1.0410505441159897e-05,0.0005030955458505625
45,0.0,128,8.0,0.025,32,320,11,static_1.0,0.05099567158434802,1.0410505441159897e-05,0.0002041448836288131
45,0.0,128,8.0,0.025,32,320,11,prepare_AB,6.581199625152623e-05,1.0410505441159897e-05,0.15818552899340854
45,0.0,128,8.0,0.025,32,320,11,prepare_BA,8.193570130661305e-05,1.0410505441159897e-05,0.12705701269587671
45,0.0,128,8.0,0.025,32,320,11,matched_static,0.017234919389242362,1.0410505441159897e-05,0.0006040356328941053
45,0.0,128,8.0,0.025,32,320,11,greedy_oracle,1.26227213470937e-06,1.0410505441159897e-05,8.247433461372296
45,0.0,128,8.0,0.025,32,320,12,static_0.0,0.05923167505979031,9.860284812823652e-05,0.0016646979513698324
45,0.0,128,8.0,0.025,32,320,12,static_0.1,0.024879552264827166,9.860284812823652e-05,0.003963208303697402
45,0.0,128,8.0,0.025,32,320,12,static_0.2,0.010740155422117982,9.860284812823652e-05,0.009180765478046669
45,0.0,128,8.0,0.025,32,320,12,static_0.3,0.0038896537214192185,9.860284812823652e-05,0.025350032468252542
45,0.0,128,8.0,0.025,32,320,12,static_0.4,0.001270050342713069,9.860284812823652e-05,0.07763696037245428
45,0.0,128,8.0,0.025,32,320,12,static_0.5,0.00020166698130704596,9.860284812823652e-05,0.48893897994193597
45,0.0,128,8.0,0.025,32,320,12,static_0.6,9.860284812823652e-05,9.860284812823652e-05,1.0
45,0.0,128,8.0,0.025,32,320,12,static_0.7,0.0014751645046244116,9.860284812823652e-05,0.0668419337769665
45,0.0,128,8.0,0.025,32,320,12,static_0.8,0.006145579045089374,9.860284812823652e-05,0.016044517108119397
45,0.0,128,8.0,0.025,32,320,12,static_0.9,0.021074803716852213,9.860284812823652e-05,0.004678707780769979
45,0.0,128,8.0,0.025,32,320,12,static_1.0,0.06195666976619978,9.860284812823652e-05,0.0015914807639004012
45,0.0,128,8.0,0.025,32,320,12,prepare_AB,0.0016457136625881033,9.860284812823652e-05,0.05991494776385975
45,0.0,128,8.0,0.025,32,320,12,prepare_BA,1.0725616436701502e-05,9.860284812823652e-05,9.193210358598309
45,0.0,128,8.0,0.025,32,320,12,matched_static,0.023149370855883193,9.860284812823652e-05,0.004259418052528954
45,0.0,128,8.0,0.025,32,320,12,greedy_oracle,1.263854879819447e-06,9.860284812823652e-05,78.01753959467469
45,0.0,128,8.0,0.025,32,320,13,static_0.0,0.05394625834796411,5.078196846963988e-06,9.413436635787798e-05
45,0.0,128,8.0,0.025,32,320,13,static_0.1,0.020271547938228517,5.078196846963988e-06,0.0002505085878216244
45,0.0,128,8.0,0.025,32,320,13,static_0.2,0.006070641841535616,5.078196846963988e-06,0.000836517287549189
45,0.0,128,8.0,0.025,32,320,13,static_0.3,0.0015756360747776106,5.078196846963988e-06,0.0032229503552593753
45,0.0,128,8.0,0.025,32,320,13,static_0.4,0.00032430148385553944,5.078196846963988e-06,0.015658876384377192
45,0.0,128,8.0,0.025,32,320,13,static_0.5,5.078196846963988e-06,5.078196846963988e-06,1.0
45,0.0,128,8.0,0.025,32,320,13,static_0.6,0.0006185800915791713,5.078196846963988e-06,0.00820944113154349
45,0.0,128,8.0,0.025,32,320,13,static_0.7,0.0024529243612193595,5.078196846963988e-06,0.002070262307003871
45,0.0,128,8.0,0.025,32,320,13,static_0.8,0.007188342948290786,5.078196846963988e-06,0.0007064488830727615
45,0.0,128,8.0,0.025,32,320,13,static_0.9,0.020642919326303456,5.078196846963988e-06,0.0002460018743808822
45,0.0,128,8.0,0.025,32,320,13,static_1.0,0.053810740804545655,5.078196846963988e-06,9.437143534985505e-05
45,0.0,128,8.0,0.025,32,320,13,prepare_AB,2.094145158220093e-06,5.078196846963988e-06,2.4249497829845628
45,0.0,128,8.0,0.025,32,320,13,prepare_BA,0.0004177006795189494,5.078196846963988e-06,0.012157502000744554
45,0.0,128,8.0,0.025,32,320,13,matched_static,0.017801406243049607,5.078196846963988e-06,0.0002852694207204401
45,0.0,128,8.0,0.025,32,320,13,greedy_oracle,7.137598249518346e-07,5.078196846963988e-06,7.114713758660583
45,0.0,128,8.0,0.025,32,320,14,static_0.0,0.057881035357468635,3.997477396213251e-05,0.0006906368159320494
45,0.0,128,8.0,0.025,32,320,14,static_0.1,0.022604948843677614,3.997477396213251e-05,0.0017684080702227763
45,0.0,128,8.0,0.025,32,320,14,static_0.2,0.008567084444301001,3.997477396213251e-05,0.00466608847175827
45,0.0,128,8.0,0.025,32,320,14,static_0.3,0.0034652622285203044,3.997477396213251e-05,0.011535858277369694
45,0.0,128,8.0,0.025,32,320,14,static_0.4,0.0008046846401110013,3.997477396213251e-05,0.04967756555738188
45,0.0,128,8.0,0.025,32,320,14,static_0.5,3.997477396213251e-05,3.997477396213251e-05,1.0
45,0.0,128,8.0,0.025,32,320,14,static_0.6,0.00026143205225177243,3.997477396213251e-05,0.1529069355414567
45,0.0,128,8.0,0.025,32,320,14,static_0.7,0.0019571886621592405,3.997477396213251e-05,0.02042458897040151
45,0.0,128,8.0,0.025,32,320,14,static_0.8,0.0063437644858075435,3.997477396213251e-05,0.006301427811761494
45,0.0,128,8.0,0.025,32,320,14,static_0.9,0.017722990070911906,3.997477396213251e-05,0.002255532153558086
45,0.0,128,8.0,0.025,32,320,14,static_1.0,0.05449578258314224,3.997477396213251e-05,0.0007335388550690953
45,0.0,128,8.0,0.025,32,320,14,prepare_AB,0.0007558333585554137,3.997477396213251e-05,0.05288834305822951
45,0.0,128,8.0,0.025,32,320,14,prepare_BA,1.1233001425632284e-05,3.997477396213251e-05,3.5586903666650613
45,0.0,128,8.0,0.025,32,320,14,matched_static,0.020714516279659156,3.997477396213251e-05,0.0019297951939812456
45,0.0,128,8.0,0.025,32,320,14,greedy_oracle,1.8098278874364944e-06,3.997477396213251e-05,22.087610783119395
45,0.0,128,8.0,0.025,32,320,15,static_0.0,0.06572643019566561,8.439132899795884e-05,0.0012839785874073548
45,0.0,128,8.0,0.025,32,320,15,static_0.1,0.02483964432686727,8.439132899795884e-05,0.003397445144038506
45,0.0,128,8.0,0.025,32,320,15,static_0.2,0.00946249373755689,8.439132899795884e-05,0.008918508306431677
45,0.0,128,8.0,0.025,32,320,15,static_0.3,0.003571363503133294,8.439132899795884e-05,0.0236300026373454
45,0.0,128,8.0,0.025,32,320,15,static_0.4,0.001026442546337217,8.439132899795884e-05,0.08221729438155398
45,0.0,128,8.0,0.025,32,320,15,static_0.5,8.439132899795884e-05,8.439132899795884e-05,1.0
45,0.0,128,8.0,0.025,32,320,15,static_0.6,0.00019067683475223243,8.439132899795884e-05,0.44258826253130257
45,0.0,128,8.0,0.025,32,320,15,static_0.7,0.0015343132296552838,8.439132899795884e-05,0.05500267309623547
45,0.0,128,8.0,0.025,32,320,15,static_0.8,0.005588548292548811,8.439132899795884e-05,0.015100760444439114
45,0.0,128,8.0,0.025,32,320,15,static_0.9,0.01783730605883142,8.439132899795884e-05,0.004731170094834802
45,0.0,128,8.0,0.025,32,320,15,static_1.0,0.05228787210085816,8.439132899795884e-05,0.001613975203182418
45,0.0,128,8.0,0.025,32,320,15,prepare_AB,0.000894327035138273,8.439132899795884e-05,0.09436294071654783
45,0.0,128,8.0,0.025,32,320,15,prepare_BA,0.00018515016975676545,8.439132899795884e-05,0.4557993606423639
45,0.0,128,8.0,0.025,32,320,15,matched_static,0.021458720930397267,8.439132899795884e-05,0.003932728761965241
45,0.0,128,8.0,0.025,32,320,15,greedy_oracle,1.2362279008023622e-06,8.439132899795884e-05,68.26518714161477
45,0.0,128,8.0,0.025,32,320,16,static_0.0,0.055700374111607026,5.196948895493525e-05,0.0009330186696915861
45,0.0,128,8.0,0.025,32,320,16,static_0.1,0.02181991452690553,5.196948895493525e-05,0.002381745762150128
45,0.0,128,8.0,0.025,32,320,16,static_0.2,0.008676304980174899,5.196948895493525e-05,0.005989818139597905
45,0.0,128,8.0,0.025,32,320,16,static_0.3,0.0034285821293289663,5.196948895493525e-05,0.015157720303788258
45,0.0,128,8.0,0.025,32,320,16,static_0.4,0.0011151055234438064,5.196948895493525e-05,0.04660499644413622
45,0.0,128,8.0,0.025,32,320,16,static_0.5,0.00017012949801399678,5.196948895493525e-05,0.3054701833697273
45,0.0,128,8.0,0.025,32,320,16,static_0.6,5.196948895493525e-05,5.196948895493525e-05,1.0
45,0.0,128,8.0,0.025,32,320,16,static_0.7,0.000906811901371827,5.196948895493525e-05,0.05731010904942436
45,0.0,128,8.0,0.025,32,320,16,static_0.8,0.0038453251080770258,5.196948895493525e-05,0.013514979226535207
45,0.0,128,8.0,0.025,32,320,16,static_0.9,0.015550649133745549,5.196948895493525e-05,0.003341949812381743
45,0.0,128,8.0,0.025,32,320,16,static_1.0,0.05198965429966203,5.196948895493525e-05,0.000999612127739674
45,0.0,128,8.0,0.025,32,320,16,prepare_AB,0.0004254870241505326,5.196948895493525e-05,0.12214118411411067
45,0.0,128,8.0,0.025,32,320,16,prepare_BA,0.00039544615464496825,5.196948895493525e-05,0.13141988699218352
45,0.0,128,8.0,0.025,32,320,16,matched_static,0.019900809164403198,5.196948895493525e-05,0.0026114259237204115
45,0.0,128,8.0,0.025,32,320,16,greedy_oracle,5.230749519408974e-07,5.196948895493525e-05,99.3538091665443
45,0.0,128,8.0,0.025,32,320,17,static_0.0,0.05248688942937928,3.5822890957249455e-05,0.0006825112203581599
45,0.0,128,8.0,0.025,32,320,17,static_0.1,0.017797859381493947,3.5822890957249455e-05,0.002012764017817658
45,0.0,128,8.0,0.025,32,320,17,static_0.2,0.005300341108292057,3.5822890957249455e-05,0.006758601045733972
45,0.0,128,8.0,0.025,32,320,17,static_0.3,0.001352970310643384,3.5822890957249455e-05,0.026477218809195034
45,0.0,128,8.0,0.025,32,320,17,static_0.4,0.00022534316471334632,3.5822890957249455e-05,0.15897039079405362
45,0.0,128,8.0,0.025,32,320,17,static_0.5,3.5822890957249455e-05,3.5822890957249455e-05,1.0
45,0.0,128,8.0,0.025,32,320,17,static_0.6,0.0006927614520475634,3.5822890957249455e-05,0.05171028331811675
45,0.0,128,8.0,0.025,32,320,17,static_0.7,0.002918988683973996,3.5822890957249455e-05,0.012272363765548803
45,0.0,128,8.0,0.025,32,320,17,static_0.8,0.008078494487764527,3.5822890957249455e-05,0.004434352342692794
45,0.0,128,8.0,0.025,32,320,17,static_0.9,0.021708094149513565,3.5822890957249455e-05,0.0016502089363774099
45,0.0,128,8.0,0.025,32,320,17,static_1.0,0.05689966770460472,3.5822890957249455e-05,0.0006295799677288874
45,0.0,128,8.0,0.025,32,320,17,prepare_AB,9.465893143767422e-06,3.5822890957249455e-05,3.784417425083246
45,0.0,128,8.0,0.025,32,320,17,prepare_BA,0.0007715649228954745,3.5822890957249455e-05,0.04642887447865804
45,0.0,128,8.0,0.025,32,320,17,matched_static,0.016026893086259944,3.5822890957249455e-05,0.0022351737647742136
45,0.0,128,8.0,0.025,32,320,17,greedy_oracle,6.402416626353627e-07,3.5822890957249455e-05,55.95213971205072
45,0.0,128,8.0,0.025,32,320,18,static_0.0,0.05089122993359649,7.457206854888082e-06,0.00014653225839930255
45,0.0,128,8.0,0.025,32,320,18,static_0.1,0.02039523029780757,7.457206854888082e-06,0.00036563484432385697
45,0.0,128,8.0,0.025,32,320,18,static_0.2,0.008294344800339915,7.457206854888082e-06,0.000899071238825576
45,0.0,128,8.0,0.025,32,320,18,static_0.3,0.0031346278998605637,7.457206854888082e-06,0.002378976737628028
45,0.0,128,8.0,0.025,32,320,18,static_0.4,0.001086579024706602,7.457206854888082e-06,0.006863013812457567
45,0.0,128,8.0,0.025,32,320,18,static_0.5,0.00022128618537358986,7.457206854888082e-06,0.0336993782160343
45,0.0,128,8.0,0.025,32,320,18,static_0.6,7.457206854888082e-06,7.457206854888082e-06,1.0
45,0.0,128,8.0,0.025,32,320,18,static_0.7,0.0005019872386211015,7.457206854888082e-06,0.014855371374324439
45,0.0,128,8.0,0.025,32,320,18,static_0.8,0.002968186855106647,7.457206854888082e-06,0.0025123778316241295
45,0.0,128,8.0,0.025,32,320,18,static_0.9,0.01272396773478206,7.457206854888082e-06,0.0005860755866665053
45,0.0,128,8.0,0.025,32,320,18,static_1.0,0.04645418374530853,7.457206854888082e-06,0.00016052820765882458
45,0.0,128,8.0,0.025,32,320,18,prepare_AB,0.00012362438933655824,7.457206854888082e-06,0.06032148587271391
45,0.0,128,8.0,0.025,32,320,18,prepare_BA,0.0033146501459053704,7.457206854888082e-06,0.0022497719296560043
45,0.0,128,8.0,0.025,32,320,18,matched_static,0.019139424349669927,7.457206854888082e-06,0.0003896254515625851
45,0.0,128,8.0,0.025,32,320,18,greedy_oracle,2.1638765377846807e-08,7.457206854888082e-06,344.6225662450489
45,0.0,128,8.0,0.025,32,320,19,static_0.0,0.042396603287047675,3.988457848308619e-06,9.407493853468937e-05
45,0.0,128,8.0,0.025,32,320,19,static_0.1,0.017407021734332794,3.988457848308619e-06,0.00022912925078056128
45,0.0,128,8.0,0.025,32,320,19,static_0.2,0.006891691041290749,3.988457848308619e-06,0.0005787342793535357
45,0.0,128,8.0,0.025,32,320,19,static_0.3,0.0021403377870048332,3.988457848308619e-06,0.001863471211191401
45,0.0,128,8.0,0.025,32,320,19,static_0.4,0.0004083504460484913,3.988457848308619e-06,0.00976724254106727
45,0.0,128,8.0,0.025,32,320,19,static_0.5,3.988457848308619e-06,3.988457848308619e-06,1.0
45,0.0,128,8.0,0.025,32,320,19,static_0.6,0.0004752239493114641,3.988457848308619e-06,0.008392796394389132
45,0.0,128,8.0,0.025,32,320,19,static_0.7,0.002253649994847967,3.988457848308619e-06,0.0017697769651128475
45,0.0,128,8.0,0.025,32,320,19,static_0.8,0.007387971825968237,3.988457848308619e-06,0.0005398582915935672
45,0.0,128,8.0,0.025,32,320,19,static_0.9,0.019523642016338532,3.988457848308619e-06,0.00020428861812621043
45,0.0,128,8.0,0.025,32,320,19,static_1.0,0.05052147425764975,3.988457848308619e-06,7.894579299028875e-05
45,0.0,128,8.0,0.025,32,320,19,prepare_AB,9.174648695003922e-08,3.988457848308619e-06,43.472594765187516
45,0.0,128,8.0,0.025,32,320,19,prepare_BA,4.570583255365242e-06,3.988457848308619e-06,0.8726365160566134
45,0.0,128,8.0,0.025,32,320,19,matched_static,0.016522865380895913,3.988457848308619e-06,0.00024139020420272617
45,0.0,128,8.0,0.025,32,320,19,greedy_oracle,6.979387331944473e-07,3.988457848308619e-06,5.714624591837097
45,0.0,1024,4.0,0.025,32,160,0,static_0.0,0.06049854664752036,0.0006073733002101403,0.010039469274342223
45,0.0,1024,4.0,0.025,32,160,0,static_0.1,0.031970845212636705,0.0006073733002101403,0.018997724213123766
45,0.0,1024,4.0,0.025,32,160,0,static_0.2,0.014969206877161703,0.0006073733002101403,0.04057484843347317
45,0.0,1024,4.0,0.025,32,160,0,static_0.3,0.006181213618641332,0.0006073733002101403,0.09826117291569104
45,0.0,1024,4.0,0.025,32,160,0,static_0.4,0.0018238001599237483,0.0006073733002101403,0.3330262347578334
45,0.0,1024,4.0,0.025,32,160,0,static_0.5,0.0006073733002101403,0.0006073733002101403,1.0
45,0.0,1024,4.0,0.025,32,160,0,static_0.6,0.001957456998041722,0.0006073733002101403,0.3102869185978381
45,0.0,1024,4.0,0.025,32,160,0,static_0.7,0.006071018699540292,0.0006073733002101403,0.10004470917807116
45,0.0,1024,4.0,0.025,32,160,0,static_0.8,0.015496879318589342,0.0006073733002101403,0.03919326515510534
45,0.0,1024,4.0,0.025,32,160,0,static_0.9,0.03477886757180964,0.0006073733002101403,0.017463860746933946
45,0.0,1024,4.0,0.025,32,160,0,static_1.0,0.06197546016259438,0.0006073733002101403,0.00980022251737509
45,0.0,1024,4.0,0.025,32,160,0,prepare_AB,0.000542850368986524,0.0006073733002101403,1.1188595143521365
45,0.0,1024,4.0,0.025,32,160,0,prepare_BA,0.00043760265327715605,0.0006073733002101403,1.3879561644829879
45,0.0,1024,4.0,0.025,32,160,0,matched_static,0.012943867074512592,0.0006073733002101403,0.046923635472593976
45,0.0,1024,4.0,0.025,32,160,0,greedy_oracle,0.0007487102773085086,0.0006073733002101403,0.8112260758507928
45,0.0,1024,4.0,0.025,32,160,1,static_0.0,0.06264301654907455,0.00036074193643741164,0.005758693567299818
45,0.0,1024,4.0,0.025,32,160,1,static_0.1,0.030120750602771033,0.00036074193643741164,0.011976525458971274
45,0.0,1024,4.0,0.025,32,160,1,static_0.2,0.01514671309703149,0.00036074193643741164,0.02381651610659419
45,0.0,1024,4.0,0.025,32,160,1,static_0.3,0.006140049366209401,0.00036074193643741164,0.05875228600321792
45,0.0,1024,4.0,0.025,32,160,1,static_0.4,0.0017385208892640538,0.00036074193643741164,0.2074993396197385
45,0.0,1024,4.0,0.025,32,160,1,static_0.5,0.00036074193643741164,0.00036074193643741164,1.0
45,0.0,1024,4.0,0.025,32,160,1,static_0.6,0.00141585108643189,0.00036074193643741164,0.2547880493184657
45,0.0,1024,4.0,0.025,32,160,1,static_0.7,0.005853082299214585,0.00036074193643741164,0.06163281464294786
45,0.0,1024,4.0,0.025,32,160,1,static_0.8,0.015856431708353623,0.00036074193643741164,0.022750511784272526
45,0.0,1024,4.0,0.025,32,160,1,static_0.9,0.034960566827490186,0.00036074193643741164,0.010318537975012268
45,0.0,1024,4.0,0.025,32,160,1,static_1.0,0.06429638319786239,0.00036074193643741164,0.005610610091819363
45,0.0,1024,4.0,0.025,32,160,1,prepare_AB,0.0002204268883651196,0.00036074193643741164,1.6365604900245714
45,0.0,1024,4.0,0.025,32,160,1,prepare_BA,0.00044855514451269495,0.00036074193643741164,0.8042309643540427
45,0.0,1024,4.0,0.025,32,160,1,matched_static,0.012924017037267347,0.00036074193643741164,0.027912524054803236
45,0.0,1024,4.0,0.025,32,160,1,greedy_oracle,0.0003275975460345925,0.00036074193643741164,1.1011741107466027
45,0.0,1024,4.0,0.025,32,160,2,static_0.0,0.06133052246978248,0.0004985223867197501,0.008128454913544424
45,0.0,1024,4.0,0.025,32,160,2,static_0.1,0.035219846216501496,0.0004985223867197501,0.014154587264670629
45,0.0,1024,4.0,0.025,32,160,2,static_0.2,0.016700349703690963,0.0004985223867197501,0.029851014832915215
45,0.0,1024,4.0,0.025,32,160,2,static_0.3,0.006619194804227615,0.0004985223867197501,0.07531465706393001
45,0.0,1024,4.0,0.025,32,160,2,static_0.4,0.0020153517246458935,0.0004985223867197501,0.24736247307270537
45,0.0,1024,4.0,0.025,32,160,2,static_0.5,0.0004985223867197501,0.0004985223867197501,1.0
45,0.0,1024,4.0,0.025,32,160,2,static_0.6,0.0021827102448036323,0.0004985223867197501,0.22839604473684952
45,0.0,1024,4.0,0.025,32,160,2,static_0.7,0.006686789278210434,0.0004985223867197501,0.07455332686259977
45,0.0,1024,4.0,0.025,32,160,2,static_0.8,0.015053961501648228,0.0004985223867197501,0.033115694275235655
45,0.0,1024,4.0,0.025,32,160,2,static_0.9,0.03339584233095178,0.0004985223867197501,0.014927678175606664
45,0.0,1024,4.0,0.025,32,160,2,static_1.0,0.06265572824377288,0.0004985223867197501,0.007956533276257888
45,0.0,1024,4.0,0.025,32,160,2,prepare_AB,0.00033306728188926203,0.0004985223867197501,1.4967618070798636
45,0.0,1024,4.0,0.025,32,160,2,prepare_BA,0.00038439789265344744,0.0004985223867197501,1.2968915705508075
45,0.0,1024,4.0,0.025,32,160,2,matched_static,0.013413137422825714,0.0004985223867197501,0.03716672475683378
45,0.0,1024,4.0,0.025,32,160,2,greedy_oracle,0.0005340777485413088,0.0004985223867197501,0.9334266182804495
45,0.0,1024,4.0,0.025,32,160,3,static_0.0,0.06173865895435334,0.0007354553643519244,0.011912396168107336
45,0.0,1024,4.0,0.025,32,160,3,static_0.1,0.03014011253647327,0.0007354553643519244,0.024401214941116505
45,0.0,1024,4.0,0.025,32,160,3,static_0.2,0.012782830692726184,0.0007354553643519244,0.057534624531201894
45,0.0,1024,4.0,0.025,32,160,3,static_0.3,0.004622290933592766,0.0007354553643519244,0.15911057415424895
45,0.0,1024,4.0,0.025,32,160,3,static_0.4,0.0010997517855720412,0.0007354553643519244,0.668746688116877
45,0.0,1024,4.0,0.025,32,160,3,static_0.5,0.0007354553643519244,0.0007354553643519244,1.0
45,0.0,1024,4.0,0.025,32,160,3,static_0.6,0.0029264510791015843,0.0007354553643519244,0.2513130561463915
45,0.0,1024,4.0,0.025,32,160,3,static_0.7,0.008401904563714457,0.0007354553643519244,0.08753436304527384
45,0.0,1024,4.0,0.025,32,160,3,static_0.8,0.01701487121625503,0.0007354553643519244,0.04322426864149948
45,0.0,1024,4.0,0.025,32,160,3,static_0.9,0.035239489393422016,0.0007354553643519244,0.020870204903967998
45,0.0,1024,4.0,0.025,32,160,3,static_1.0,0.06316345521703294,0.0007354553643519244,0.011643684814658432
45,0.0,1024,4.0,0.025,32,160,3,prepare_AB,0.0004493198548923646,0.0007354553643519244,1.6368191976027948
45,0.0,1024,4.0,0.025,32,160,3,prepare_BA,0.0007455109505907418,0.0007354553643519244,0.9865118195368567
45,0.0,1024,4.0,0.025,32,160,3,matched_static,0.010999244270065779,0.0007354553643519244,0.0668641723280436
45,0.0,1024,4.0,0.025,32,160,3,greedy_oracle,0.0006885878386755418,0.0007354553643519244,1.0680632492239908
45,0.0,1024,4.0,0.025,32,160,4,static_0.0,0.06418870671253572,0.0004007364489097632,0.006243098972291671
45,0.0,1024,4.0,0.025,32,160,4,static_0.1,0.032001051655222004,0.0004007364489097632,0.01252260248279591
45,0.0,1024,4.0,0.025,32,160,4,static_0.2,0.014674254280582291,0.0004007364489097632,0.02730881183107463
45,0.0,1024,4.0,0.025,32,160,4,static_0.3,0.006366137492783239,0.0004007364489097632,0.06294812975121018
45,0.0,1024,4.0,0.025,32,160,4,static_0.4,0.00181536860658758,0.0004007364489097632,0.22074660069342245
45,0.0,1024,4.0,0.025,32,160,4,static_0.5,0.0004007364489097632,0.0004007364489097632,1.0
45,0.0,1024,4.0,0.025,32,160,4,static_0.6,0.0016156390121029752,0.0004007364489097632,0.24803588295887327
45,0.0,1024,4.0,0.025,32,160,4,static_0.7,0.006636145832006333,0.0004007364489097632,0.06038692624520081
45,0.0,1024,4.0,0.025,32,160,4,static_0.8,0.017314127425141546,0.0004007364489097632,0.023145056003680598
45,0.0,1024,4.0,0.025,32,160,4,static_0.9,0.03464218044739323,0.0004007364489097632,0.011567876032466022
45,0.0,1024,4.0,0.025,32,160,4,static_1.0,0.06590459517085445,0.0004007364489097632,0.0060805539867269266
45,0.0,1024,4.0,0.025,32,160,4,prepare_AB,0.00034654628113789545,0.0004007364489097632,1.156372094353264
45,0.0,1024,4.0,0.025,32,160,4,prepare_BA,0.0002858272513129603,0.0004007364489097632,1.402023239802931
45,0.0,1024,4.0,0.025,32,160,4,matched_static,0.012600987814431827,0.0004007364489097632,0.03180198686096676
45,0.0,1024,4.0,0.025,32,160,4,greedy_oracle,0.0003469444416479098,0.0004007364489097632,1.1550450181774155
45,0.0,1024,4.0,0.025,32,160,5,static_0.0,0.060481214062932775,0.0007876178222517298,0.013022520041217865
45,0.0,1024,4.0,0.025,32,160,5,static_0.1,0.028678852489209865,0.0007876178222517298,0.02746336599583485
45,0.0,1024,4.0,0.025,32,160,5,static_0.2,0.014362346162819319,0.0007876178222517298,0.054839078053325586
45,0.0,1024,4.0,0.025,32,160,5,static_0.3,0.00437983925967831,0.0007876178222517298,0.17982802006062173
45,0.0,1024,4.0,0.025,32,160,5,static_0.4,0.000977389833647863,0.0007876178222517298,0.8058379524085527
45,0.0,1024,4.0,0.025,32,160,5,static_0.5,0.0007876178222517298,0.0007876178222517298,1.0
45,0.0,1024,4.0,0.025,32,160,5,static_0.6,0.00351910099794129,0.0007876178222517298,0.2238122244040436
45,0.0,1024,4.0,0.025,32,160,5,static_0.7,0.008758802800243989,0.0007876178222517298,0.08992299977684046
45,0.0,1024,4.0,0.025,32,160,5,static_0.8,0.018242064502040765,0.0007876178222517298,0.0431759147745376
45,0.0,1024,4.0,0.025,32,160,5,static_0.9,0.037409688963638804,0.0007876178222517298,0.02105384578356887
45,0.0,1024,4.0,0.025,32,160,5,static_1.0,0.06445507725434048,0.0007876178222517298,0.012219639721224456
45,0.0,1024,4.0,0.025,32,160,5,prepare_AB,0.0009643600241696893,0.0007876178222517298,0.8167259140898816
45,0.0,1024,4.0,0.025,32,160,5,prepare_BA,0.0006214627430792531,0.0007876178222517298,1.2673612875796925
45,0.0,1024,4.0,0.025,32,160,5,matched_static,0.011277341247542018,0.0007876178222517298,0.06984073683355083
45,0.0,1024,4.0,0.025,32,160,5,greedy_oracle,0.0004629516104061245,0.0007876178222517298,1.7012962144375992
45,0.0,1024,4.0,0.025,32,160,6,static_0.0,0.06326856002107037,0.00032087128404977716,0.0050715755810297755
45,0.0,1024,4.0,0.025,32,160,6,static_0.1,0.03201594472474624,0.00032087128404977716,0.010022233821567183
45,0.0,1024,4.0,0.025,32,160,6,static_0.2,0.017404378488319116,0.00032087128404977716,0.018436239148966378
45,0.0,1024,4.0,0.025,32,160,6,static_0.3,0.0071660900608339975,0.00032087128404977716,0.04477633986258244
45,0.0,1024,4.0,0.025,32,160,6,static_0.4,0.002048383719517077,0.00032087128404977716,0.1566460819779534
45,0.0,1024,4.0,0.025,32,160,6,static_0.5,0.00032087128404977716,0.00032087128404977716,1.0
45,0.0,1024,4.0,0.025,32,160,6,static_0.6,0.001510628253817202,0.00032087128404977716,0.21240916369660667
45,0.0,1024,4.0,0.025,32,160,6,static_0.7,0.006078358107831515,0.00032087128404977716,0.052789137848979026
45,0.0,1024,4.0,0.025,32,160,6,static_0.8,0.014403014052419972,0.00032087128404977716,0.022278065055130934
45,0.0,1024,4.0,0.025,32,160,6,static_0.9,0.031015839601248547,0.00032087128404977716,0.01034540054936512
45,0.0,1024,4.0,0.025,32,160,6,static_1.0,0.06486931087506603,0.00032087128404977716,0.004946426587878417
45,0.0,1024,4.0,0.025,32,160,6,prepare_AB,0.00018776025223692902,0.00032087128404977716,1.7089414837645154
45,0.0,1024,4.0,0.025,32,160,6,prepare_BA,0.0002860779077258341,0.00032087128404977716,1.1216220315666168
45,0.0,1024,4.0,0.025,32,160,6,matched_static,0.015353540109891053,0.00032087128404977716,0.020898846894799563
45,0.0,1024,4.0,0.025,32,160,6,greedy_oracle,0.00039807831076320337,0.00032087128404977716,0.8060506573055853
45,0.0,1024,4.0,0.025,32,160,7,static_0.0,0.06215090737985929,0.00042964318782530073,0.0069129028993795754
45,0.0,1024,4.0,0.025,32,160,7,static_0.1,0.03378589176235853,0.00042964318782530073,0.012716644889745783
45,0.0,1024,4.0,0.025,32,160,7,static_0.2,0.01724642611454785,0.00042964318782530073,0.024912012782919966
45,0.0,1024,4.0,0.025,32,160,7,static_0.3,0.006963260053902928,0.00042964318782530073,0.06170144221232761
45,0.0,1024,4.0,0.025,32,160,7,static_0.4,0.001861835439844741,0.00042964318782530073,0.23076324503798726
45,0.0,1024,4.0,0.025,32,160,7,static_0.5,0.00042964318782530073,0.00042964318782530073,1.0
45,0.0,1024,4.0,0.025,32,160,7,static_0.6,0.0012310014941997048,0.00042964318782530073,0.3490192252809727
45,0.0,1024,4.0,0.025,32,160,7,static_0.7,0.004737631027507066,0.00042964318782530073,0.09068734676270859
45,0.0,1024,4.0,0.025,32,160,7,static_0.8,0.012584304403715729,0.00042964318782530073,0.03414119478057455
45,0.0,1024,4.0,0.025,32,160,7,static_0.9,0.027786560784807735,0.00042964318782530073,0.015462265774906824
45,0.0,1024,4.0,0.025,32,160,7,static_1.0,0.05618841602262965,0.00042964318782530073,0.007646472676009655
45,0.0,1024,4.0,0.025,32,160,7,prepare_AB,0.0002687740157232243,0.00042964318782530073,1.5985294808696642
45,0.0,1024,4.0,0.025,32,160,7,prepare_BA,0.0003708832605003175,0.00042964318782530073,1.1584324060506712
45,0.0,1024,4.0,0.025,32,160,7,matched_static,0.014635858488445421,0.00042964318782530073,0.029355516669178742
45,0.0,1024,4.0,0.025,32,160,7,greedy_oracle,0.00046346886208674517,0.00042964318782530073,0.9270162959618343
45,0.0,1024,4.0,0.025,32,160,8,static_0.0,0.059143612954816537,0.0004036772304899161,0.006825373194537678
45,0.0,1024,4.0,0.025,32,160,8,static_0.1,0.027574500401413835,0.0004036772304899161,0.014639512035156158
45,0.0,1024,4.0,0.025,32,160,8,static_0.2,0.012254316166021111,0.0004036772304899161,0.032941636646297436
45,0.0,1024,4.0,0.025,32,160,8,static_0.3,0.004748113795853392,0.0004036772304899161,0.08501844055263677
45,0.0,1024,4.0,0.025,32,160,8,static_0.4,0.001232666265931685,0.0004036772304899161,0.3274829867959477
45,0.0,1024,4.0,0.025,32,160,8,static_0.5,0.0004036772304899161,0.0004036772304899161,1.0
45,0.0,1024,4.0,0.025,32,160,8,static_0.6,0.0021508017164631786,0.0004036772304899161,0.18768686457705225
45,0.0,1024,4.0,0.025,32,160,8,static_0.7,0.006846437013115442,0.0004036772304899161,0.05896165110649641
45,0.0,1024,4.0,0.025,32,160,8,static_0.8,0.01701717204505887,0.0004036772304899161,0.02372175761172541
45,0.0,1024,4.0,0.025,32,160,8,static_0.9,0.034023812514913966,0.0004036772304899161,0.011864550168002736
45,0.0,1024,4.0,0.025,32,160,8,static_1.0,0.06215841051488439,0.0004036772304899161,0.006494330005321677
45,0.0,1024,4.0,0.025,32,160,8,prepare_AB,0.0002231083571423281,0.0004036772304899161,1.8093326294917642
45,0.0,1024,4.0,0.025,32,160,8,prepare_BA,0.0002415717684298018,0.0004036772304899161,1.6710447297454813
45,0.0,1024,4.0,0.025,32,160,8,matched_static,0.010772592364859439,0.0004036772304899161,0.0374726172510458
45,0.0,1024,4.0,0.025,32,160,8,greedy_oracle,0.0004616280788229184,0.0004036772304899161,0.8744642039956319
45,0.0,1024,4.0,0.025,32,160,9,static_0.0,0.06416016724148944,0.0007948377279476586,0.01238833628590783
45,0.0,1024,4.0,0.025,32,160,9,static_0.1,0.02798696808061087,0.0007948377279476586,0.028400279932370213
45,0.0,1024,4.0,0.025,32,160,9,static_0.2,0.012493699743774733,0.0007948377279476586,0.06361908355799124
45,0.0,1024,4.0,0.025,32,160,9,static_0.3,0.004681880854064948,0.0007948377279476586,0.16976889261450487
45,0.0,1024,4.0,0.025,32,160,9,static_0.4,0.001109116468573507,0.0007948377279476586,0.7166404525305995
45,0.0,1024,4.0,0.025,32,160,9,static_0.5,0.0007948377279476586,0.0007948377279476586,1.0
45,0.0,1024,4.0,0.025,32,160,9,static_0.6,0.002751445712991128,0.0007948377279476586,0.288880032847743
45,0.0,1024,4.0,0.025,32,160,9,static_0.7,0.008594101630112342,0.0007948377279476586,0.09248642407982188
45,0.0,1024,4.0,0.025,32,160,9,static_0.8,0.018311970181221205,0.0007948377279476586,0.04340536381840328
45,0.0,1024,4.0,0.025,32,160,9,static_0.9,0.03286990866969676,0.0007948377279476586,0.024181318419069137
45,0.0,1024,4.0,0.025,32,160,9,static_1.0,0.06434985094401892,0.0007948377279476586,0.012351819255014697
45,0.0,1024,4.0,0.025,32,160,9,prepare_AB,0.0005249767395105155,0.0007948377279476586,1.5140437054197098
45,0.0,1024,4.0,0.025,32,160,9,prepare_BA,0.0007068020139083882,0.0007948377279476586,1.1245549847155374
45,0.0,1024,4.0,0.025,32,160,9,matched_static,0.011073673957491419,0.0007948377279476586,0.07177723770799169
45,0.0,1024,4.0,0.025,32,160,9,greedy_oracle,0.0005104654281975874,0.0007948377279476586,1.5570843470324074
45,0.0,1024,4.0,0.025,32,160,10,static_0.0,0.06195234775697235,0.0007660341084084644,0.012364892310675215
45,0.0,1024,4.0,0.025,32,160,10,static_0.1,0.0329645244123528,0.0007660341084084644,0.02323813621049568
45,0.0,1024,4.0,0.025,32,160,10,static_0.2,0.016427035334861076,0.0007660341084084644,0.04663252332469295
45,0.0,1024,4.0,0.025,32,160,10,static_0.3,0.007603123223819203,0.0007660341084084644,0.10075255731863174
45,0.0,1024,4.0,0.025,32,160,10,static_0.4,0.0025958767320414006,0.0007660341084084644,0.29509648857866
45,0.0,1024,4.0,0.025,32,160,10,static_0.5,0.0007660341084084644,0.0007660341084084644,1.0
45,0.0,1024,4.0,0.025,32,160,10,static_0.6,0.0017015407461351939,0.0007660341084084644,0.4502002729869391
45,0.0,1024,4.0,0.025,32,160,10,static_0.7,0.0063900266408196,0.0007660341084084644,0.11987964236565546
45,0.0,1024,4.0,0.025,32,160,10,static_0.8,0.01640796351565287,0.0007660341084084644,0.046686726703023394
45,0.0,1024,4.0,0.025,32,160,10,static_0.9,0.034168293049139584,0.0007660341084084644,0.02241944329225877
45,0.0,1024,4.0,0.025,32,160,10,static_1.0,0.06149905188773656,0.0007660341084084644,0.012456031189014448
45,0.0,1024,4.0,0.025,32,160,10,prepare_AB,0.00033166129061046974,0.0007660341084084644,2.309688016344837
45,0.0,1024,4.0,0.025,32,160,10,prepare_BA,0.0004104256260142572,0.0007660341084084644,1.8664383017396047
45,0.0,1024,4.0,0.025,32,160,10,matched_static,0.014211376685530464,0.0007660341084084644,0.053902878331865904
45,0.0,1024,4.0,0.025,32,160,10,greedy_oracle,0.000517379700515666,0.0007660341084084644,1.4806033318372707
45,0.0,1024,4.0,0.025,32,160,11,static_0.0,0.06115104174342239,0.000531241072605982,0.008687359323083389
45,0.0,1024,4.0,0.025,32,160,11,static_0.1,0.03174385259588784,0.000531241072605982,0.016735242548183957
45,0.0,1024,4.0,0.025,32,160,11,static_0.2,0.013439348559747391,0.000531241072605982,0.03952878149147188
45,0.0,1024,4.0,0.025,32,160,11,static_0.3,0.005300784507599336,0.000531241072605982,0.1002193301471474
45,0.0,1024,4.0,0.025,32,160,11,static_0.4,0.0015287224044351344,0.000531241072605982,0.34750656565557203
45,0.0,1024,4.0,0.025,32,160,11,static_0.5,0.000531241072605982,0.000531241072605982,1.0
45,0.0,1024,4.0,0.025,32,160,11,static_0.6,0.002640833445759789,0.000531241072605982,0.20116417165912548
45,0.0,1024,4.0,0.025,32,160,11,static_0.7,0.008559568895201585,0.000531241072605982,0.06206399867916138
45,0.0,1024,4.0,0.025,32,160,11,static_0.8,0.019595452656984275,0.000531241072605982,0.027110426174137666
45,0.0,1024,4.0,0.025,32,160,11,static_0.9,0.03596187478812313,0.000531241072605982,0.014772340867540956
45,0.0,1024,4.0,0.025,32,160,11,static_1.0,0.06436042589557503,0.000531241072605982,0.008254157196969487
45,0.0,1024,4.0,0.025,32,160,11,prepare_AB,0.0002827607054643736,0.000531241072605982,1.8787655510108197
45,0.0,1024,4.0,0.025,32,160,11,prepare_BA,0.0003515066187981306,0.000531241072605982,1.5113259443659934
45,0.0,1024,4.0,0.025,32,160,11,matched_static,0.011962375736197656,0.000531241072605982,0.04440932840777342
45,0.0,1024,4.0,0.025,32,160,11,greedy_oracle,0.000536654877928979,0.000531241072605982,0.9899119423941704
45,0.0,1024,4.0,0.025,32,160,12,static_0.0,0.06424007631385449,0.0004217965864288031,0.006565941552871961
45,0.0,1024,4.0,0.025,32,160,12,static_0.1,0.033065110607442216,0.0004217965864288031,0.012756545454708569
45,0.0,1024,4.0,0.025,32,160,12,static_0.2,0.01664398031597157,0.0004217965864288031,0.025342290631288893
45,0.0,1024,4.0,0.025,32,160,12,static_0.3,0.0073679834699018855,0.0004217965864288031,0.057247222140472565
45,0.0,1024,4.0,0.025,32,160,12,static_0.4,0.0021396076224361265,0.0004217965864288031,0.19713735453445036
45,0.0,1024,4.0,0.025,32,160,12,static_0.5,0.0004217965864288031,0.0004217965864288031,1.0
45,0.0,1024,4.0,0.025,32,160,12,static_0.6,0.0015027810732969266,0.0004217965864288031,0.2806773347919737
45,0.0,1024,4.0,0.025,32,160,12,static_0.7,0.0051338880739214615,0.0004217965864288031,0.08215928753324352
45,0.0,1024,4.0,0.025,32,160,12,static_0.8,0.014385035599906192,0.0004217965864288031,0.029321900769682746
45,0.0,1024,4.0,0.025,32,160,12,static_0.9,0.02865893960239865,0.0004217965864288031,0.01471780157537651
45,0.0,1024,4.0,0.025,32,160,12,static_1.0,0.06360446020815658,0.0004217965864288031,0.006631556734361096
45,0.0,1024,4.0,0.025,32,160,12,prepare_AB,0.00024108561181207695,0.0004217965864288031,1.7495717942619817
45,0.0,1024,4.0,0.025,32,160,12,prepare_BA,0.0005361684983710316,0.0004217965864288031,0.7866866250260707
45,0.0,1024,4.0,0.025,32,160,12,matched_static,0.014178554838066619,0.0004217965864288031,0.02974891244179291
45,0.0,1024,4.0,0.025,32,160,12,greedy_oracle,0.00047614807214379676,0.0004217965864288031,0.8858517152652053
45,0.0,1024,4.0,0.025,32,160,13,static_0.0,0.06411711629242924,0.00047889414723747227,0.007469053116071265
45,0.0,1024,4.0,0.025,32,160,13,static_0.1,0.03163390296460119,0.00047889414723747227,0.015138636157965141
45,0.0,1024,4.0,0.025,32,160,13,static_0.2,0.013714262739737752,0.00047889414723747227,0.034919423400709165
45,0.0,1024,4.0,0.025,32,160,13,static_0.3,0.005343802404971091,0.00047889414723747227,0.08961673934499885
45,0.0,1024,4.0,0.025,32,160,13,static_0.4,0.0012986316723567154,0.00047889414723747227,0.3687682638822372
45,0.0,1024,4.0,0.025,32,160,13,static_0.5,0.00047889414723747227,0.00047889414723747227,1.0
45,0.0,1024,4.0,0.025,32,160,13,static_0.6,0.002390857126183896,0.00047889414723747227,0.2003022857337555
45,0.0,1024,4.0,0.025,32,160,13,static_0.7,0.0071819389959959234,0.00047889414723747227,0.06668034182752951
45,0.0,1024,4.0,0.025,32,160,13,static_0.8,0.01664296673444543,0.00047889414723747227,0.028774566150295784
45,0.0,1024,4.0,0.025,32,160,13,static_0.9,0.03231610822643745,0.00047889414723747227,0.014819053825475628
45,0.0,1024,4.0,0.025,32,160,13,static_1.0,0.06071861545742375,0.00047889414723747227,0.007887105850977048
45,0.0,1024,4.0,0.025,32,160,13,prepare_AB,0.00035877589654276904,0.00047889414723747227,1.334800224463753
45,0.0,1024,4.0,0.025,32,160,13,prepare_BA,0.00017098105481995628,0.00047889414723747227,2.8008608774916595
45,0.0,1024,4.0,0.025,32,160,13,matched_static,0.011902571240152423,0.00047889414723747227,0.04023451215498371
45,0.0,1024,4.0,0.025,32,160,13,greedy_oracle,0.00034041109870353,0.00047889414723747227,1.4068112028701791
45,0.0,1024,4.0,0.025,32,160,14,static_0.0,0.062300705527047986,0.0005566564398857441,0.008934994157394743
45,0.0,1024,4.0,0.025,32,160,14,static_0.1,0.03220176936634685,0.0005566564398857441,0.017286517195775272
45,0.0,1024,4.0,0.025,32,160,14,static_0.2,0.015713874605505718,0.0005566564398857441,0.03542451838649054
45,0.0,1024,4.0,0.025,32,160,14,static_0.3,0.006907183789415296,0.0005566564398857441,0.08059094080264309
45,0.0,1024,4.0,0.025,32,160,14,static_0.4,0.002127947514537699,0.0005566564398857441,0.2615931248692846
45,0.0,1024,4.0,0.025,32,160,14,static_0.5,0.0005566564398857441,0.0005566564398857441,1.0
45,0.0,1024,4.0,0.025,32,160,14,static_0.6,0.0018356684178530628,0.0005566564398857441,0.30324454812857277
45,0.0,1024,4.0,0.025,32,160,14,static_0.7,0.006034693804429412,0.0005566564398857441,0.09224269829186085
45,0.0,1024,4.0,0.025,32,160,14,static_0.8,0.015064344889929675,0.0005566564398857441,0.03695191818516197
45,0.0,1024,4.0,0.025,32,160,14,static_0.9,0.03205834980417377,0.0005566564398857441,0.017363851953891632
45,0.0,1024,4.0,0.025,32,160,14,static_1.0,0.0647644207724088,0.0005566564398857441,0.008595096400875912
45,0.0,1024,4.0,0.025,32,160,14,prepare_AB,0.00039635073178850345,0.0005566564398857441,1.4044541746494903
45,0.0,1024,4.0,0.025,32,160,14,prepare_BA,0.00031292688682761036,0.0005566564398857441,1.778870603063274
45,0.0,1024,4.0,0.025,32,160,14,matched_static,0.01407728538712868,0.0005566564398857441,0.03954288235107553
45,0.0,1024,4.0,0.025,32,160,14,greedy_oracle,0.0005341490200524248,0.0005566564398857441,1.0421369673787106
45,0.0,1024,4.0,0.025,32,160,15,static_0.0,0.06257438928133388,0.000320325148398258,0.005119109464386125
45,0.0,1024,4.0,0.025,32,160,15,static_0.1,0.03269713904845022,0.000320325148398258,0.009796733222549045
45,0.0,1024,4.0,0.025,32,160,15,static_0.2,0.013453824174084455,0.000320325148398258,0.02380922660006863
45,0.0,1024,4.0,0.025,32,160,15,static_0.3,0.004704971592791195,0.000320325148398258,0.06808227044113291
45,0.0,1024,4.0,0.025,32,160,15,static_0.4,0.0012742704003483585,0.000320325148398258,0.2513792585236916
45,0.0,1024,4.0,0.025,32,160,15,static_0.5,0.000320325148398258,0.000320325148398258,1.0
45,0.0,1024,4.0,0.025,32,160,15,static_0.6,0.0017984089759456175,0.000320325148398258,0.1781158527802768
45,0.0,1024,4.0,0.025,32,160,15,static_0.7,0.0066829994803291925,0.000320325148398258,0.047931344202720085
45,0.0,1024,4.0,0.025,32,160,15,static_0.8,0.016183332883771915,0.000320325148398258,0.01979352156313048
45,0.0,1024,4.0,0.025,32,160,15,static_0.9,0.035043428138942304,0.000320325148398258,0.009140805149776256
45,0.0,1024,4.0,0.025,32,160,15,static_1.0,0.06319413457085035,0.000320325148398258,0.005068906324512193
45,0.0,1024,4.0,0.025,32,160,15,prepare_AB,0.00035890451758802355,0.000320325148398258,0.8925079866672234
45,0.0,1024,4.0,0.025,32,160,15,prepare_BA,0.0001489755918977041,0.000320325148398258,2.150185438553002
45,0.0,1024,4.0,0.025,32,160,15,matched_static,0.010786174343804314,0.000320325148398258,0.029697753641656638
45,0.0,1024,4.0,0.025,32,160,15,greedy_oracle,0.00033190061283266644,0.000320325148398258,0.9651237027385531
45,0.0,1024,4.0,0.025,32,160,16,static_0.0,0.06329238802996993,0.0003080539352356993,0.004867156143481755
45,0.0,1024,4.0,0.025,32,160,16,static_0.1,0.029388564278531967,0.0003080539352356993,0.010482102232558852
45,0.0,1024,4.0,0.025,32,160,16,static_0.2,0.012418920809083791,0.0003080539352356993,0.024805209725661023
45,0.0,1024,4.0,0.025,32,160,16,static_0.3,0.004665596723537921,0.0003080539352356993,0.06602669572395063
45,0.0,1024,4.0,0.025,32,160,16,static_0.4,0.0011756429578661793,0.0003080539352356993,0.2620301794643713
45,0.0,1024,4.0,0.025,32,160,16,static_0.5,0.0003080539352356993,0.0003080539352356993,1.0
45,0.0,1024,4.0,0.025,32,160,16,static_0.6,0.002072857411837483,0.0003080539352356993,0.14861318172513618
45,0.0,1024,4.0,0.025,32,160,16,static_0.7,0.006482602671063955,0.0003080539352356993,0.047520101241241126
45,0.0,1024,4.0,0.025,32,160,16,static_0.8,0.01595141022379585,0.0003080539352356993,0.019312018869413403
45,0.0,1024,4.0,0.025,32,160,16,static_0.9,0.032810044663725994,0.0003080539352356993,0.00938901298041439
45,0.0,1024,4.0,0.025,32,160,16,static_1.0,0.059560972042340364,0.0003080539352356993,0.005172077027499008
45,0.0,1024,4.0,0.025,32,160,16,prepare_AB,0.0003012655995508871,0.0003080539352356993,1.0225327275830096
45,0.0,1024,4.0,0.025,32,160,16,prepare_BA,0.0008464468290360462,0.0003080539352356993,0.3639377272953086
45,0.0,1024,4.0,0.025,32,160,16,matched_static,0.01037715188138059,0.0003080539352356993,0.029685788427981977
45,0.0,1024,4.0,0.025,32,160,16,greedy_oracle,0.0003424669099463966,0.0003080539352356993,0.8995144531888244
45,0.0,1024,4.0,0.025,32,160,17,static_0.0,0.06100763469907239,0.0006795874794668112,0.011139384157719923
45,0.0,1024,4.0,0.025,32,160,17,static_0.1,0.028308337277681696,0.0006795874794668112,0.02400661942100705
45,0.0,1024,4.0,0.025,32,160,17,static_0.2,0.01296321119426527,0.0006795874794668112,0.052424315957102556
45,0.0,1024,4.0,0.025,32,160,17,static_0.3,0.0049317813528162715,0.0006795874794668112,0.1377975686368853
45,0.0,1024,4.0,0.025,32,160,17,static_0.4,0.0012026456757522608,0.0006795874794668112,0.5650770573317249
45,0.0,1024,4.0,0.025,32,160,17,static_0.5,0.0006795874794668112,0.0006795874794668112,1.0
45,0.0,1024,4.0,0.025,32,160,17,static_0.6,0.002874815995717595,0.0006795874794668112,0.23639338325623047
45,0.0,1024,4.0,0.025,32,160,17,static_0.7,0.007860558442250733,0.0006795874794668112,0.086455368846825
45,0.0,1024,4.0,0.025,32,160,17,static_0.8,0.016890930489914375,0.0006795874794668112,0.04023386869495407
45,0.0,1024,4.0,0.025,32,160,17,static_0.9,0.03200114054527442,0.0006795874794668112,0.021236351826440302
45,0.0,1024,4.0,0.025,32,160,17,static_1.0,0.06049881795677354,0.0006795874794668112,0.011233070370934803
45,0.0,1024,4.0,0.025,32,160,17,prepare_AB,0.0005660216935219609,0.0006795874794668112,1.200638574889611
45,0.0,1024,4.0,0.025,32,160,17,prepare_BA,0.0002199814058615959,0.0006795874794668112,3.0892951011249665
45,0.0,1024,4.0,0.025,32,160,17,matched_static,0.011335955862881117,0.0006795874794668112,0.059949728782208674
45,0.0,1024,4.0,0.025,32,160,17,greedy_oracle,0.00044030386230772204,0.0006795874794668112,1.5434510973965914
45,0.0,1024,4.0,0.025,32,160,18,static_0.0,0.062121723818776155,0.00030301505966097555,0.004877763220881355
45,0.0,1024,4.0,0.025,32,160,18,static_0.1,0.0312334074749005,0.00030301505966097555,0.009701633096052095
45,0.0,1024,4.0,0.025,32,160,18,static_0.2,0.014886724319596735,0.00030301505966097555,0.020354716938103673
45,0.0,1024,4.0,0.025,32,160,18,static_0.3,0.005816422733748584,0.00030301505966097555,0.05209646436164167
45,0.0,1024,4.0,0.025,32,160,18,static_0.4,0.001617240053776745,0.00030301505966097555,0.1873655422726785
45,0.0,1024,4.0,0.025,32,160,18,static_0.5,0.00030301505966097555,0.00030301505966097555,1.0
45,0.0,1024,4.0,0.025,32,160,18,static_0.6,0.0016294985483440595,0.00030301505966097555,0.18595601694086053
45,0.0,1024,4.0,0.025,32,160,18,static_0.7,0.005969809058123836,0.00030301505966097555,0.05075791481950777
45,0.0,1024,4.0,0.025,32,160,18,static_0.8,0.015715006153343525,0.00030301505966097555,0.01928189252388591
45,0.0,1024,4.0,0.025,32,160,18,static_0.9,0.031800135957094744,0.00030301505966097555,0.009528734722071892
45,0.0,1024,4.0,0.025,32,160,18,static_1.0,0.06085083221949699,0.00030301505966097555,0.004979637066720143
45,0.0,1024,4.0,0.025,32,160,18,prepare_AB,0.00020037492198713357,0.00030301505966097555,1.5122404373558918
45,0.0,1024,4.0,0.025,32,160,18,prepare_BA,0.0001900830805454796,0.00030301505966097555,1.5941190493726014
45,0.0,1024,4.0,0.025,32,160,18,matched_static,0.013267958021625888,0.00030301505966097555,0.022838108107297382
45,0.0,1024,4.0,0.025,32,160,18,greedy_oracle,0.000404974114279044,0.00030301505966097555,0.7482331560880594
45,0.0,1024,4.0,0.025,32,160,19,static_0.0,0.05949330683738878,0.0005994032244028638,0.010075137124940695
45,0.0,1024,4.0,0.025,32,160,19,static_0.1,0.02964095332316659,0.0005994032244028638,0.020222130437835346
45,0.0,1024,4.0,0.025,32,160,19,static_0.2,0.012616795886079071,0.0005994032244028638,0.04750835551395614
45,0.0,1024,4.0,0.025,32,160,19,static_0.3,0.004600292178893227,0.0005994032244028638,0.13029677270348353
45,0.0,1024,4.0,0.025,32,160,19,static_0.4,0.0011175451291490744,0.0005994032244028638,0.5363570640402359
45,0.0,1024,4.0,0.025,32,160,19,static_0.5,0.0005994032244028638,0.0005994032244028638,1.0
45,0.0,1024,4.0,0.025,32,160,19,static_0.6,0.0024669487416252526,0.0005994032244028638,0.24297352202298717
45,0.0,1024,4.0,0.025,32,160,19,static_0.7,0.0069930076890675095,0.0005994032244028638,0.08571465255785982
45,0.0,1024,4.0,0.025,32,160,19,static_0.8,0.016291659685027285,0.0005994032244028638,0.03679202954096447
45,0.0,1024,4.0,0.025,32,160,19,static_0.9,0.03372047862877763,0.0005994032244028638,0.017775644023371687
45,0.0,1024,4.0,0.025,32,160,19,static_1.0,0.06114290127567111,0.0005994032244028638,0.00980331668758034
45,0.0,1024,4.0,0.025,32,160,19,prepare_AB,0.00036993009065995684,0.0005994032244028638,1.6203148636368723
45,0.0,1024,4.0,0.025,32,160,19,prepare_BA,0.00034903369458441137,0.0005994032244028638,1.7173219482908757
45,0.0,1024,4.0,0.025,32,160,19,matched_static,0.010375055943162369,0.0005994032244028638,0.05777349324057357
45,0.0,1024,4.0,0.025,32,160,19,greedy_oracle,0.000506545724645922,0.0005994032244028638,1.1833151386715377
45,0.0,1024,8.0,0.025,32,320,0,static_0.0,0.05185170411334265,1.316410303366811e-06,2.538798533003408e-05
45,0.0,1024,8.0,0.025,32,320,0,static_0.1,0.019625814666884865,1.316410303366811e-06,6.707544760361074e-05
45,0.0,1024,8.0,0.025,32,320,0,static_0.2,0.0065569988668764435,1.316410303366811e-06,0.0002007641498943722
45,0.0,1024,8.0,0.025,32,320,0,static_0.3,0.0020101228784297556,1.316410303366811e-06,0.0006548904634104503
45,0.0,1024,8.0,0.025,32,320,0,static_0.4,0.00037658504521929405,1.316410303366811e-06,0.003495652097921826
45,0.0,1024,8.0,0.025,32,320,0,static_0.5,1.316410303366811e-06,1.316410303366811e-06,1.0
45,0.0,1024,8.0,0.025,32,320,0,static_0.6,0.0004079957378205052,1.316410303366811e-06,0.00322652954758551
45,0.0,1024,8.0,0.025,32,320,0,static_0.7,0.0020006464187314163,1.316410303366811e-06,0.0006579924823505442
45,0.0,1024,8.0,0.025,32,320,0,static_0.8,0.006956572757925551,1.316410303366811e-06,0.00018923259328626133
45,0.0,1024,8.0,0.025,32,320,0,static_0.9,0.020915283297000667,1.316410303366811e-06,6.29401134411404e-05
45,0.0,1024,8.0,0.025,32,320,0,static_1.0,0.05276428975222627,1.316410303366811e-06,2.4948887013328326e-05
45,0.0,1024,8.0,0.025,32,320,0,prepare_AB,0.00018431333045600064,1.316410303366811e-06,0.007142241421767727
45,0.0,1024,8.0,0.025,32,320,0,prepare_BA,8.454167031905969e-05,1.316410303366811e-06,0.015571141407529417
45,0.0,1024,8.0,0.025,32,320,0,matched_static,0.017583647411195766,1.316410303366811e-06,7.486559941645744e-05
45,0.0,1024,8.0,0.025,32,320,0,greedy_oracle,1.0359525865462444e-06,1.316410303366811e-06,1.2707244718173665
45,0.0,1024,8.0,0.025,32,320,1,static_0.0,0.05334659794857857,3.964920649592091e-06,7.432377699912421e-05
45,0.0,1024,8.0,0.025,32,320,1,static_0.1,0.016181231197426798,3.964920649592091e-06,0.00024503207458172947
45,0.0,1024,8.0,0.025,32,320,1,static_0.2,0.005979455990462965,3.964920649592091e-06,0.0006630905312985008
45,0.0,1024,8.0,0.025,32,320,1,static_0.3,0.0018841954769824648,3.964920649592091e-06,0.0021043043028326886
45,0.0,1024,8.0,0.025,32,320,1,static_0.4,0.0004045418564944936,3.964920649592091e-06,0.009801014619227812
45,0.0,1024,8.0,0.025,32,320,1,static_0.5,3.964920649592091e-06,3.964920649592091e-06,1.0
45,0.0,1024,8.0,0.025,32,320,1,static_0.6,0.0003035460725164533,3.964920649592091e-06,0.01306200609588575
45,0.0,1024,8.0,0.025,32,320,1,static_0.7,0.0018508451029083436,3.964920649592091e-06,0.0021422217577050473
45,0.0,1024,8.0,0.025,32,320,1,static_0.8,0.006819051250754311,3.964920649592091e-06,0.0005814475509556405
45,0.0,1024,8.0,0.025,32,320,1,static_0.9,0.020794548580098778,3.964920649592091e-06,0.00019067115760265554
45,0.0,1024,8.0,0.025,32,320,1,static_1.0,0.054776642813099,3.964920649592091e-06,7.23834182960176e-05
45,0.0,1024,8.0,0.025,32,320,1,prepare_AB,8.054762209925504e-05,3.964920649592091e-06,0.04922455246048488
45,0.0,1024,8.0,0.025,32,320,1,prepare_BA,0.0002174376341723998,3.964920649592091e-06,0.018234748849633012
45,0.0,1024,8.0,0.025,32,320,1,matched_static,0.014636916879425416,3.964920649592091e-06,0.0002708849604226035
45,0.0,1024,8.0,0.025,32,320,1,greedy_oracle,2.2935041331975945e-07,3.964920649592091e-06,17.287610657427567
45,0.0,1024,8.0,0.025,32,320,2,static_0.0,0.051880254414018404,7.235443110965002e-07,1.3946429509046385e-05
45,0.0,1024,8.0,0.025,32,320,2,static_0.1,0.020273179753246152,7.235443110965002e-07,3.5689729973446615e-05
45,0.0,1024,8.0,0.025,32,320,2,static_0.2,0.006885478043198723,7.235443110965002e-07,0.00010508265461846857
45,0.0,1024,8.0,0.025,32,320,2,static_0.3,0.0020253379364471927,7.235443110965002e-07,0.000357246214607389
45,0.0,1024,8.0,0.025,32,320,2,static_0.4,0.00043529783006104086,7.235443110965002e-07,0.0016621822144048802
45,0.0,1024,8.0,0.025,32,320,2,static_0.5,7.235443110965002e-07,7.235443110965002e-07,1.0
45,0.0,1024,8.0,0.025,32,320,2,static_0.6,0.000504775953463974,7.235443110965002e-07,0.0014333969479553264
45,0.0,1024,8.0,0.025,32,320,2,static_0.7,0.002228674849560774,7.235443110965002e-07,0.00032465225299199474
45,0.0,1024,8.0,0.025,32,320,2,static_0.8,0.006847182405147054,7.235443110965002e-07,0.0001056703718821057
45,0.0,1024,8.0,0.025,32,320,2,static_0.9,0.02103343708614203,7.235443110965002e-07,3.4399718321510584e-05
45,0.0,1024,8.0,0.025,32,320,2,static_1.0,0.052820215360475584,7.235443110965002e-07,1.3698246138502407e-05
45,0.0,1024,8.0,0.025,32,320,2,prepare_AB,1.6494204637135414e-05,7.235443110965002e-07,0.04386657780803184
45,0.0,1024,8.0,0.025,32,320,2,prepare_BA,0.00011940757097475228,7.235443110965002e-07,0.006059450880627054
45,0.0,1024,8.0,0.025,32,320,2,matched_static,0.017906828822671625,7.235443110965002e-07,4.040605504534836e-05
45,0.0,1024,8.0,0.025,32,320,2,greedy_oracle,6.015471525901724e-07,7.235443110965002e-07,1.2028056453779663
45,0.0,1024,8.0,0.025,32,320,3,static_0.0,0.05179387491894192,5.353730937569977e-05,0.0010336610160851325
45,0.0,1024,8.0,0.025,32,320,3,static_0.1,0.017813300656612192,5.353730937569977e-05,0.0030054682401504875
45,0.0,1024,8.0,0.025,32,320,3,static_0.2,0.0054100544961728746,5.353730937569977e-05,0.009895890958875291
45,0.0,1024,8.0,0.025,32,320,3,static_0.3,0.0014122572826231396,5.353730937569977e-05,0.037909034022652784
45,0.0,1024,8.0,0.025,32,320,3,static_0.4,0.00014520160909212246,5.353730937569977e-05,0.36871016588895567
45,0.0,1024,8.0,0.025,32,320,3,static_0.5,5.353730937569977e-05,5.353730937569977e-05,1.0
45,0.0,1024,8.0,0.025,32,320,3,static_0.6,0.0006736505481350837,5.353730937569977e-05,0.07947341470130327
45,0.0,1024,8.0,0.025,32,320,3,static_0.7,0.0026220629139749674,5.353730937569977e-05,0.020418010983015978
45,0.0,1024,8.0,0.025,32,320,3,static_0.8,0.0071919189018034525,5.353730937569977e-05,0.007444092474718353
45,0.0,1024,8.0,0.025,32,320,3,static_0.9,0.021506052490131967,5.353730937569977e-05,0.0024894066170565387
45,0.0,1024,8.0,0.025,32,320,3,static_1.0,0.05367839831929502,5.353730937569977e-05,0.0009973715880500751
45,0.0,1024,8.0,0.025,32,320,3,prepare_AB,8.25153279738152e-05,5.353730937569977e-05,0.6488165373673228
45,0.0,1024,8.0,0.025,32,320,3,prepare_BA,0.0003898260064701235,5.353730937569977e-05,0.13733642314036557
45,0.0,1024,8.0,0.025,32,320,3,matched_static,0.016158902196300905,5.353730937569977e-05,0.0033131773882482886
45,0.0,1024,8.0,0.025,32,320,3,greedy_oracle,7.634927728216937e-07,5.353730937569977e-05,70.1215666755275
45,0.0,1024,8.0,0.025,32,320,4,static_0.0,0.05474608245707996,2.5904613001103424e-06,4.7317747386604734e-05
45,0.0,1024,8.0,0.025,32,320,4,static_0.1,0.017828763156156245,2.5904613001103424e-06,0.00014529674758822852
45,0.0,1024,8.0,0.025,32,320,4,static_0.2,0.005950345979376809,2.5904613001103424e-06,0.0004353463326483154
45,0.0,1024,8.0,0.025,32,320,4,static_0.3,0.001913295871137794,2.5904613001103424e-06,0.0013539261434614674
45,0.0,1024,8.0,0.025,32,320,4,static_0.4,0.0003864172137085128,2.5904613001103424e-06,0.0067037937447176265
45,0.0,1024,8.0,0.025,32,320,4,static_0.5,2.5904613001103424e-06,2.5904613001103424e-06,1.0
45,0.0,1024,8.0,0.025,32,320,4,static_0.6,0.00033596591644747143,2.5904613001103424e-06,0.007710488395674397
45,0.0,1024,8.0,0.025,32,320,4,static_0.7,0.002067903765555251,2.5904613001103424e-06,0.0012526991551827752
45,0.0,1024,8.0,0.025,32,320,4,static_0.8,0.0073088189674179556,2.5904613001103424e-06,0.0003544295339176386
45,0.0,1024,8.0,0.025,32,320,4,static_0.9,0.020806755026683606,2.5904613001103424e-06,0.0001245009756104788
45,0.0,1024,8.0,0.025,32,320,4,static_1.0,0.056258305984274115,2.5904613001103424e-06,4.6045846116206454e-05
45,0.0,1024,8.0,0.025,32,320,4,prepare_AB,9.87138421027039e-05,2.5904613001103424e-06,0.02624212820543621
45,0.0,1024,8.0,0.025,32,320,4,prepare_BA,8.408878733056439e-05,2.5904613001103424e-06,0.030806263026803903
45,0.0,1024,8.0,0.025,32,320,4,matched_static,0.016528448934896113,2.5904613001103424e-06,0.00015672742858775841
45,0.0,1024,8.0,0.025,32,320,4,greedy_oracle,2.6138638002763766e-07,2.5904613001103424e-06,9.910467790389232
45,0.0,1024,8.0,0.025,32,320,5,static_0.0,0.05159250391499752,8.899928971255953e-05,0.001725043038407139
45,0.0,1024,8.0,0.025,32,320,5,static_0.1,0.016196710275829158,8.899928971255953e-05,0.005494899161428841
45,0.0,1024,8.0,0.025,32,320,5,static_0.2,0.005886169552445454,8.899928971255953e-05,0.015120068988767763
45,0.0,1024,8.0,0.025,32,320,5,static_0.3,0.0012840876180432962,8.899928971255953e-05,0.06930935900478304
45,0.0,1024,8.0,0.025,32,320,5,static_0.4,0.0001309030184861454,8.899928971255953e-05,0.6798872229365673
45,0.0,1024,8.0,0.025,32,320,5,static_0.5,8.899928971255953e-05,8.899928971255953e-05,1.0
45,0.0,1024,8.0,0.025,32,320,5,static_0.6,0.0009293058454696266,8.899928971255953e-05,0.09576964370388047
45,0.0,1024,8.0,0.025,32,320,5,static_0.7,0.002850970049034391,8.899928971255953e-05,0.031217195614770887
45,0.0,1024,8.0,0.025,32,320,5,static_0.8,0.0076902022867099806,8.899928971255953e-05,0.011573075244895174
45,0.0,1024,8.0,0.025,32,320,5,static_0.9,0.021529792348447818,8.899928971255953e-05,0.0041337737156102155
45,0.0,1024,8.0,0.025,32,320,5,static_1.0,0.054699651421401194,8.899928971255953e-05,0.0016270540561020583
45,0.0,1024,8.0,0.025,32,320,5,prepare_AB,0.000496845777499771,8.899928971255953e-05,0.1791286023611231
45,0.0,1024,8.0,0.025,32,320,5,prepare_BA,0.00039371078213042284,8.899928971255953e-05,0.22605245716404365
45,0.0,1024,8.0,0.025,32,320,5,matched_static,0.014939897510091445,8.899928971255953e-05,0.005957155305278582
45,0.0,1024,8.0,0.025,32,320,5,greedy_oracle,4.883630996681724e-07,8.899928971255953e-05,182.23999678319632
45,0.0,1024,8.0,0.025,32,320,6,static_0.0,0.05424390856113123,4.057832275159849e-06,7.480715130597192e-05
45,0.0,1024,8.0,0.025,32,320,6,static_0.1,0.01788378336262002,4.057832275159849e-06,0.00022690010233748247
45,0.0,1024,8.0,0.025,32,320,6,static_0.2,0.007190310884353138,4.057832275159849e-06,0.0005643472640369574
45,0.0,1024,8.0,0.025,32,320,6,static_0.3,0.002272933158755602,4.057832275159849e-06,0.00178528447241337
45,0.0,1024,8.0,0.025,32,320,6,static_0.4,0.000481226216257666,4.057832275159849e-06,0.008432276002575758
45,0.0,1024,8.0,0.025,32,320,6,static_0.5,4.057832275159849e-06,4.057832275159849e-06,1.0
45,0.0,1024,8.0,0.025,32,320,6,static_0.6,0.0003176102948854767,4.057832275159849e-06,0.012776135851084471
45,0.0,1024,8.0,0.025,32,320,6,static_0.7,0.0017832079025740383,4.057832275159849e-06,0.002275580020311944
45,0.0,1024,8.0,0.025,32,320,6,static_0.8,0.005565089028170834,4.057832275159849e-06,0.0007291585551675534
45,0.0,1024,8.0,0.025,32,320,6,static_0.9,0.017769291652563773,4.057832275159849e-06,0.00022836207286711853
45,0.0,1024,8.0,0.025,32,320,6,static_1.0,0.054760887946780364,4.057832275159849e-06,7.410092179483053e-05
45,0.0,1024,8.0,0.025,32,320,6,prepare_AB,1.3285722391977494e-05,4.057832275159849e-06,0.30542804940814866
45,0.0,1024,8.0,0.025,32,320,6,prepare_BA,6.219981475571543e-05,4.057832275159849e-06,0.06523865530945143
45,0.0,1024,8.0,0.025,32,320,6,matched_static,0.01681482446699801,4.057832275159849e-06,0.00024132468840956648
45,0.0,1024,8.0,0.025,32,320,6,greedy_oracle,3.185746958051255e-07,4.057832275159849e-06,12.737459467408723
45,0.0,1024,8.0,0.025,32,320,7,static_0.0,0.052926666883057236,1.2122834858727065e-05,0.0002290496563010999
45,0.0,1024,8.0,0.025,32,320,7,static_0.1,0.02060310295870578,1.2122834858727065e-05,0.0005883984991495952
45,0.0,1024,8.0,0.025,32,320,7,static_0.2,0.007716618058989155,1.2122834858727065e-05,0.0015710036140255859
45,0.0,1024,8.0,0.025,32,320,7,static_0.3,0.002322491279386726,1.2122834858727065e-05,0.005219754737648878
45,0.0,1024,8.0,0.025,32,320,7,static_0.4,0.00043070901414418613,1.2122834858727065e-05,0.028146229729635444
45,0.0,1024,8.0,0.025,32,320,7,static_0.5,1.2122834858727065e-05,1.2122834858727065e-05,1.0
45,0.0,1024,8.0,0.025,32,320,7,static_0.6,0.00024339459914936138,1.2122834858727065e-05,0.04980732892634061
45,0.0,1024,8.0,0.025,32,320,7,static_0.7,0.0014822041766541364,1.2122834858727065e-05,0.008178923693288079
45,0.0,1024,8.0,0.025,32,320,7,static_0.8,0.005368056092516513,1.2122834858727065e-05,0.002258328648172518
45,0.0,1024,8.0,0.025,32,320,7,static_0.9,0.01717456215814851,1.2122834858727065e-05,0.0007058599076411016
45,0.0,1024,8.0,0.025,32,320,7,static_1.0,0.047801786181755304,1.2122834858727065e-05,0.0002536063153086534
45,0.0,1024,8.0,0.025,32,320,7,prepare_AB,5.781832520284074e-05,1.2122834858727065e-05,0.20967115211651693
45,0.0,1024,8.0,0.025,32,320,7,prepare_BA,7.504932914671141e-05,1.2122834858727065e-05,0.1615315552658511
45,0.0,1024,8.0,0.025,32,320,7,matched_static,0.018643764434905383,1.2122834858727065e-05,0.0006502353589080084
45,0.0,1024,8.0,0.025,32,320,7,greedy_oracle,3.3928909339565386e-07,1.2122834858727065e-05,35.730104782915355
45,0.0,1024,8.0,0.025,32,320,8,static_0.0,0.05015011621470851,1.0085683278631114e-05,0.00020110986852854166
45,0.0,1024,8.0,0.025,32,320,8,static_0.1,0.01697610411539252,1.0085683278631114e-05,0.0005941105927529188
45,0.0,1024,8.0,0.025,32,320,8,static_0.2,0.005415640953277297,1.0085683278631114e-05,0.0018623249520498073
45,0.0,1024,8.0,0.025,32,320,8,static_0.3,0.0015784354550788708,1.0085683278631114e-05,0.006389671016435167
45,0.0,1024,8.0,0.025,32,320,8,static_0.4,0.0002616313491441456,1.0085683278631114e-05,0.03854921557230673
45,0.0,1024,8.0,0.025,32,320,8,static_0.5,1.0085683278631114e-05,1.0085683278631114e-05,1.0
45,0.0,1024,8.0,0.025,32,320,8,static_0.6,0.000521826557329146,1.0085683278631114e-05,0.01932765425020232
45,0.0,1024,8.0,0.025,32,320,8,static_0.7,0.002233673281569658,1.0085683278631114e-05,0.004515290289698793
45,0.0,1024,8.0,0.025,32,320,8,static_0.8,0.007207200657679208,1.0085683278631114e-05,0.0013993898266013876
45,0.0,1024,8.0,0.025,32,320,8,static_0.9,0.020309088162517665,1.0085683278631114e-05,0.0004966093601998928
45,0.0,1024,8.0,0.025,32,320,8,static_1.0,0.05256394321086421,1.0085683278631114e-05,0.00019187455625563777
45,0.0,1024,8.0,0.025,32,320,8,prepare_AB,5.485374474230232e-06,1.0085683278631114e-05,1.8386499091379622
45,0.0,1024,8.0,0.025,32,320,8,prepare_BA,8.649650866111778e-05,1.0085683278631114e-05,0.11660220088357008
45,0.0,1024,8.0,0.025,32,320,8,matched_static,0.01516649332396756,1.0085683278631114e-05,0.0006649977066678123
45,0.0,1024,8.0,0.025,32,320,8,greedy_oracle,4.3646994961868405e-07,1.0085683278631114e-05,23.107394420720905
45,0.0,1024,8.0,0.025,32,320,9,static_0.0,0.05477946365656629,7.218839193186719e-05,0.0013178002688095712
45,0.0,1024,8.0,0.025,32,320,9,static_0.1,0.01595922679399475,7.218839193186719e-05,0.004523301339324957
45,0.0,1024,8.0,0.025,32,320,9,static_0.2,0.004967730441566874,7.218839193186719e-05,0.014531463166326355
45,0.0,1024,8.0,0.025,32,320,9,static_0.3,0.0012630106540354137,7.218839193186719e-05,0.05715580601099434
45,0.0,1024,8.0,0.025,32,320,9,static_0.4,0.0001432327195807628,7.218839193186719e-05,0.503993725338457
45,0.0,1024,8.0,0.025,32,320,9,static_0.5,7.218839193186719e-05,7.218839193186719e-05,1.0
45,0.0,1024,8.0,0.025,32,320,9,static_0.6,0.0006925073615079482,7.218839193186719e-05,0.1042420571164407
45,0.0,1024,8.0,0.025,32,320,9,static_0.7,0.002978778849716991,7.218839193186719e-05,0.024234223342469916
45,0.0,1024,8.0,0.025,32,320,9,static_0.8,0.008523773391292646,7.218839193186719e-05,0.008469065121511833
45,0.0,1024,8.0,0.025,32,320,9,static_0.9,0.020553628813361122,7.218839193186719e-05,0.003512196925777909
45,0.0,1024,8.0,0.025,32,320,9,static_1.0,0.055605125250818274,7.218839193186719e-05,0.0012982327007851652
45,0.0,1024,8.0,0.025,32,320,9,prepare_AB,0.00012066532680529574,7.218839193186719e-05,0.5982529848723619
45,0.0,1024,8.0,0.025,32,320,9,prepare_BA,0.0004605030307045021,7.218839193186719e-05,0.1567598628426604
45,0.0,1024,8.0,0.025,32,320,9,matched_static,0.014604176909966335,7.218839193186719e-05,0.004942996265856218
45,0.0,1024,8.0,0.025,32,320,9,greedy_oracle,5.203453560783114e-07,7.218839193186719e-05,138.73169249732464
45,0.0,1024,8.0,0.025,32,320,10,static_0.0,0.05245732055267727,1.389160675709771e-05,0.0002648173145471252
45,0.0,1024,8.0,0.025,32,320,10,static_0.1,0.01962027003146842,1.389160675709771e-05,0.0007080232195997984
45,0.0,1024,8.0,0.025,32,320,10,static_0.2,0.007483619712691406,1.389160675709771e-05,0.0018562683955651907
45,0.0,1024,8.0,0.025,32,320,10,static_0.3,0.0026305997560937652,1.389160675709771e-05,0.005280775505630571
45,0.0,1024,8.0,0.025,32,320,10,static_0.4,0.0006380361613329531,1.389160675709771e-05,0.021772444257823983
45,0.0,1024,8.0,0.025,32,320,10,static_0.5,1.389160675709771e-05,1.389160675709771e-05,1.0
45,0.0,1024,8.0,0.025,32,320,10,static_0.6,0.0003223055509632977,1.389160675709771e-05,0.043100736911228704
45,0.0,1024,8.0,0.025,32,320,10,static_0.7,0.002186660091318281,1.389160675709771e-05,0.0063528880470502475
45,0.0,1024,8.0,0.025,32,320,10,static_0.8,0.007666177141491365,1.389160675709771e-05,0.00181206440977116
45,0.0,1024,8.0,0.025,32,320,10,static_0.9,0.021502596536511424,1.389160675709771e-05,0.0006460432224317539
45,0.0,1024,8.0,0.025,32,320,10,static_1.0,0.05289908509353107,1.389160675709771e-05,0.0002626058037211023
45,0.0,1024,8.0,0.025,32,320,10,prepare_AB,9.826877391196843e-06,1.389160675709771e-05,1.413633874127925
45,0.0,1024,8.0,0.025,32,320,10,prepare_BA,3.734433326762759e-05,1.389160675709771e-05,0.37198700690527053
45,0.0,1024,8.0,0.025,32,320,10,matched_static,0.017234618765969417,1.389160675709771e-05,0.0008060292453075525
45,0.0,1024,8.0,0.025,32,320,10,greedy_oracle,7.826489099365309e-07,1.389160675709771e-05,17.749474356546735
45,0.0,1024,8.0,0.025,32,320,11,static_0.0,0.051242327158901715,5.5652581496939305e-06,0.00010860666285580952
45,0.0,1024,8.0,0.025,32,320,11,static_0.1,0.018724921792087942,5.5652581496939305e-06,0.00029721128939750674
45,0.0,1024,8.0,0.025,32,320,11,static_0.2,0.005484277601283722,5.5652581496939305e-06,0.0010147659462736265
45,0.0,1024,8.0,0.025,32,320,11,static_0.3,0.001693836430729833,5.5652581496939305e-06,0.003285593607935328
45,0.0,1024,8.0,0.025,32,320,11,static_0.4,0.00029811375495722697,5.5652581496939305e-06,0.01866823672893734
45,0.0,1024,8.0,0.025,32,320,11,static_0.5,5.5652581496939305e-06,5.5652581496939305e-06,1.0
45,0.0,1024,8.0,0.025,32,320,11,static_0.6,0.0006164402741753261,5.5652581496939305e-06,0.00902805735257829
45,0.0,1024,8.0,0.025,32,320,11,static_0.7,0.002818491922136642,5.5652581496939305e-06,0.001974551747331254
45,0.0,1024,8.0,0.025,32,320,11,static_0.8,0.00825476885838484,5.5652581496939305e-06,0.0006741870360235442
45,0.0,1024,8.0,0.025,32,320,11,static_0.9,0.020699185536026617,5.5652581496939305e-06,0.00026886362944124944
45,0.0,1024,8.0,0.025,32,320,11,static_1.0,0.05512377570227172,5.5652581496939305e-06,0.00010095930619398009
45,0.0,1024,8.0,0.025,32,320,11,prepare_AB,2.7245105132143233e-05,5.5652581496939305e-06,0.20426634886162173
45,0.0,1024,8.0,0.025,32,320,11,prepare_BA,5.14875183199026e-05,5.5652581496939305e-06,0.1080894618986262
45,0.0,1024,8.0,0.025,32,320,11,matched_static,0.016504651190178854,5.5652581496939305e-06,0.00033719332117758145
45,0.0,1024,8.0,0.025,32,320,11,greedy_oracle,5.345613896700687e-07,5.5652581496939305e-06,10.410886863955529
45,0.0,1024,8.0,0.025,32,320,12,static_0.0,0.054602596289830996,6.816204785204365e-06,0.00012483297953496384
45,0.0,1024,8.0,0.025,32,320,12,static_0.1,0.019854429861703785,6.816204785204365e-06,0.0003433090163093427
45,0.0,1024,8.0,0.025,32,320,12,static_0.2,0.0072563193361937905,6.816204785204365e-06,0.00093934741146325
45,0.0,1024,8.0,0.025,32,320,12,static_0.3,0.002517188346393002,6.816204785204365e-06,0.002707864429362875
45,0.0,1024,8.0,0.025,32,320,12,static_0.4,0.0005481351384326972,6.816204785204365e-06,0.012435263327022217
45,0.0,1024,8.0,0.025,32,320,12,static_0.5,6.816204785204365e-06,6.816204785204365e-06,1.0
45,0.0,1024,8.0,0.025,32,320,12,static_0.6,0.0003218669867478429,6.816204785204365e-06,0.02117708577097507
45,0.0,1024,8.0,0.025,32,320,12,static_0.7,0.001649616725749396,6.816204785204365e-06,0.004131993013169691
45,0.0,1024,8.0,0.025,32,320,12,static_0.8,0.006156078850966281,6.816204785204365e-06,0.0011072315592797304
45,0.0,1024,8.0,0.025,32,320,12,static_0.9,0.01703939401090393,6.816204785204365e-06,0.00040002624394051264
45,0.0,1024,8.0,0.025,32,320,12,static_1.0,0.05395004295864392,6.816204785204365e-06,0.00012634289819619628
45,0.0,1024,8.0,0.025,32,320,12,prepare_AB,5.495799887805817e-05,6.816204785204365e-06,0.12402570916616318
45,0.0,1024,8.0,0.025,32,320,12,prepare_BA,0.00021130660732113135,6.816204785204365e-06,0.032257414340316856
45,0.0,1024,8.0,0.025,32,320,12,matched_static,0.018513185125915703,6.816204785204365e-06,0.00036818109573499017
45,0.0,1024,8.0,0.025,32,320,12,greedy_oracle,6.272454792079289e-07,6.816204785204365e-06,10.86688547171629
45,0.0,1024,8.0,0.025,32,320,13,static_0.0,0.054431282288910365,1.825067721286439e-05,0.0003352975797261847
45,0.0,1024,8.0,0.025,32,320,13,static_0.1,0.017781105020756457,1.825067721286439e-05,0.0010264084932606712
45,0.0,1024,8.0,0.025,32,320,13,static_0.2,0.005418805668478034,1.825067721286439e-05,0.0033680257845434803
45,0.0,1024,8.0,0.025,32,320,13,static_0.3,0.0015767182628281958,1.825067721286439e-05,0.011575103582632277
45,0.0,1024,8.0,0.025,32,320,13,static_0.4,0.00023974799020480732,1.825067721286439e-05,0.07612442213706797
45,0.0,1024,8.0,0.025,32,320,13,static_0.5,1.825067721286439e-05,1.825067721286439e-05,1.0
45,0.0,1024,8.0,0.025,32,320,13,static_0.6,0.0005335349387058355,1.825067721286439e-05,0.03420708914983898
45,0.0,1024,8.0,0.025,32,320,13,static_0.7,0.0021631427199888765,1.825067721286439e-05,0.008437111913243634
45,0.0,1024,8.0,0.025,32,320,13,static_0.8,0.0069377430354813936,1.825067721286439e-05,0.0026306360900837282
45,0.0,1024,8.0,0.025,32,320,13,static_0.9,0.018593187803112886,1.825067721286439e-05,0.0009815787053906295
45,0.0,1024,8.0,0.025,32,320,13,static_1.0,0.051616628968651386,1.825067721286439e-05,0.00035358134728148704
45,0.0,1024,8.0,0.025,32,320,13,prepare_AB,5.047347317646082e-05,1.825067721286439e-05,0.36158948580887257
45,0.0,1024,8.0,0.025,32,320,13,prepare_BA,2.9485122464196644e-05,1.825067721286439e-05,0.6189791897600534
45,0.0,1024,8.0,0.025,32,320,13,matched_static,0.016231317055007494,1.825067721286439e-05,0.0011244113555919917
45,0.0,1024,8.0,0.025,32,320,13,greedy_oracle,2.4656779293846417e-07,1.825067721286439e-05,74.01890163902794
45,0.0,1024,8.0,0.025,32,320,14,static_0.0,0.05325670459951028,2.7007942295397275e-06,5.071275532066178e-05
45,0.0,1024,8.0,0.025,32,320,14,static_0.1,0.019117942932328724,2.7007942295397275e-06,0.00014127012718364405
45,0.0,1024,8.0,0.025,32,320,14,static_0.2,0.006704381883475434,2.7007942295397275e-06,0.0004028401538695888
45,0.0,1024,8.0,0.025,32,320,14,static_0.3,0.002261034461333443,2.7007942295397275e-06,0.0011944949427913347
45,0.0,1024,8.0,0.025,32,320,14,static_0.4,0.0004801348558189269,2.7007942295397275e-06,0.005625074282376776
45,0.0,1024,8.0,0.025,32,320,14,static_0.5,2.7007942295397275e-06,2.7007942295397275e-06,1.0
45,0.0,1024,8.0,0.025,32,320,14,static_0.6,0.0003652680166450248,2.7007942295397275e-06,0.00739400688389429
45,0.0,1024,8.0,0.025,32,320,14,static_0.7,0.001851133845585307,2.7007942295397275e-06,0.001458994570263377
45,0.0,1024,8.0,0.025,32,320,14,static_0.8,0.006319934176738304,2.7007942295397275e-06,0.0004273453099370092
45,0.0,1024,8.0,0.025,32,320,14,static_0.9,0.018653867139349394,2.7007942295397275e-06,0.00014478468241271741
45,0.0,1024,8.0,0.025,32,320,14,static_1.0,0.05511342008891039,2.7007942295397275e-06,4.900429378512051e-05
45,0.0,1024,8.0,0.025,32,320,14,prepare_AB,4.7111315147352994e-05,2.7007942295397275e-06,0.05732793111574757
45,0.0,1024,8.0,0.025,32,320,14,prepare_BA,3.3475140055991646e-05,2.7007942295397275e-06,0.08068059536188013
45,0.0,1024,8.0,0.025,32,320,14,matched_static,0.017421839253942435,2.7007942295397275e-06,0.0001550234846144937
45,0.0,1024,8.0,0.025,32,320,14,greedy_oracle,4.2821971164758354e-07,2.7007942295397275e-06,6.307029209721266
45,0.0,1024,8.0,0.025,32,320,15,static_0.0,0.05369678076402502,7.37017846905618e-06,0.00013725549956979813
45,0.0,1024,8.0,0.025,32,320,15,static_0.1,0.018846831828601723,7.37017846905618e-06,0.0003910566261790105
45,0.0,1024,8.0,0.025,32,320,15,static_0.2,0.005523019403292851,7.37017846905618e-06,0.0013344473250740427
45,0.0,1024,8.0,0.025,32,320,15,static_0.3,0.0014484326690697537,7.37017846905618e-06,0.005088381825707942
45,0.0,1024,8.0,0.025,32,320,15,static_0.4,0.00028617205934282445,7.37017846905618e-06,0.025754360806506813
45,0.0,1024,8.0,0.025,32,320,15,static_0.5,7.37017846905618e-06,7.37017846905618e-06,1.0
45,0.0,1024,8.0,0.025,32,320,15,static_0.6,0.00042966599140601785,7.37017846905618e-06,0.01715327397669611
45,0.0,1024,8.0,0.025,32,320,15,static_0.7,0.002202485054291551,7.37017846905618e-06,0.003346301240362725
45,0.0,1024,8.0,0.025,32,320,15,static_0.8,0.007172316596511012,7.37017846905618e-06,0.001027586884918245
45,0.0,1024,8.0,0.025,32,320,15,static_0.9,0.022107541945068657,7.37017846905618e-06,0.0003333784681883272
45,0.0,1024,8.0,0.025,32,320,15,static_1.0,0.05423480807436517,7.37017846905618e-06,0.00013589387942426954
45,0.0,1024,8.0,0.025,32,320,15,prepare_AB,0.0001622013144811778,7.37017846905618e-06,0.045438463261723024
45,0.0,1024,8.0,0.025,32,320,15,prepare_BA,2.2679592027362383e-05,7.37017846905618e-06,0.3249696229175656
45,0.0,1024,8.0,0.025,32,320,15,matched_static,0.01718914810521638,7.37017846905618e-06,0.00042876926907270977
45,0.0,1024,8.0,0.025,32,320,15,greedy_oracle,2.5185037736864236e-07,7.37017846905618e-06,29.26411524993742
45,0.0,1024,8.0,0.025,32,320,16,static_0.0,0.0543505147346597,5.640743504956987e-06,0.00010378454615370636
45,0.0,1024,8.0,0.025,32,320,16,static_0.1,0.016788622398620622,5.640743504956987e-06,0.00033598608456524926
45,0.0,1024,8.0,0.025,32,320,16,static_0.2,0.004987956139079367,5.640743504956987e-06,0.0011308727157328423
45,0.0,1024,8.0,0.025,32,320,16,static_0.3,0.001378696116570096,5.640743504956987e-06,0.00409136098750315
45,0.0,1024,8.0,0.025,32,320,16,static_0.4,0.00024334454791142532,5.640743504956987e-06,0.023180069384624774
45,0.0,1024,8.0,0.025,32,320,16,static_0.5,5.640743504956987e-06,5.640743504956987e-06,1.0
45,0.0,1024,8.0,0.025,32,320,16,static_0.6,0.00047223531560852265,5.640743504956987e-06,0.011944772698095062
45,0.0,1024,8.0,0.025,32,320,16,static_0.7,0.0019111858312022055,5.640743504956987e-06,0.002951436439547458
45,0.0,1024,8.0,0.025,32,320,16,static_0.8,0.0063067314566164915,5.640743504956987e-06,0.0008944004582657778
45,0.0,1024,8.0,0.025,32,320,16,static_0.9,0.018517425674684482,5.640743504956987e-06,0.00030461812586986926
45,0.0,1024,8.0,0.025,32,320,16,static_1.0,0.050665249333686956,5.640743504956987e-06,0.00011133357832320974
45,0.0,1024,8.0,0.025,32,320,16,prepare_AB,9.15661925034347e-05,5.640743504956987e-06,0.06160290551281139
45,0.0,1024,8.0,0.025,32,320,16,prepare_BA,0.0006279725571723508,5.640743504956987e-06,0.008982468167647733
45,0.0,1024,8.0,0.025,32,320,16,matched_static,0.015432481600298066,5.640743504956987e-06,0.0003655111116314592
45,0.0,1024,8.0,0.025,32,320,16,greedy_oracle,1.7135401561236066e-07,5.640743504956987e-06,32.91865372865
45,0.0,1024,8.0,0.025,32,320,17,static_0.0,0.052115361580101154,5.000773689387868e-05,0.0009595584752303203
45,0.0,1024,8.0,0.025,32,320,17,static_0.1,0.016228933773434238,5.000773689387868e-05,0.003081393860620607
45,0.0,1024,8.0,0.025,32,320,17,static_0.2,0.005301626620753475,5.000773689387868e-05,0.009432527122547817
45,0.0,1024,8.0,0.025,32,320,17,static_0.3,0.0014844798497140308,5.000773689387868e-05,0.033687043245155625
45,0.0,1024,8.0,0.025,32,320,17,static_0.4,0.00020520426566878613,5.000773689387868e-05,0.24369735556372216
45,0.0,1024,8.0,0.025,32,320,17,static_0.5,5.000773689387868e-05,5.000773689387868e-05,1.0
45,0.0,1024,8.0,0.025,32,320,17,static_0.6,0.0007389760543751808,5.000773689387868e-05,0.06767166080389604
45,0.0,1024,8.0,0.025,32,320,17,static_0.7,0.0025761825539763993,5.000773689387868e-05,0.019411565696961397
45,0.0,1024,8.0,0.025,32,320,17,static_0.8,0.007276622092081589,5.000773689387868e-05,0.0068723834027738
45,0.0,1024,8.0,0.025,32,320,17,static_0.9,0.019223158392294923,5.000773689387868e-05,0.0026014318705256524
45,0.0,1024,8.0,0.025,32,320,17,static_1.0,0.05197264557012887,5.000773689387868e-05,0.0009621934066527581
45,0.0,1024,8.0,0.025,32,320,17,prepare_AB,0.00018820696845016878,5.000773689387868e-05,0.2657060857293344
45,0.0,1024,8.0,0.025,32,320,17,prepare_BA,4.4022951668407754e-05,5.000773689387868e-05,1.135946932194594
45,0.0,1024,8.0,0.025,32,320,17,matched_static,0.014809970514982257,5.000773689387868e-05,0.0033766263641976327
45,0.0,1024,8.0,0.025,32,320,17,greedy_oracle,4.6701694460201076e-07,5.000773689387868e-05,107.07906313012901
45,0.0,1024,8.0,0.025,32,320,18,static_0.0,0.05292984971384432,2.533430694658593e-06,4.786393138002713e-05
45,0.0,1024,8.0,0.025,32,320,18,static_0.1,0.01778920436591528,2.533430694658593e-06,0.00014241394064327758
45,0.0,1024,8.0,0.025,32,320,18,static_0.2,0.006240129408635158,2.533430694658593e-06,0.00040599008910821696
45,0.0,1024,8.0,0.025,32,320,18,static_0.3,0.0018254872363857688,2.533430694658593e-06,0.0013878106864633367
45,0.0,1024,8.0,0.025,32,320,18,static_0.4,0.00036667616536804936,2.533430694658593e-06,0.00690917745394134
45,0.0,1024,8.0,0.025,32,320,18,static_0.5,2.533430694658593e-06,2.533430694658593e-06,1.0
45,0.0,1024,8.0,0.025,32,320,18,static_0.6,0.00038434252819896864,2.533430694658593e-06,0.0065915960602389335
45,0.0,1024,8.0,0.025,32,320,18,static_0.7,0.001879305639493544,2.533430694658593e-06,0.0013480674145911304
45,0.0,1024,8.0,0.025,32,320,18,static_0.8,0.006483364026694566,2.533430694658593e-06,0.00039075866852878534
45,0.0,1024,8.0,0.025,32,320,18,static_0.9,0.019012137251810137,2.533430694658593e-06,0.00013325333501983772
45,0.0,1024,8.0,0.025,32,320,18,static_1.0,0.0516731717733229,2.533430694658593e-06,4.902796959652701e-05
45,0.0,1024,8.0,0.025,32,320,18,prepare_AB,2.2114144097104517e-05,2.533430694658593e-06,0.11456155316408126
45,0.0,1024,8.0,0.025,32,320,18,prepare_BA,3.862976523602166e-06,2.533430694658593e-06,0.6558234768396181
45,0.0,1024,8.0,0.025,32,320,18,matched_static,0.01616567633581758,2.533430694658593e-06,0.00015671665336051434
45,0.0,1024,8.0,0.025,32,320,18,greedy_oracle,3.010240231339473e-07,2.533430694658593e-06,8.416041577955015
45,0.0,1024,8.0,0.025,32,320,19,static_0.0,0.050494286538718125,3.2485630053824277e-05,0.0006433525905730913
45,0.0,1024,8.0,0.025,32,320,19,static_0.1,0.018318162268734915,3.2485630053824277e-05,0.0017734109774357727
45,0.0,1024,8.0,0.025,32,320,19,static_0.2,0.0055094336206865,3.2485630053824277e-05,0.005896364724651392
45,0.0,1024,8.0,0.025,32,320,19,static_0.3,0.0014927204277872812,3.2485630053824277e-05,0.02176270214374906
45,0.0,1024,8.0,0.025,32,320,19,static_0.4,0.00021208180328233814,3.2485630053824277e-05,0.1531749992269593
45,0.0,1024,8.0,0.025,32,320,19,static_0.5,3.2485630053824277e-05,3.2485630053824277e-05,1.0
45,0.0,1024,8.0,0.025,32,320,19,static_0.6,0.0005962284439550405,3.2485630053824277e-05,0.0544852067746602
45,0.0,1024,8.0,0.025,32,320,19,static_0.7,0.0022645144825636505,3.2485630053824277e-05,0.014345516579362913
45,0.0,1024,8.0,0.025,32,320,19,static_0.8,0.006721676723548708,3.2485630053824277e-05,0.004832965254043561
45,0.0,1024,8.0,0.025,32,320,19,static_0.9,0.01943751184678517,3.2485630053824277e-05,0.0016712854150207077
45,0.0,1024,8.0,0.025,32,320,19,static_1.0,0.05140357352165674,3.2485630053824277e-05,0.0006319722118178772
45,0.0,1024,8.0,0.025,32,320,19,prepare_AB,4.5419308728892975e-05,3.2485630053824277e-05,0.7152383196259197
45,0.0,1024,8.0,0.025,32,320,19,prepare_BA,0.00013161056261824694,3.2485630053824277e-05,0.24683148075320482
45,0.0,1024,8.0,0.025,32,320,19,matched_static,0.01703048363188455,3.2485630053824277e-05,0.0019074989739577641
45,0.0,1024,8.0,0.025,32,320,19,greedy_oracle,5.894283187750061e-07,3.2485630053824277e-05,55.113792498701685
45,0.1,128,4.0,0.025,32,160,0,static_0.0,0.06144936776257279,0.00021559283171740357,0.003508462976387457
45,0.1,128,4.0,0.025,32,160,0,static_0.1,0.0307713121957828,0.00021559283171740357,0.007006293080571017
45,0.1,128,4.0,0.025,32,160,0,static_0.2,0.015331821276328577,0.00021559283171740357,0.014061788735449592
45,0.1,128,4.0,0.025,32,160,0,static_0.3,0.00648621666383427,0.00021559283171740357,0.03323861087149651
45,0.1,128,4.0,0.025,32,160,0,static_0.4,0.0021077858477691917,0.00021559283171740357,0.10228403039406476
45,0.1,128,4.0,0.025,32,160,0,static_0.5,0.00021559283171740357,0.00021559283171740357,1.0
45,0.1,128,4.0,0.025,32,160,0,static_0.6,0.0011580535896797866,0.00021559283171740357,0.1861682685833366
45,0.1,128,4.0,0.025,32,160,0,static_0.7,0.005565103758360821,0.00021559283171740357,0.0387401279614067
45,0.1,128,4.0,0.025,32,160,0,static_0.8,0.015245056560199246,0.00021559283171740357,0.01414181907860274
45,0.1,128,4.0,0.025,32,160,0,static_0.9,0.03229163070309993,0.00021559283171740357,0.0066764306113753225
45,0.1,128,4.0,0.025,32,160,0,static_1.0,0.05667853411239087,0.00021559283171740357,0.0038037827740903304
45,0.1,128,4.0,0.025,32,160,0,prepare_AB,0.00013730846793099486,0.00021559283171740357,1.57013500307753
45,0.1,128,4.0,0.025,32,160,0,prepare_BA,0.00046310317486304134,0.00021559283171740357,0.4655395242780688
45,0.1,128,4.0,0.025,32,160,0,matched_static,0.013499925295809317,0.00021559283171740357,0.015969927758365334
45,0.1,128,4.0,0.025,32,160,0,greedy_oracle,0.00016993786580850217,0.00021559283171740357,1.2686568157820024
45,0.1,128,4.0,0.025,32,160,1,static_0.0,0.0657379989711543,0.0002531661148667352,0.003851138136678361
45,0.1,128,4.0,0.025,32,160,1,static_0.1,0.032691173793350806,0.0002531661148667352,0.0077441732887005635
45,0.1,128,4.0,0.025,32,160,1,static_0.2,0.01479623794617525,0.0002531661148667352,0.017110167853996786
45,0.1,128,4.0,0.025,32,160,1,static_0.3,0.0058443262292077955,0.0002531661148667352,0.043318272276024555
45,0.1,128,4.0,0.025,32,160,1,static_0.4,0.001015690395926282,0.0002531661148667352,0.24925520205973256
45,0.1,128,4.0,0.025,32,160,1,static_0.5,0.0002531661148667352,0.0002531661148667352,1.0
45,0.1,128,4.0,0.025,32,160,1,static_0.6,0.0017587504548216234,0.0002531661148667352,0.14394658103580243
45,0.1,128,4.0,0.025,32,160,1,static_0.7,0.00732559346642051,0.0002531661148667352,0.03455912698776052
45,0.1,128,4.0,0.025,32,160,1,static_0.8,0.016342526799969562,0.0002531661148667352,0.015491246731026117
45,0.1,128,4.0,0.025,32,160,1,static_0.9,0.0336487373704905,0.0002531661148667352,0.007523792410967508
45,0.1,128,4.0,0.025,32,160,1,static_1.0,0.06631317540661531,0.0002531661148667352,0.0038177347610695127
45,0.1,128,4.0,0.025,32,160,1,prepare_AB,0.00043884251460689106,0.0002531661148667352,0.5768951421981479
45,0.1,128,4.0,0.025,32,160,1,prepare_BA,0.0001062184227771251,0.0002531661148667352,2.3834482592341444
45,0.1,128,4.0,0.025,32,160,1,matched_static,0.012445126671941231,0.0002531661148667352,0.020342590440443103
45,0.1,128,4.0,0.025,32,160,1,greedy_oracle,0.0002592984399173411,0.0002531661148667352,0.9763503203005743
45,0.1,128,4.0,0.025,32,160,2,static_0.0,0.06171684700068529,0.000384460740457888,0.006229429388277387
45,0.1,128,4.0,0.025,32,160,2,static_0.1,0.036425664752454866,0.000384460740457888,0.01055466641640295
45,0.1,128,4.0,0.025,32,160,2,static_0.2,0.016971356753559836,0.000384460740457888,0.022653506495716392
45,0.1,128,4.0,0.025,32,160,2,static_0.3,0.00747088593502339,0.000384460740457888,0.0514611980160937
45,0.1,128,4.0,0.025,32,160,2,static_0.4,0.0027068090701316944,0.000384460740457888,0.1420346727444588
45,0.1,128,4.0,0.025,32,160,2,static_0.5,0.000384460740457888,0.000384460740457888,1.0
45,0.1,128,4.0,0.025,32,160,2,static_0.6,0.0008032478937151386,0.000384460740457888,0.4786327402362689
45,0.1,128,4.0,0.025,32,160,2,static_0.7,0.0038308687899876984,0.000384460740457888,0.1003586292129631
45,0.1,128,4.0,0.025,32,160,2,static_0.8,0.009932436786825578,0.000384460740457888,0.03870759499500044
45,0.1,128,4.0,0.025,32,160,2,static_0.9,0.0250909502692156,0.000384460740457888,0.015322685523377236
45,0.1,128,4.0,0.025,32,160,2,static_1.0,0.05646322810987423,0.000384460740457888,0.006809046406446144
45,0.1,128,4.0,0.025,32,160,2,prepare_AB,0.00015641255783615076,0.000384460740457888,2.4579915179229284
45,0.1,128,4.0,0.025,32,160,2,prepare_BA,0.0013165657170384028,0.000384460740457888,0.2920178882697382
45,0.1,128,4.0,0.025,32,160,2,matched_static,0.014468061129300939,0.000384460740457888,0.026573065804876388
45,0.1,128,4.0,0.025,32,160,2,greedy_oracle,9.30935224898412e-05,0.000384460740457888,4.129833421007806
45,0.1,128,4.0,0.025,32,160,3,static_0.0,0.060722687986210264,0.0004347034821175225,0.0071588313451512705
45,0.1,128,4.0,0.025,32,160,3,static_0.1,0.03171831132958838,0.0004347034821175225,0.013705126909199922
45,0.1,128,4.0,0.025,32,160,3,static_0.2,0.014966451721650974,0.0004347034821175225,0.029045193222964515
45,0.1,128,4.0,0.025,32,160,3,static_0.3,0.006104996310079567,0.0004347034821175225,0.07120454461206005
45,0.1,128,4.0,0.025,32,160,3,static_0.4,0.002179099088391152,0.0004347034821175225,0.1994877077565426
45,0.1,128,4.0,0.025,32,160,3,static_0.5,0.0004347034821175225,0.0004347034821175225,1.0
45,0.1,128,4.0,0.025,32,160,3,static_0.6,0.0020443807733247442,0.0004347034821175225,0.2126333253518967
45,0.1,128,4.0,0.025,32,160,3,static_0.7,0.006307967962594513,0.0004347034821175225,0.06891339409065829
45,0.1,128,4.0,0.025,32,160,3,static_0.8,0.014702922743060507,0.0004347034821175225,0.029565787001274563
45,0.1,128,4.0,0.025,32,160,3,static_0.9,0.03111369101306735,0.0004347034821175225,0.013971453336569828
45,0.1,128,4.0,0.025,32,160,3,static_1.0,0.06933510659249595,0.0004347034821175225,0.006269601410904442
45,0.1,128,4.0,0.025,32,160,3,prepare_AB,0.0003799309125648594,0.0004347034821175225,1.1441645513467207
45,0.1,128,4.0,0.025,32,160,3,prepare_BA,0.00011892469132307016,0.0004347034821175225,3.6552836697016047
45,0.1,128,4.0,0.025,32,160,3,matched_static,0.012777736448552224,0.0004347034821175225,0.03402038255115024
45,0.1,128,4.0,0.025,32,160,3,greedy_oracle,0.0005115792122474361,0.0004347034821175225,0.8497285888685974
45,0.1,128,4.0,0.025,32,160,4,static_0.0,0.05771995045141377,0.00026039333074764134,0.004511322839177235
45,0.1,128,4.0,0.025,32,160,4,static_0.1,0.029417283182836117,0.00026039333074764134,0.008851712414407157
45,0.1,128,4.0,0.025,32,160,4,static_0.2,0.012344556507938906,0.00026039333074764134,0.021093777697091008
45,0.1,128,4.0,0.025,32,160,4,static_0.3,0.004483913487132361,0.00026039333074764134,0.05807278206747318
45,0.1,128,4.0,0.025,32,160,4,static_0.4,0.0013103795227494244,0.00026039333074764134,0.19871596451788776
45,0.1,128,4.0,0.025,32,160,4,static_0.5,0.00026039333074764134,0.00026039333074764134,1.0
45,0.1,128,4.0,0.025,32,160,4,static_0.6,0.0013201519625509806,0.00026039333074764134,0.19724496734790534
45,0.1,128,4.0,0.025,32,160,4,static_0.7,0.004906344040303807,0.00026039333074764134,0.05307278262767677
45,0.1,128,4.0,0.025,32,160,4,static_0.8,0.015342806990773719,0.00026039333074764134,0.016971687834190112
45,0.1,128,4.0,0.025,32,160,4,static_0.9,0.0326742785824345,0.00026039333074764134,0.007969367405945645
45,0.1,128,4.0,0.025,32,160,4,static_1.0,0.07039498491474311,0.00026039333074764134,0.003699032410661205
45,0.1,128,4.0,0.025,32,160,4,prepare_AB,0.000567397881908889,0.00026039333074764134,0.45892545434185195
45,0.1,128,4.0,0.025,32,160,4,prepare_BA,0.00013908635410000278,0.00026039333074764134,1.8721702242652727
45,0.1,128,4.0,0.025,32,160,4,matched_static,0.010192378841482184,0.00026039333074764134,0.025547846562360973
45,0.1,128,4.0,0.025,32,160,4,greedy_oracle,0.00020003986298420913,0.00026039333074764134,1.301707204069603
45,0.1,128,4.0,0.025,32,160,5,static_0.0,0.05460628289769953,0.0004026343261527405,0.007373406589623459
45,0.1,128,4.0,0.025,32,160,5,static_0.1,0.025223302209561108,0.0004026343261527405,0.01596279197733747
45,0.1,128,4.0,0.025,32,160,5,static_0.2,0.008827342486949791,0.0004026343261527405,0.04561217906159062
45,0.1,128,4.0,0.025,32,160,5,static_0.3,0.002255194826600538,0.0004026343261527405,0.1785363824905843
45,0.1,128,4.0,0.025,32,160,5,static_0.4,0.0004026343261527405,0.0004026343261527405,1.0
45,0.1,128,4.0,0.025,32,160,5,static_0.5,0.0010243092036279111,0.0004026343261527405,0.39307889134129154
45,0.1,128,4.0,0.025,32,160,5,static_0.6,0.0040882515060300054,0.0004026343261527405,0.09848570362143112
45,0.1,128,4.0,0.025,32,160,5,static_0.7,0.010358918428104578,0.0004026343261527405,0.0388683750091478
45,0.1,128,4.0,0.025,32,160,5,static_0.8,0.01902058399301824,0.0004026343261527405,0.021168347212710863
45,0.1,128,4.0,0.025,32,160,5,static_0.9,0.03519768728851778,0.0004026343261527405,0.011439226755221734
45,0.1,128,4.0,0.025,32,160,5,static_1.0,0.06003819392106548,0.0004026343261527405,0.006706303102356799
45,0.1,128,4.0,0.025,32,160,5,prepare_AB,0.0019292125483899609,0.0004026343261527405,0.20870397431779203
45,0.1,128,4.0,0.025,32,160,5,prepare_BA,6.731325700536897e-05,0.0004026343261527405,5.981501179190096
45,0.1,128,4.0,0.025,32,160,5,matched_static,0.006930477198972555,0.0004026343261527405,0.05809619086726542
45,0.1,128,4.0,0.025,32,160,5,greedy_oracle,0.00034777415869832355,0.0004026343261527405,1.1577465320015492
45,0.1,128,4.0,0.025,32,160,6,static_0.0,0.06739859169671489,0.0010281267326400457,0.015254424562259188
45,0.1,128,4.0,0.025,32,160,6,static_0.1,0.03003908878109035,0.0010281267326400457,0.03422629561544001
45,0.1,128,4.0,0.025,32,160,6,static_0.2,0.01166166986551406,0.0010281267326400457,0.08816290844250586
45,0.1,128,4.0,0.025,32,160,6,static_0.3,0.003649856639569372,0.0010281267326400457,0.2816896207631183
45,0.1,128,4.0,0.025,32,160,6,static_0.4,0.0010281267326400457,0.0010281267326400457,1.0
45,0.1,128,4.0,0.025,32,160,6,static_0.5,0.002134740174594601,0.0010281267326400457,0.48161680043113103
45,0.1,128,4.0,0.025,32,160,6,static_0.6,0.00628206772241888,0.0010281267326400457,0.1636605617877947
45,0.1,128,4.0,0.025,32,160,6,static_0.7,0.013525522767941306,0.0010281267326400457,0.07601382588161026
45,0.1,128,4.0,0.025,32,160,6,static_0.8,0.026472722111391477,0.0010281267326400457,0.03883721244509391
45,0.1,128,4.0,0.025,32,160,6,static_0.9,0.043055135150775976,0.0010281267326400457,0.023879305663299398
45,0.1,128,4.0,0.025,32,160,6,static_1.0,0.06819617655150476,0.0010281267326400457,0.015076017228965309
45,0.1,128,4.0,0.025,32,160,6,prepare_AB,0.0009042650381690327,0.0010281267326400457,1.1369749899009804
45,0.1,128,4.0,0.025,32,160,6,prepare_BA,0.0014704436199832068,0.0010281267326400457,0.6991949359145014
45,0.1,128,4.0,0.025,32,160,6,matched_static,0.009122718856192341,0.0010281267326400457,0.11269959634261571
45,0.1,128,4.0,0.025,32,160,6,greedy_oracle,0.0008526040708792322,0.0010281267326400457,1.2058665537214817
45,0.1,128,4.0,0.025,32,160,7,static_0.0,0.06192968760518365,0.00040636483028647975,0.006561712903787781
45,0.1,128,4.0,0.025,32,160,7,static_0.1,0.03667752505774381,0.00040636483028647975,0.01107939616009295
45,0.1,128,4.0,0.025,32,160,7,static_0.2,0.021809489561280523,0.00040636483028647975,0.01863247780947242
45,0.1,128,4.0,0.025,32,160,7,static_0.3,0.0134674739229558,0.00040636483028647975,0.030173797447924967
45,0.1,128,4.0,0.025,32,160,7,static_0.4,0.006907868513191803,0.00040636483028647975,0.058826370176336434
45,0.1,128,4.0,0.025,32,160,7,static_0.5,0.002828977487678354,0.00040636483028647975,0.14364371298690312
45,0.1,128,4.0,0.025,32,160,7,static_0.6,0.0005679924510879956,0.00040636483028647975,0.7154405476834834
45,0.1,128,4.0,0.025,32,160,7,static_0.7,0.00040636483028647975,0.00040636483028647975,1.0
45,0.1,128,4.0,0.025,32,160,7,static_0.8,0.004968093674816611,0.00040636483028647975,0.08179492112766573
45,0.1,128,4.0,0.025,32,160,7,static_0.9,0.019164695797713422,0.00040636483028647975,0.0212038236649164
45,0.1,128,4.0,0.025,32,160,7,static_1.0,0.060450390517755866,0.00040636483028647975,0.006722286271535661
45,0.1,128,4.0,0.025,32,160,7,prepare_AB,0.0014304111516138982,0.00040636483028647975,0.28408952896374456
45,0.1,128,4.0,0.025,32,160,7,prepare_BA,0.0025484057533327305,0.00040636483028647975,0.15945844956402555
45,0.1,128,4.0,0.025,32,160,7,matched_static,0.02024092541236939,0.00040636483028647975,0.020076395817265696
45,0.1,128,4.0,0.025,32,160,7,greedy_oracle,0.00021094116194385543,0.00040636483028647975,1.9264368629705315
45,0.1,128,4.0,0.025,32,160,8,static_0.0,0.06534871360470099,0.0001790234023444104,0.002739509203307898
45,0.1,128,4.0,0.025,32,160,8,static_0.1,0.028311733306400938,0.0001790234023444104,0.00632329361141359
45,0.1,128,4.0,0.025,32,160,8,static_0.2,0.010507884391843803,0.0001790234023444104,0.017037054812229183
45,0.1,128,4.0,0.025,32,160,8,static_0.3,0.0021992917650658877,0.0001790234023444104,0.081400478639562
45,0.1,128,4.0,0.025,32,160,8,static_0.4,0.0001790234023444104,0.0001790234023444104,1.0
45,0.1,128,4.0,0.025,32,160,8,static_0.5,0.0004055463414798162,0.0001790234023444104,0.4414375967273281
45,0.1,128,4.0,0.025,32,160,8,static_0.6,0.0027806005225475263,0.0001790234023444104,0.06438299960484543
45,0.1,128,4.0,0.025,32,160,8,static_0.7,0.0070483252479312105,0.0001790234023444104,0.025399424125178736
45,0.1,128,4.0,0.025,32,160,8,static_0.8,0.015969803718269792,0.0001790234023444104,0.011210119141264326
45,0.1,128,4.0,0.025,32,160,8,static_0.9,0.03092929076955547,0.0001790234023444104,0.005788150904534414
45,0.1,128,4.0,0.025,32,160,8,static_1.0,0.057687027160370954,0.0001790234023444104,0.0031033563550904118
45,0.1,128,4.0,0.025,32,160,8,prepare_AB,0.0037188428652716937,0.0001790234023444104,0.04813954469983533
45,0.1,128,4.0,0.025,32,160,8,prepare_BA,0.0006889548276972619,0.0001790234023444104,0.2598478088073957
45,0.1,128,4.0,0.025,32,160,8,matched_static,0.00839916964015827,0.0001790234023444104,0.021314416783352046
45,0.1,128,4.0,0.025,32,160,8,greedy_oracle,1.0962562126163669e-05,0.0001790234023444104,16.330434462683346
45,0.1,128,4.0,0.025,32,160,9,static_0.0,0.058445815943791044,0.0003964524405151419,0.006783247596310763
45,0.1,128,4.0,0.025,32,160,9,static_0.1,0.030926720257043933,0.0003964524405151419,0.012819090974408935
45,0.1,128,4.0,0.025,32,160,9,static_0.2,0.015469458736719892,0.0003964524405151419,0.02562807446999304
45,0.1,128,4.0,0.025,32,160,9,static_0.3,0.007402560862657764,0.0003964524405151419,0.053556120357624776
45,0.1,128,4.0,0.025,32,160,9,static_0.4,0.0021282326843399704,0.0003964524405151419,0.1862824696906174
45,0.1,128,4.0,0.025,32,160,9,static_0.5,0.0003964524405151419,0.0003964524405151419,1.0
45,0.1,128,4.0,0.025,32,160,9,static_0.6,0.0008471797180373286,0.0003964524405151419,0.4679673416091783
45,0.1,128,4.0,0.025,32,160,9,static_0.7,0.004693549520118695,0.0003964524405151419,0.08446750989113161
45,0.1,128,4.0,0.025,32,160,9,static_0.8,0.012334403647675006,0.0003964524405151419,0.032142003119045956
45,0.1,128,4.0,0.025,32,160,9,static_0.9,0.028636546544198917,0.0003964524405151419,0.013844282511623375
45,0.1,128,4.0,0.025,32,160,9,static_1.0,0.05852061302557882,0.0003964524405151419,0.006774577708915252
45,0.1,128,4.0,0.025,32,160,9,prepare_AB,0.00044801674584319485,0.0003964524405151419,0.884905406312423
45,0.1,128,4.0,0.025,32,160,9,prepare_BA,0.0010705304904709094,0.0003964524405151419,0.37033269397189117
45,0.1,128,4.0,0.025,32,160,9,matched_static,0.014085759329962585,0.0003964524405151419,0.028145620781112334
45,0.1,128,4.0,0.025,32,160,9,greedy_oracle,0.0003428066161466295,0.0003964524405151419,1.1564900496131798
45,0.1,128,4.0,0.025,32,160,10,static_0.0,0.0660601669727498,0.0004251353593923388,0.006435578032488316
45,0.1,128,4.0,0.025,32,160,10,static_0.1,0.03037442613341704,0.0004251353593923388,0.013996490255485602
45,0.1,128,4.0,0.025,32,160,10,static_0.2,0.011606473198011252,0.0004251353593923388,0.036629159619752966
45,0.1,128,4.0,0.025,32,160,10,static_0.3,0.00389834003239206,0.0004251353593923388,0.10905548409317992
45,0.1,128,4.0,0.025,32,160,10,static_0.4,0.0006662600690141117,0.0004251353593923388,0.6380922092801186
45,0.1,128,4.0,0.025,32,160,10,static_0.5,0.0004251353593923388,0.0004251353593923388,1.0
45,0.1,128,4.0,0.025,32,160,10,static_0.6,0.002480447247193438,0.0004251353593923388,0.1713946385569653
45,0.1,128,4.0,0.025,32,160,10,static_0.7,0.007161028096784715,0.0004251353593923388,0.05936792226569026
45,0.1,128,4.0,0.025,32,160,10,static_0.8,0.016497554705971796,0.0004251353593923388,0.025769598402267942
45,0.1,128,4.0,0.025,32,160,10,static_0.9,0.03326993753070284,0.0004251353593923388,0.01277836362031058
45,0.1,128,4.0,0.025,32,160,10,static_1.0,0.06537724688185063,0.0004251353593923388,0.006502803034221383
45,0.1,128,4.0,0.025,32,160,10,prepare_AB,0.00035702490099618847,0.0004251353593923388,1.1907722912494483
45,0.1,128,4.0,0.025,32,160,10,prepare_BA,0.00010813109702441288,0.0004251353593923388,3.9316660155251686
45,0.1,128,4.0,0.025,32,160,10,matched_static,0.01001987788889549,0.0004251353593923388,0.04242919565551734
45,0.1,128,4.0,0.025,32,160,10,greedy_oracle,0.0002987084056240673,0.0004251353593923388,1.423245383751883
45,0.1,128,4.0,0.025,32,160,11,static_0.0,0.06235473196600065,0.00035082545769033797,0.005626284431494758
45,0.1,128,4.0,0.025,32,160,11,static_0.1,0.026478132068610404,0.00035082545769033797,0.01324963017713166
45,0.1,128,4.0,0.025,32,160,11,static_0.2,0.009712789391033563,0.00035082545769033797,0.03611994902455161
45,0.1,128,4.0,0.025,32,160,11,static_0.3,0.002836003191373142,0.00035082545769033797,0.12370418297042697
45,0.1,128,4.0,0.025,32,160,11,static_0.4,0.00035082545769033797,0.00035082545769033797,1.0
45,0.1,128,4.0,0.025,32,160,11,static_0.5,0.000873393680337469,0.00035082545769033797,0.40168078334936336
45,0.1,128,4.0,0.025,32,160,11,static_0.6,0.004336853739975462,0.00035082545769033797,0.0808940025937612
45,0.1,128,4.0,0.025,32,160,11,static_0.7,0.009171481276268212,0.00035082545769033797,0.038251777125481466
45,0.1,128,4.0,0.025,32,160,11,static_0.8,0.019376439512943894,0.00035082545769033797,0.018105775184134254
45,0.1,128,4.0,0.025,32,160,11,static_0.9,0.037484836379024764,0.00035082545769033797,0.009359130026419108
45,0.1,128,4.0,0.025,32,160,11,static_1.0,0.06668482967807736,0.00035082545769033797,0.005260948545328172
45,0.1,128,4.0,0.025,32,160,11,prepare_AB,0.001054183627959263,0.00035082545769033797,0.3327934985762224
45,0.1,128,4.0,0.025,32,160,11,prepare_BA,0.00036556085272547244,0.00035082545769033797,0.9596909928257542
45,0.1,128,4.0,0.025,32,160,11,matched_static,0.008462727260098304,0.00035082545769033797,0.04145536620853627
45,0.1,128,4.0,0.025,32,160,11,greedy_oracle,0.00029770464341436615,0.00035082545769033797,1.1784346178370975
45,0.1,128,4.0,0.025,32,160,12,static_0.0,0.05794100610987213,0.00046251086887833036,0.007982444557508756
45,0.1,128,4.0,0.025,32,160,12,static_0.1,0.028902558042775882,0.00046251086887833036,0.016002419861723405
45,0.1,128,4.0,0.025,32,160,12,static_0.2,0.015528104921979017,0.00046251086887833036,0.02978540338323426
45,0.1,128,4.0,0.025,32,160,12,static_0.3,0.006986163233895274,0.00046251086887833036,0.06620384514268618
45,0.1,128,4.0,0.025,32,160,12,static_0.4,0.002237072099723186,0.00046251086887833036,0.2067483068317562
45,0.1,128,4.0,0.025,32,160,12,static_0.5,0.00046251086887833036,0.00046251086887833036,1.0
45,0.1,128,4.0,0.025,32,160,12,static_0.6,0.0011166633415576567,0.00046251086887833036,0.41419007113922485
45,0.1,128,4.0,0.025,32,160,12,static_0.7,0.0050651066722992785,0.00046251086887833036,0.09131315464840467
45,0.1,128,4.0,0.025,32,160,12,static_0.8,0.014334817459180063,0.00046251086887833036,0.03226485933255724
45,0.1,128,4.0,0.025,32,160,12,static_0.9,0.02965653020509262,0.00046251086887833036,0.015595582682120647
45,0.1,128,4.0,0.025,32,160,12,static_1.0,0.0640392119372756,0.00046251086887833036,0.007222307315888666
45,0.1,128,4.0,0.025,32,160,12,prepare_AB,0.00041032568359251485,0.00046251086887833036,1.1271799143278574
45,0.1,128,4.0,0.025,32,160,12,prepare_BA,0.0014847006390457016,0.00046251086887833036,0.31151792941613565
45,0.1,128,4.0,0.025,32,160,12,matched_static,0.013389815667879354,0.00046251086887833036,0.034541989251416015
45,0.1,128,4.0,0.025,32,160,12,greedy_oracle,0.00038092706138920566,0.00046251086887833036,1.2141717293373595
45,0.1,128,4.0,0.025,32,160,13,static_0.0,0.06027471131855474,0.0005914280104704955,0.00981220809743526
45,0.1,128,4.0,0.025,32,160,13,static_0.1,0.030144874555020323,0.0005914280104704955,0.019619521368086076
45,0.1,128,4.0,0.025,32,160,13,static_0.2,0.015951617108573957,0.0005914280104704955,0.03707636701940422
45,0.1,128,4.0,0.025,32,160,13,static_0.3,0.006377688443045607,0.0005914280104704955,0.09273391382349565
45,0.1,128,4.0,0.025,32,160,13,static_0.4,0.0017563927429997375,0.0005914280104704955,0.3367287941877951
45,0.1,128,4.0,0.025,32,160,13,static_0.5,0.0005914280104704955,0.0005914280104704955,1.0
45,0.1,128,4.0,0.025,32,160,13,static_0.6,0.00195982334551999,0.0005914280104704955,0.30177618397211964
45,0.1,128,4.0,0.025,32,160,13,static_0.7,0.006836983406521023,0.0005914280104704955,0.08650423371020609
45,0.1,128,4.0,0.025,32,160,13,static_0.8,0.015745520688030177,0.0005914280104704955,0.0375616673585207
45,0.1,128,4.0,0.025,32,160,13,static_0.9,0.03411510854896357,0.0005914280104704955,0.01733624882423138
45,0.1,128,4.0,0.025,32,160,13,static_1.0,0.06723916405960771,0.0005914280104704955,0.008795885831450743
45,0.1,128,4.0,0.025,32,160,13,prepare_AB,0.0008063940615602514,0.0005914280104704955,0.7334230727420924
45,0.1,128,4.0,0.025,32,160,13,prepare_BA,0.00028761726534378925,0.0005914280104704955,2.0563021825673813
45,0.1,128,4.0,0.025,32,160,13,matched_static,0.013681595267909257,0.0005914280104704955,0.04322800074766969
45,0.1,128,4.0,0.025,32,160,13,greedy_oracle,0.0006354626022514687,0.0005914280104704955,0.9307046683393218
45,0.1,128,4.0,0.025,32,160,14,static_0.0,0.06063301078644527,0.000755897242299332,0.012466760803973066
45,0.1,128,4.0,0.025,32,160,14,static_0.1,0.03228116860795617,0.000755897242299332,0.023416043312416826
45,0.1,128,4.0,0.025,32,160,14,static_0.2,0.016665396505790554,0.000755897242299332,0.045357291201363746
45,0.1,128,4.0,0.025,32,160,14,static_0.3,0.007299869143206876,0.000755897242299332,0.10354942362258043
45,0.1,128,4.0,0.025,32,160,14,static_0.4,0.002588501828843198,0.000755897242299332,0.29202113511240696
45,0.1,128,4.0,0.025,32,160,14,static_0.5,0.000755897242299332,0.000755897242299332,1.0
45,0.1,128,4.0,0.025,32,160,14,static_0.6,0.001415871809648326,0.000755897242299332,0.5338740676580612
45,0.1,128,4.0,0.025,32,160,14,static_0.7,0.004601447061672995,0.000755897242299332,0.16427381042704048
45,0.1,128,4.0,0.025,32,160,14,static_0.8,0.013536833644267174,0.000755897242299332,0.055840033361084646
45,0.1,128,4.0,0.025,32,160,14,static_0.9,0.03204789233695953,0.000755897242299332,0.023586488445219423
45,0.1,128,4.0,0.025,32,160,14,static_1.0,0.0647038827688511,0.000755897242299332,0.011682409307640905
45,0.1,128,4.0,0.025,32,160,14,prepare_AB,0.0011050723797148155,0.000755897242299332,0.6840250975184136
45,0.1,128,4.0,0.025,32,160,14,prepare_BA,0.000378295081871089,0.000755897242299332,1.9981683043844536
45,0.1,128,4.0,0.025,32,160,14,matched_static,0.014557532052613013,0.000755897242299332,0.051924820743475666
45,0.1,128,4.0,0.025,32,160,14,greedy_oracle,0.00048773578323305474,0.000755897242299332,1.5498088684178863
45,0.1,128,4.0,0.025,32,160,15,static_0.0,0.05640169367368054,0.0007495833536946616,0.013290085897623488
45,0.1,128,4.0,0.025,32,160,15,static_0.1,0.031326268345618934,0.0007495833536946616,0.023928268296261754
45,0.1,128,4.0,0.025,32,160,15,static_0.2,0.017877701758002285,0.0007495833536946616,0.041928395709987645
45,0.1,128,4.0,0.025,32,160,15,static_0.3,0.007040355753389883,0.0007495833536946616,0.10646952795442792
45,0.1,128,4.0,0.025,32,160,15,static_0.4,0.0022858564995747576,0.0007495833536946616,0.3279223143859241
45,0.1,128,4.0,0.025,32,160,15,static_0.5,0.0007495833536946616,0.0007495833536946616,1.0
45,0.1,128,4.0,0.025,32,160,15,static_0.6,0.00185140411580142,0.0007495833536946616,0.40487290013946436
45,0.1,128,4.0,0.025,32,160,15,static_0.7,0.006161030927108751,0.0007495833536946616,0.12166524767737631
45,0.1,128,4.0,0.025,32,160,15,static_0.8,0.017281651393712832,0.0007495833536946616,0.0433745211390715
45,0.1,128,4.0,0.025,32,160,15,static_0.9,0.034698149853958575,0.0007495833536946616,0.021602977589571526
45,0.1,128,4.0,0.025,32,160,15,static_1.0,0.06907969546682166,0.0007495833536946616,0.010850993893779968
45,0.1,128,4.0,0.025,32,160,15,prepare_AB,0.0007957601453470884,0.0007495833536946616,0.9419714697670795
45,0.1,128,4.0,0.025,32,160,15,prepare_BA,0.0002673488437005205,0.0007495833536946616,2.8037650857930463
45,0.1,128,4.0,0.025,32,160,15,matched_static,0.015295887131391059,0.0007495833536946616,0.04900554948240469
45,0.1,128,4.0,0.025,32,160,15,greedy_oracle,0.0009375941475803845,0.0007495833536946616,0.7994752906991628
45,0.1,128,4.0,0.025,32,160,16,static_0.0,0.0637245388572166,0.0007423557851377832,0.01164944930870557
45,0.1,128,4.0,0.025,32,160,16,static_0.1,0.033211225311937195,0.0007423557851377832,0.02235255634699381
45,0.1,128,4.0,0.025,32,160,16,static_0.2,0.01562662795217531,0.0007423557851377832,0.04750582066775598
45,0.1,128,4.0,0.025,32,160,16,static_0.3,0.005405552142033565,0.0007423557851377832,0.13733209219558273
45,0.1,128,4.0,0.025,32,160,16,static_0.4,0.0016270621223752773,0.0007423557851377832,0.4562553420234811
45,0.1,128,4.0,0.025,32,160,16,static_0.5,0.0007423557851377832,0.0007423557851377832,1.0
45,0.1,128,4.0,0.025,32,160,16,static_0.6,0.0024391130368602155,0.0007423557851377832,0.3043548100966209
45,0.1,128,4.0,0.025,32,160,16,static_0.7,0.007022197026397923,0.0007423557851377832,0.10571560187603836
45,0.1,128,4.0,0.025,32,160,16,static_0.8,0.01792742078581921,0.0007423557851377832,0.041408956369507144
45,0.1,128,4.0,0.025,32,160,16,static_0.9,0.035610460320091804,0.0007423557851377832,0.0208465652638289
45,0.1,128,4.0,0.025,32,160,16,static_1.0,0.06599603197180746,0.0007423557851377832,0.011248491204060674
45,0.1,128,4.0,0.025,32,160,16,prepare_AB,0.00024484057246754106,0.0007423557851377832,3.031996607654553
45,0.1,128,4.0,0.025,32,160,16,prepare_BA,0.000719774858734633,0.0007423557851377832,1.0313722077523626
45,0.1,128,4.0,0.025,32,160,16,matched_static,0.01313867929257339,0.0007423557851377832,0.056501553056203926
45,0.1,128,4.0,0.025,32,160,16,greedy_oracle,0.0007804434514995913,0.0007423557851377832,0.951197404131428
45,0.1,128,4.0,0.025,32,160,17,static_0.0,0.06715994416737894,0.0003503038024341236,0.005215963276578688
45,0.1,128,4.0,0.025,32,160,17,static_0.1,0.03421159108157447,0.0003503038024341236,0.010239330921466226
45,0.1,128,4.0,0.025,32,160,17,static_0.2,0.015566800972250938,0.0003503038024341236,0.022503262106232873
45,0.1,128,4.0,0.025,32,160,17,static_0.3,0.006671804150134932,0.0003503038024341236,0.052505108745891316
45,0.1,128,4.0,0.025,32,160,17,static_0.4,0.0023069341288412043,0.0003503038024341236,0.1518482032298359
45,0.1,128,4.0,0.025,32,160,17,static_0.5,0.0003503038024341236,0.0003503038024341236,1.0
45,0.1,128,4.0,0.025,32,160,17,static_0.6,0.001060230106578066,0.0003503038024341236,0.33040356075601623
45,0.1,128,4.0,0.025,32,160,17,static_0.7,0.004770751242492106,0.0003503038024341236,0.07342738797907533
45,0.1,128,4.0,0.025,32,160,17,static_0.8,0.013013075300149748,0.0003503038024341236,0.02691937104445192
45,0.1,128,4.0,0.025,32,160,17,static_0.9,0.03020366232625905,0.0003503038024341236,0.01159805717101961
45,0.1,128,4.0,0.025,32,160,17,static_1.0,0.06290351055061619,0.0003503038024341236,0.005568907035041339
45,0.1,128,4.0,0.025,32,160,17,prepare_AB,0.00020729232534121695,0.0003503038024341236,1.6899024209289961
45,0.1,128,4.0,0.025,32,160,17,prepare_BA,0.00030335439010207763,0.0003503038024341236,1.1547675387728777
45,0.1,128,4.0,0.025,32,160,17,matched_static,0.013173541220456067,0.0003503038024341236,0.026591468199163238
45,0.1,128,4.0,0.025,32,160,17,greedy_oracle,0.00046822649239290415,0.0003503038024341236,0.7481503249503709
45,0.1,128,4.0,0.025,32,160,18,static_0.0,0.056955739021499724,0.00018212236701944983,0.0031976122186861983
45,0.1,128,4.0,0.025,32,160,18,static_0.1,0.02524788592084391,0.00018212236701944983,0.007213370956698398
45,0.1,128,4.0,0.025,32,160,18,static_0.2,0.013379956146463319,0.00018212236701944983,0.013611581759002225
45,0.1,128,4.0,0.025,32,160,18,static_0.3,0.005266794080035488,0.00018212236701944983,0.03457935971140582
45,0.1,128,4.0,0.025,32,160,18,static_0.4,0.0013179277611413984,0.00018212236701944983,0.138188429130381
45,0.1,128,4.0,0.025,32,160,18,static_0.5,0.00018212236701944983,0.00018212236701944983,1.0
45,0.1,128,4.0,0.025,32,160,18,static_0.6,0.0012752618265025896,0.00018212236701944983,0.14281174519190393
45,0.1,128,4.0,0.025,32,160,18,static_0.7,0.005423288231804711,0.00018212236701944983,0.033581539323578394
45,0.1,128,4.0,0.025,32,160,18,static_0.8,0.01452563350909976,0.00018212236701944983,0.01253799821573063
45,0.1,128,4.0,0.025,32,160,18,static_0.9,0.032436232522354856,0.00018212236701944983,0.005614781768934853
45,0.1,128,4.0,0.025,32,160,18,static_1.0,0.0654613945780298,0.00018212236701944983,0.0027821339308981645
45,0.1,128,4.0,0.025,32,160,18,prepare_AB,0.0006540972028362719,0.00018212236701944983,0.27843318428780556
45,0.1,128,4.0,0.025,32,160,18,prepare_BA,0.00028489705362925327,0.00018212236701944983,0.6392567585358471
45,0.1,128,4.0,0.025,32,160,18,matched_static,0.011534234547108961,0.00018212236701944983,0.015789722870261775
45,0.1,128,4.0,0.025,32,160,18,greedy_oracle,0.00019393049375089955,0.00018212236701944983,0.9391115522728619
45,0.1,128,4.0,0.025,32,160,19,static_0.0,0.06120030553644228,0.00040941059901400043,0.006689682272422858
45,0.1,128,4.0,0.025,32,160,19,static_0.1,0.03181491268173666,0.00040941059901400043,0.012868512420875586
45,0.1,128,4.0,0.025,32,160,19,static_0.2,0.016875274129466027,0.00040941059901400043,0.02426097471798256
45,0.1,128,4.0,0.025,32,160,19,static_0.3,0.006489286358850968,0.00040941059901400043,0.0630902346381418
45,0.1,128,4.0,0.025,32,160,19,static_0.4,0.0013704266846191072,0.00040941059901400043,0.29874680901137807
45,0.1,128,4.0,0.025,32,160,19,static_0.5,0.00040941059901400043,0.00040941059901400043,1.0
45,0.1,128,4.0,0.025,32,160,19,static_0.6,0.0021088410683743858,0.00040941059901400043,0.19414009199355992
45,0.1,128,4.0,0.025,32,160,19,static_0.7,0.007253386336440746,0.00040941059901400043,0.05644406350688046
45,0.1,128,4.0,0.025,32,160,19,static_0.8,0.017272760754789267,0.00040941059901400043,0.023702672944189422
45,0.1,128,4.0,0.025,32,160,19,static_0.9,0.03533151940240594,0.00040941059901400043,0.011587687309765714
45,0.1,128,4.0,0.025,32,160,19,static_1.0,0.0661126535534124,0.00040941059901400043,0.006192620882827486
45,0.1,128,4.0,0.025,32,160,19,prepare_AB,0.00042204436336461704,0.00040941059901400043,0.9700653167124473
45,0.1,128,4.0,0.025,32,160,19,prepare_BA,0.0004955092721705627,0.00040941059901400043,0.82624205440312
45,0.1,128,4.0,0.025,32,160,19,matched_static,0.01382134745512775,0.00040941059901400043,0.029621612534030336
45,0.1,128,4.0,0.025,32,160,19,greedy_oracle,0.0003947926389514969,0.00040941059901400043,1.0370269316604444
45,0.1,128,8.0,0.025,32,320,0,static_0.0,0.05337814790595142,3.313793570529068e-05,0.000620814640546866
45,0.1,128,8.0,0.025,32,320,0,static_0.1,0.01822239432424086,3.313793570529068e-05,0.0018185280768075575
45,0.1,128,8.0,0.025,32,320,0,static_0.2,0.006771668363326018,3.313793570529068e-05,0.004893614679176998
45,0.1,128,8.0,0.025,32,320,0,static_0.3,0.002308350988715141,3.313793570529068e-05,0.014355674621100711
45,0.1,128,8.0,0.025,32,320,0,static_0.4,0.0007092795201212251,3.313793570529068e-05,0.04672055905354066
45,0.1,128,8.0,0.025,32,320,0,static_0.5,3.313793570529068e-05,3.313793570529068e-05,1.0
45,0.1,128,8.0,0.025,32,320,0,static_0.6,0.00017041393210759888,3.313793570529068e-05,0.19445555475104864
45,0.1,128,8.0,0.025,32,320,0,static_0.7,0.0014457661231847532,3.313793570529068e-05,0.02292067518658826
45,0.1,128,8.0,0.025,32,320,0,static_0.8,0.005568116304736058,3.313793570529068e-05,0.0059513727608571385
45,0.1,128,8.0,0.025,32,320,0,static_0.9,0.016609215830906136,3.313793570529068e-05,0.001995153536606358
45,0.1,128,8.0,0.025,32,320,0,static_1.0,0.04720909258733619,3.313793570529068e-05,0.0007019396876562697
45,0.1,128,8.0,0.025,32,320,0,prepare_AB,9.844008880945172e-05,3.313793570529068e-05,0.33663049379643534
45,0.1,128,8.0,0.025,32,320,0,prepare_BA,0.00020083617075290956,3.313793570529068e-05,0.16499983833121656
45,0.1,128,8.0,0.025,32,320,0,matched_static,0.01684806336629666,3.313793570529068e-05,0.0019668691282097583
45,0.1,128,8.0,0.025,32,320,0,greedy_oracle,2.459317222938312e-06,3.313793570529068e-05,13.474445425831872
45,0.1,128,8.0,0.025,32,320,1,static_0.0,0.06043176067015646,8.363885854945457e-05,0.001384021541354142
45,0.1,128,8.0,0.025,32,320,1,static_0.1,0.019535948282754043,8.363885854945457e-05,0.004281279687011115
45,0.1,128,8.0,0.025,32,320,1,static_0.2,0.005771825150369581,8.363885854945457e-05,0.014490885702609861
45,0.1,128,8.0,0.025,32,320,1,static_0.3,0.0014933754407915846,8.363885854945457e-05,0.056006584991862875
45,0.1,128,8.0,0.025,32,320,1,static_0.4,9.816047548552432e-05,8.363885854945457e-05,0.852062483761998
45,0.1,128,8.0,0.025,32,320,1,static_0.5,8.363885854945457e-05,8.363885854945457e-05,1.0
45,0.1,128,8.0,0.025,32,320,1,static_0.6,0.0006329653742581479,8.363885854945457e-05,0.13213812627188576
45,0.1,128,8.0,0.025,32,320,1,static_0.7,0.0024943687904936066,8.363885854945457e-05,0.03353107161547808
45,0.1,128,8.0,0.025,32,320,1,static_0.8,0.006843421577312504,8.363885854945457e-05,0.012221789583552235
45,0.1,128,8.0,0.025,32,320,1,static_0.9,0.019035349023691084,8.363885854945457e-05,0.004393870500895939
45,0.1,128,8.0,0.025,32,320,1,static_1.0,0.05530131236858038,8.363885854945457e-05,0.0015124208624924832
45,0.1,128,8.0,0.025,32,320,1,prepare_AB,5.832121797776111e-05,8.363885854945457e-05,1.4341068559533086
45,0.1,128,8.0,0.025,32,320,1,prepare_BA,0.00016951774588657128,8.363885854945457e-05,0.49339293719384103
45,0.1,128,8.0,0.025,32,320,1,matched_static,0.016892520007057526,8.363885854945457e-05,0.004951236317287834
45,0.1,128,8.0,0.025,32,320,1,greedy_oracle,6.089593762101436e-07,8.363885854945457e-05,137.34718901937381
45,0.1,128,8.0,0.025,32,320,2,static_0.0,0.05048377849982836,4.333162456072606e-05,0.0008583276816507185
45,0.1,128,8.0,0.025,32,320,2,static_0.1,0.02108441589577885,4.333162456072606e-05,0.0020551493944587365
45,0.1,128,8.0,0.025,32,320,2,static_0.2,0.00663979623036209,4.333162456072606e-05,0.00652604734503472
45,0.1,128,8.0,0.025,32,320,2,static_0.3,0.002157501071783639,4.333162456072606e-05,0.020084172901431354
45,0.1,128,8.0,0.025,32,320,2,static_0.4,0.0005912449451039324,4.333162456072606e-05,0.07328878651657476
45,0.1,128,8.0,0.025,32,320,2,static_0.5,4.333162456072606e-05,4.333162456072606e-05,1.0
45,0.1,128,8.0,0.025,32,320,2,static_0.6,0.00019515890820064128,4.333162456072606e-05,0.2220325219086447
45,0.1,128,8.0,0.025,32,320,2,static_0.7,0.0010601461490229766,4.333162456072606e-05,0.04087325563617827
45,0.1,128,8.0,0.025,32,320,2,static_0.8,0.003707624137187754,4.333162456072606e-05,0.011687167565370651
45,0.1,128,8.0,0.025,32,320,2,static_0.9,0.013616347441183325,4.333162456072606e-05,0.0031823236552900665
45,0.1,128,8.0,0.025,32,320,2,static_1.0,0.047367440666049525,4.333162456072606e-05,0.0009147976743397048
45,0.1,128,8.0,0.025,32,320,2,prepare_AB,0.00020358044503143848,4.333162456072606e-05,0.21284767578749744
45,0.1,128,8.0,0.025,32,320,2,prepare_BA,0.0010267912108249762,4.333162456072606e-05,0.04220100844641165
45,0.1,128,8.0,0.025,32,320,2,matched_static,0.01892223691062922,4.333162456072606e-05,0.0022899842532034527
45,0.1,128,8.0,0.025,32,320,2,greedy_oracle,2.2009876951544087e-06,4.333162456072606e-05,19.687354298310225
45,0.1,128,8.0,0.025,32,320,3,static_0.0,0.052046775794956215,8.439131850896367e-05,0.0016214514198042201
45,0.1,128,8.0,0.025,32,320,3,static_0.1,0.017936736630236073,8.439131850896367e-05,0.004704942724458845
45,0.1,128,8.0,0.025,32,320,3,static_0.2,0.00554805797787232,8.439131850896367e-05,0.01521096550280243
45,0.1,128,8.0,0.025,32,320,3,static_0.3,0.001411085858155294,8.439131850896367e-05,0.05980594165920424
45,0.1,128,8.0,0.025,32,320,3,static_0.4,0.0001995243433064904,8.439131850896367e-05,0.42296251730712237
45,0.1,128,8.0,0.025,32,320,3,static_0.5,8.439131850896367e-05,8.439131850896367e-05,1.0
45,0.1,128,8.0,0.025,32,320,3,static_0.6,0.0009971391379651575,8.439131850896367e-05,0.08463344311324435
45,0.1,128,8.0,0.025,32,320,3,static_0.7,0.0029518840538027245,8.439131850896367e-05,0.028588967917031735
45,0.1,128,8.0,0.025,32,320,3,static_0.8,0.007293494511817663,8.439131850896367e-05,0.011570766026110563
45,0.1,128,8.0,0.025,32,320,3,static_0.9,0.018941192509743455,8.439131850896367e-05,0.00445543850871862
45,0.1,128,8.0,0.025,32,320,3,static_1.0,0.061545566534281324,8.439131850896367e-05,0.001371200612183123
45,0.1,128,8.0,0.025,32,320,3,prepare_AB,0.00010486264710568674,8.439131850896367e-05,0.8047795934801182
45,0.1,128,8.0,0.025,32,320,3,prepare_BA,4.404182085721986e-05,8.439131850896367e-05,1.916163248167094
45,0.1,128,8.0,0.025,32,320,3,matched_static,0.016503359048284136,8.439131850896367e-05,0.0051135843474082255
45,0.1,128,8.0,0.025,32,320,3,greedy_oracle,0.00011485477855664244,8.439131850896367e-05,0.7347654104556457
45,0.1,128,8.0,0.025,32,320,4,static_0.0,0.05015002628754696,3.837656253435733e-06,7.652351429352458e-05
45,0.1,128,8.0,0.025,32,320,4,static_0.1,0.017236555274874846,3.837656253435733e-06,0.00022264635782706288
45,0.1,128,8.0,0.025,32,320,4,static_0.2,0.0050961455531304345,3.837656253435733e-06,0.0007530507544232832
45,0.1,128,8.0,0.025,32,320,4,static_0.3,0.0014089392883861137,3.837656253435733e-06,0.002723791071105429
45,0.1,128,8.0,0.025,32,320,4,static_0.4,0.0003076627490479011,3.837656253435733e-06,0.012473581105648363
45,0.1,128,8.0,0.025,32,320,4,static_0.5,3.837656253435733e-06,3.837656253435733e-06,1.0
45,0.1,128,8.0,0.025,32,320,4,static_0.6,0.00034352874279099067,3.837656253435733e-06,0.011171281396301198
45,0.1,128,8.0,0.025,32,320,4,static_0.7,0.0017510864973599657,3.837656253435733e-06,0.0021915857721600818
45,0.1,128,8.0,0.025,32,320,4,static_0.8,0.007256835242180072,3.837656253435733e-06,0.0005288333171917018
45,0.1,128,8.0,0.025,32,320,4,static_0.9,0.02132636297792195,3.837656253435733e-06,0.00017994893256804523
45,0.1,128,8.0,0.025,32,320,4,static_1.0,0.06335791478890908,3.837656253435733e-06,6.057106308220109e-05
45,0.1,128,8.0,0.025,32,320,4,prepare_AB,0.0003676350618801213,3.837656253435733e-06,0.010438765643868645
45,0.1,128,8.0,0.025,32,320,4,prepare_BA,7.880410229503347e-06,3.837656253435733e-06,0.48698686257068075
45,0.1,128,8.0,0.025,32,320,4,matched_static,0.015451445497094379,3.837656253435733e-06,0.0002483687532119502
45,0.1,128,8.0,0.025,32,320,4,greedy_oracle,6.397210926551681e-06,3.837656253435733e-06,0.5998952195725651
45,0.1,128,8.0,0.025,32,320,5,static_0.0,0.045616384159499354,2.5057449332587892e-05,0.0005493081004617465
45,0.1,128,8.0,0.025,32,320,5,static_0.1,0.013915590191240815,2.5057449332587892e-05,0.0018006745663119868
45,0.1,128,8.0,0.025,32,320,5,static_0.2,0.0028873130090468443,2.5057449332587892e-05,0.008678466537599199
45,0.1,128,8.0,0.025,32,320,5,static_0.3,0.00031504328654394394,2.5057449332587892e-05,0.07953652847984985
45,0.1,128,8.0,0.025,32,320,5,static_0.4,2.5057449332587892e-05,2.5057449332587892e-05,1.0
45,0.1,128,8.0,0.025,32,320,5,static_0.5,0.0005273374095652572,2.5057449332587892e-05,0.04751691967623828
45,0.1,128,8.0,0.025,32,320,5,static_0.6,0.001719533440952954,2.5057449332587892e-05,0.014572237291704674
45,0.1,128,8.0,0.025,32,320,5,static_0.7,0.004558932091617021,2.5057449332587892e-05,0.005496341868891535
45,0.1,128,8.0,0.025,32,320,5,static_0.8,0.00971493827272782,2.5057449332587892e-05,0.002579270050838121
45,0.1,128,8.0,0.025,32,320,5,static_0.9,0.022322249127147926,2.5057449332587892e-05,0.0011225324648004875
45,0.1,128,8.0,0.025,32,320,5,static_1.0,0.052672065390958284,2.5057449332587892e-05,0.00047572558901191805
45,0.1,128,8.0,0.025,32,320,5,prepare_AB,0.0015276093078533076,2.5057449332587892e-05,0.01640304834735538
45,0.1,128,8.0,0.025,32,320,5,prepare_BA,8.500241092369086e-05,2.5057449332587892e-05,0.294785160330131
45,0.1,128,8.0,0.025,32,320,5,matched_static,0.011056810358922371,2.5057449332587892e-05,0.00226624573626404
45,0.1,128,8.0,0.025,32,320,5,greedy_oracle,5.7360665080330544e-05,2.5057449332587892e-05,0.43684028589097207
45,0.1,128,8.0,0.025,32,320,6,static_0.0,0.05995656077257387,2.675492400212017e-05,0.0004462384709424288
45,0.1,128,8.0,0.025,32,320,6,static_0.1,0.018355701188672417,2.675492400212017e-05,0.0014575811475200436
45,0.1,128,8.0,0.025,32,320,6,static_0.2,0.005998905780422536,2.675492400212017e-05,0.004459967364287504
45,0.1,128,8.0,0.025,32,320,6,static_0.3,0.0018869709026012023,2.675492400212017e-05,0.014178768716167443
45,0.1,128,8.0,0.025,32,320,6,static_0.4,0.00041001970149420915,2.675492400212017e-05,0.06525277664614378
45,0.1,128,8.0,0.025,32,320,6,static_0.5,2.675492400212017e-05,2.675492400212017e-05,1.0
45,0.1,128,8.0,0.025,32,320,6,static_0.6,0.0009598045553681543,2.675492400212017e-05,0.02787538760102855
45,0.1,128,8.0,0.025,32,320,6,static_0.7,0.003888393099162148,2.675492400212017e-05,0.006880714814529732
45,0.1,128,8.0,0.025,32,320,6,static_0.8,0.011952854039897735,2.675492400212017e-05,0.002238371180039029
45,0.1,128,8.0,0.025,32,320,6,static_0.9,0.027043287376007436,2.675492400212017e-05,0.0009893369703957257
45,0.1,128,8.0,0.025,32,320,6,static_1.0,0.058225783906643486,2.675492400212017e-05,0.0004595030278169852
45,0.1,128,8.0,0.025,32,320,6,prepare_AB,0.00029655852608836557,2.675492400212017e-05,0.0902180232516667
45,0.1,128,8.0,0.025,32,320,6,prepare_BA,0.0009719347510024818,2.675492400212017e-05,0.027527489859298027
45,0.1,128,8.0,0.025,32,320,6,matched_static,0.017119950382483762,2.675492400212017e-05,0.001562792146260798
45,0.1,128,8.0,0.025,32,320,6,greedy_oracle,8.258020953225531e-05,2.675492400212017e-05,0.3239871169335053
45,0.1,128,8.0,0.025,32,320,7,static_0.0,0.054362888071479404,0.00012964709167039603,0.0023848455494110007
45,0.1,128,8.0,0.025,32,320,7,static_0.1,0.02332634270315419,0.00012964709167039603,0.005557969087578617
45,0.1,128,8.0,0.025,32,320,7,static_0.2,0.010433361984139567,0.00012964709167039603,0.012426204694851097
45,0.1,128,8.0,0.025,32,320,7,static_0.3,0.004957218013886274,0.00012964709167039603,0.026153195463105634
45,0.1,128,8.0,0.025,32,320,7,static_0.4,0.0020735787223208997,0.00012964709167039603,0.06252335166966104
45,0.1,128,8.0,0.025,32,320,7,static_0.5,0.0007838739211317665,0.00012964709167039603,0.16539278597661475
45,0.1,128,8.0,0.025,32,320,7,static_0.6,0.00023473286953769036,0.00012964709167039603,0.5523175852011598
45,0.1,128,8.0,0.025,32,320,7,static_0.7,0.00012964709167039603,0.00012964709167039603,1.0
45,0.1,128,8.0,0.025,32,320,7,static_0.8,0.0015008807754350857,0.00012964709167039603,0.08638067313029113
45,0.1,128,8.0,0.025,32,320,7,static_0.9,0.008703512211467913,0.00012964709167039603,0.014895951027628888
45,0.1,128,8.0,0.025,32,320,7,static_1.0,0.046913429666246884,0.00012964709167039603,0.0027635389821792137
45,0.1,128,8.0,0.025,32,320,7,prepare_AB,0.001544670552498704,0.00012964709167039603,0.08393187237283388
45,0.1,128,8.0,0.025,32,320,7,prepare_BA,0.0024173621680564114,0.00012964709167039603,0.0536316375690755
45,0.1,128,8.0,0.025,32,320,7,matched_static,0.021837129307701597,0.00012964709167039603,0.005937002517298445
45,0.1,128,8.0,0.025,32,320,7,greedy_oracle,8.093127334554402e-05,0.00012964709167039603,1.601940588737002
45,0.1,128,8.0,0.025,32,320,8,static_0.0,0.05708440020147709,3.647007953320711e-05,0.0006388799637814785
45,0.1,128,8.0,0.025,32,320,8,static_0.1,0.014559156293685522,3.647007953320711e-05,0.0025049583092273424
45,0.1,128,8.0,0.025,32,320,8,static_0.2,0.0034695250224140274,3.647007953320711e-05,0.010511548208357334
45,0.1,128,8.0,0.025,32,320,8,static_0.3,0.0005987152441896348,3.647007953320711e-05,0.06091389836343589
45,0.1,128,8.0,0.025,32,320,8,static_0.4,6.322117273185285e-05,3.647007953320711e-05,0.5768649640191238
45,0.1,128,8.0,0.025,32,320,8,static_0.5,3.647007953320711e-05,3.647007953320711e-05,1.0
45,0.1,128,8.0,0.025,32,320,8,static_0.6,0.0004646891260605881,3.647007953320711e-05,0.07848274790155514
45,0.1,128,8.0,0.025,32,320,8,static_0.7,0.001760702665128526,3.647007953320711e-05,0.020713366461874983
45,0.1,128,8.0,0.025,32,320,8,static_0.8,0.005646786770394019,3.647007953320711e-05,0.006458554398480025
45,0.1,128,8.0,0.025,32,320,8,static_0.9,0.016247483294949034,3.647007953320711e-05,0.0022446602265191935
45,0.1,128,8.0,0.025,32,320,8,static_1.0,0.04898957957364153,3.647007953320711e-05,0.0007444456525368828
45,0.1,128,8.0,0.025,32,320,8,prepare_AB,0.0027070620770542116,3.647007953320711e-05,0.013472199194225112
45,0.1,128,8.0,0.025,32,320,8,prepare_BA,0.0006614922458560371,3.647007953320711e-05,0.05513304163680888
45,0.1,128,8.0,0.025,32,320,8,matched_static,0.012491441964055956,3.647007953320711e-05,0.002919605249590042
45,0.1,128,8.0,0.025,32,320,8,greedy_oracle,1.3468281962470005e-05,3.647007953320711e-05,2.7078494224306175
45,0.1,128,8.0,0.025,32,320,9,static_0.0,0.04825144485770151,3.9577163185011386e-05,0.0008202275248280859
45,0.1,128,8.0,0.025,32,320,9,static_0.1,0.018566517310285927,3.9577163185011386e-05,0.002131641735689734
45,0.1,128,8.0,0.025,32,320,9,static_0.2,0.007111776299900131,3.9577163185011386e-05,0.005565018009012342
45,0.1,128,8.0,0.025,32,320,9,static_0.3,0.0028971254867757577,3.9577163185011386e-05,0.013660838429562552
45,0.1,128,8.0,0.025,32,320,9,static_0.4,0.0008582056198140607,3.9577163185011386e-05,0.046116178071155256
45,0.1,128,8.0,0.025,32,320,9,static_0.5,0.00015158233982882723,3.9577163185011386e-05,0.261093496971372
45,0.1,128,8.0,0.025,32,320,9,static_0.6,3.9577163185011386e-05,3.9577163185011386e-05,1.0
45,0.1,128,8.0,0.025,32,320,9,static_0.7,0.0010419637104714284,3.9577163185011386e-05,0.037983245277424305
45,0.1,128,8.0,0.025,32,320,9,static_0.8,0.004234516125926355,3.9577163185011386e-05,0.009346324823914414
45,0.1,128,8.0,0.025,32,320,9,static_0.9,0.015502758457450751,3.9577163185011386e-05,0.002552911037970167
45,0.1,128,8.0,0.025,32,320,9,static_1.0,0.04994738359092842,3.9577163185011386e-05,0.0007923771044575696
45,0.1,128,8.0,0.025,32,320,9,prepare_AB,0.00032514213155719623,3.9577163185011386e-05,0.12172265401430854
45,0.1,128,8.0,0.025,32,320,9,prepare_BA,0.0006350117477445195,3.9577163185011386e-05,0.06232508819810721
45,0.1,128,8.0,0.025,32,320,9,matched_static,0.01684852524668517,3.9577163185011386e-05,0.0023489986574817827
45,0.1,128,8.0,0.025,32,320,9,greedy_oracle,5.275768855561096e-05,3.9577163185011386e-05,0.7501686345354912
45,0.1,128,8.0,0.025,32,320,10,static_0.0,0.05637454591590448,2.3917341750978897e-05,0.0004242578164027623
45,0.1,128,8.0,0.025,32,320,10,static_0.1,0.01785352028306824,2.3917341750978897e-05,0.0013396429035713146
45,0.1,128,8.0,0.025,32,320,10,static_0.2,0.0048667869689063325,2.3917341750978897e-05,0.004914400795388342
45,0.1,128,8.0,0.025,32,320,10,static_0.3,0.001182065209377798,2.3917341750978897e-05,0.02023352143454779
45,0.1,128,8.0,0.025,32,320,10,static_0.4,0.00015588903086896077,2.3917341750978897e-05,0.15342543101113795
45,0.1,128,8.0,0.025,32,320,10,static_0.5,2.3917341750978897e-05,2.3917341750978897e-05,1.0
45,0.1,128,8.0,0.025,32,320,10,static_0.6,0.00048730398544601984,2.3917341750978897e-05,0.04908094837165721
45,0.1,128,8.0,0.025,32,320,10,static_0.7,0.001959833826313906,2.3917341750978897e-05,0.012203760048352214
45,0.1,128,8.0,0.025,32,320,10,static_0.8,0.00623146559834984,2.3917341750978897e-05,0.0038381567503658317
45,0.1,128,8.0,0.025,32,320,10,static_0.9,0.018202703288413894,2.3917341750978897e-05,0.0013139444934095255
45,0.1,128,8.0,0.025,32,320,10,static_1.0,0.05358522955526072,2.3917341750978897e-05,0.00044634206010657685
45,0.1,128,8.0,0.025,32,320,10,prepare_AB,0.00028317365565681303,2.3917341750978897e-05,0.08446174731721891
45,0.1,128,8.0,0.025,32,320,10,prepare_BA,1.614239748869795e-06,2.3917341750978897e-05,14.816474298644021
45,0.1,128,8.0,0.025,32,320,10,matched_static,0.01604143428402894,2.3917341750978897e-05,0.001490972772602467
45,0.1,128,8.0,0.025,32,320,10,greedy_oracle,4.876398430538885e-07,2.3917341750978897e-05,49.04714430468682
45,0.1,128,8.0,0.025,32,320,11,static_0.0,0.05234416392684359,7.70447042156153e-05,0.001471887187333688
45,0.1,128,8.0,0.025,32,320,11,static_0.1,0.014125536659522282,7.70447042156153e-05,0.00545428510595228
45,0.1,128,8.0,0.025,32,320,11,static_0.2,0.0035069572859498617,7.70447042156153e-05,0.02196910253919665
45,0.1,128,8.0,0.025,32,320,11,static_0.3,0.0008211138655829568,7.70447042156153e-05,0.09382950093153858
45,0.1,128,8.0,0.025,32,320,11,static_0.4,7.70447042156153e-05,7.70447042156153e-05,1.0
45,0.1,128,8.0,0.025,32,320,11,static_0.5,0.00012370616385968083,7.70447042156153e-05,0.6228040851950324
45,0.1,128,8.0,0.025,32,320,11,static_0.6,0.0009245746589878433,7.70447042156153e-05,0.08332988955154601
45,0.1,128,8.0,0.025,32,320,11,static_0.7,0.0026051995519177544,7.70447042156153e-05,0.02957343676759836
45,0.1,128,8.0,0.025,32,320,11,static_0.8,0.0076569973120007686,7.70447042156153e-05,0.010061999642452997
45,0.1,128,8.0,0.025,32,320,11,static_0.9,0.021208765174939265,7.70447042156153e-05,0.0036326822226620237
45,0.1,128,8.0,0.025,32,320,11,static_1.0,0.05510137924643541,7.70447042156153e-05,0.0013982354937258567
45,0.1,128,8.0,0.025,32,320,11,prepare_AB,0.0008190948977906413,7.70447042156153e-05,0.09406077906653953
45,0.1,128,8.0,0.025,32,320,11,prepare_BA,0.00012836559003039783,7.70447042156153e-05,0.6001974843676611
45,0.1,128,8.0,0.025,32,320,11,matched_static,0.012555411596725609,7.70447042156153e-05,0.006136374233697618
45,0.1,128,8.0,0.025,32,320,11,greedy_oracle,3.912618966602629e-05,7.70447042156153e-05,1.9691338429132565
45,0.1,128,8.0,0.025,32,320,12,static_0.0,0.04870406646189463,0.00010387956058072298,0.0021328724299026834
45,0.1,128,8.0,0.025,32,320,12,static_0.1,0.017591013283559727,0.00010387956058072298,0.005905263040066436
45,0.1,128,8.0,0.025,32,320,12,static_0.2,0.007014744639776808,0.00010387956058072298,0.014808744425517417
45,0.1,128,8.0,0.025,32,320,12,static_0.3,0.0028520007438415013,0.00010387956058072298,0.03642339883852991
45,0.1,128,8.0,0.025,32,320,12,static_0.4,0.0009585445626343577,0.00010387956058072298,0.10837217655821019
45,0.1,128,8.0,0.025,32,320,12,static_0.5,0.00022956327351196653,0.00010387956058072298,0.45250949331539314
45,0.1,128,8.0,0.025,32,320,12,static_0.6,0.00010387956058072298,0.00010387956058072298,1.0
45,0.1,128,8.0,0.025,32,320,12,static_0.7,0.0008316916689505465,0.00010387956058072298,0.12490152836543539
45,0.1,128,8.0,0.025,32,320,12,static_0.8,0.004002555434660849,0.00010387956058072298,0.02595330964842092
45,0.1,128,8.0,0.025,32,320,12,static_0.9,0.01474793778653692,0.00010387956058072298,0.007043666855955443
45,0.1,128,8.0,0.025,32,320,12,static_1.0,0.05247037626789113,0.00010387956058072298,0.0019797754079436884
45,0.1,128,8.0,0.025,32,320,12,prepare_AB,0.0003456930660153368,0.00010387956058072298,0.3004965120593837
45,0.1,128,8.0,0.025,32,320,12,prepare_BA,0.0015026364753627224,0.00010387956058072298,0.06913153133438174
45,0.1,128,8.0,0.025,32,320,12,matched_static,0.015772865321898626,0.00010387956058072298,0.0065859663707709066
45,0.1,128,8.0,0.025,32,320,12,greedy_oracle,0.00015714625111974893,0.00010387956058072298,0.6610374720397526
45,0.1,128,8.0,0.025,32,320,13,static_0.0,0.04907002599812462,3.035392626075381e-05,0.0006185838634345514
45,0.1,128,8.0,0.025,32,320,13,static_0.1,0.015890643199976334,3.035392626075381e-05,0.001910176062652959
45,0.1,128,8.0,0.025,32,320,13,static_0.2,0.006215003382674432,3.035392626075381e-05,0.0048839758229853045
45,0.1,128,8.0,0.025,32,320,13,static_0.3,0.001834860197276141,3.035392626075381e-05,0.01654290953927409
45,0.1,128,8.0,0.025,32,320,13,static_0.4,0.0002906135332130748,3.035392626075381e-05,0.10444773829062745
45,0.1,128,8.0,0.025,32,320,13,static_0.5,3.035392626075381e-05,3.035392626075381e-05,1.0
45,0.1,128,8.0,0.025,32,320,13,static_0.6,0.0005208255191037967,3.035392626075381e-05,0.05828041282037199
45,0.1,128,8.0,0.025,32,320,13,static_0.7,0.002405298424277633,3.035392626075381e-05,0.012619609256955214
45,0.1,128,8.0,0.025,32,320,13,static_0.8,0.007222680855191391,3.035392626075381e-05,0.004202584451580268
45,0.1,128,8.0,0.025,32,320,13,static_0.9,0.020596887838956867,3.035392626075381e-05,0.0014737142085777893
45,0.1,128,8.0,0.025,32,320,13,static_1.0,0.05699073594964832,3.035392626075381e-05,0.0005326115859877945
45,0.1,128,8.0,0.025,32,320,13,prepare_AB,0.000219197316751748,3.035392626075381e-05,0.13847763608863498
45,0.1,128,8.0,0.025,32,320,13,prepare_BA,2.2424062632709055e-05,3.035392626075381e-05,1.3536318890082741
45,0.1,128,8.0,0.025,32,320,13,matched_static,0.014545774958460194,3.035392626075381e-05,0.0020867864618721596
45,0.1,128,8.0,0.025,32,320,13,greedy_oracle,3.2002503319613426e-06,3.035392626075381e-05,9.484859967860936
45,0.1,128,8.0,0.025,32,320,14,static_0.0,0.053323615581704994,2.1945960602204444e-05,0.00041156175107027006
45,0.1,128,8.0,0.025,32,320,14,static_0.1,0.02037708473204418,2.1945960602204444e-05,0.001076992165012354
45,0.1,128,8.0,0.025,32,320,14,static_0.2,0.007604442124666315,2.1945960602204444e-05,0.0028859395919417874
45,0.1,128,8.0,0.025,32,320,14,static_0.3,0.0026017216535875447,2.1945960602204444e-05,0.008435168524635562
45,0.1,128,8.0,0.025,32,320,14,static_0.4,0.0006521193565169456,2.1945960602204444e-05,0.03365328813335749
45,0.1,128,8.0,0.025,32,320,14,static_0.5,2.1945960602204444e-05,2.1945960602204444e-05,1.0
45,0.1,128,8.0,0.025,32,320,14,static_0.6,0.0002557960603989999,2.1945960602204444e-05,0.08579475605672872
45,0.1,128,8.0,0.025,32,320,14,static_0.7,0.0014677561798652357,2.1945960602204444e-05,0.014952047828692805
45,0.1,128,8.0,0.025,32,320,14,static_0.8,0.005876705254963335,2.1945960602204444e-05,0.0037343987234461644
45,0.1,128,8.0,0.025,32,320,14,static_0.9,0.019024297415306306,2.1945960602204444e-05,0.0011535753527774154
45,0.1,128,8.0,0.025,32,320,14,static_1.0,0.05584048217354459,2.1945960602204444e-05,0.0003930116601428941
45,0.1,128,8.0,0.025,32,320,14,prepare_AB,0.0009921385526400553,2.1945960602204444e-05,0.02211985467534429
45,0.1,128,8.0,0.025,32,320,14,prepare_BA,5.77750027273445e-07,2.1945960602204444e-05,37.98521776930627
45,0.1,128,8.0,0.025,32,320,14,matched_static,0.018466217464693457,2.1945960602204444e-05,0.0011884383276739858
45,0.1,128,8.0,0.025,32,320,14,greedy_oracle,1.0181885024716022e-05,2.1945960602204444e-05,2.1553926948626616
45,0.1,128,8.0,0.025,32,320,15,static_0.0,0.046018241145009,0.0001063315716047189,0.00231063962809129
45,0.1,128,8.0,0.025,32,320,15,static_0.1,0.016643392324728036,0.0001063315716047189,0.0063888160256089154
45,0.1,128,8.0,0.025,32,320,15,static_0.2,0.006179544742255353,0.0001063315716047189,0.017207023500878642
45,0.1,128,8.0,0.025,32,320,15,static_0.3,0.0014961542625662682,0.0001063315716047189,0.07106992525111308
45,0.1,128,8.0,0.025,32,320,15,static_0.4,0.00021123489244342412,0.0001063315716047189,0.5033807169580097
45,0.1,128,8.0,0.025,32,320,15,static_0.5,0.0001063315716047189,0.0001063315716047189,1.0
45,0.1,128,8.0,0.025,32,320,15,static_0.6,0.000675459977267493,0.0001063315716047189,0.15742098004810418
45,0.1,128,8.0,0.025,32,320,15,static_0.7,0.002254797716721728,0.0001063315716047189,0.04715792056030436
45,0.1,128,8.0,0.025,32,320,15,static_0.8,0.007548308335758696,0.0001063315716047189,0.014086808179389414
45,0.1,128,8.0,0.025,32,320,15,static_0.9,0.020054167776148792,0.0001063315716047189,0.005302218112046674
45,0.1,128,8.0,0.025,32,320,15,static_1.0,0.05782724330936535,0.0001063315716047189,0.0018387798815839122
45,0.1,128,8.0,0.025,32,320,15,prepare_AB,0.00027714860688303207,0.0001063315716047189,0.3836626595406093
45,0.1,128,8.0,0.025,32,320,15,prepare_BA,0.00010767360438345074,0.0001063315716047189,0.9875361024048889
45,0.1,128,8.0,0.025,32,320,15,matched_static,0.015576493837011922,0.0001063315716047189,0.0068264124595266915
45,0.1,128,8.0,0.025,32,320,15,greedy_oracle,0.00023844375071274728,0.0001063315716047189,0.44593985494220956
45,0.1,128,8.0,0.025,32,320,16,static_0.0,0.05486513875454846,6.806047331507208e-05,0.0012405048972819685
45,0.1,128,8.0,0.025,32,320,16,static_0.1,0.019399104267513137,6.806047331507208e-05,0.003508433810990443
45,0.1,128,8.0,0.025,32,320,16,static_0.2,0.006661314965364437,6.806047331507208e-05,0.010217272966216594
45,0.1,128,8.0,0.025,32,320,16,static_0.3,0.0019450099270876978,6.806047331507208e-05,0.03499235266988091
45,0.1,128,8.0,0.025,32,320,16,static_0.4,0.0004776649010758687,6.806047331507208e-05,0.14248581623178938
45,0.1,128,8.0,0.025,32,320,16,static_0.5,6.806047331507208e-05,6.806047331507208e-05,1.0
45,0.1,128,8.0,0.025,32,320,16,static_0.6,0.00036939290161447586,6.806047331507208e-05,0.18424954301397142
45,0.1,128,8.0,0.025,32,320,16,static_0.7,0.0018080160578372276,6.806047331507208e-05,0.037643732764457254
45,0.1,128,8.0,0.025,32,320,16,static_0.8,0.006658332021407082,6.806047331507208e-05,0.010221850321710016
45,0.1,128,8.0,0.025,32,320,16,static_0.9,0.019230459585125603,6.806047331507208e-05,0.0035392015990983166
45,0.1,128,8.0,0.025,32,320,16,static_1.0,0.055368873514118094,6.806047331507208e-05,0.0012292190358129257
45,0.1,128,8.0,0.025,32,320,16,prepare_AB,1.7827687862208826e-05,6.806047331507208e-05,3.8176836974662782
45,0.1,128,8.0,0.025,32,320,16,prepare_BA,0.00031758156468214885,6.806047331507208e-05,0.21430864031163246
45,0.1,128,8.0,0.025,32,320,16,matched_static,0.017467459425998692,6.806047331507208e-05,0.003896415137153282
45,0.1,128,8.0,0.025,32,320,16,greedy_oracle,0.0001932907990344081,6.806047331507208e-05,0.3521143978661731
45,0.1,128,8.0,0.025,32,320,17,static_0.0,0.05968672276989538,4.491879431495252e-05,0.0007525759872614172
45,0.1,128,8.0,0.025,32,320,17,static_0.1,0.020514676302213146,4.491879431495252e-05,0.002189593130948239
45,0.1,128,8.0,0.025,32,320,17,static_0.2,0.006814167142455063,4.491879431495252e-05,0.0065919713115180235
45,0.1,128,8.0,0.025,32,320,17,static_0.3,0.0023888659235216277,4.491879431495252e-05,0.018803396989620063
45,0.1,128,8.0,0.025,32,320,17,static_0.4,0.0007010476894455803,4.491879431495252e-05,0.06407380694810692
45,0.1,128,8.0,0.025,32,320,17,static_0.5,4.491879431495252e-05,4.491879431495252e-05,1.0
45,0.1,128,8.0,0.025,32,320,17,static_0.6,0.00016714314219714528,4.491879431495252e-05,0.2687444649207972
45,0.1,128,8.0,0.025,32,320,17,static_0.7,0.0012796934179836418,4.491879431495252e-05,0.0351012154033965
45,0.1,128,8.0,0.025,32,320,17,static_0.8,0.005060265764656096,4.491879431495252e-05,0.008876765846705539
45,0.1,128,8.0,0.025,32,320,17,static_0.9,0.017603515009119736,4.491879431495252e-05,0.0025516946071100994
45,0.1,128,8.0,0.025,32,320,17,static_1.0,0.051973528257082305,4.491879431495252e-05,0.0008642629396404611
45,0.1,128,8.0,0.025,32,320,17,prepare_AB,2.6551170958355698e-05,4.491879431495252e-05,1.6917820455227985
45,0.1,128,8.0,0.025,32,320,17,prepare_BA,5.041764347366948e-05,4.491879431495252e-05,0.8909340306317823
45,0.1,128,8.0,0.025,32,320,17,matched_static,0.0186096044873562,4.491879431495252e-05,0.002413742556725018
45,0.1,128,8.0,0.025,32,320,17,greedy_oracle,9.160911324409318e-06,4.491879431495252e-05,4.90331067775605
45,0.1,128,8.0,0.025,32,320,18,static_0.0,0.048147566220558685,5.773827310760393e-07,1.199194012073451e-05
45,0.1,128,8.0,0.025,32,320,18,static_0.1,0.013199728704645489,5.773827310760393e-07,4.3742015006174806e-05
45,0.1,128,8.0,0.025,32,320,18,static_0.2,0.00493459864386704,5.773827310760393e-07,0.0001170070299017406
45,0.1,128,8.0,0.025,32,320,18,static_0.3,0.0014495911484322889,5.773827310760393e-07,0.0003983072963024575
45,0.1,128,8.0,0.025,32,320,18,static_0.4,0.00027755761238848963,5.773827310760393e-07,0.0020802266099187107
45,0.1,128,8.0,0.025,32,320,18,static_0.5,5.773827310760393e-07,5.773827310760393e-07,1.0
45,0.1,128,8.0,0.025,32,320,18,static_0.6,0.0003131150850613502,5.773827310760393e-07,0.0018439952548530514
45,0.1,128,8.0,0.025,32,320,18,static_0.7,0.0016266386051773565,5.773827310760393e-07,0.0003549545235421766
45,0.1,128,8.0,0.025,32,320,18,static_0.8,0.005770453642496449,5.773827310760393e-07,0.00010005846452415973
45,0.1,128,8.0,0.025,32,320,18,static_0.9,0.018112053543830022,5.773827310760393e-07,3.1878369268222935e-05
45,0.1,128,8.0,0.025,32,320,18,static_1.0,0.05543752307179999,5.773827310760393e-07,1.0415016744673842e-05
45,0.1,128,8.0,0.025,32,320,18,prepare_AB,0.0007131297477041409,5.773827310760393e-07,0.0008096461169021104
45,0.1,128,8.0,0.025,32,320,18,prepare_BA,0.00016588558865185662,5.773827310760393e-07,0.00348060814545976
45,0.1,128,8.0,0.025,32,320,18,matched_static,0.012040217837319834,5.773827310760393e-07,4.7954508703852936e-05
45,0.1,128,8.0,0.025,32,320,18,greedy_oracle,5.540595891379291e-07,5.773827310760393e-07,1.0420950063772005
45,0.1,128,8.0,0.025,32,320,19,static_0.0,0.0532831543697038,5.323743987239703e-05,0.0009991420459646667
45,0.1,128,8.0,0.025,32,320,19,static_0.1,0.020544974964104873,5.323743987239703e-05,0.0025912633120950867
45,0.1,128,8.0,0.025,32,320,19,static_0.2,0.008156304739457582,5.323743987239703e-05,0.006527151887159317
45,0.1,128,8.0,0.025,32,320,19,static_0.3,0.0024383500658395284,5.323743987239703e-05,0.02183338668972754
45,0.1,128,8.0,0.025,32,320,19,static_0.4,0.00040040608430805144,5.323743987239703e-05,0.1329586186593482
45,0.1,128,8.0,0.025,32,320,19,static_0.5,5.323743987239703e-05,5.323743987239703e-05,1.0
45,0.1,128,8.0,0.025,32,320,19,static_0.6,0.0005313336045658052,5.323743987239703e-05,0.10019588336766608
45,0.1,128,8.0,0.025,32,320,19,static_0.7,0.0023124368511244896,5.323743987239703e-05,0.02302222430269124
45,0.1,128,8.0,0.025,32,320,19,static_0.8,0.007194275509937878,5.323743987239703e-05,0.0073999723528598545
45,0.1,128,8.0,0.025,32,320,19,static_0.9,0.021096706293925387,5.323743987239703e-05,0.002523495332905416
45,0.1,128,8.0,0.025,32,320,19,static_1.0,0.05756532310791614,5.323743987239703e-05,0.0009248178764252613
45,0.1,128,8.0,0.025,32,320,19,prepare_AB,0.00037751927621252593,5.323743987239703e-05,0.14101912995411342
45,0.1,128,8.0,0.025,32,320,19,prepare_BA,0.0003733411026491518,5.323743987239703e-05,0.14259731782714277
45,0.1,128,8.0,0.025,32,320,19,matched_static,0.019309074150022882,5.323743987239703e-05,0.002757120277169475
45,0.1,128,8.0,0.025,32,320,19,greedy_oracle,6.872110248147315e-05,5.323743987239703e-05,0.774688384645016
45,0.1,1024,4.0,0.025,32,160,0,static_0.0,0.05963050719818831,0.0004982199579641053,0.008355118568893243
45,0.1,1024,4.0,0.025,32,160,0,static_0.1,0.03149078986752393,0.0004982199579641053,0.015821132466350533
45,0.1,1024,4.0,0.025,32,160,0,static_0.2,0.014269577959368186,0.0004982199579641053,0.03491483485936013
45,0.1,1024,4.0,0.025,32,160,0,static_0.3,0.006390404178514804,0.0004982199579641053,0.07796376317466304
45,0.1,1024,4.0,0.025,32,160,0,static_0.4,0.0019914236626810667,0.0004982199579641053,0.2501828050457875
45,0.1,1024,4.0,0.025,32,160,0,static_0.5,0.0004982199579641053,0.0004982199579641053,1.0
45,0.1,1024,4.0,0.025,32,160,0,static_0.6,0.0018249764755176464,0.0004982199579641053,0.27300075625511144
45,0.1,1024,4.0,0.025,32,160,0,static_0.7,0.006164676365569769,0.0004982199579641053,0.08081850991346526
45,0.1,1024,4.0,0.025,32,160,0,static_0.8,0.01511253212248366,0.0004982199579641053,0.03296733822804445
45,0.1,1024,4.0,0.025,32,160,0,static_0.9,0.03198555760520751,0.0004982199579641053,0.015576403704245291
45,0.1,1024,4.0,0.025,32,160,0,static_1.0,0.06307478281407126,0.0004982199579641053,0.00789887710644575
45,0.1,1024,4.0,0.025,32,160,0,prepare_AB,0.00020954181063902064,0.0004982199579641053,2.3776637056095353
45,0.1,1024,4.0,0.025,32,160,0,prepare_BA,0.0003259490588270213,0.0004982199579641053,1.5285209282610843
45,0.1,1024,4.0,0.025,32,160,0,matched_static,0.012162355330199569,0.0004982199579641053,0.04096410147851931
45,0.1,1024,4.0,0.025,32,160,0,greedy_oracle,0.0004453232319693119,0.0004982199579641053,1.1187827676559186
45,0.1,1024,4.0,0.025,32,160,1,static_0.0,0.065225618694196,0.0004351060028082104,0.0066707838349247825
45,0.1,1024,4.0,0.025,32,160,1,static_0.1,0.03541113332910703,0.0004351060028082104,0.01228726566767533
45,0.1,1024,4.0,0.025,32,160,1,static_0.2,0.01581695209414962,0.0004351060028082104,0.02750883989647712
45,0.1,1024,4.0,0.025,32,160,1,static_0.3,0.007088753539384464,0.0004351060028082104,0.06137976167330426
45,0.1,1024,4.0,0.025,32,160,1,static_0.4,0.0021607081836161417,0.0004351060028082104,0.20137194189731855
45,0.1,1024,4.0,0.025,32,160,1,static_0.5,0.0004351060028082104,0.0004351060028082104,1.0
45,0.1,1024,4.0,0.025,32,160,1,static_0.6,0.0017205607586812499,0.0004351060028082104,0.25288615970859646
45,0.1,1024,4.0,0.025,32,160,1,static_0.7,0.00616606891710102,0.0004351060028082104,0.0705645701755756
45,0.1,1024,4.0,0.025,32,160,1,static_0.8,0.014921700306690116,0.0004351060028082104,0.029159277687217152
45,0.1,1024,4.0,0.025,32,160,1,static_0.9,0.03356547392239353,0.0004351060028082104,0.012962903601904018
45,0.1,1024,4.0,0.025,32,160,1,static_1.0,0.06172559961021774,0.0004351060028082104,0.007049036470375335
45,0.1,1024,4.0,0.025,32,160,1,prepare_AB,0.0002414437908005648,0.0004351060028082104,1.802100610521033
45,0.1,1024,4.0,0.025,32,160,1,prepare_BA,0.00030812494537588045,0.0004351060028082104,1.412108981560796
45,0.1,1024,4.0,0.025,32,160,1,matched_static,0.01400917118240794,0.0004351060028082104,0.031058654158969527
45,0.1,1024,4.0,0.025,32,160,1,greedy_oracle,0.0005023171262225119,0.0004351060028082104,0.8661978262223755
45,0.1,1024,4.0,0.025,32,160,2,static_0.0,0.06428705688716062,0.00031930700093595467,0.004966894059194776
45,0.1,1024,4.0,0.025,32,160,2,static_0.1,0.031635568427734434,0.00031930700093595467,0.010093291089912042
45,0.1,1024,4.0,0.025,32,160,2,static_0.2,0.014479933879543244,0.00031930700093595467,0.022051689157715056
45,0.1,1024,4.0,0.025,32,160,2,static_0.3,0.00586998704875619,0.00031930700093595467,0.05439654266419781
45,0.1,1024,4.0,0.025,32,160,2,static_0.4,0.0014790523450676236,0.00031930700093595467,0.215886207138501
45,0.1,1024,4.0,0.025,32,160,2,static_0.5,0.00031930700093595467,0.00031930700093595467,1.0
45,0.1,1024,4.0,0.025,32,160,2,static_0.6,0.0015725580682223734,0.00031930700093595467,0.20304941826211906
45,0.1,1024,4.0,0.025,32,160,2,static_0.7,0.005035988381529173,0.00031930700093595467,0.06340503129576272
45,0.1,1024,4.0,0.025,32,160,2,static_0.8,0.014588877002691727,0.00031930700093595467,0.02188701713483778
45,0.1,1024,4.0,0.025,32,160,2,static_0.9,0.031972209047094136,0.00031930700093595467,0.0099870171768746
45,0.1,1024,4.0,0.025,32,160,2,static_1.0,0.06328103198779814,0.00031930700093595467,0.005045856410772876
45,0.1,1024,4.0,0.025,32,160,2,prepare_AB,0.0003146983973624082,0.00031930700093595467,1.0146445091941132
45,0.1,1024,4.0,0.025,32,160,2,prepare_BA,0.00025527263144830046,0.00031930700093595467,1.2508469831816769
45,0.1,1024,4.0,0.025,32,160,2,matched_static,0.011093706521133954,0.00031930700093595467,0.028782715707113948
45,0.1,1024,4.0,0.025,32,160,2,greedy_oracle,0.0003583951281511807,0.00031930700093595467,0.8909356624994701
45,0.1,1024,4.0,0.025,32,160,3,static_0.0,0.05735674821101393,0.00030327974866310264,0.005287603605897333
45,0.1,1024,4.0,0.025,32,160,3,static_0.1,0.028236298624754963,0.00030327974866310264,0.010740775648165696
45,0.1,1024,4.0,0.025,32,160,3,static_0.2,0.013764853593855046,0.00030327974866310264,0.022032907694600826
45,0.1,1024,4.0,0.025,32,160,3,static_0.3,0.005857304978231748,0.00030327974866310264,0.05177803610879406
45,0.1,1024,4.0,0.025,32,160,3,static_0.4,0.0013732087696514377,0.00030327974866310264,0.22085480035208652
45,0.1,1024,4.0,0.025,32,160,3,static_0.5,0.00030327974866310264,0.00030327974866310264,1.0
45,0.1,1024,4.0,0.025,32,160,3,static_0.6,0.0020328022200668525,0.00030327974866310264,0.14919294443368364
45,0.1,1024,4.0,0.025,32,160,3,static_0.7,0.007157957976762242,0.00030327974866310264,0.04236959055189719
45,0.1,1024,4.0,0.025,32,160,3,static_0.8,0.01630162137032982,0.00030327974866310264,0.01860426897260015
45,0.1,1024,4.0,0.025,32,160,3,static_0.9,0.034099176716072106,0.00030327974866310264,0.008894049002659837
45,0.1,1024,4.0,0.025,32,160,3,static_1.0,0.062180225366114554,0.00030327974866310264,0.004877430837173784
45,0.1,1024,4.0,0.025,32,160,3,prepare_AB,0.0003079462968145279,0.00030327974866310264,0.9848462274114118
45,0.1,1024,4.0,0.025,32,160,3,prepare_BA,0.00012246889433096487,0.00030327974866310264,2.4763818626753276
45,0.1,1024,4.0,0.025,32,160,3,matched_static,0.011804798309594942,0.00030327974866310264,0.02569122662744664
45,0.1,1024,4.0,0.025,32,160,3,greedy_oracle,0.000274374963944591,0.00030327974866310264,1.1053477485808394
45,0.1,1024,4.0,0.025,32,160,4,static_0.0,0.0636383258301644,0.0004886803280015992,0.0076790255184552006
45,0.1,1024,4.0,0.025,32,160,4,static_0.1,0.03386101677729064,0.0004886803280015992,0.014431944888593522
45,0.1,1024,4.0,0.025,32,160,4,static_0.2,0.01628226876351359,0.0004886803280015992,0.03001303657980804
45,0.1,1024,4.0,0.025,32,160,4,static_0.3,0.006028684598983609,0.0004886803280015992,0.08105919624390154
45,0.1,1024,4.0,0.025,32,160,4,static_0.4,0.0013392533210671164,0.0004886803280015992,0.3648901371491235
45,0.1,1024,4.0,0.025,32,160,4,static_0.5,0.0004886803280015992,0.0004886803280015992,1.0
45,0.1,1024,4.0,0.025,32,160,4,static_0.6,0.001940560747030375,0.0004886803280015992,0.25182428777322374
45,0.1,1024,4.0,0.025,32,160,4,static_0.7,0.006435136028875476,0.0004886803280015992,0.07593939363656231
45,0.1,1024,4.0,0.025,32,160,4,static_0.8,0.01486632612523905,0.0004886803280015992,0.03287162705061008
45,0.1,1024,4.0,0.025,32,160,4,static_0.9,0.03072746050192352,0.0004886803280015992,0.015903700469194586
45,0.1,1024,4.0,0.025,32,160,4,static_1.0,0.061434658077106845,0.0004886803280015992,0.007954472984748363
45,0.1,1024,4.0,0.025,32,160,4,prepare_AB,0.0003287159292538465,0.0004886803280015992,1.4866341558526126
45,0.1,1024,4.0,0.025,32,160,4,prepare_BA,0.00029378214167270864,0.0004886803280015992,1.6634105981364216
45,0.1,1024,4.0,0.025,32,160,4,matched_static,0.013476111412895574,0.0004886803280015992,0.03626271058682186
45,0.1,1024,4.0,0.025,32,160,4,greedy_oracle,0.0004359480685794268,0.0004886803280015992,1.1209599565241908
45,0.1,1024,4.0,0.025,32,160,5,static_0.0,0.05854591155944751,0.00034968118802793005,0.005972768699191981
45,0.1,1024,4.0,0.025,32,160,5,static_0.1,0.032382220514007506,0.00034968118802793005,0.010798554962488419
45,0.1,1024,4.0,0.025,32,160,5,static_0.2,0.018445738076512907,0.00034968118802793005,0.0189572890267363
45,0.1,1024,4.0,0.025,32,160,5,static_0.3,0.0072849641727328225,0.00034968118802793005,0.048000399142217536
45,0.1,1024,4.0,0.025,32,160,5,static_0.4,0.002435310719860445,0.00034968118802793005,0.14358791474788418
45,0.1,1024,4.0,0.025,32,160,5,static_0.5,0.00034968118802793005,0.00034968118802793005,1.0
45,0.1,1024,4.0,0.025,32,160,5,static_0.6,0.0011183501271915509,0.00034968118802793005,0.3126759496205938
45,0.1,1024,4.0,0.025,32,160,5,static_0.7,0.0053774990646645645,0.00034968118802793005,0.06502673153877012
45,0.1,1024,4.0,0.025,32,160,5,static_0.8,0.013807874065193423,0.00034968118802793005,0.025324766606135155
45,0.1,1024,4.0,0.025,32,160,5,static_0.9,0.03271944024871593,0.00034968118802793005,0.010687260704029105
45,0.1,1024,4.0,0.025,32,160,5,static_1.0,0.061852501485412915,0.00034968118802793005,0.005653468810964706
45,0.1,1024,4.0,0.025,32,160,5,prepare_AB,0.00024150254111197174,0.00034968118802793005,1.4479399944110802
45,0.1,1024,4.0,0.025,32,160,5,prepare_BA,0.00023781105364010943,0.00034968118802793005,1.4704160411194296
45,0.1,1024,4.0,0.025,32,160,5,matched_static,0.015343950313937356,0.00034968118802793005,0.02278951514267512
45,0.1,1024,4.0,0.025,32,160,5,greedy_oracle,0.0004838237860418152,0.00034968118802793005,0.7227449292823902
45,0.1,1024,4.0,0.025,32,160,6,static_0.0,0.0627174184936948,0.0006883289369235617,0.010975084011035335
45,0.1,1024,4.0,0.025,32,160,6,static_0.1,0.03006445293936587,0.0006883289369235617,0.022895109327676334
45,0.1,1024,4.0,0.025,32,160,6,static_0.2,0.012157235214215837,0.0006883289369235617,0.05661887137946275
45,0.1,1024,4.0,0.025,32,160,6,static_0.3,0.0041158372770243225,0.0006883289369235617,0.167239103636578
45,0.1,1024,4.0,0.025,32,160,6,static_0.4,0.001365105263023206,0.0006883289369235617,0.5042313992689226
45,0.1,1024,4.0,0.025,32,160,6,static_0.5,0.0006883289369235617,0.0006883289369235617,1.0
45,0.1,1024,4.0,0.025,32,160,6,static_0.6,0.0022527813372378294,0.0006883289369235617,0.30554627097875936
45,0.1,1024,4.0,0.025,32,160,6,static_0.7,0.006683360290050256,0.0006883289369235617,0.1029914454781527
45,0.1,1024,4.0,0.025,32,160,6,static_0.8,0.015163091040778863,0.0006883289369235617,0.04539502764129056
45,0.1,1024,4.0,0.025,32,160,6,static_0.9,0.03395478686521918,0.0006883289369235617,0.02027192630175617
45,0.1,1024,4.0,0.025,32,160,6,static_1.0,0.0649562271869493,0.0006883289369235617,0.010596812141544107
45,0.1,1024,4.0,0.025,32,160,6,prepare_AB,0.00037739777500855827,0.0006883289369235617,1.8238818098701097
45,0.1,1024,4.0,0.025,32,160,6,prepare_BA,0.0006186361739986637,0.0006883289369235617,1.1126554926046865
45,0.1,1024,4.0,0.025,32,160,6,matched_static,0.010461261783857196,0.0006883289369235617,0.0657978885477968
45,0.1,1024,4.0,0.025,32,160,6,greedy_oracle,0.000578203968344973,0.0006883289369235617,1.190460416406006
45,0.1,1024,4.0,0.025,32,160,7,static_0.0,0.06618722690350018,0.0005865659063957706,0.008862222121059301
45,0.1,1024,4.0,0.025,32,160,7,static_0.1,0.031212521119802255,0.0005865659063957706,0.018792647480937827
45,0.1,1024,4.0,0.025,32,160,7,static_0.2,0.015102352649961102,0.0005865659063957706,0.03883937291037111
45,0.1,1024,4.0,0.025,32,160,7,static_0.3,0.006594789501007534,0.0005865659063957706,0.08894384063451254
45,0.1,1024,4.0,0.025,32,160,7,static_0.4,0.0017153751414484262,0.0005865659063957706,0.34194613890725195
45,0.1,1024,4.0,0.025,32,160,7,static_0.5,0.0005865659063957706,0.0005865659063957706,1.0
45,0.1,1024,4.0,0.025,32,160,7,static_0.6,0.002947326025030793,0.0005865659063957706,0.19901629525007916
45,0.1,1024,4.0,0.025,32,160,7,static_0.7,0.008383678136185539,0.0005865659063957706,0.06996522252733454
45,0.1,1024,4.0,0.025,32,160,7,static_0.8,0.01796668680395118,0.0005865659063957706,0.03264741645447811
45,0.1,1024,4.0,0.025,32,160,7,static_0.9,0.036878691551022295,0.0005865659063957706,0.01590527976254924
45,0.1,1024,4.0,0.025,32,160,7,static_1.0,0.0644604373712379,0.0005865659063957706,0.009099626535539068
45,0.1,1024,4.0,0.025,32,160,7,prepare_AB,0.0004140730400299636,0.0005865659063957706,1.4165759411753174
45,0.1,1024,4.0,0.025,32,160,7,prepare_BA,0.0003134244289413875,0.0005865659063957706,1.871474755101053
45,0.1,1024,4.0,0.025,32,160,7,matched_static,0.012519003730626723,0.0005865659063957706,0.04685404038667908
45,0.1,1024,4.0,0.025,32,160,7,greedy_oracle,0.0004374105664261103,0.0005865659063957706,1.3409961976646863
45,0.1,1024,4.0,0.025,32,160,8,static_0.0,0.0675942900404834,0.0006408788445152261,0.00948125713179904
45,0.1,1024,4.0,0.025,32,160,8,static_0.1,0.03718974926008653,0.0006408788445152261,0.01723267452096113
45,0.1,1024,4.0,0.025,32,160,8,static_0.2,0.016658615909237333,0.0006408788445152261,0.03847131406396457
45,0.1,1024,4.0,0.025,32,160,8,static_0.3,0.006525165605419191,0.0006408788445152261,0.09821648725405102
45,0.1,1024,4.0,0.025,32,160,8,static_0.4,0.0020094956496512512,0.0006408788445152261,0.3189252211750002
45,0.1,1024,4.0,0.025,32,160,8,static_0.5,0.0006408788445152261,0.0006408788445152261,1.0
45,0.1,1024,4.0,0.025,32,160,8,static_0.6,0.0019457516077218979,0.0006408788445152261,0.32937341126783
45,0.1,1024,4.0,0.025,32,160,8,static_0.7,0.0063467791323984805,0.0006408788445152261,0.10097702017764004
45,0.1,1024,4.0,0.025,32,160,8,static_0.8,0.015488800303845068,0.0006408788445152261,0.04137691957692353
45,0.1,1024,4.0,0.025,32,160,8,static_0.9,0.03224759288716572,0.0006408788445152261,0.01987369558892846
45,0.1,1024,4.0,0.025,32,160,8,static_1.0,0.06346127159103543,0.0006408788445152261,0.01009873941142013
45,0.1,1024,4.0,0.025,32,160,8,prepare_AB,0.0007841731747048268,0.0006408788445152261,0.8172669828401888
45,0.1,1024,4.0,0.025,32,160,8,prepare_BA,0.00034727308254405714,0.0006408788445152261,1.845460753307652
45,0.1,1024,4.0,0.025,32,160,8,matched_static,0.014593446544811903,0.0006408788445152261,0.04391552348838829
45,0.1,1024,4.0,0.025,32,160,8,greedy_oracle,0.0007824070509159737,0.0006408788445152261,0.8191117957908753
45,0.1,1024,4.0,0.025,32,160,9,static_0.0,0.061306475266561716,0.0002999331683366265,0.004892357080267808
45,0.1,1024,4.0,0.025,32,160,9,static_0.1,0.03240579623081592,0.0002999331683366265,0.009255540774258417
45,0.1,1024,4.0,0.025,32,160,9,static_0.2,0.01583710050488934,0.0002999331683366265,0.018938641466853673
45,0.1,1024,4.0,0.025,32,160,9,static_0.3,0.00642180684181783,0.0002999331683366265,0.046705417295255174
45,0.1,1024,4.0,0.025,32,160,9,static_0.4,0.0017123825039340825,0.0002999331683366265,0.17515547352741015
45,0.1,1024,4.0,0.025,32,160,9,static_0.5,0.0002999331683366265,0.0002999331683366265,1.0
45,0.1,1024,4.0,0.025,32,160,9,static_0.6,0.0011413536457787906,0.0002999331683366265,0.2627872346541376
45,0.1,1024,4.0,0.025,32,160,9,static_0.7,0.004772002078674368,0.0002999331683366265,0.0628526902108865
45,0.1,1024,4.0,0.025,32,160,9,static_0.8,0.013491242422365716,0.0002999331683366265,0.02223169363848942
45,0.1,1024,4.0,0.025,32,160,9,static_0.9,0.030154820912473772,0.0002999331683366265,0.009946441705198681
45,0.1,1024,4.0,0.025,32,160,9,static_1.0,0.05893713713616,0.0002999331683366265,0.005089035248585344
45,0.1,1024,4.0,0.025,32,160,9,prepare_AB,0.0001382194977180172,0.0002999331683366265,2.1699772701281463
45,0.1,1024,4.0,0.025,32,160,9,prepare_BA,0.0003354285610966286,0.0002999331683366265,0.8941789791425162
45,0.1,1024,4.0,0.025,32,160,9,matched_static,0.013969228494437767,0.0002999331683366265,0.021470990216535805
45,0.1,1024,4.0,0.025,32,160,9,greedy_oracle,0.0003202711777725573,0.0002999331683366265,0.9364975344413476
45,0.1,1024,4.0,0.025,32,160,10,static_0.0,0.06394239861918942,0.0004145764400518951,0.006483592248719283
45,0.1,1024,4.0,0.025,32,160,10,static_0.1,0.03487880160113365,0.0004145764400518951,0.011886200815982746
45,0.1,1024,4.0,0.025,32,160,10,static_0.2,0.015891418574279836,0.0004145764400518951,0.026088069992875558
45,0.1,1024,4.0,0.025,32,160,10,static_0.3,0.006831624298109472,0.0004145764400518951,0.060684900392813115
45,0.1,1024,4.0,0.025,32,160,10,static_0.4,0.0017829658429602364,0.0004145764400518951,0.23252068551328997
45,0.1,1024,4.0,0.025,32,160,10,static_0.5,0.0004145764400518951,0.0004145764400518951,1.0
45,0.1,1024,4.0,0.025,32,160,10,static_0.6,0.0014290987840472858,0.0004145764400518951,0.29009641928166224
45,0.1,1024,4.0,0.025,32,160,10,static_0.7,0.005888753746579269,0.0004145764400518951,0.07040138845892806
45,0.1,1024,4.0,0.025,32,160,10,static_0.8,0.014745101949664476,0.0004145764400518951,0.028116213876793764
45,0.1,1024,4.0,0.025,32,160,10,static_0.9,0.03207816899835735,0.0004145764400518951,0.012923943385706477
45,0.1,1024,4.0,0.025,32,160,10,static_1.0,0.062405774744915814,0.0004145764400518951,0.006643238414176896
45,0.1,1024,4.0,0.025,32,160,10,prepare_AB,0.00021269770357887132,0.0004145764400518951,1.949134537309023
45,0.1,1024,4.0,0.025,32,160,10,prepare_BA,0.0001769134584189306,0.0004145764400518951,2.3433855386523463
45,0.1,1024,4.0,0.025,32,160,10,matched_static,0.013567206038890174,0.0004145764400518951,0.030557245085209035
45,0.1,1024,4.0,0.025,32,160,10,greedy_oracle,0.00035052922755997827,0.0004145764400518951,1.1827157550819578
45,0.1,1024,4.0,0.025,32,160,11,static_0.0,0.0641152660413977,0.00038485149343187757,0.0060024939018951924
45,0.1,1024,4.0,0.025,32,160,11,static_0.1,0.03244411706706024,0.00038485149343187757,0.011861980791044807
45,0.1,1024,4.0,0.025,32,160,11,static_0.2,0.015075000868610404,0.00038485149343187757,0.025529119154694465
45,0.1,1024,4.0,0.025,32,160,11,static_0.3,0.005962814236646137,0.00038485149343187757,0.06454192234711345
45,0.1,1024,4.0,0.025,32,160,11,static_0.4,0.0015287317755633871,0.00038485149343187757,0.2517455969606227
45,0.1,1024,4.0,0.025,32,160,11,static_0.5,0.00038485149343187757,0.00038485149343187757,1.0
45,0.1,1024,4.0,0.025,32,160,11,static_0.6,0.0020010226615410883,0.00038485149343187757,0.19232740379635885
45,0.1,1024,4.0,0.025,32,160,11,static_0.7,0.005623668382360741,0.00038485149343187757,0.0684342438538885
45,0.1,1024,4.0,0.025,32,160,11,static_0.8,0.014767388813007222,0.00038485149343187757,0.02606090340716821
45,0.1,1024,4.0,0.025,32,160,11,static_0.9,0.03272870158808683,0.00038485149343187757,0.011758837801618217
45,0.1,1024,4.0,0.025,32,160,11,static_1.0,0.0643596527805076,0.00038485149343187757,0.005979701207282403
45,0.1,1024,4.0,0.025,32,160,11,prepare_AB,0.00022909486446719276,0.00038485149343187757,1.6798783086077853
45,0.1,1024,4.0,0.025,32,160,11,prepare_BA,0.00011613283757191001,0.00038485149343187757,3.313890381724081
45,0.1,1024,4.0,0.025,32,160,11,matched_static,0.013718541834491595,0.00038485149343187757,0.02805338191733116
45,0.1,1024,4.0,0.025,32,160,11,greedy_oracle,0.0003332876275428337,0.00038485149343187757,1.154712811481179
45,0.1,1024,4.0,0.025,32,160,12,static_0.0,0.06531664911916202,0.0004808453569802417,0.007361757889676792
45,0.1,1024,4.0,0.025,32,160,12,static_0.1,0.03285995629193878,0.0004808453569802417,0.014633170924156185
45,0.1,1024,4.0,0.025,32,160,12,static_0.2,0.015553334421929653,0.0004808453569802417,0.03091590162828793
45,0.1,1024,4.0,0.025,32,160,12,static_0.3,0.005657003869351366,0.0004808453569802417,0.08500000496470857
45,0.1,1024,4.0,0.025,32,160,12,static_0.4,0.0016253808521731292,0.0004808453569802417,0.2958354999305873
45,0.1,1024,4.0,0.025,32,160,12,static_0.5,0.0004808453569802417,0.0004808453569802417,1.0
45,0.1,1024,4.0,0.025,32,160,12,static_0.6,0.0019006421365201417,0.0004808453569802417,0.2529910011679603
45,0.1,1024,4.0,0.025,32,160,12,static_0.7,0.006303264091234931,0.0004808453569802417,0.07628513576781372
45,0.1,1024,4.0,0.025,32,160,12,static_0.8,0.015546576824564175,0.0004808453569802417,0.030929339777261318
45,0.1,1024,4.0,0.025,32,160,12,static_0.9,0.03288451964029067,0.0004808453569802417,0.014622240563036897
45,0.1,1024,4.0,0.025,32,160,12,static_1.0,0.06200351538825623,0.0004808453569802417,0.007755130559441089
45,0.1,1024,4.0,0.025,32,160,12,prepare_AB,0.00033269366652149534,0.0004808453569802417,1.445309620732363
45,0.1,1024,4.0,0.025,32,160,12,prepare_BA,0.0001913051351091561,0.0004808453569802417,2.513499476665265
45,0.1,1024,4.0,0.025,32,160,12,matched_static,0.013749926928070946,0.0004808453569802417,0.03497075726261348
45,0.1,1024,4.0,0.025,32,160,12,greedy_oracle,0.00040593227138739407,0.0004808453569802417,1.1845457749313941
45,0.1,1024,4.0,0.025,32,160,13,static_0.0,0.06481773881208212,0.0004984993092112122,0.007690785244089558
45,0.1,1024,4.0,0.025,32,160,13,static_0.1,0.0364718439171544,0.0004984993092112122,0.013668058855032139
45,0.1,1024,4.0,0.025,32,160,13,static_0.2,0.018955429726020684,0.0004984993092112122,0.026298496864299907
45,0.1,1024,4.0,0.025,32,160,13,static_0.3,0.008785417274228286,0.0004984993092112122,0.056741676991660085
45,0.1,1024,4.0,0.025,32,160,13,static_0.4,0.0027580496316499184,0.0004984993092112122,0.18074341501715482
45,0.1,1024,4.0,0.025,32,160,13,static_0.5,0.0004984993092112122,0.0004984993092112122,1.0
45,0.1,1024,4.0,0.025,32,160,13,static_0.6,0.0007521629079453666,0.0004984993092112122,0.6627544431470699
45,0.1,1024,4.0,0.025,32,160,13,static_0.7,0.0038642115103966613,0.0004984993092112122,0.12900414686670225
45,0.1,1024,4.0,0.025,32,160,13,static_0.8,0.013466380914762694,0.0004984993092112122,0.03701806093014389
45,0.1,1024,4.0,0.025,32,160,13,static_0.9,0.03349567080180453,0.0004984993092112122,0.01488249965677225
45,0.1,1024,4.0,0.025,32,160,13,static_1.0,0.06428342672269151,0.0004984993092112122,0.007754709644861638
45,0.1,1024,4.0,0.025,32,160,13,prepare_AB,0.0002339500478581871,0.0004984993092112122,2.130793790276915
45,0.1,1024,4.0,0.025,32,160,13,prepare_BA,0.00019863718817276292,0.0004984993092112122,2.509597089028701
45,0.1,1024,4.0,0.025,32,160,13,matched_static,0.015625652735356873,0.0004984993092112122,0.03190262305543468
45,0.1,1024,4.0,0.025,32,160,13,greedy_oracle,0.0003056383848192487,0.0004984993092112122,1.6310101543888849
45,0.1,1024,4.0,0.025,32,160,14,static_0.0,0.06397962215116769,0.0002883631896582981,0.004507109919733016
45,0.1,1024,4.0,0.025,32,160,14,static_0.1,0.03134296466078024,0.0002883631896582981,0.009200252521712785
45,0.1,1024,4.0,0.025,32,160,14,static_0.2,0.012292050574482578,0.0002883631896582981,0.02345932339856456
45,0.1,1024,4.0,0.025,32,160,14,static_0.3,0.004656595079811643,0.0002883631896582981,0.06192576007058837
45,0.1,1024,4.0,0.025,32,160,14,static_0.4,0.0009190869781731414,0.0002883631896582981,0.3137496194663472
45,0.1,1024,4.0,0.025,32,160,14,static_0.5,0.0002883631896582981,0.0002883631896582981,1.0
45,0.1,1024,4.0,0.025,32,160,14,static_0.6,0.0021421695490145354,0.0002883631896582981,0.13461268263800788
45,0.1,1024,4.0,0.025,32,160,14,static_0.7,0.007097806099101647,0.0002883631896582981,0.04062708752987709
45,0.1,1024,4.0,0.025,32,160,14,static_0.8,0.016623295566715254,0.0002883631896582981,0.01734693271264973
45,0.1,1024,4.0,0.025,32,160,14,static_0.9,0.03346393635697128,0.0002883631896582981,0.008617132981076378
45,0.1,1024,4.0,0.025,32,160,14,static_1.0,0.06408739690155472,0.0002883631896582981,0.004499530385065501
45,0.1,1024,4.0,0.025,32,160,14,prepare_AB,0.00026721748882816137,0.0002883631896582981,1.0791329224852302
45,0.1,1024,4.0,0.025,32,160,14,prepare_BA,0.00010624039534585282,0.0002883631896582981,2.714251850433787
45,0.1,1024,4.0,0.025,32,160,14,matched_static,0.01003839110811972,0.0002883631896582981,0.028726036528408494
45,0.1,1024,4.0,0.025,32,160,14,greedy_oracle,0.0003897439477118488,0.0002883631896582981,0.7398785570661254
45,0.1,1024,4.0,0.025,32,160,15,static_0.0,0.0619207012278233,0.0006983531927240516,0.011278186113471455
45,0.1,1024,4.0,0.025,32,160,15,static_0.1,0.03444916097616066,0.0006983531927240516,0.020271994235427755
45,0.1,1024,4.0,0.025,32,160,15,static_0.2,0.015597399816540656,0.0006983531927240516,0.04477369311155731
45,0.1,1024,4.0,0.025,32,160,15,static_0.3,0.006062142590516274,0.0006983531927240516,0.11519907067454468
45,0.1,1024,4.0,0.025,32,160,15,static_0.4,0.0016493987389802963,0.0006983531927240516,0.42339864595494525
45,0.1,1024,4.0,0.025,32,160,15,static_0.5,0.0006983531927240516,0.0006983531927240516,1.0
45,0.1,1024,4.0,0.025,32,160,15,static_0.6,0.002363734167826051,0.0006983531927240516,0.29544489487425474
45,0.1,1024,4.0,0.025,32,160,15,static_0.7,0.006961632490325409,0.0006983531927240516,0.10031457329793753
45,0.1,1024,4.0,0.025,32,160,15,static_0.8,0.01663905739158524,0.0006983531927240516,0.04197071843007316
45,0.1,1024,4.0,0.025,32,160,15,static_0.9,0.03289294826800247,0.0006983531927240516,0.021231091449573528
45,0.1,1024,4.0,0.025,32,160,15,static_1.0,0.06215793770173091,0.0006983531927240516,0.01123514097387122
45,0.1,1024,4.0,0.025,32,160,15,prepare_AB,0.0008106586295929625,0.0006983531927240516,0.8614639593421707
45,0.1,1024,4.0,0.025,32,160,15,prepare_BA,0.00027856330529537075,0.0006983531927240516,2.5069820017520343
45,0.1,1024,4.0,0.025,32,160,15,matched_static,0.013193971810263288,0.0006983531927240516,0.052929716901533676
45,0.1,1024,4.0,0.025,32,160,15,greedy_oracle,0.0005612556774750406,0.0006983531927240516,1.244269271120394
45,0.1,1024,4.0,0.025,32,160,16,static_0.0,0.06390976268412188,0.000960153069212869,0.015023574316157102
45,0.1,1024,4.0,0.025,32,160,16,static_0.1,0.037230558265792066,0.000960153069212869,0.025789381463427328
45,0.1,1024,4.0,0.025,32,160,16,static_0.2,0.019455800440415623,0.000960153069212869,0.049350478904909956
45,0.1,1024,4.0,0.025,32,160,16,static_0.3,0.009304803597578378,0.000960153069212869,0.10318896676795561
45,0.1,1024,4.0,0.025,32,160,16,static_0.4,0.0034150771136528518,0.000960153069212869,0.2811512118933869
45,0.1,1024,4.0,0.025,32,160,16,static_0.5,0.000960153069212869,0.000960153069212869,1.0
45,0.1,1024,4.0,0.025,32,160,16,static_0.6,0.0015995265300060213,0.000960153069212869,0.6002733003804911
45,0.1,1024,4.0,0.025,32,160,16,static_0.7,0.005454947455887629,0.000960153069212869,0.1760150903335572
45,0.1,1024,4.0,0.025,32,160,16,static_0.8,0.014901929519502808,0.000960153069212869,0.06443145956074176
45,0.1,1024,4.0,0.025,32,160,16,static_0.9,0.03073585838696195,0.000960153069212869,0.031238856488880844
45,0.1,1024,4.0,0.025,32,160,16,static_1.0,0.06137884298753794,0.000960153069212869,0.015643062372612884
45,0.1,1024,4.0,0.025,32,160,16,prepare_AB,0.0005140342357151088,0.000960153069212869,1.8678776674809086
45,0.1,1024,4.0,0.025,32,160,16,prepare_BA,0.0006142235984503072,0.000960153069212869,1.5631979488175731
45,0.1,1024,4.0,0.025,32,160,16,matched_static,0.016910152678193586,0.000960153069212869,0.05677968067379014
45,0.1,1024,4.0,0.025,32,160,16,greedy_oracle,0.0007180513158090281,0.000960153069212869,1.337164974248484
45,0.1,1024,4.0,0.025,32,160,17,static_0.0,0.06424416247908528,0.0006145524069084588,0.009565887128009905
45,0.1,1024,4.0,0.025,32,160,17,static_0.1,0.0318574619228347,0.0006145524069084588,0.019290689521878127
45,0.1,1024,4.0,0.025,32,160,17,static_0.2,0.016380228524530666,0.0006145524069084588,0.037517938531084524
45,0.1,1024,4.0,0.025,32,160,17,static_0.3,0.00731901918550669,0.0006145524069084588,0.0839664976046806
45,0.1,1024,4.0,0.025,32,160,17,static_0.4,0.00228190368518509,0.0006145524069084588,0.2693156643281424
45,0.1,1024,4.0,0.025,32,160,17,static_0.5,0.0006145524069084588,0.0006145524069084588,1.0
45,0.1,1024,4.0,0.025,32,160,17,static_0.6,0.001474770479872495,0.0006145524069084588,0.4167105426205653
45,0.1,1024,4.0,0.025,32,160,17,static_0.7,0.0061753656733863176,0.0006145524069084588,0.09951676376946654
45,0.1,1024,4.0,0.025,32,160,17,static_0.8,0.014908147990103673,0.0006145524069084588,0.0412225856166984
45,0.1,1024,4.0,0.025,32,160,17,static_0.9,0.0314815780622717,0.0006145524069084588,0.019521016566985683
45,0.1,1024,4.0,0.025,32,160,17,static_1.0,0.062279748802748704,0.0006145524069084588,0.00986761216482838
45,0.1,1024,4.0,0.025,32,160,17,prepare_AB,0.0003722502537185726,0.0006145524069084588,1.650911989365817
45,0.1,1024,4.0,0.025,32,160,17,prepare_BA,0.0004893769359220824,0.0006145524069084588,1.2557853911740267
45,0.1,1024,4.0,0.025,32,160,17,matched_static,0.014697586762338358,0.0006145524069084588,0.041813150474689545
45,0.1,1024,4.0,0.025,32,160,17,greedy_oracle,0.0007167579479313769,0.0006145524069084588,0.8574057792900773
45,0.1,1024,4.0,0.025,32,160,18,static_0.0,0.058370430154702335,0.00039841317171279537,0.0068255993772336305
45,0.1,1024,4.0,0.025,32,160,18,static_0.1,0.030712309387854228,0.00039841317171279537,0.01297242635457285
45,0.1,1024,4.0,0.025,32,160,18,static_0.2,0.015073147605229865,0.00039841317171279537,0.02643198236674599
45,0.1,1024,4.0,0.025,32,160,18,static_0.3,0.005673179874401853,0.00039841317171279537,0.07022748802844925
45,0.1,1024,4.0,0.025,32,160,18,static_0.4,0.0013775421609112854,0.00039841317171279537,0.2892203106504073
45,0.1,1024,4.0,0.025,32,160,18,static_0.5,0.00039841317171279537,0.00039841317171279537,1.0
45,0.1,1024,4.0,0.025,32,160,18,static_0.6,0.001906341299124906,0.00039841317171279537,0.20899362139176464
45,0.1,1024,4.0,0.025,32,160,18,static_0.7,0.006621279277939425,0.00039841317171279537,0.060171630736105056
45,0.1,1024,4.0,0.025,32,160,18,static_0.8,0.01715753384086654,0.00039841317171279537,0.023220888002204492
45,0.1,1024,4.0,0.025,32,160,18,static_0.9,0.03546340698180517,0.00039841317171279537,0.011234486633424842
45,0.1,1024,4.0,0.025,32,160,18,static_1.0,0.06330313011327787,0.00039841317171279537,0.006293735728389013
45,0.1,1024,4.0,0.025,32,160,18,prepare_AB,0.00022466393234157065,0.00039841317171279537,1.7733739793491323
45,0.1,1024,4.0,0.025,32,160,18,prepare_BA,0.00031157883575503816,0.00039841317171279537,1.2786913807779485
45,0.1,1024,4.0,0.025,32,160,18,matched_static,0.01292121435874976,0.00039841317171279537,0.030834034685215558
45,0.1,1024,4.0,0.025,32,160,18,greedy_oracle,0.00031949362511469196,0.00039841317171279537,1.2470144641220082
45,0.1,1024,4.0,0.025,32,160,19,static_0.0,0.06658091591228675,0.00043829820001318136,0.006582940381754322
45,0.1,1024,4.0,0.025,32,160,19,static_0.1,0.03507222233650408,0.00043829820001318136,0.01249701817603355
45,0.1,1024,4.0,0.025,32,160,19,static_0.2,0.016325453040491114,0.00043829820001318136,0.026847536722325236
45,0.1,1024,4.0,0.025,32,160,19,static_0.3,0.00653161177524955,0.00043829820001318136,0.06710414138115788
45,0.1,1024,4.0,0.025,32,160,19,static_0.4,0.0017547113317064281,0.00043829820001318136,0.24978364936353578
45,0.1,1024,4.0,0.025,32,160,19,static_0.5,0.00043829820001318136,0.00043829820001318136,1.0
45,0.1,1024,4.0,0.025,32,160,19,static_0.6,0.0014363880806400066,0.00043829820001318136,0.30513912355628175
45,0.1,1024,4.0,0.025,32,160,19,static_0.7,0.005164094668261943,0.00043829820001318136,0.0848741605584658
45,0.1,1024,4.0,0.025,32,160,19,static_0.8,0.012908163020283227,0.00043829820001318136,0.03395511811591332
45,0.1,1024,4.0,0.025,32,160,19,static_0.9,0.02779264628616168,0.00043829820001318136,0.01577029389358349
45,0.1,1024,4.0,0.025,32,160,19,static_1.0,0.05954182584998737,0.00043829820001318136,0.007361181719846005
45,0.1,1024,4.0,0.025,32,160,19,prepare_AB,0.0004230183050018082,0.00043829820001318136,1.0361211201281415
45,0.1,1024,4.0,0.025,32,160,19,prepare_BA,0.00034334046458435854,0.00043829820001318136,1.2765701838953847
45,0.1,1024,4.0,0.025,32,160,19,matched_static,0.013904364201773517,0.00043829820001318136,0.031522347491248534
45,0.1,1024,4.0,0.025,32,160,19,greedy_oracle,0.0004800224121936304,0.00043829820001318136,0.9130786164967264
45,0.1,1024,8.0,0.025,32,320,0,static_0.0,0.049534826544654645,4.432731233460426e-06,8.948716575123986e-05
45,0.1,1024,8.0,0.025,32,320,0,static_0.1,0.018162354251249554,4.432731233460426e-06,0.00024406148961418137
45,0.1,1024,8.0,0.025,32,320,0,static_0.2,0.005940397430517889,4.432731233460426e-06,0.0007462011229565118
45,0.1,1024,8.0,0.025,32,320,0,static_0.3,0.002011441494526211,4.432731233460426e-06,0.0022037584714859147
45,0.1,1024,8.0,0.025,32,320,0,static_0.4,0.0003887204825925627,4.432731233460426e-06,0.011403389921458274
45,0.1,1024,8.0,0.025,32,320,0,static_0.5,4.432731233460426e-06,4.432731233460426e-06,1.0
45,0.1,1024,8.0,0.025,32,320,0,static_0.6,0.0003952209157355751,4.432731233460426e-06,0.011215831594363724
45,0.1,1024,8.0,0.025,32,320,0,static_0.7,0.0017620133998661328,4.432731233460426e-06,0.00251571936615079
45,0.1,1024,8.0,0.025,32,320,0,static_0.8,0.005967422768444258,4.432731233460426e-06,0.0007428217180959118
45,0.1,1024,8.0,0.025,32,320,0,static_0.9,0.01906963047798719,4.432731233460426e-06,0.00023244977077963304
45,0.1,1024,8.0,0.025,32,320,0,static_1.0,0.05406903583748982,4.432731233460426e-06,8.198280521930271e-05
45,0.1,1024,8.0,0.025,32,320,0,prepare_AB,2.1151432151290164e-05,4.432731233460426e-06,0.20957121020242805
45,0.1,1024,8.0,0.025,32,320,0,prepare_BA,1.0467630936249818e-05,4.432731233460426e-06,0.4234703401807665
45,0.1,1024,8.0,0.025,32,320,0,matched_static,0.01596051305185271,4.432731233460426e-06,0.0002777311242476551
45,0.1,1024,8.0,0.025,32,320,0,greedy_oracle,2.948864846348859e-07,4.432731233460426e-06,15.031991849164665
45,0.1,1024,8.0,0.025,32,320,1,static_0.0,0.05651316819301752,2.5625037238514866e-05,0.0004534348021507838
45,0.1,1024,8.0,0.025,32,320,1,static_0.1,0.020920551135915018,2.5625037238514866e-05,0.0012248739085331025
45,0.1,1024,8.0,0.025,32,320,1,static_0.2,0.0068687686178492465,2.5625037238514866e-05,0.0037306595496499045
45,0.1,1024,8.0,0.025,32,320,1,static_0.3,0.002457945029806339,2.5625037238514866e-05,0.01042539069335243
45,0.1,1024,8.0,0.025,32,320,1,static_0.4,0.0005824681546235172,2.5625037238514866e-05,0.04399388539117269
45,0.1,1024,8.0,0.025,32,320,1,static_0.5,2.5625037238514866e-05,2.5625037238514866e-05,1.0
45,0.1,1024,8.0,0.025,32,320,1,static_0.6,0.00028463713082891657,2.5625037238514866e-05,0.0900270360507428
45,0.1,1024,8.0,0.025,32,320,1,static_0.7,0.00168862980240462,2.5625037238514866e-05,0.015175047368004901
45,0.1,1024,8.0,0.025,32,320,1,static_0.8,0.005751825939737892,2.5625037238514866e-05,0.004455113473006554
45,0.1,1024,8.0,0.025,32,320,1,static_0.9,0.01842435687993254,2.5625037238514866e-05,0.0013908239731518213
45,0.1,1024,8.0,0.025,32,320,1,static_1.0,0.051464094572646724,2.5625037238514866e-05,0.0004979206853108542
45,0.1,1024,8.0,0.025,32,320,1,prepare_AB,8.654452131753939e-05,2.5625037238514866e-05,0.29609080792641246
45,0.1,1024,8.0,0.025,32,320,1,prepare_BA,1.2163016824799648e-05,2.5625037238514866e-05,2.106799456715951
45,0.1,1024,8.0,0.025,32,320,1,matched_static,0.018571884766347788,2.5625037238514866e-05,0.0013797758041740262
45,0.1,1024,8.0,0.025,32,320,1,greedy_oracle,3.3474893087378816e-06,2.5625037238514866e-05,7.655001965690037
45,0.1,1024,8.0,0.025,32,320,2,static_0.0,0.05573743477522768,1.3359471829186454e-06,2.39685803321613e-05
45,0.1,1024,8.0,0.025,32,320,2,static_0.1,0.01898272419517319,1.3359471829186454e-06,7.037700011773557e-05
45,0.1,1024,8.0,0.025,32,320,2,static_0.2,0.006296529545833264,1.3359471829186454e-06,0.00021217198667839332
45,0.1,1024,8.0,0.025,32,320,2,static_0.3,0.002005148322955104,1.3359471829186454e-06,0.0006662585344059646
45,0.1,1024,8.0,0.025,32,320,2,static_0.4,0.0004436487042078374,1.3359471829186454e-06,0.0030112725907856827
45,0.1,1024,8.0,0.025,32,320,2,static_0.5,1.3359471829186454e-06,1.3359471829186454e-06,1.0
45,0.1,1024,8.0,0.025,32,320,2,static_0.6,0.00024260027711736577,1.3359471829186454e-06,0.005506783416707878
45,0.1,1024,8.0,0.025,32,320,2,static_0.7,0.0013769161597689719,1.3359471829186454e-06,0.0009702458449923338
45,0.1,1024,8.0,0.025,32,320,2,static_0.8,0.005584406464895461,1.3359471829186454e-06,0.0002392281420266664
45,0.1,1024,8.0,0.025,32,320,2,static_0.9,0.017325412520359202,1.3359471829186454e-06,7.710911248714946e-05
45,0.1,1024,8.0,0.025,32,320,2,static_1.0,0.05341755713436856,1.3359471829186454e-06,2.500951474733584e-05
45,0.1,1024,8.0,0.025,32,320,2,prepare_AB,0.00013828344378329592,1.3359471829186454e-06,0.009660933705210649
45,0.1,1024,8.0,0.025,32,320,2,prepare_BA,5.248361581278264e-05,1.3359471829186454e-06,0.02545455685988138
45,0.1,1024,8.0,0.025,32,320,2,matched_static,0.01746363761207188,1.3359471829186454e-06,7.649879209559187e-05
45,0.1,1024,8.0,0.025,32,320,2,greedy_oracle,1.8188681054967172e-06,1.3359471829186454e-06,0.7344937100614064
45,0.1,1024,8.0,0.025,32,320,3,static_0.0,0.048020381270937953,6.069676902783581e-07,1.2639793233913708e-05
45,0.1,1024,8.0,0.025,32,320,3,static_0.1,0.0166968382470019,6.069676902783581e-07,3.635225312117674e-05
45,0.1,1024,8.0,0.025,32,320,3,static_0.2,0.005847859494142628,6.069676902783581e-07,0.00010379313847850022
45,0.1,1024,8.0,0.025,32,320,3,static_0.3,0.0018831741907142869,6.069676902783581e-07,0.0003223109647908543
45,0.1,1024,8.0,0.025,32,320,3,static_0.4,0.0003507365389744164,6.069676902783581e-07,0.0017305516330097328
45,0.1,1024,8.0,0.025,32,320,3,static_0.5,6.069676902783581e-07,6.069676902783581e-07,1.0
45,0.1,1024,8.0,0.025,32,320,3,static_0.6,0.00045821870310211004,6.069676902783581e-07,0.0013246244340731344
45,0.1,1024,8.0,0.025,32,320,3,static_0.7,0.0022983405422851476,6.069676902783581e-07,0.0002640895372601636
45,0.1,1024,8.0,0.025,32,320,3,static_0.8,0.006894352875038657,6.069676902783581e-07,8.803838464316418e-05
45,0.1,1024,8.0,0.025,32,320,3,static_0.9,0.018861584679702392,6.069676902783581e-07,3.218010048389715e-05
45,0.1,1024,8.0,0.025,32,320,3,static_1.0,0.05275571066871923,6.069676902783581e-07,1.1505250949794354e-05
45,0.1,1024,8.0,0.025,32,320,3,prepare_AB,0.00017311240034817492,6.069676902783581e-07,0.0035062057314067924
45,0.1,1024,8.0,0.025,32,320,3,prepare_BA,3.937413055733835e-06,6.069676902783581e-07,0.1541539284008989
45,0.1,1024,8.0,0.025,32,320,3,matched_static,0.015132009920192877,6.069676902783581e-07,4.011150491438625e-05
45,0.1,1024,8.0,0.025,32,320,3,greedy_oracle,8.583855042295273e-07,6.069676902783581e-07,0.7071038447033915
45,0.1,1024,8.0,0.025,32,320,4,static_0.0,0.053842009998797194,4.8787159399934975e-05,0.0009061169781927692
45,0.1,1024,8.0,0.025,32,320,4,static_0.1,0.019203685288397665,4.8787159399934975e-05,0.0025405102545296774
45,0.1,1024,8.0,0.025,32,320,4,static_0.2,0.00628412806490249,4.8787159399934975e-05,0.007763552699127242
45,0.1,1024,8.0,0.025,32,320,4,static_0.3,0.0015118905536069022,4.8787159399934975e-05,0.0322689756103998
45,0.1,1024,8.0,0.025,32,320,4,static_0.4,0.00014095411582600557,4.8787159399934975e-05,0.3461208572310019
45,0.1,1024,8.0,0.025,32,320,4,static_0.5,4.8787159399934975e-05,4.8787159399934975e-05,1.0
45,0.1,1024,8.0,0.025,32,320,4,static_0.6,0.0006289367803977079,4.8787159399934975e-05,0.07757084800969095
45,0.1,1024,8.0,0.025,32,320,4,static_0.7,0.0024016649633579546,4.8787159399934975e-05,0.020313890631823123
45,0.1,1024,8.0,0.025,32,320,4,static_0.8,0.006932459048055608,4.8787159399934975e-05,0.0070374969490254145
45,0.1,1024,8.0,0.025,32,320,4,static_0.9,0.018941923924440763,4.8787159399934975e-05,0.0025756179570009204
45,0.1,1024,8.0,0.025,32,320,4,static_1.0,0.0540428103381446,4.8787159399934975e-05,0.0009027502288403371
45,0.1,1024,8.0,0.025,32,320,4,prepare_AB,0.0001081017464091387,4.8787159399934975e-05,0.4513077819787249
45,0.1,1024,8.0,0.025,32,320,4,prepare_BA,0.00013922841983732322,4.8787159399934975e-05,0.3504109251325175
45,0.1,1024,8.0,0.025,32,320,4,matched_static,0.017862114747568606,4.8787159399934975e-05,0.002731320456138929
45,0.1,1024,8.0,0.025,32,320,4,greedy_oracle,1.6068759458179724e-05,4.8787159399934975e-05,3.036149711924408
45,0.1,1024,8.0,0.025,32,320,5,static_0.0,0.05020738886696724,5.95882344162656e-06,0.00011868419322533274
45,0.1,1024,8.0,0.025,32,320,5,static_0.1,0.019142053368047383,5.95882344162656e-06,0.00031129489230101334
45,0.1,1024,8.0,0.025,32,320,5,static_0.2,0.007826794177633413,5.95882344162656e-06,0.0007613364177449634
45,0.1,1024,8.0,0.025,32,320,5,static_0.3,0.002303129026282387,5.95882344162656e-06,0.0025872729550219945
45,0.1,1024,8.0,0.025,32,320,5,static_0.4,0.0005482889753431286,5.95882344162656e-06,0.010868034393537507
45,0.1,1024,8.0,0.025,32,320,5,static_0.5,5.95882344162656e-06,5.95882344162656e-06,1.0
45,0.1,1024,8.0,0.025,32,320,5,static_0.6,0.0002995101971595748,5.95882344162656e-06,0.01989522726817806
45,0.1,1024,8.0,0.025,32,320,5,static_0.7,0.0018097672802300537,5.95882344162656e-06,0.003292590990411257
45,0.1,1024,8.0,0.025,32,320,5,static_0.8,0.005688023268011854,5.95882344162656e-06,0.0010476088371750558
45,0.1,1024,8.0,0.025,32,320,5,static_0.9,0.018382116087349576,5.95882344162656e-06,0.00032416417203062786
45,0.1,1024,8.0,0.025,32,320,5,static_1.0,0.053388691951914966,5.95882344162656e-06,0.00011161208907297132
45,0.1,1024,8.0,0.025,32,320,5,prepare_AB,6.013273185951543e-06,5.95882344162656e-06,0.9909450738988225
45,0.1,1024,8.0,0.025,32,320,5,prepare_BA,2.2468333702784686e-05,5.95882344162656e-06,0.26520985136018493
45,0.1,1024,8.0,0.025,32,320,5,matched_static,0.017552388630621404,5.95882344162656e-06,0.0003394878934728555
45,0.1,1024,8.0,0.025,32,320,5,greedy_oracle,4.1616089574510784e-07,5.95882344162656e-06,14.31855684315964
45,0.1,1024,8.0,0.025,32,320,6,static_0.0,0.05308749286647432,6.725054117011434e-05,0.0012667869123008488
45,0.1,1024,8.0,0.025,32,320,6,static_0.1,0.017236062294834507,6.725054117011434e-05,0.0039017346317127624
45,0.1,1024,8.0,0.025,32,320,6,static_0.2,0.004812876856599075,6.725054117011434e-05,0.013973044225701552
45,0.1,1024,8.0,0.025,32,320,6,static_0.3,0.0011512364820909955,6.725054117011434e-05,0.058415922546136576
45,0.1,1024,8.0,0.025,32,320,6,static_0.4,0.00017298081022932137,6.725054117011434e-05,0.38877457609870153
45,0.1,1024,8.0,0.025,32,320,6,static_0.5,6.725054117011434e-05,6.725054117011434e-05,1.0
45,0.1,1024,8.0,0.025,32,320,6,static_0.6,0.0006292396763821003,6.725054117011434e-05,0.10687587527344199
45,0.1,1024,8.0,0.025,32,320,6,static_0.7,0.0023863945408458646,6.725054117011434e-05,0.02818081420278358
45,0.1,1024,8.0,0.025,32,320,6,static_0.8,0.006723534715957075,6.725054117011434e-05,0.01000225982480726
45,0.1,1024,8.0,0.025,32,320,6,static_0.9,0.019843097569100528,6.725054117011434e-05,0.0033891150782242897
45,0.1,1024,8.0,0.025,32,320,6,static_1.0,0.05640006433236354,6.725054117011434e-05,0.0011923841216529352
45,0.1,1024,8.0,0.025,32,320,6,prepare_AB,2.466888757016828e-05,6.725054117011434e-05,2.7261278393209523
45,0.1,1024,8.0,0.025,32,320,6,prepare_BA,0.00031036680049098395,6.725054117011434e-05,0.21668084686805267
45,0.1,1024,8.0,0.025,32,320,6,matched_static,0.015283877318898536,6.725054117011434e-05,0.0044000968973337
45,0.1,1024,8.0,0.025,32,320,6,greedy_oracle,8.089589915479978e-06,6.725054117011434e-05,8.313220060936077
45,0.1,1024,8.0,0.025,32,320,7,static_0.0,0.056308454548834055,5.0824869762470304e-05,0.0009026152496938438
45,0.1,1024,8.0,0.025,32,320,7,static_0.1,0.017017990866211787,5.0824869762470304e-05,0.002986537609641105
45,0.1,1024,8.0,0.025,32,320,7,static_0.2,0.005738264261946178,5.0824869762470304e-05,0.008857185281535403
45,0.1,1024,8.0,0.025,32,320,7,static_0.3,0.0017318670877380896,5.0824869762470304e-05,0.02934686508122877
45,0.1,1024,8.0,0.025,32,320,7,static_0.4,0.00025623951035815457,5.0824869762470304e-05,0.19834907462721374
45,0.1,1024,8.0,0.025,32,320,7,static_0.5,5.0824869762470304e-05,5.0824869762470304e-05,1.0
45,0.1,1024,8.0,0.025,32,320,7,static_0.6,0.0007901568298064475,5.0824869762470304e-05,0.06432250895676
45,0.1,1024,8.0,0.025,32,320,7,static_0.7,0.0029026816602871026,5.0824869762470304e-05,0.017509625825604055
45,0.1,1024,8.0,0.025,32,320,7,static_0.8,0.008136213061225415,5.0824869762470304e-05,0.006246747642915763
45,0.1,1024,8.0,0.025,32,320,7,static_0.9,0.023099500446977627,5.0824869762470304e-05,0.002200258394294423
45,0.1,1024,8.0,0.025,32,320,7,static_1.0,0.05568069637022654,5.0824869762470304e-05,0.0009127915610920281
45,0.1,1024,8.0,0.025,32,320,7,prepare_AB,4.863309892497375e-07,5.0824869762470304e-05,104.50674722759864
45,0.1,1024,8.0,0.025,32,320,7,prepare_BA,0.0001350982582584957,5.0824869762470304e-05,0.37620669886966634
45,0.1,1024,8.0,0.025,32,320,7,matched_static,0.015094422675057624,5.0824869762470304e-05,0.0033671290950699627
45,0.1,1024,8.0,0.025,32,320,7,greedy_oracle,7.488640027033847e-08,5.0824869762470304e-05,678.6929212646555
45,0.1,1024,8.0,0.025,32,320,8,static_0.0,0.05787147330796755,1.3118752561843773e-05,0.00022668772388135535
45,0.1,1024,8.0,0.025,32,320,8,static_0.1,0.022700684534076136,1.3118752561843773e-05,0.0005779011880523309
45,0.1,1024,8.0,0.025,32,320,8,static_0.2,0.007469741363685575,1.3118752561843773e-05,0.0017562525826692041
45,0.1,1024,8.0,0.025,32,320,8,static_0.3,0.0020212470950354837,1.3118752561843773e-05,0.006490424943128227
45,0.1,1024,8.0,0.025,32,320,8,static_0.4,0.0003848053820601239,1.3118752561843773e-05,0.03409191548104188
45,0.1,1024,8.0,0.025,32,320,8,static_0.5,1.3118752561843773e-05,1.3118752561843773e-05,1.0
45,0.1,1024,8.0,0.025,32,320,8,static_0.6,0.00042028888762148955,1.3118752561843773e-05,0.03121365553128416
45,0.1,1024,8.0,0.025,32,320,8,static_0.7,0.001973580642557799,1.3118752561843773e-05,0.00664718343854529
45,0.1,1024,8.0,0.025,32,320,8,static_0.8,0.006450388187617033,1.3118752561843773e-05,0.0020337927238283367
45,0.1,1024,8.0,0.025,32,320,8,static_0.9,0.019068446364577378,1.3118752561843773e-05,0.0006879822462208515
45,0.1,1024,8.0,0.025,32,320,8,static_1.0,0.05523541434973253,1.3118752561843773e-05,0.00023750618541177465
45,0.1,1024,8.0,0.025,32,320,8,prepare_AB,0.0003178661039845482,1.3118752561843773e-05,0.04127131643605978
45,0.1,1024,8.0,0.025,32,320,8,prepare_BA,7.587866580028846e-05,1.3118752561843773e-05,0.17289118652101948
45,0.1,1024,8.0,0.025,32,320,8,matched_static,0.020899514455349634,1.3118752561843773e-05,0.0006277060928793863
45,0.1,1024,8.0,0.025,32,320,8,greedy_oracle,4.93130744270487e-07,1.3118752561843773e-05,26.602990615097426
45,0.1,1024,8.0,0.025,32,320,9,static_0.0,0.05226414213353786,1.4279353346860194e-05,0.0002732151100916501
45,0.1,1024,8.0,0.025,32,320,9,static_0.1,0.01905839195093719,1.4279353346860194e-05,0.0007492422961821819
45,0.1,1024,8.0,0.025,32,320,9,static_0.2,0.006343372410560308,1.4279353346860194e-05,0.002251066534118072
45,0.1,1024,8.0,0.025,32,320,9,static_0.3,0.0020107665900083414,1.4279353346860194e-05,0.007101447486652818
45,0.1,1024,8.0,0.025,32,320,9,static_0.4,0.0003964666682709742,1.4279353346860194e-05,0.03601652923090282
45,0.1,1024,8.0,0.025,32,320,9,static_0.5,1.4279353346860194e-05,1.4279353346860194e-05,1.0
45,0.1,1024,8.0,0.025,32,320,9,static_0.6,0.0002009545507772596,1.4279353346860194e-05,0.07105762617283347
45,0.1,1024,8.0,0.025,32,320,9,static_0.7,0.0014251513182971846,1.4279353346860194e-05,0.010019534882739057
45,0.1,1024,8.0,0.025,32,320,9,static_0.8,0.005350230471786747,1.4279353346860194e-05,0.0026689230346541508
45,0.1,1024,8.0,0.025,32,320,9,static_0.9,0.016874568974686876,1.4279353346860194e-05,0.0008462055160211973
45,0.1,1024,8.0,0.025,32,320,9,static_1.0,0.04909440991493909,1.4279353346860194e-05,0.00029085497456025206
45,0.1,1024,8.0,0.025,32,320,9,prepare_AB,1.697511317590768e-05,1.4279353346860194e-05,0.8411934105468288
45,0.1,1024,8.0,0.025,32,320,9,prepare_BA,0.0001595621534145547,1.4279353346860194e-05,0.08949085382271911
45,0.1,1024,8.0,0.025,32,320,9,matched_static,0.017386499698125175,1.4279353346860194e-05,0.0008212897129834574
45,0.1,1024,8.0,0.025,32,320,9,greedy_oracle,3.899088081340791e-07,1.4279353346860194e-05,36.62228974819648
45,0.1,1024,8.0,0.025,32,320,10,static_0.0,0.056323982593035365,7.2990518842829044e-06,0.0001295904790153361
45,0.1,1024,8.0,0.025,32,320,10,static_0.1,0.02042977040407702,7.2990518842829044e-06,0.0003572752772016608
45,0.1,1024,8.0,0.025,32,320,10,static_0.2,0.0065023905114224585,7.2990518842829044e-06,0.001122518229482063
45,0.1,1024,8.0,0.025,32,320,10,static_0.3,0.0021130376817791474,7.2990518842829044e-06,0.003454293289335573
45,0.1,1024,8.0,0.025,32,320,10,static_0.4,0.0003978194991327238,7.2990518842829044e-06,0.018347647363176973
45,0.1,1024,8.0,0.025,32,320,10,static_0.5,7.2990518842829044e-06,7.2990518842829044e-06,1.0
45,0.1,1024,8.0,0.025,32,320,10,static_0.6,0.0002523237701661745,7.2990518842829044e-06,0.02892732571123173
45,0.1,1024,8.0,0.025,32,320,10,static_0.7,0.0015821282828938472,7.2990518842829044e-06,0.004613438722511375
45,0.1,1024,8.0,0.025,32,320,10,static_0.8,0.005548618866225205,7.2990518842829044e-06,0.001315471842680112
45,0.1,1024,8.0,0.025,32,320,10,static_0.9,0.017322266290129933,7.2990518842829044e-06,0.00042136818370248913
45,0.1,1024,8.0,0.025,32,320,10,static_1.0,0.052175432454847556,7.2990518842829044e-06,0.00013989442043627485
45,0.1,1024,8.0,0.025,32,320,10,prepare_AB,4.74619631250049e-05,7.2990518842829044e-06,0.15378739950260226
45,0.1,1024,8.0,0.025,32,320,10,prepare_BA,6.997810954294117e-06,7.2990518842829044e-06,1.043047880538118
45,0.1,1024,8.0,0.025,32,320,10,matched_static,0.01814895177615354,7.2990518842829044e-06,0.00040217484592544627
45,0.1,1024,8.0,0.025,32,320,10,greedy_oracle,2.845543507772358e-06,7.2990518842829044e-06,2.5650818075162687
45,0.1,1024,8.0,0.025,32,320,11,static_0.0,0.054502299924801066,3.100023737046678e-05,0.0005687876917715218
45,0.1,1024,8.0,0.025,32,320,11,static_0.1,0.01887353372960835,3.100023737046678e-05,0.0016425242784203335
45,0.1,1024,8.0,0.025,32,320,11,static_0.2,0.005783255796755665,3.100023737046678e-05,0.005360343457029435
45,0.1,1024,8.0,0.025,32,320,11,static_0.3,0.0015520849831449557,3.100023737046678e-05,0.019973286068171142
45,0.1,1024,8.0,0.025,32,320,11,static_0.4,0.00015305833305842047,3.100023737046678e-05,0.20253871024868916
45,0.1,1024,8.0,0.025,32,320,11,static_0.5,3.100023737046678e-05,3.100023737046678e-05,1.0
45,0.1,1024,8.0,0.025,32,320,11,static_0.6,0.0006518096124182153,3.100023737046678e-05,0.04756026419349022
45,0.1,1024,8.0,0.025,32,320,11,static_0.7,0.002041577749836388,3.100023737046678e-05,0.015184451032027138
45,0.1,1024,8.0,0.025,32,320,11,static_0.8,0.006641118014630879,3.100023737046678e-05,0.0046679244823192335
45,0.1,1024,8.0,0.025,32,320,11,static_0.9,0.018751355374970056,3.100023737046678e-05,0.0016532264868622216
45,0.1,1024,8.0,0.025,32,320,11,static_1.0,0.05484672987848757,3.100023737046678e-05,0.0005652157829490934
45,0.1,1024,8.0,0.025,32,320,11,prepare_AB,1.3105681741594195e-05,3.100023737046678e-05,2.365404408690903
45,0.1,1024,8.0,0.025,32,320,11,prepare_BA,2.850094956816933e-05,3.100023737046678e-05,1.0876913871350002
45,0.1,1024,8.0,0.025,32,320,11,matched_static,0.017195723609768603,3.100023737046678e-05,0.0018027876042887817
45,0.1,1024,8.0,0.025,32,320,11,greedy_oracle,9.91671525112002e-06,3.100023737046678e-05,3.126059041270297
45,0.1,1024,8.0,0.025,32,320,12,static_0.0,0.05714629252928684,3.0448966734413744e-06,5.3282488481311345e-05
45,0.1,1024,8.0,0.025,32,320,12,static_0.1,0.019383812690155985,3.0448966734413744e-06,0.00015708450768241877
45,0.1,1024,8.0,0.025,32,320,12,static_0.2,0.0066012856567926135,3.0448966734413744e-06,0.00046125812936275925
45,0.1,1024,8.0,0.025,32,320,12,static_0.3,0.0017717722969198537,3.0448966734413744e-06,0.0017185598164813785
45,0.1,1024,8.0,0.025,32,320,12,static_0.4,0.0003399300228451197,3.0448966734413744e-06,0.008957422024557985
45,0.1,1024,8.0,0.025,32,320,12,static_0.5,3.0448966734413744e-06,3.0448966734413744e-06,1.0
45,0.1,1024,8.0,0.025,32,320,12,static_0.6,0.00037543857167912555,3.0448966734413744e-06,0.008110239339083527
45,0.1,1024,8.0,0.025,32,320,12,static_0.7,0.0017777362212351158,3.0448966734413744e-06,0.0017127944163312795
45,0.1,1024,8.0,0.025,32,320,12,static_0.8,0.006062980810515678,3.0448966734413744e-06,0.0005022111678401296
45,0.1,1024,8.0,0.025,32,320,12,static_0.9,0.0184291028566727,3.0448966734413744e-06,0.00016522218672944766
45,0.1,1024,8.0,0.025,32,320,12,static_1.0,0.052587090453136746,3.0448966734413744e-06,5.79019802617688e-05
45,0.1,1024,8.0,0.025,32,320,12,prepare_AB,3.950081827356659e-05,3.0448966734413744e-06,0.07708439486882675
45,0.1,1024,8.0,0.025,32,320,12,prepare_BA,1.8716964795993745e-06,3.0448966734413744e-06,1.626811134513175
45,0.1,1024,8.0,0.025,32,320,12,matched_static,0.016757765644756527,3.0448966734413744e-06,0.00018170063587171102
45,0.1,1024,8.0,0.025,32,320,12,greedy_oracle,3.5998519706752004e-07,3.0448966734413744e-06,8.458394117995534
45,0.1,1024,8.0,0.025,32,320,13,static_0.0,0.055933554304469946,5.111366577887558e-05,0.0009138283167317121
45,0.1,1024,8.0,0.025,32,320,13,static_0.1,0.02126168688753212,5.111366577887558e-05,0.002404026832360545
45,0.1,1024,8.0,0.025,32,320,13,static_0.2,0.00770873327881542,5.111366577887558e-05,0.006630618018571539
45,0.1,1024,8.0,0.025,32,320,13,static_0.3,0.0025867433765930435,5.111366577887558e-05,0.01975985180493495
45,0.1,1024,8.0,0.025,32,320,13,static_0.4,0.0006398010033127283,5.111366577887558e-05,0.07988994314516844
45,0.1,1024,8.0,0.025,32,320,13,static_0.5,5.111366577887558e-05,5.111366577887558e-05,1.0
45,0.1,1024,8.0,0.025,32,320,13,static_0.6,0.00013712355246340655,5.111366577887558e-05,0.3727562833709112
45,0.1,1024,8.0,0.025,32,320,13,static_0.7,0.0011695462656140534,5.111366577887558e-05,0.04370384249146321
45,0.1,1024,8.0,0.025,32,320,13,static_0.8,0.005515660243103482,5.111366577887558e-05,0.009267007670167079
45,0.1,1024,8.0,0.025,32,320,13,static_0.9,0.018581449420049027,5.111366577887558e-05,0.0027507900284530506
45,0.1,1024,8.0,0.025,32,320,13,static_1.0,0.05461586042378783,5.111366577887558e-05,0.0009358758679669747
45,0.1,1024,8.0,0.025,32,320,13,prepare_AB,5.105686040536743e-05,5.111366577887558e-05,1.0011125904150224
45,0.1,1024,8.0,0.025,32,320,13,prepare_BA,3.822876327854636e-05,5.111366577887558e-05,1.3370473275958712
45,0.1,1024,8.0,0.025,32,320,13,matched_static,0.019254757745225108,5.111366577887558e-05,0.002654599266072356
45,0.1,1024,8.0,0.025,32,320,13,greedy_oracle,3.4007859915935298e-06,5.111366577887558e-05,15.029956576281032
45,0.1,1024,8.0,0.025,32,320,14,static_0.0,0.055481177956881164,1.5406201230017744e-05,0.0002776833837592837
45,0.1,1024,8.0,0.025,32,320,14,static_0.1,0.01895190250588229,1.5406201230017744e-05,0.0008129105363029368
45,0.1,1024,8.0,0.025,32,320,14,static_0.2,0.005522737063848817,1.5406201230017744e-05,0.002789595277107236
45,0.1,1024,8.0,0.025,32,320,14,static_0.3,0.0015660296260539622,1.5406201230017744e-05,0.009837745706534212
45,0.1,1024,8.0,0.025,32,320,14,static_0.4,0.0002212969899998407,1.5406201230017744e-05,0.06961776222093592
45,0.1,1024,8.0,0.025,32,320,14,static_0.5,1.5406201230017744e-05,1.5406201230017744e-05,1.0
45,0.1,1024,8.0,0.025,32,320,14,static_0.6,0.0004917457587148204,1.5406201230017744e-05,0.031329606726618074
45,0.1,1024,8.0,0.025,32,320,14,static_0.7,0.0022559071554354077,1.5406201230017744e-05,0.006829270962192691
45,0.1,1024,8.0,0.025,32,320,14,static_0.8,0.006936486037446038,1.5406201230017744e-05,0.0022210383105867523
45,0.1,1024,8.0,0.025,32,320,14,static_0.9,0.019447603370665423,1.5406201230017744e-05,0.0007921902219199055
45,0.1,1024,8.0,0.025,32,320,14,static_1.0,0.05484890312487637,1.5406201230017744e-05,0.00028088439972886824
45,0.1,1024,8.0,0.025,32,320,14,prepare_AB,3.932260552258827e-05,1.5406201230017744e-05,0.39178993927978367
45,0.1,1024,8.0,0.025,32,320,14,prepare_BA,1.8902377299517993e-05,1.5406201230017744e-05,0.8150404039607546
45,0.1,1024,8.0,0.025,32,320,14,matched_static,0.017699586550450834,1.5406201230017744e-05,0.0008704271812284409
45,0.1,1024,8.0,0.025,32,320,14,greedy_oracle,5.37260928216785e-06,1.5406201230017744e-05,2.8675454366563087
45,0.1,1024,8.0,0.025,32,320,15,static_0.0,0.05201927060492008,5.433341441892938e-06,0.00010444862795479186
45,0.1,1024,8.0,0.025,32,320,15,static_0.1,0.02011768126847559,5.433341441892938e-06,0.00027007791650457175
45,0.1,1024,8.0,0.025,32,320,15,static_0.2,0.006717465321987815,5.433341441892938e-06,0.0008088380336119276
45,0.1,1024,8.0,0.025,32,320,15,static_0.3,0.001910789236034498,5.433341441892938e-06,0.0028435064105598942
45,0.1,1024,8.0,0.025,32,320,15,static_0.4,0.00031559048158058897,5.433341441892938e-06,0.017216430022479887
45,0.1,1024,8.0,0.025,32,320,15,static_0.5,5.433341441892938e-06,5.433341441892938e-06,1.0
45,0.1,1024,8.0,0.025,32,320,15,static_0.6,0.0005640603737513695,5.433341441892938e-06,0.009632552993853606
45,0.1,1024,8.0,0.025,32,320,15,static_0.7,0.002496245628418282,5.433341441892938e-06,0.0021766052907764987
45,0.1,1024,8.0,0.025,32,320,15,static_0.8,0.0073335565585304074,5.433341441892938e-06,0.0007408876441503495
45,0.1,1024,8.0,0.025,32,320,15,static_0.9,0.019929619078916848,5.433341441892938e-06,0.00027262645715295
45,0.1,1024,8.0,0.025,32,320,15,static_1.0,0.053518936160234634,5.433341441892938e-06,0.00010152185061425028
45,0.1,1024,8.0,0.025,32,320,15,prepare_AB,0.00028028971851300997,5.433341441892938e-06,0.019384733306372574
45,0.1,1024,8.0,0.025,32,320,15,prepare_BA,0.0001028792014463403,5.433341441892938e-06,0.05281282674736602
45,0.1,1024,8.0,0.025,32,320,15,matched_static,0.017652689429642984,5.433341441892938e-06,0.000307791142168348
45,0.1,1024,8.0,0.025,32,320,15,greedy_oracle,6.475593188180619e-07,5.433341441892938e-06,8.390492243722136
45,0.1,1024,8.0,0.025,32,320,16,static_0.0,0.05429634204092213,8.400000395702287e-05,0.001547065618043176
45,0.1,1024,8.0,0.025,32,320,16,static_0.1,0.021417107307559125,8.400000395702287e-05,0.003922098477200758
45,0.1,1024,8.0,0.025,32,320,16,static_0.2,0.008694909110185532,8.400000395702287e-05,0.00966082599513573
45,0.1,1024,8.0,0.025,32,320,16,static_0.3,0.0031048876480392782,8.400000395702287e-05,0.02705412030289356
45,0.1,1024,8.0,0.025,32,320,16,static_0.4,0.0008788109052493238,8.400000395702287e-05,0.09558370686489329
45,0.1,1024,8.0,0.025,32,320,16,static_0.5,8.400000395702287e-05,8.400000395702287e-05,1.0
45,0.1,1024,8.0,0.025,32,320,16,static_0.6,0.00015612008921533877,8.400000395702287e-05,0.5380473735264166
45,0.1,1024,8.0,0.025,32,320,16,static_0.7,0.0014988334940969632,8.400000395702287e-05,0.056043586087347406
45,0.1,1024,8.0,0.025,32,320,16,static_0.8,0.005842167180377973,8.400000395702287e-05,0.014378226668889727
45,0.1,1024,8.0,0.025,32,320,16,static_0.9,0.017443768148044495,8.400000395702287e-05,0.004815473540127254
45,0.1,1024,8.0,0.025,32,320,16,static_1.0,0.05296616330116334,8.400000395702287e-05,0.0015859182300859218
45,0.1,1024,8.0,0.025,32,320,16,prepare_AB,0.00022641246998320323,8.400000395702287e-05,0.3710043177535873
45,0.1,1024,8.0,0.025,32,320,16,prepare_BA,2.2337655715018202e-05,8.400000395702287e-05,3.7604664083235657
45,0.1,1024,8.0,0.025,32,320,16,matched_static,0.018867319318097917,8.400000395702287e-05,0.0044521430172885425
45,0.1,1024,8.0,0.025,32,320,16,greedy_oracle,3.6817287276483135e-06,8.400000395702287e-05,22.81537021622923
45,0.1,1024,8.0,0.025,32,320,17,static_0.0,0.05490491348415803,2.5236349591845205e-05,0.0004596373619480662
45,0.1,1024,8.0,0.025,32,320,17,static_0.1,0.01922497074311383,2.5236349591845205e-05,0.0013126859816358673
45,0.1,1024,8.0,0.025,32,320,17,static_0.2,0.007460694352905372,2.5236349591845205e-05,0.0033825738460948438
45,0.1,1024,8.0,0.025,32,320,17,static_0.3,0.002560185154275193,2.5236349591845205e-05,0.009857236125951133
45,0.1,1024,8.0,0.025,32,320,17,static_0.4,0.0006328339102135053,2.5236349591845205e-05,0.03987831433263583
45,0.1,1024,8.0,0.025,32,320,17,static_0.5,2.5236349591845205e-05,2.5236349591845205e-05,1.0
45,0.1,1024,8.0,0.025,32,320,17,static_0.6,0.0001719271846948949,2.5236349591845205e-05,0.14678510345312806
45,0.1,1024,8.0,0.025,32,320,17,static_0.7,0.0017162666803713527,2.5236349591845205e-05,0.014704212276838444
45,0.1,1024,8.0,0.025,32,320,17,static_0.8,0.00591510280784274,2.5236349591845205e-05,0.004266426199454172
45,0.1,1024,8.0,0.025,32,320,17,static_0.9,0.018663864138507857,2.5236349591845205e-05,0.00135215030524021
45,0.1,1024,8.0,0.025,32,320,17,static_1.0,0.05323741815640918,2.5236349591845205e-05,0.0004740340622398691
45,0.1,1024,8.0,0.025,32,320,17,prepare_AB,0.00017242305302201942,2.5236349591845205e-05,0.14636296683960454
45,0.1,1024,8.0,0.025,32,320,17,prepare_BA,0.00011105305847904754,2.5236349591845205e-05,0.22724587631781942
45,0.1,1024,8.0,0.025,32,320,17,matched_static,0.017618913664922378,2.5236349591845205e-05,0.0014323442450421013
45,0.1,1024,8.0,0.025,32,320,17,greedy_oracle,1.0885495002781119e-06,2.5236349591845205e-05,23.18346532279663
45,0.1,1024,8.0,0.025,32,320,18,static_0.0,0.048320004785952275,7.487827041360494e-06,0.00015496329262652258
45,0.1,1024,8.0,0.025,32,320,18,static_0.1,0.018039332350612735,7.487827041360494e-06,0.00041508337979626823
45,0.1,1024,8.0,0.025,32,320,18,static_0.2,0.006794404434686168,7.487827041360494e-06,0.001102057893865477
45,0.1,1024,8.0,0.025,32,320,18,static_0.3,0.0019314816564062732,7.487827041360494e-06,0.0038767269761662616
45,0.1,1024,8.0,0.025,32,320,18,static_0.4,0.0003253909597034693,7.487827041360494e-06,0.02301178572442269
45,0.1,1024,8.0,0.025,32,320,18,static_0.5,7.487827041360494e-06,7.487827041360494e-06,1.0
45,0.1,1024,8.0,0.025,32,320,18,static_0.6,0.0004556314548465024,7.487827041360494e-06,0.01643395547369105
45,0.1,1024,8.0,0.025,32,320,18,static_0.7,0.0021433572635420274,7.487827041360494e-06,0.0034935039382965054
45,0.1,1024,8.0,0.025,32,320,18,static_0.8,0.007403820109371157,7.487827041360494e-06,0.0010113464307274305
45,0.1,1024,8.0,0.025,32,320,18,static_0.9,0.02109220624711968,7.487827041360494e-06,0.0003550044482607418
45,0.1,1024,8.0,0.025,32,320,18,static_1.0,0.05449291328046989,7.487827041360494e-06,0.00013740918938984513
45,0.1,1024,8.0,0.025,32,320,18,prepare_AB,7.586872731794758e-05,7.487827041360494e-06,0.09869451229860246
45,0.1,1024,8.0,0.025,32,320,18,prepare_BA,0.00011313048676351339,7.487827041360494e-06,0.06618752606459616
45,0.1,1024,8.0,0.025,32,320,18,matched_static,0.01698769531472083,7.487827041360494e-06,0.0004407794525765867
45,0.1,1024,8.0,0.025,32,320,18,greedy_oracle,1.88165475061529e-05,7.487827041360494e-06,0.39793841239536737
45,0.1,1024,8.0,0.025,32,320,19,static_0.0,0.05646462553056762,2.7305963486536516e-05,0.00048359416590399937
45,0.1,1024,8.0,0.025,32,320,19,static_0.1,0.021146336004596023,2.7305963486536516e-05,0.0012912858038670026
45,0.1,1024,8.0,0.025,32,320,19,static_0.2,0.0066940490579539234,2.7305963486536516e-05,0.004079140031710904
45,0.1,1024,8.0,0.025,32,320,19,static_0.3,0.0018870056466543028,2.7305963486536516e-05,0.014470525583720702
45,0.1,1024,8.0,0.025,32,320,19,static_0.4,0.00024972063055927655,2.7305963486536516e-05,0.10934604572069931
45,0.1,1024,8.0,0.025,32,320,19,static_0.5,2.7305963486536516e-05,2.7305963486536516e-05,1.0
45,0.1,1024,8.0,0.025,32,320,19,static_0.6,0.00043432446226519,2.7305963486536516e-05,0.06286996441352648
45,0.1,1024,8.0,0.025,32,320,19,static_0.7,0.0018237772845598281,2.7305963486536516e-05,0.014972202865837787
45,0.1,1024,8.0,0.025,32,320,19,static_0.8,0.0057990706876870565,2.7305963486536516e-05,0.004708679193118686
45,0.1,1024,8.0,0.025,32,320,19,static_0.9,0.016584164667759305,2.7305963486536516e-05,0.0016465082223659467
45,0.1,1024,8.0,0.025,32,320,19,static_1.0,0.049700927896079744,2.7305963486536516e-05,0.0005494055069480972
45,0.1,1024,8.0,0.025,32,320,19,prepare_AB,9.382212077837596e-05,2.7305963486536516e-05,0.29103971707309745
45,0.1,1024,8.0,0.025,32,320,19,prepare_BA,0.00013499062535135214,2.7305963486536516e-05,0.20228044292309075
45,0.1,1024,8.0,0.025,32,320,19,matched_static,0.019216535860958932,2.7305963486536516e-05,0.001420961805192599
45,0.1,1024,8.0,0.025,32,320,19,greedy_oracle,1.9771322940363633e-05,2.7305963486536516e-05,1.3810893468737355
70,0.0,128,4.0,0.025,32,160,0,static_0.0,0.14214618740036894,0.004277822614709416,0.0300945293921989
70,0.0,128,4.0,0.025,32,160,0,static_0.1,0.061338039449844235,0.004277822614709416,0.069741756552349
70,0.0,128,4.0,0.025,32,160,0,static_0.2,0.025734283345221813,0.004277822614709416,0.16623049328100664
70,0.0,128,4.0,0.025,32,160,0,static_0.3,0.011210126347612454,0.004277822614709416,0.3816034255154057
70,0.0,128,4.0,0.025,32,160,0,static_0.4,0.0044346427589593545,0.004277822614709416,0.9646374797759948
70,0.0,128,4.0,0.025,32,160,0,static_0.5,0.004277822614709416,0.004277822614709416,1.0
70,0.0,128,4.0,0.025,32,160,0,static_0.6,0.008264209994287596,0.004277822614709416,0.5176323711118596
70,0.0,128,4.0,0.025,32,160,0,static_0.7,0.0182117740201443,0.004277822614709416,0.2348932404925328
70,0.0,128,4.0,0.025,32,160,0,static_0.8,0.03812715019478307,0.004277822614709416,0.11219885548369019
70,0.0,128,4.0,0.025,32,160,0,static_0.9,0.06814317160443982,0.004277822614709416,0.0627769813759402
70,0.0,128,4.0,0.025,32,160,0,static_1.0,0.13147363812637486,0.004277822614709416,0.032537493262318445
70,0.0,128,4.0,0.025,32,160,0,prepare_AB,0.0024175158435161314,0.004277822614709416,1.769511718478577
70,0.0,128,4.0,0.025,32,160,0,prepare_BA,0.002911365794994763,0.004277822614709416,1.469352501861454
70,0.0,128,4.0,0.025,32,160,0,matched_static,0.007009694894138621,0.004277822614709416,0.6102722984828417
70,0.0,128,4.0,0.025,32,160,0,greedy_oracle,0.003946737838436374,0.004277822614709416,1.0838882109292094
70,0.0,128,4.0,0.025,32,160,1,static_0.0,0.12883591676094253,0.0011478170310723376,0.00890913853783595
70,0.0,128,4.0,0.025,32,160,1,static_0.1,0.055641632256185666,0.0011478170310723376,0.020628744782100368
70,0.0,128,4.0,0.025,32,160,1,static_0.2,0.023015742318771897,0.0011478170310723376,0.04987095420060231
70,0.0,128,4.0,0.025,32,160,1,static_0.3,0.00923027257690771,0.0011478170310723376,0.12435353577140783
70,0.0,128,4.0,0.025,32,160,1,static_0.4,0.003322002404737515,0.0011478170310723376,0.3455196267875764
70,0.0,128,4.0,0.025,32,160,1,static_0.5,0.0011478170310723376,0.0011478170310723376,1.0
70,0.0,128,4.0,0.025,32,160,1,static_0.6,0.002571170864197242,0.0011478170310723376,0.4464180296437449
70,0.0,128,4.0,0.025,32,160,1,static_0.7,0.008347189512709527,0.0011478170310723376,0.13750940113731192
70,0.0,128,4.0,0.025,32,160,1,static_0.8,0.02426336630682245,0.0011478170310723376,0.047306586256730204
70,0.0,128,4.0,0.025,32,160,1,static_0.9,0.05820935273810328,0.0011478170310723376,0.019718773308416943
70,0.0,128,4.0,0.025,32,160,1,static_1.0,0.13678975545260622,0.0011478170310723376,0.00839110375827833
70,0.0,128,4.0,0.025,32,160,1,prepare_AB,0.0009088114395659533,0.0011478170310723376,1.2629869971933154
70,0.0,128,4.0,0.025,32,160,1,prepare_BA,0.0017016201166723107,0.0011478170310723376,0.6745436421596903
70,0.0,128,4.0,0.025,32,160,1,matched_static,0.005982373185906777,0.0011478170310723376,0.1918665043792913
70,0.0,128,4.0,0.025,32,160,1,greedy_oracle,0.0011609755693973646,0.0011478170310723376,0.9886659644941045
70,0.0,128,4.0,0.025,32,160,2,static_0.0,0.14767288845414372,0.0036073054213506843,0.024427675649283765
70,0.0,128,4.0,0.025,32,160,2,static_0.1,0.06381036500892849,0.0036073054213506843,0.056531653138889616
70,0.0,128,4.0,0.025,32,160,2,static_0.2,0.025782337916649183,0.0036073054213506843,0.13991382135369632
70,0.0,128,4.0,0.025,32,160,2,static_0.3,0.010881283835554407,0.0036073054213506843,0.33151468851165117
70,0.0,128,4.0,0.025,32,160,2,static_0.4,0.0041033641647230485,0.0036073054213506843,0.8791092568295494
70,0.0,128,4.0,0.025,32,160,2,static_0.5,0.0036073054213506843,0.0036073054213506843,1.0
70,0.0,128,4.0,0.025,32,160,2,static_0.6,0.0067916490683402764,0.0036073054213506843,0.5311383708216578
70,0.0,128,4.0,0.025,32,160,2,static_0.7,0.01555972621142004,0.0036073054213506843,0.2318360472630365
70,0.0,128,4.0,0.025,32,160,2,static_0.8,0.03340464576061107,0.0036073054213506843,0.10798813575817713
70,0.0,128,4.0,0.025,32,160,2,static_0.9,0.065814715308427,0.0036073054213506843,0.05481001329939355
70,0.0,128,4.0,0.025,32,160,2,static_1.0,0.13233476813108613,0.0036073054213506843,0.027258939372436237
70,0.0,128,4.0,0.025,32,160,2,prepare_AB,0.0017718326286588631,0.0036073054213506843,2.035917706336139
70,0.0,128,4.0,0.025,32,160,2,prepare_BA,0.002619847764946708,0.0036073054213506843,1.3769141358578376
70,0.0,128,4.0,0.025,32,160,2,matched_static,0.006939338228135292,0.0036073054213506843,0.5198342122487988
70,0.0,128,4.0,0.025,32,160,2,greedy_oracle,0.0034698826836292353,0.0036073054213506843,1.0396044334207044
70,0.0,128,4.0,0.025,32,160,3,static_0.0,0.1318029011846376,0.001340182995616007,0.010168084189122637
70,0.0,128,4.0,0.025,32,160,3,static_0.1,0.058416096888782576,0.001340182995616007,0.02294201542029689
70,0.0,128,4.0,0.025,32,160,3,static_0.2,0.022953534146776373,0.001340182995616007,0.05838678205483334
70,0.0,128,4.0,0.025,32,160,3,static_0.3,0.008505216127387106,0.001340182995616007,0.1575718918300699
70,0.0,128,4.0,0.025,32,160,3,static_0.4,0.0030268465650454207,0.001340182995616007,0.4427654216413498
70,0.0,128,4.0,0.025,32,160,3,static_0.5,0.001340182995616007,0.001340182995616007,1.0
70,0.0,128,4.0,0.025,32,160,3,static_0.6,0.0031995559264161653,0.001340182995616007,0.41886531332401217
70,0.0,128,4.0,0.025,32,160,3,static_0.7,0.009618586048557833,0.001340182995616007,0.13933264087364983
70,0.0,128,4.0,0.025,32,160,3,static_0.8,0.026898563212745204,0.001340182995616007,0.04982359039091706
70,0.0,128,4.0,0.025,32,160,3,static_0.9,0.05962107334850534,0.001340182995616007,0.022478343987237265
70,0.0,128,4.0,0.025,32,160,3,static_1.0,0.13675161359970658,0.001340182995616007,0.009800125646333745
70,0.0,128,4.0,0.025,32,160,3,prepare_AB,0.0008838858095848802,0.001340182995616007,1.5162399724976106
70,0.0,128,4.0,0.025,32,160,3,prepare_BA,0.0005962569332474982,0.001340182995616007,2.247660229821957
70,0.0,128,4.0,0.025,32,160,3,matched_static,0.005625002447714806,0.001340182995616007,0.23825465109983468
70,0.0,128,4.0,0.025,32,160,3,greedy_oracle,0.0015689126585519426,0.001340182995616007,0.8542113471459617
70,0.0,128,4.0,0.025,32,160,4,static_0.0,0.14575649419158132,0.0029143595137762317,0.019994714677656955
70,0.0,128,4.0,0.025,32,160,4,static_0.1,0.059226871635829674,0.0029143595137762317,0.04920671028677414
70,0.0,128,4.0,0.025,32,160,4,static_0.2,0.023404361196466588,0.0029143595137762317,0.12452207045139174
70,0.0,128,4.0,0.025,32,160,4,static_0.3,0.00907730840953093,0.0029143595137762317,0.3210598761540627
70,0.0,128,4.0,0.025,32,160,4,static_0.4,0.003678551401287627,0.0029143595137762317,0.7922573850010902
70,0.0,128,4.0,0.025,32,160,4,static_0.5,0.0029143595137762317,0.0029143595137762317,1.0
70,0.0,128,4.0,0.025,32,160,4,static_0.6,0.0057573780730508775,0.0029143595137762317,0.5061956114047398
70,0.0,128,4.0,0.025,32,160,4,static_0.7,0.013926474034107664,0.0029143595137762317,0.2092675796212741
70,0.0,128,4.0,0.025,32,160,4,static_0.8,0.030141797532022403,0.0029143595137762317,0.09668831166024652
70,0.0,128,4.0,0.025,32,160,4,static_0.9,0.06339171772095466,0.0029143595137762317,0.045973821479408594
70,0.0,128,4.0,0.025,32,160,4,static_1.0,0.13387017868854012,0.0029143595137762317,0.02177004275580095
70,0.0,128,4.0,0.025,32,160,4,prepare_AB,0.0018653169475181476,0.0029143595137762317,1.5623937356350417
70,0.0,128,4.0,0.025,32,160,4,prepare_BA,0.0007282999149606762,0.0029143595137762317,4.001592549868126
70,0.0,128,4.0,0.025,32,160,4,matched_static,0.006093121329030564,0.0029143595137762317,0.47830321380452734
70,0.0,128,4.0,0.025,32,160,4,greedy_oracle,0.002513200703139598,0.0029143595137762317,1.1596206821586073
70,0.0,128,4.0,0.025,32,160,5,static_0.0,0.1392445227679022,0.002960860879698518,0.02126375113966808
70,0.0,128,4.0,0.025,32,160,5,static_0.1,0.056226492363955806,0.002960860879698518,0.052659533881871466
70,0.0,128,4.0,0.025,32,160,5,static_0.2,0.019031625180755532,0.002960860879698518,0.1555758297873842
70,0.0,128,4.0,0.025,32,160,5,static_0.3,0.007545952097858083,0.002960860879698518,0.3923773754857201
70,0.0,128,4.0,0.025,32,160,5,static_0.4,0.002960860879698518,0.002960860879698518,1.0
70,0.0,128,4.0,0.025,32,160,5,static_0.5,0.0033535726458013317,0.002960860879698518,0.8828974924415345
70,0.0,128,4.0,0.025,32,160,5,static_0.6,0.008158258560038314,0.002960860879698518,0.3629280511164153
70,0.0,128,4.0,0.025,32,160,5,static_0.7,0.017967356665155306,0.002960860879698518,0.16479112286119496
70,0.0,128,4.0,0.025,32,160,5,static_0.8,0.03838068262540175,0.002960860879698518,0.07714456015795068
70,0.0,128,4.0,0.025,32,160,5,static_0.9,0.07713695508008422,0.002960860879698518,0.038384466649280205
70,0.0,128,4.0,0.025,32,160,5,static_1.0,0.1406027474534479,0.002960860879698518,0.021058342979242483
70,0.0,128,4.0,0.025,32,160,5,prepare_AB,0.00272024388101939,0.002960860879698518,1.08845420087443
70,0.0,128,4.0,0.025,32,160,5,prepare_BA,0.001100995303550387,0.002960860879698518,2.6892584102317327
70,0.0,128,4.0,0.025,32,160,5,matched_static,0.0047194651285806235,0.002960860879698518,0.6273721277794451
70,0.0,128,4.0,0.025,32,160,5,greedy_oracle,0.0019632160847918665,0.002960860879698518,1.5081686130400762
70,0.0,128,4.0,0.025,32,160,6,static_0.0,0.13877218497114385,0.0032033361412691095,0.023083416478130742
70,0.0,128,4.0,0.025,32,160,6,static_0.1,0.057305033725791724,0.0032033361412691095,0.05589973398492843
70,0.0,128,4.0,0.025,32,160,6,static_0.2,0.023824241946505384,0.0032033361412691095,0.13445700175736275
70,0.0,128,4.0,0.025,32,160,6,static_0.3,0.008084053262861237,0.0032033361412691095,0.39625371544562704
70,0.0,128,4.0,0.025,32,160,6,static_0.4,0.0036853313211693156,0.0032033361412691095,0.8692125244936528
70,0.0,128,4.0,0.025,32,160,6,static_0.5,0.0032033361412691095,0.0032033361412691095,1.0
70,0.0,128,4.0,0.025,32,160,6,static_0.6,0.006023645414660231,0.0032033361412691095,0.5317936101406122
70,0.0,128,4.0,0.025,32,160,6,static_0.7,0.013956848072470392,0.0032033361412691095,0.2295171606537458
70,0.0,128,4.0,0.025,32,160,6,static_0.8,0.03467000467726815,0.0032033361412691095,0.09239503054839274
70,0.0,128,4.0,0.025,32,160,6,static_0.9,0.07040921260850655,0.0032033361412691095,0.045495980179191715
70,0.0,128,4.0,0.025,32,160,6,static_1.0,0.13982934639864586,0.0032033361412691095,0.022908897336447333
70,0.0,128,4.0,0.025,32,160,6,prepare_AB,0.0018113200678194473,0.0032033361412691095,1.76850916532131
70,0.0,128,4.0,0.025,32,160,6,prepare_BA,0.0017503118765837663,0.0032033361412691095,1.8301516341883797
70,0.0,128,4.0,0.025,32,160,6,matched_static,0.005473194916069347,0.0032033361412691095,0.5852771900858286
70,0.0,128,4.0,0.025,32,160,6,greedy_oracle,0.003047824819065522,0.0032033361412691095,1.0510237075407989
70,0.0,128,4.0,0.025,32,160,7,static_0.0,0.14696663845366345,0.002087344421979667,0.014202845243941385
70,0.0,128,4.0,0.025,32,160,7,static_0.1,0.07575694192258514,0.002087344421979667,0.027553176897144187
70,0.0,128,4.0,0.025,32,160,7,static_0.2,0.035982986882312176,0.002087344421979667,0.05800920387200329
70,0.0,128,4.0,0.025,32,160,7,static_0.3,0.015341297488644809,0.002087344421979667,0.13606048794273495
70,0.0,128,4.0,0.025,32,160,7,static_0.4,0.0062458796117802525,0.002087344421979667,0.3341954299027411
70,0.0,128,4.0,0.025,32,160,7,static_0.5,0.002828779043615103,0.002087344421979667,0.7378958871641306
70,0.0,128,4.0,0.025,32,160,7,static_0.6,0.002087344421979667,0.002087344421979667,1.0
70,0.0,128,4.0,0.025,32,160,7,static_0.7,0.006748974449410224,0.002087344421979667,0.30928320111836766
70,0.0,128,4.0,0.025,32,160,7,static_0.8,0.020106976414651246,0.002087344421979667,0.10381194959072478
70,0.0,128,4.0,0.025,32,160,7,static_0.9,0.05516579283032803,0.002087344421979667,0.03783765835469196
70,0.0,128,4.0,0.025,32,160,7,static_1.0,0.1425421123286476,0.002087344421979667,0.014643703449315027
70,0.0,128,4.0,0.025,32,160,7,prepare_AB,0.0010435323827480756,0.002087344421979667,2.00026799023024
70,0.0,128,4.0,0.025,32,160,7,prepare_BA,0.0019624979428156065,0.002087344421979667,1.0636161070237569
70,0.0,128,4.0,0.025,32,160,7,matched_static,0.010107167694230213,0.002087344421979667,0.20652120209415842
70,0.0,128,4.0,0.025,32,160,7,greedy_oracle,0.0017357790263351643,0.002087344421979667,1.2025404099891563
70,0.0,128,4.0,0.025,32,160,8,static_0.0,0.1486051195850302,0.006160823066687816,0.04145767712371889
70,0.0,128,4.0,0.025,32,160,8,static_0.1,0.08122870608821023,0.006160823066687816,0.07584539214495768
70,0.0,128,4.0,0.025,32,160,8,static_0.2,0.041134398536049305,0.006160823066687816,0.14977301932076637
70,0.0,128,4.0,0.025,32,160,8,static_0.3,0.01852912195217239,0.006160823066687816,0.3324940643485543
70,0.0,128,4.0,0.025,32,160,8,static_0.4,0.009024515451087735,0.006160823066687816,0.6826763276188136
70,0.0,128,4.0,0.025,32,160,8,static_0.5,0.006160823066687816,0.006160823066687816,1.0
70,0.0,128,4.0,0.025,32,160,8,static_0.6,0.0080200624358842,0.006160823066687816,0.7681764469965244
70,0.0,128,4.0,0.025,32,160,8,static_0.7,0.016285728590297078,0.006160823066687816,0.3782958209409428
70,0.0,128,4.0,0.025,32,160,8,static_0.8,0.034524830552430566,0.006160823066687816,0.1784461492817983
70,0.0,128,4.0,0.025,32,160,8,static_0.9,0.06935645438165888,0.006160823066687816,0.08882840280135526
70,0.0,128,4.0,0.025,32,160,8,static_1.0,0.1462404016280356,0.006160823066687816,0.04212805078556849
70,0.0,128,4.0,0.025,32,160,8,prepare_AB,0.004896579065283251,0.006160823066687816,1.258189234677748
70,0.0,128,4.0,0.025,32,160,8,prepare_BA,0.004235775267513965,0.006160823066687816,1.454473544415327
70,0.0,128,4.0,0.025,32,160,8,matched_static,0.013465593875764365,0.006160823066687816,0.4575233089255858
70,0.0,128,4.0,0.025,32,160,8,greedy_oracle,0.006032019338111915,0.006160823066687816,1.0213533348214063
70,0.0,128,4.0,0.025,32,160,9,static_0.0,0.14017987296854795,0.003113497687143714,0.02221073269086417
70,0.0,128,4.0,0.025,32,160,9,static_0.1,0.06079500371138657,0.003113497687143714,0.05121305201204508
70,0.0,128,4.0,0.025,32,160,9,static_0.2,0.022188925242046298,0.003113497687143714,0.14031764284120787
70,0.0,128,4.0,0.025,32,160,9,static_0.3,0.007252539808400652,0.003113497687143714,0.4292975660109214
70,0.0,128,4.0,0.025,32,160,9,static_0.4,0.003113497687143714,0.003113497687143714,1.0
70,0.0,128,4.0,0.025,32,160,9,static_0.5,0.0032964854638889525,0.003113497687143714,0.9444900398470549
70,0.0,128,4.0,0.025,32,160,9,static_0.6,0.007999685244322857,0.003113497687143714,0.38920252385595705
70,0.0,128,4.0,0.025,32,160,9,static_0.7,0.01704512348921056,0.003113497687143714,0.18266207863583597
70,0.0,128,4.0,0.025,32,160,9,static_0.8,0.03522463630873097,0.003113497687143714,0.08838977526567068
70,0.0,128,4.0,0.025,32,160,9,static_0.9,0.07000067220089479,0.003113497687143714,0.04447811127025028
70,0.0,128,4.0,0.025,32,160,9,static_1.0,0.13974356234921517,0.003113497687143714,0.022280079560038496
70,0.0,128,4.0,0.025,32,160,9,prepare_AB,0.002316553800396085,0.003113497687143714,1.3440213158923255
70,0.0,128,4.0,0.025,32,160,9,prepare_BA,0.0013015972144495252,0.003113497687143714,2.3920592734677006
70,0.0,128,4.0,0.025,32,160,9,matched_static,0.004789435319095183,0.003113497687143714,0.650076152971602
70,0.0,128,4.0,0.025,32,160,9,greedy_oracle,0.0026472782353878874,0.003113497687143714,1.1761127506446314
70,0.0,128,4.0,0.025,32,160,10,static_0.0,0.14251501284954698,0.002511647497830708,0.017623739756331868
70,0.0,128,4.0,0.025,32,160,10,static_0.1,0.07075405419011097,0.002511647497830708,0.03549828383094621
70,0.0,128,4.0,0.025,32,160,10,static_0.2,0.03134274523988346,0.002511647497830708,0.08013489177823044
70,0.0,128,4.0,0.025,32,160,10,static_0.3,0.01374667134600698,0.002511647497830708,0.1827095036035957
70,0.0,128,4.0,0.025,32,160,10,static_0.4,0.005701035903750291,0.002511647497830708,0.440559845655152
70,0.0,128,4.0,0.025,32,160,10,static_0.5,0.002511647497830708,0.002511647497830708,1.0
70,0.0,128,4.0,0.025,32,160,10,static_0.6,0.0031868043496911963,0.002511647497830708,0.7881398486462116
70,0.0,128,4.0,0.025,32,160,10,static_0.7,0.008687461911457018,0.002511647497830708,0.2891117708980513
70,0.0,128,4.0,0.025,32,160,10,static_0.8,0.022801959755766682,0.002511647497830708,0.1101505100760256
70,0.0,128,4.0,0.025,32,160,10,static_0.9,0.05274614963118373,0.002511647497830708,0.04761764631907487
70,0.0,128,4.0,0.025,32,160,10,static_1.0,0.13719884835782784,0.002511647497830708,0.018306622306916813
70,0.0,128,4.0,0.025,32,160,10,prepare_AB,0.0007068509134251954,0.002511647497830708,3.5532917198338048
70,0.0,128,4.0,0.025,32,160,10,prepare_BA,0.0015194328991285976,0.002511647497830708,1.653016397941068
70,0.0,128,4.0,0.025,32,160,10,matched_static,0.008918979627360697,0.002511647497830708,0.28160704506216644
70,0.0,128,4.0,0.025,32,160,10,greedy_oracle,0.0020047816466038726,0.002511647497830708,1.2528284574459634
70,0.0,128,4.0,0.025,32,160,11,static_0.0,0.14687392894529436,0.0013416805982724626,0.009134913240948256
70,0.0,128,4.0,0.025,32,160,11,static_0.1,0.06460512222424286,0.0013416805982724626,0.020767402832480075
70,0.0,128,4.0,0.025,32,160,11,static_0.2,0.026406224081389436,0.0013416805982724626,0.050809255959395255
70,0.0,128,4.0,0.025,32,160,11,static_0.3,0.010688570075456934,0.0013416805982724626,0.12552479787293774
70,0.0,128,4.0,0.025,32,160,11,static_0.4,0.0038386895338693113,0.0013416805982724626,0.3495152672375875
70,0.0,128,4.0,0.025,32,160,11,static_0.5,0.0014588161302531949,0.0013416805982724626,0.9197050748538118
70,0.0,128,4.0,0.025,32,160,11,static_0.6,0.0013416805982724626,0.0013416805982724626,1.0
70,0.0,128,4.0,0.025,32,160,11,static_0.7,0.004638261669894166,0.0013416805982724626,0.28926367112510853
70,0.0,128,4.0,0.025,32,160,11,static_0.8,0.01543310216945777,0.0013416805982724626,0.08693525018759087
70,0.0,128,4.0,0.025,32,160,11,static_0.9,0.050498541650278714,0.0013416805982724626,0.026568699895614858
70,0.0,128,4.0,0.025,32,160,11,static_1.0,0.1407084329511071,0.0013416805982724626,0.009535182576716388
70,0.0,128,4.0,0.025,32,160,11,prepare_AB,0.00033356910233011896,0.0013416805982724626,4.022196866856868
70,0.0,128,4.0,0.025,32,160,11,prepare_BA,0.001817530241239225,0.0013416805982724626,0.7381888718163394
70,0.0,128,4.0,0.025,32,160,11,matched_static,0.0067224366635700705,0.0013416805982724626,0.19958248257558728
70,0.0,128,4.0,0.025,32,160,11,greedy_oracle,0.0008137751629194304,0.0013416805982724626,1.648711658216704
70,0.0,128,4.0,0.025,32,160,12,static_0.0,0.13523437821004805,0.0033962382986564093,0.02511371992542696
70,0.0,128,4.0,0.025,32,160,12,static_0.1,0.06846015162791466,0.0033962382986564093,0.049608980083993726
70,0.0,128,4.0,0.025,32,160,12,static_0.2,0.03626176480836572,0.0033962382986564093,0.09365893570278974
70,0.0,128,4.0,0.025,32,160,12,static_0.3,0.017098130199819442,0.0033962382986564093,0.19863214626195055
70,0.0,128,4.0,0.025,32,160,12,static_0.4,0.0076642458405276415,0.0033962382986564093,0.44312752608971595
70,0.0,128,4.0,0.025,32,160,12,static_0.5,0.0033962382986564093,0.0033962382986564093,1.0
70,0.0,128,4.0,0.025,32,160,12,static_0.6,0.0039544999926738695,0.0033962382986564093,0.8588287533059301
70,0.0,128,4.0,0.025,32,160,12,static_0.7,0.009210731503211205,0.0033962382986564093,0.3687262295586788
70,0.0,128,4.0,0.025,32,160,12,static_0.8,0.02463696351248178,0.0033962382986564093,0.13785133451757475
70,0.0,128,4.0,0.025,32,160,12,static_0.9,0.05908571172339447,0.0033962382986564093,0.057479857644021554
70,0.0,128,4.0,0.025,32,160,12,static_1.0,0.1357313774165464,0.0033962382986564093,0.025021762567351575
70,0.0,128,4.0,0.025,32,160,12,prepare_AB,0.001649839788347519,0.0033962382986564093,2.0585261203198915
70,0.0,128,4.0,0.025,32,160,12,prepare_BA,0.002325775693609276,0.0033962382986564093,1.4602604662128558
70,0.0,128,4.0,0.025,32,160,12,matched_static,0.012453209474458585,0.0033962382986564093,0.27271992056522154
70,0.0,128,4.0,0.025,32,160,12,greedy_oracle,0.002997932024734017,0.0033962382986564093,1.132860341941119
70,0.0,128,4.0,0.025,32,160,13,static_0.0,0.14103854963302342,0.00343136053494873,0.024329238664726704
70,0.0,128,4.0,0.025,32,160,13,static_0.1,0.05725881488088745,0.00343136053494873,0.05992720146385865
70,0.0,128,4.0,0.025,32,160,13,static_0.2,0.024616374479127883,0.00343136053494873,0.13939341627493382
70,0.0,128,4.0,0.025,32,160,13,static_0.3,0.009218734740822564,0.00343136053494873,0.3722159961663631
70,0.0,128,4.0,0.025,32,160,13,static_0.4,0.003997258314996877,0.00343136053494873,0.8584285188863034
70,0.0,128,4.0,0.025,32,160,13,static_0.5,0.00343136053494873,0.00343136053494873,1.0
70,0.0,128,4.0,0.025,32,160,13,static_0.6,0.006409390264208225,0.00343136053494873,0.5353645812629602
70,0.0,128,4.0,0.025,32,160,13,static_0.7,0.01543051509081939,0.00343136053494873,0.22237498325576102
70,0.0,128,4.0,0.025,32,160,13,static_0.8,0.034862361442129404,0.00343136053494873,0.09842593539295086
70,0.0,128,4.0,0.025,32,160,13,static_0.9,0.07277265057577784,0.00343136053494873,0.04715178721401207
70,0.0,128,4.0,0.025,32,160,13,static_1.0,0.14472014872429453,0.00343136053494873,0.023710316532950734
70,0.0,128,4.0,0.025,32,160,13,prepare_AB,0.0016463358806889723,0.00343136053494873,2.084240874051014
70,0.0,128,4.0,0.025,32,160,13,prepare_BA,0.0016704580841673542,0.00343136053494873,2.0541434517101957
70,0.0,128,4.0,0.025,32,160,13,matched_static,0.0060184610919486285,0.00343136053494873,0.5701391904882682
70,0.0,128,4.0,0.025,32,160,13,greedy_oracle,0.003068335251953682,0.00343136053494873,1.118313434871206
70,0.0,128,4.0,0.025,32,160,14,static_0.0,0.13940183064344475,0.004471944494469617,0.03207952488018426
70,0.0,128,4.0,0.025,32,160,14,static_0.1,0.07606417849105822,0.004471944494469617,0.05879172802734365
70,0.0,128,4.0,0.025,32,160,14,static_0.2,0.04091947895911211,0.004471944494469617,0.10928644763385452
70,0.0,128,4.0,0.025,32,160,14,static_0.3,0.02198303573120855,0.004471944494469617,0.20342706754194798
70,0.0,128,4.0,0.025,32,160,14,static_0.4,0.011675328699663546,0.004471944494469617,0.3830251472576089
70,0.0,128,4.0,0.025,32,160,14,static_0.5,0.005605550744638326,0.004471944494469617,0.7977707629793566
70,0.0,128,4.0,0.025,32,160,14,static_0.6,0.004471944494469617,0.004471944494469617,1.0
70,0.0,128,4.0,0.025,32,160,14,static_0.7,0.008527193171783267,0.004471944494469617,0.524433351559035
70,0.0,128,4.0,0.025,32,160,14,static_0.8,0.021324814596948224,0.004471944494469617,0.20970613714548278
70,0.0,128,4.0,0.025,32,160,14,static_0.9,0.053366406153053526,0.004471944494469617,0.08379699546647738
70,0.0,128,4.0,0.025,32,160,14,static_1.0,0.14386519352275892,0.004471944494469617,0.031084269829047793
70,0.0,128,4.0,0.025,32,160,14,prepare_AB,0.003395615643918266,0.004471944494469617,1.3169760548368057
70,0.0,128,4.0,0.025,32,160,14,prepare_BA,0.0027758847568235237,0.004471944494469617,1.610997893005801
70,0.0,128,4.0,0.025,32,160,14,matched_static,0.016235897710197712,0.004471944494469617,0.2754356164525972
70,0.0,128,4.0,0.025,32,160,14,greedy_oracle,0.0036968525278229395,0.004471944494469617,1.2096626686656409
70,0.0,128,4.0,0.025,32,160,15,static_0.0,0.13769706151706745,0.001203937922150835,0.00874338136839331
70,0.0,128,4.0,0.025,32,160,15,static_0.1,0.061689739094524285,0.001203937922150835,0.01951601578839712
70,0.0,128,4.0,0.025,32,160,15,static_0.2,0.025906956670230647,0.001203937922150835,0.04647160750974138
70,0.0,128,4.0,0.025,32,160,15,static_0.3,0.011133747145518385,0.001203937922150835,0.10813411750916677
70,0.0,128,4.0,0.025,32,160,15,static_0.4,0.0039241788995731455,0.001203937922150835,0.3067999581471156
70,0.0,128,4.0,0.025,32,160,15,static_0.5,0.001203937922150835,0.001203937922150835,1.0
70,0.0,128,4.0,0.025,32,160,15,static_0.6,0.002450458707013629,0.001203937922150835,0.4913112466269928
70,0.0,128,4.0,0.025,32,160,15,static_0.7,0.0092474003056592,0.001203937922150835,0.13019204126094253
70,0.0,128,4.0,0.025,32,160,15,static_0.8,0.026030161924198363,0.001203937922150835,0.04625164936187434
70,0.0,128,4.0,0.025,32,160,15,static_0.9,0.05865862080044594,0.001203937922150835,0.02052448396709802
70,0.0,128,4.0,0.025,32,160,15,static_1.0,0.13340016958820627,0.001203937922150835,0.009025010431900331
70,0.0,128,4.0,0.025,32,160,15,prepare_AB,0.0009947931238970347,0.001203937922150835,1.2102394892261517
70,0.0,128,4.0,0.025,32,160,15,prepare_BA,0.0011016201838116423,0.001203937922150835,1.0928793243286175
70,0.0,128,4.0,0.025,32,160,15,matched_static,0.007413836327156521,0.001203937922150835,0.16239067994269973
70,0.0,128,4.0,0.025,32,160,15,greedy_oracle,0.0011471540683864146,0.001203937922150835,1.0494997623503985
70,0.0,128,4.0,0.025,32,160,16,static_0.0,0.1364473550285312,0.0021706331138894195,0.015908209532061207
70,0.0,128,4.0,0.025,32,160,16,static_0.1,0.046096751686006576,0.0021706331138894195,0.04708863497963894
70,0.0,128,4.0,0.025,32,160,16,static_0.2,0.017992335158023412,0.0021706331138894195,0.12064210091826008
70,0.0,128,4.0,0.025,32,160,16,static_0.3,0.005485459982485592,0.0021706331138894195,0.39570667196916715
70,0.0,128,4.0,0.025,32,160,16,static_0.4,0.0021706331138894195,0.0021706331138894195,1.0
70,0.0,128,4.0,0.025,32,160,16,static_0.5,0.0025764091591264885,0.0021706331138894195,0.8425032593135773
70,0.0,128,4.0,0.025,32,160,16,static_0.6,0.007040494265807255,0.0021706331138894195,0.3083069216363515
70,0.0,128,4.0,0.025,32,160,16,static_0.7,0.014314806237504541,0.0021706331138894195,0.15163552184188137
70,0.0,128,4.0,0.025,32,160,16,static_0.8,0.032114603626110676,0.0021706331138894195,0.06759021967577994
70,0.0,128,4.0,0.025,32,160,16,static_0.9,0.06637508578505426,0.0021706331138894195,0.03270252818834297
70,0.0,128,4.0,0.025,32,160,16,static_1.0,0.13419470925583454,0.0021706331138894195,0.016175251065608194
70,0.0,128,4.0,0.025,32,160,16,prepare_AB,0.003436903264738177,0.0021706331138894195,0.6315665431028005
70,0.0,128,4.0,0.025,32,160,16,prepare_BA,0.0008989590963918822,0.0021706331138894195,2.414607208049406
70,0.0,128,4.0,0.025,32,160,16,matched_static,0.0034936201403241367,0.0021706331138894195,0.6213134303971665
70,0.0,128,4.0,0.025,32,160,16,greedy_oracle,0.0021549954937032387,0.0021706331138894195,1.007256451455176
70,0.0,128,4.0,0.025,32,160,17,static_0.0,0.14151421071923873,0.008163111419453072,0.05768404019613632
70,0.0,128,4.0,0.025,32,160,17,static_0.1,0.0770137897344251,0.008163111419453072,0.10599545156267212
70,0.0,128,4.0,0.025,32,160,17,static_0.2,0.0382886494124466,0.008163111419453072,0.21319925212090313
70,0.0,128,4.0,0.025,32,160,17,static_0.3,0.019413960667688468,0.008163111419453072,0.4204763550922047
70,0.0,128,4.0,0.025,32,160,17,static_0.4,0.010908896144605154,0.008163111419453072,0.7482985731319871
70,0.0,128,4.0,0.025,32,160,17,static_0.5,0.008163111419453072,0.008163111419453072,1.0
70,0.0,128,4.0,0.025,32,160,17,static_0.6,0.010915461946347347,0.008163111419453072,0.7478484611624433
70,0.0,128,4.0,0.025,32,160,17,static_0.7,0.019371706920593135,0.008163111419453072,0.42139350202409154
70,0.0,128,4.0,0.025,32,160,17,static_0.8,0.03586226258971368,0.008163111419453072,0.2276239933002578
70,0.0,128,4.0,0.025,32,160,17,static_0.9,0.07223216911507789,0.008163111419453072,0.11301213184457848
70,0.0,128,4.0,0.025,32,160,17,static_1.0,0.14931544533295152,0.008163111419453072,0.05467024125501908
70,0.0,128,4.0,0.025,32,160,17,prepare_AB,0.0067914801534209755,0.008163111419453072,1.2019635241577176
70,0.0,128,4.0,0.025,32,160,17,prepare_BA,0.007257378057135363,0.008163111419453072,1.1248017335168592
70,0.0,128,4.0,0.025,32,160,17,matched_static,0.015082177624917972,0.008163111419453072,0.5412422279105381
70,0.0,128,4.0,0.025,32,160,17,greedy_oracle,0.00750578703155654,0.008163111419453072,1.087575677957947
70,0.0,128,4.0,0.025,32,160,18,static_0.0,0.14063027170829184,0.0012141723636737158,0.008633790925130707
70,0.0,128,4.0,0.025,32,160,18,static_0.1,0.06234793031048729,0.0012141723636737158,0.019474140643117463
70,0.0,128,4.0,0.025,32,160,18,static_0.2,0.025531915577552966,0.0012141723636737158,0.04755508297000584
70,0.0,128,4.0,0.025,32,160,18,static_0.3,0.009843905705894647,0.0012141723636737158,0.12334254308700408
70,0.0,128,4.0,0.025,32,160,18,static_0.4,0.003082771433946676,0.0012141723636737158,0.3938574071056861
70,0.0,128,4.0,0.025,32,160,18,static_0.5,0.0012141723636737158,0.0012141723636737158,1.0
70,0.0,128,4.0,0.025,32,160,18,static_0.6,0.0023788949061365272,0.0012141723636737158,0.5103934438388482
70,0.0,128,4.0,0.025,32,160,18,static_0.7,0.007831782407181437,0.0012141723636737158,0.15503142203751313
70,0.0,128,4.0,0.025,32,160,18,static_0.8,0.02423965543888547,0.0012141723636737158,0.05009033097582443
70,0.0,128,4.0,0.025,32,160,18,static_0.9,0.06424682949264053,0.0012141723636737158,0.018898556913424017
70,0.0,128,4.0,0.025,32,160,18,static_1.0,0.14963155624130586,0.0012141723636737158,0.008114413791938783
70,0.0,128,4.0,0.025,32,160,18,prepare_AB,0.0004627925755332381,0.0012141723636737158,2.623577878868787
70,0.0,128,4.0,0.025,32,160,18,prepare_BA,0.0011908150886243691,0.0012141723636737158,1.0196145272867922
70,0.0,128,4.0,0.025,32,160,18,matched_static,0.0064561943506223,0.0012141723636737158,0.18806316813506152
70,0.0,128,4.0,0.025,32,160,18,greedy_oracle,0.0014436352618847456,0.0012141723636737158,0.8410520272887673
70,0.0,128,4.0,0.025,32,160,19,static_0.0,0.14073903964694032,0.0026774779890034097,0.019024415654108225
70,0.0,128,4.0,0.025,32,160,19,static_0.1,0.0775331118858318,0.0026774779890034097,0.03453334870585383
70,0.0,128,4.0,0.025,32,160,19,static_0.2,0.043217428587367115,0.0026774779890034097,0.061953662596808526
70,0.0,128,4.0,0.025,32,160,19,static_0.3,0.021850365673998506,0.0026774779890034097,0.12253698766192982
70,0.0,128,4.0,0.025,32,160,19,static_0.4,0.010974379346601806,0.0026774779890034097,0.2439753451599507
70,0.0,128,4.0,0.025,32,160,19,static_0.5,0.004183147003986374,0.0026774779890034097,0.6400630880176764
70,0.0,128,4.0,0.025,32,160,19,static_0.6,0.0026774779890034097,0.0026774779890034097,1.0
70,0.0,128,4.0,0.025,32,160,19,static_0.7,0.005795458000856841,0.0026774779890034097,0.46199592657000577
70,0.0,128,4.0,0.025,32,160,19,static_0.8,0.018638691050261814,0.0026774779890034097,0.14365161060844986
70,0.0,128,4.0,0.025,32,160,19,static_0.9,0.05377482061668299,0.0026774779890034097,0.049790551754490736
70,0.0,128,4.0,0.025,32,160,19,static_1.0,0.1317550633992627,0.0026774779890034097,0.020321632580371805
70,0.0,128,4.0,0.025,32,160,19,prepare_AB,0.0013833509347068276,0.0026774779890034097,1.9355016300117984
70,0.0,128,4.0,0.025,32,160,19,prepare_BA,0.00296006850646955,0.0026774779890034097,0.9045324400943734
70,0.0,128,4.0,0.025,32,160,19,matched_static,0.01637498241250668,0.0026774779890034097,0.1635102818161465
70,0.0,128,4.0,0.025,32,160,19,greedy_oracle,0.0023985420105250175,0.0026774779890034097,1.1162939724442582
70,0.0,128,8.0,0.025,32,320,0,static_0.0,0.11955305359473234,7.810360391762925e-05,0.0006532966040532033
70,0.0,128,8.0,0.025,32,320,0,static_0.1,0.026756961568688765,7.810360391762925e-05,0.0029190012370099144
70,0.0,128,8.0,0.025,32,320,0,static_0.2,0.0052603199472372,7.810360391762925e-05,0.014847690768058783
70,0.0,128,8.0,0.025,32,320,0,static_0.3,0.001033681025228893,7.810360391762925e-05,0.07555870912918652
70,0.0,128,8.0,0.025,32,320,0,static_0.4,7.810360391762925e-05,7.810360391762925e-05,1.0
70,0.0,128,8.0,0.025,32,320,0,static_0.5,0.00013541128642326512,7.810360391762925e-05,0.5767879914639834
70,0.0,128,8.0,0.025,32,320,0,static_0.6,0.0008500100803207881,7.810360391762925e-05,0.09188550315562549
70,0.0,128,8.0,0.025,32,320,0,static_0.7,0.0032141718778750557,7.810360391762925e-05,0.024299759591346087
70,0.0,128,8.0,0.025,32,320,0,static_0.8,0.011680513116865182,7.810360391762925e-05,0.006686658637012918
70,0.0,128,8.0,0.025,32,320,0,static_0.9,0.035579315137538516,7.810360391762925e-05,0.0021951969456327396
70,0.0,128,8.0,0.025,32,320,0,static_1.0,0.11391235410349047,7.810360391762925e-05,0.0006856464738378717
70,0.0,128,8.0,0.025,32,320,0,prepare_AB,8.293248874861473e-06,7.810360391762925e-05,9.417733037576768
70,0.0,128,8.0,0.025,32,320,0,prepare_BA,0.0018229449317685865,7.810360391762925e-05,0.042844741251648576
70,0.0,128,8.0,0.025,32,320,0,matched_static,0.008481090313225269,7.810360391762925e-05,0.009209146587654633
70,0.0,128,8.0,0.025,32,320,0,greedy_oracle,2.879509548410782e-05,7.810360391762925e-05,2.712392600355678
70,0.0,128,8.0,0.025,32,320,1,static_0.0,0.10796901016611972,2.790700951972211e-06,2.5847240311627146e-05
70,0.0,128,8.0,0.025,32,320,1,static_0.1,0.022974313597152067,2.790700951972211e-06,0.00012147048224840766
70,0.0,128,8.0,0.025,32,320,1,static_0.2,0.004575602094503818,2.790700951972211e-06,0.0006099090118269642
70,0.0,128,8.0,0.025,32,320,1,static_0.3,0.0009942922785936724,2.790700951972211e-06,0.0028067209331237896
70,0.0,128,8.0,0.025,32,320,1,static_0.4,0.0001672127742355616,2.790700951972211e-06,0.016689520072436577
70,0.0,128,8.0,0.025,32,320,1,static_0.5,2.790700951972211e-06,2.790700951972211e-06,1.0
70,0.0,128,8.0,0.025,32,320,1,static_0.6,0.0001390589015666115,2.790700951972211e-06,0.020068481201366454
70,0.0,128,8.0,0.025,32,320,1,static_0.7,0.0009388218813444494,2.790700951972211e-06,0.0029725563575230683
70,0.0,128,8.0,0.025,32,320,1,static_0.8,0.005168305505384859,2.790700951972211e-06,0.0005399643943386433
70,0.0,128,8.0,0.025,32,320,1,static_0.9,0.02348672412141099,2.790700951972211e-06,0.00011882035730253881
70,0.0,128,8.0,0.025,32,320,1,static_1.0,0.11766089821285958,2.790700951972211e-06,2.3718168009592887e-05
70,0.0,128,8.0,0.025,32,320,1,prepare_AB,0.00032913201033510234,2.790700951972211e-06,0.00847897155044533
70,0.0,128,8.0,0.025,32,320,1,prepare_BA,0.0009047534850465377,2.790700951972211e-06,0.0030844876511624225
70,0.0,128,8.0,0.025,32,320,1,matched_static,0.007099290262178093,2.790700951972211e-06,0.0003930957671698314
70,0.0,128,8.0,0.025,32,320,1,greedy_oracle,2.5011272046134425e-06,2.790700951972211e-06,1.1157772970621551
70,0.0,128,8.0,0.025,32,320,2,static_0.0,0.12886652168970825,6.705116247966365e-05,0.0005203148311949713
70,0.0,128,8.0,0.025,32,320,2,static_0.1,0.02767067219394115,6.705116247966365e-05,0.002423185169110036
70,0.0,128,8.0,0.025,32,320,2,static_0.2,0.005730080174869423,6.705116247966365e-05,0.011701609826286874
70,0.0,128,8.0,0.025,32,320,2,static_0.3,0.0010995728181779584,6.705116247966365e-05,0.060979283382769
70,0.0,128,8.0,0.025,32,320,2,static_0.4,9.720928872090332e-05,6.705116247966365e-05,0.6897608588843153
70,0.0,128,8.0,0.025,32,320,2,static_0.5,6.705116247966365e-05,6.705116247966365e-05,1.0
70,0.0,128,8.0,0.025,32,320,2,static_0.6,0.0005746128687943487,6.705116247966365e-05,0.1166892809420545
70,0.0,128,8.0,0.025,32,320,2,static_0.7,0.0025660052842031364,6.705116247966365e-05,0.026130562899634148
70,0.0,128,8.0,0.025,32,320,2,static_0.8,0.009296080643975952,6.705116247966365e-05,0.007212842169470008
70,0.0,128,8.0,0.025,32,320,2,static_0.9,0.03125457329383125,6.705116247966365e-05,0.0021453232411558026
70,0.0,128,8.0,0.025,32,320,2,static_1.0,0.10991388127232998,6.705116247966365e-05,0.0006100336163503608
70,0.0,128,8.0,0.025,32,320,2,prepare_AB,2.5859950071178173e-06,6.705116247966365e-05,25.928573835258305
70,0.0,128,8.0,0.025,32,320,2,prepare_BA,0.0012888031118656804,6.705116247966365e-05,0.052025916031968544
70,0.0,128,8.0,0.025,32,320,2,matched_static,0.008863544321142915,6.705116247966365e-05,0.007564825091439008
70,0.0,128,8.0,0.025,32,320,2,greedy_oracle,2.381453098663955e-05,6.705116247966365e-05,2.815556708518877
70,0.0,128,8.0,0.025,32,320,3,static_0.0,0.10932645250557609,3.228265857156654e-06,2.9528680234017466e-05
70,0.0,128,8.0,0.025,32,320,3,static_0.1,0.022581818351284384,3.228265857156654e-06,0.00014295863189303532
70,0.0,128,8.0,0.025,32,320,3,static_0.2,0.004375837678840907,3.228265857156654e-06,0.000737748082559537
70,0.0,128,8.0,0.025,32,320,3,static_0.3,0.0008279586754594217,3.228265857156654e-06,0.0038990664061407873
70,0.0,128,8.0,0.025,32,320,3,static_0.4,0.00012645617938329635,3.228265857156654e-06,0.025528731556657143
70,0.0,128,8.0,0.025,32,320,3,static_0.5,3.228265857156654e-06,3.228265857156654e-06,1.0
70,0.0,128,8.0,0.025,32,320,3,static_0.6,0.00015874736708462815,3.228265857156654e-06,0.020335870234847214
70,0.0,128,8.0,0.025,32,320,3,static_0.7,0.0010317552690538407,3.228265857156654e-06,0.0031289065866531487
70,0.0,128,8.0,0.025,32,320,3,static_0.8,0.0053971852458108045,3.228265857156654e-06,0.000598138790893341
70,0.0,128,8.0,0.025,32,320,3,static_0.9,0.022917260916193213,3.228265857156654e-06,0.00014086613007384223
70,0.0,128,8.0,0.025,32,320,3,static_1.0,0.11656076689679028,3.228265857156654e-06,2.7695990195527364e-05
70,0.0,128,8.0,0.025,32,320,3,prepare_AB,0.000282107384244036,3.228265857156654e-06,0.01144339367722489
70,0.0,128,8.0,0.025,32,320,3,prepare_BA,4.27372044757243e-05,3.228265857156654e-06,0.07553760000821724
70,0.0,128,8.0,0.025,32,320,3,matched_static,0.007309169911801697,3.228265857156654e-06,0.00044167339056438656
70,0.0,128,8.0,0.025,32,320,3,greedy_oracle,4.41894258223598e-06,3.228265857156654e-06,0.7305516641320908
70,0.0,128,8.0,0.025,32,320,4,static_0.0,0.12560687149368563,3.996755745326866e-05,0.0003181956287740027
70,0.0,128,8.0,0.025,32,320,4,static_0.1,0.025734551701413685,3.996755745326866e-05,0.0015530698928426683
70,0.0,128,8.0,0.025,32,320,4,static_0.2,0.0051253626359064565,3.996755745326866e-05,0.007797996023397496
70,0.0,128,8.0,0.025,32,320,4,static_0.3,0.0008665229378877244,3.996755745326866e-05,0.04612406170192723
70,0.0,128,8.0,0.025,32,320,4,static_0.4,9.088584550047755e-05,3.996755745326866e-05,0.43975557726487396
70,0.0,128,8.0,0.025,32,320,4,static_0.5,3.996755745326866e-05,3.996755745326866e-05,1.0
70,0.0,128,8.0,0.025,32,320,4,static_0.6,0.00047940707664439927,3.996755745326866e-05,0.08336872649653154
70,0.0,128,8.0,0.025,32,320,4,static_0.7,0.002292533067910952,3.996755745326866e-05,0.01743379758080816
70,0.0,128,8.0,0.025,32,320,4,static_0.8,0.008778050069822982,3.996755745326866e-05,0.004553124798258828
70,0.0,128,8.0,0.025,32,320,4,static_0.9,0.03153865373017275,3.996755745326866e-05,0.0012672562942987022
70,0.0,128,8.0,0.025,32,320,4,static_1.0,0.1163801422023827,3.996755745326866e-05,0.0003434224833972611
70,0.0,128,8.0,0.025,32,320,4,prepare_AB,0.0002215240358303428,3.996755745326866e-05,0.18042086179703928
70,0.0,128,8.0,0.025,32,320,4,prepare_BA,6.495947502419576e-05,3.996755745326866e-05,0.6152690956689806
70,0.0,128,8.0,0.025,32,320,4,matched_static,0.007829079764707257,3.996755745326866e-05,0.00510501344403701
70,0.0,128,8.0,0.025,32,320,4,greedy_oracle,1.4141451262848855e-05,3.996755745326866e-05,2.8262698580497054
70,0.0,128,8.0,0.025,32,320,5,static_0.0,0.11816548527554889,4.2692872632962984e-05,0.0003612973156536184
70,0.0,128,8.0,0.025,32,320,5,static_0.1,0.022920692410317845,4.2692872632962984e-05,0.00186263450809822
70,0.0,128,8.0,0.025,32,320,5,static_0.2,0.00382354050660811,4.2692872632962984e-05,0.011165795826977163
70,0.0,128,8.0,0.025,32,320,5,static_0.3,0.0007214390173289787,4.2692872632962984e-05,0.059177382436324324
70,0.0,128,8.0,0.025,32,320,5,static_0.4,4.2692872632962984e-05,4.2692872632962984e-05,1.0
70,0.0,128,8.0,0.025,32,320,5,static_0.5,0.00011404621127591991,4.2692872632962984e-05,0.37434713661528973
70,0.0,128,8.0,0.025,32,320,5,static_0.6,0.0008334109106076032,4.2692872632962984e-05,0.05122667832826605
70,0.0,128,8.0,0.025,32,320,5,static_0.7,0.003127232678816366,4.2692872632962984e-05,0.01365196549721459
70,0.0,128,8.0,0.025,32,320,5,static_0.8,0.011621779662329718,4.2692872632962984e-05,0.0036735228057494175
70,0.0,128,8.0,0.025,32,320,5,static_0.9,0.03767558371657247,4.2692872632962984e-05,0.0011331708343030541
70,0.0,128,8.0,0.025,32,320,5,static_1.0,0.12226409719928563,4.2692872632962984e-05,0.00034918568583036517
70,0.0,128,8.0,0.025,32,320,5,prepare_AB,0.00047272779729397535,4.2692872632962984e-05,0.09031174573898297
70,0.0,128,8.0,0.025,32,320,5,prepare_BA,0.0005717155965888123,4.2692872632962984e-05,0.07467501829177564
70,0.0,128,8.0,0.025,32,320,5,matched_static,0.006314559086841555,4.2692872632962984e-05,0.006761021956691722
70,0.0,128,8.0,0.025,32,320,5,greedy_oracle,1.077522270559862e-05,4.2692872632962984e-05,3.962133665300533
70,0.0,128,8.0,0.025,32,320,6,static_0.0,0.11931018800001031,4.963140737720318e-05,0.0004159863311689601
70,0.0,128,8.0,0.025,32,320,6,static_0.1,0.025111047732682933,4.963140737720318e-05,0.0019764769636675143
70,0.0,128,8.0,0.025,32,320,6,static_0.2,0.004871397021275203,4.963140737720318e-05,0.010188331429453266
70,0.0,128,8.0,0.025,32,320,6,static_0.3,0.0007876706461719646,4.963140737720318e-05,0.06301035543016494
70,0.0,128,8.0,0.025,32,320,6,static_0.4,8.955911294327462e-05,4.963140737720318e-05,0.5541748432528464
70,0.0,128,8.0,0.025,32,320,6,static_0.5,4.963140737720318e-05,4.963140737720318e-05,1.0
70,0.0,128,8.0,0.025,32,320,6,static_0.6,0.0004284806165299421,4.963140737720318e-05,0.11583116122998519
70,0.0,128,8.0,0.025,32,320,6,static_0.7,0.002072526213816474,4.963140737720318e-05,0.02394730018194025
70,0.0,128,8.0,0.025,32,320,6,static_0.8,0.008938501435499154,4.963140737720318e-05,0.005552542306486927
70,0.0,128,8.0,0.025,32,320,6,static_0.9,0.03410979567811935,4.963140737720318e-05,0.0014550485099809785
70,0.0,128,8.0,0.025,32,320,6,static_1.0,0.11792820223377404,4.963140737720318e-05,0.00042086122265153124
70,0.0,128,8.0,0.025,32,320,6,prepare_AB,5.141217656471361e-05,4.963140737720318e-05,0.9653628905349118
70,0.0,128,8.0,0.025,32,320,6,prepare_BA,0.0007558959948986882,4.963140737720318e-05,0.0656590426621525
70,0.0,128,8.0,0.025,32,320,6,matched_static,0.007205487150737101,4.963140737720318e-05,0.006888001649149569
70,0.0,128,8.0,0.025,32,320,6,greedy_oracle,1.8624081047130375e-05,4.963140737720318e-05,2.664905036205824
70,0.0,128,8.0,0.025,32,320,7,static_0.0,0.12920382790497092,9.015901206925388e-06,6.978044964392664e-05
70,0.0,128,8.0,0.025,32,320,7,static_0.1,0.0349390953990441,9.015901206925388e-06,0.000258046211670725
70,0.0,128,8.0,0.025,32,320,7,static_0.2,0.009150726565224823,9.015901206925388e-06,0.0009852661581199675
70,0.0,128,8.0,0.025,32,320,7,static_0.3,0.0022009701667711997,9.015901206925388e-06,0.004096330492362657
70,0.0,128,8.0,0.025,32,320,7,static_0.4,0.0005005998712804313,9.015901206925388e-06,0.018010194816599875
70,0.0,128,8.0,0.025,32,320,7,static_0.5,9.633842479550732e-05,9.015901206925388e-06,0.0935857237240798
70,0.0,128,8.0,0.025,32,320,7,static_0.6,9.015901206925388e-06,9.015901206925388e-06,1.0
70,0.0,128,8.0,0.025,32,320,7,static_0.7,0.000345015430136621,9.015901206925388e-06,0.026131878227461377
70,0.0,128,8.0,0.025,32,320,7,static_0.8,0.0026669618636857265,9.015901206925388e-06,0.00338058872520414
70,0.0,128,8.0,0.025,32,320,7,static_0.9,0.01704562366599887,9.015901206925388e-06,0.0005289276229246763
70,0.0,128,8.0,0.025,32,320,7,static_1.0,0.1166797953799035,9.015901206925388e-06,7.727045781636889e-05
70,0.0,128,8.0,0.025,32,320,7,prepare_AB,0.0007736870698487001,9.015901206925388e-06,0.011653162574745511
70,0.0,128,8.0,0.025,32,320,7,prepare_BA,0.0003611407315444953,9.015901206925388e-06,0.024965063254889484
70,0.0,128,8.0,0.025,32,320,7,matched_static,0.013138923192410647,9.015901206925388e-06,0.000686197877473946
70,0.0,128,8.0,0.025,32,320,7,greedy_oracle,5.669124319649736e-06,9.015901206925388e-06,1.5903516484327918
70,0.0,128,8.0,0.025,32,320,8,static_0.0,0.13248054432712938,8.826431975804859e-05,0.0006662436375570795
70,0.0,128,8.0,0.025,32,320,8,static_0.1,0.0414272771715513,8.826431975804859e-05,0.002130584624052023
70,0.0,128,8.0,0.025,32,320,8,static_0.2,0.012631221425768415,8.826431975804859e-05,0.006987789761802791
70,0.0,128,8.0,0.025,32,320,8,static_0.3,0.003099624149842928,8.826431975804859e-05,0.028475813676481176
70,0.0,128,8.0,0.025,32,320,8,static_0.4,0.0006436788678255874,8.826431975804859e-05,0.13712477474398752
70,0.0,128,8.0,0.025,32,320,8,static_0.5,8.826431975804859e-05,8.826431975804859e-05,1.0
70,0.0,128,8.0,0.025,32,320,8,static_0.6,0.00035815355935538216,8.826431975804859e-05,0.24644267089488078
70,0.0,128,8.0,0.025,32,320,8,static_0.7,0.0021676900882522027,8.826431975804859e-05,0.04071814519815222
70,0.0,128,8.0,0.025,32,320,8,static_0.8,0.009532763179767399,8.826431975804859e-05,0.009259048829135213
70,0.0,128,8.0,0.025,32,320,8,static_0.9,0.03386987803158764,8.826431975804859e-05,0.0026059828050083835
70,0.0,128,8.0,0.025,32,320,8,static_1.0,0.1219892502482473,8.826431975804859e-05,0.0007235417840377844
70,0.0,128,8.0,0.025,32,320,8,prepare_AB,0.0023412063476335888,8.826431975804859e-05,0.03770035898256604
70,0.0,128,8.0,0.025,32,320,8,prepare_BA,0.001193357214814254,8.826431975804859e-05,0.0739630335848658
70,0.0,128,8.0,0.025,32,320,8,matched_static,0.017190768588768342,8.826431975804859e-05,0.0051344021823268825
70,0.0,128,8.0,0.025,32,320,8,greedy_oracle,8.914034883328538e-05,8.826431975804859e-05,0.9901724742307754
70,0.0,128,8.0,0.025,32,320,9,static_0.0,0.11738755825963508,4.4792731482126146e-05,0.0003815798892677759
70,0.0,128,8.0,0.025,32,320,9,static_0.1,0.02414254708657643,4.4792731482126146e-05,0.0018553440662866713
70,0.0,128,8.0,0.025,32,320,9,static_0.2,0.004241061740420627,4.4792731482126146e-05,0.010561678707767084
70,0.0,128,8.0,0.025,32,320,9,static_0.3,0.000670544492526125,4.4792731482126146e-05,0.06680053595456378
70,0.0,128,8.0,0.025,32,320,9,static_0.4,4.4792731482126146e-05,4.4792731482126146e-05,1.0
70,0.0,128,8.0,0.025,32,320,9,static_0.5,0.0001184577770752468,4.4792731482126146e-05,0.37813246701120257
70,0.0,128,8.0,0.025,32,320,9,static_0.6,0.0007849400340748162,4.4792731482126146e-05,0.05706516362733608
70,0.0,128,8.0,0.025,32,320,9,static_0.7,0.00299015970021385,4.4792731482126146e-05,0.01498004654364202
70,0.0,128,8.0,0.025,32,320,9,static_0.8,0.010226609018240584,4.4792731482126146e-05,0.004380017990541348
70,0.0,128,8.0,0.025,32,320,9,static_0.9,0.033005881293915136,4.4792731482126146e-05,0.001357113633271898
70,0.0,128,8.0,0.025,32,320,9,static_1.0,0.12085930979497525,4.4792731482126146e-05,0.00037061879269468086
70,0.0,128,8.0,0.025,32,320,9,prepare_AB,0.00014094693224551302,4.4792731482126146e-05,0.3177985555875914
70,0.0,128,8.0,0.025,32,320,9,prepare_BA,0.0005262416151169738,4.4792731482126146e-05,0.08511818563070035
70,0.0,128,8.0,0.025,32,320,9,matched_static,0.007082908636275826,4.4792731482126146e-05,0.006324058911718229
70,0.0,128,8.0,0.025,32,320,9,greedy_oracle,1.6770928163432075e-05,4.4792731482126146e-05,2.6708558432558194
70,0.0,128,8.0,0.025,32,320,10,static_0.0,0.12319594460664991,3.636940627551594e-05,0.00029521593743721963
70,0.0,128,8.0,0.025,32,320,10,static_0.1,0.033399107636703715,3.636940627551594e-05,0.001088933473047287
70,0.0,128,8.0,0.025,32,320,10,static_0.2,0.007338697541979146,3.636940627551594e-05,0.004955839379872795
70,0.0,128,8.0,0.025,32,320,10,static_0.3,0.0018392110762145387,3.636940627551594e-05,0.01977446022692044
70,0.0,128,8.0,0.025,32,320,10,static_0.4,0.0003993656971647576,3.636940627551594e-05,0.09106792730000494
70,0.0,128,8.0,0.025,32,320,10,static_0.5,3.636940627551594e-05,3.636940627551594e-05,1.0
70,0.0,128,8.0,0.025,32,320,10,static_0.6,9.764853692444556e-05,3.636940627551594e-05,0.37245213723638637
70,0.0,128,8.0,0.025,32,320,10,static_0.7,0.00094391182359368,3.636940627551594e-05,0.03853051245512489
70,0.0,128,8.0,0.025,32,320,10,static_0.8,0.005115431278767767,3.636940627551594e-05,0.00710974388933181
70,0.0,128,8.0,0.025,32,320,10,static_0.9,0.02205674659810186,3.636940627551594e-05,0.0016489016688728602
70,0.0,128,8.0,0.025,32,320,10,static_1.0,0.11748059142697355,3.636940627551594e-05,0.0003095779978101602
70,0.0,128,8.0,0.025,32,320,10,prepare_AB,0.00010419245630013575,3.636940627551594e-05,0.3490598798319006
70,0.0,128,8.0,0.025,32,320,10,prepare_BA,0.0002153718145371046,3.636940627551594e-05,0.16886799395586724
70,0.0,128,8.0,0.025,32,320,10,matched_static,0.010847670860663735,3.636940627551594e-05,0.0033527387346716205
70,0.0,128,8.0,0.025,32,320,10,greedy_oracle,9.226275762374959e-06,3.636940627551594e-05,3.9419379186379313
70,0.0,128,8.0,0.025,32,320,11,static_0.0,0.12550037478188428,1.7206689146228182e-05,0.00013710468336156661
70,0.0,128,8.0,0.025,32,320,11,static_0.1,0.027094896720330858,1.7206689146228182e-05,0.0006350527674577558
70,0.0,128,8.0,0.025,32,320,11,static_0.2,0.0057258600311235,1.7206689146228182e-05,0.003005083787011813
70,0.0,128,8.0,0.025,32,320,11,static_0.3,0.00119383292396551,1.7206689146228182e-05,0.014412979237558108
70,0.0,128,8.0,0.025,32,320,11,static_0.4,0.00022232981386950568,1.7206689146228182e-05,0.07739263055528613
70,0.0,128,8.0,0.025,32,320,11,static_0.5,2.7070614360533573e-05,1.7206689146228182e-05,0.6356224102292236
70,0.0,128,8.0,0.025,32,320,11,static_0.6,1.7206689146228182e-05,1.7206689146228182e-05,1.0
70,0.0,128,8.0,0.025,32,320,11,static_0.7,0.0002813883165061267,1.7206689146228182e-05,0.06114926646520358
70,0.0,128,8.0,0.025,32,320,11,static_0.8,0.0021600873082589437,1.7206689146228182e-05,0.007965737810892921
70,0.0,128,8.0,0.025,32,320,11,static_0.9,0.017430067696320054,1.7206689146228182e-05,0.000987184298191852
70,0.0,128,8.0,0.025,32,320,11,static_1.0,0.12050196459758608,1.7206689146228182e-05,0.0001427917727622913
70,0.0,128,8.0,0.025,32,320,11,prepare_AB,0.00010826146728162934,1.7206689146228182e-05,0.15893641180261325
70,0.0,128,8.0,0.025,32,320,11,prepare_BA,0.0010457634845585516,1.7206689146228182e-05,0.01645371004084317
70,0.0,128,8.0,0.025,32,320,11,matched_static,0.008457214611711247,1.7206689146228182e-05,0.002034557467939974
70,0.0,128,8.0,0.025,32,320,11,greedy_oracle,1.942826049302407e-06,1.7206689146228182e-05,8.856525859536644
70,0.0,128,8.0,0.025,32,320,12,static_0.0,0.11463429452065703,8.112748907389365e-05,0.0007077069686094201
70,0.0,128,8.0,0.025,32,320,12,static_0.1,0.03284189365796097,8.112748907389365e-05,0.002470243948744658
70,0.0,128,8.0,0.025,32,320,12,static_0.2,0.009738079256334676,8.112748907389365e-05,0.00833095387071529
70,0.0,128,8.0,0.025,32,320,12,static_0.3,0.002794591997068099,8.112748907389365e-05,0.02903017297659452
70,0.0,128,8.0,0.025,32,320,12,static_0.4,0.0006957218222539144,8.112748907389365e-05,0.11660909070103154
70,0.0,128,8.0,0.025,32,320,12,static_0.5,8.112748907389365e-05,8.112748907389365e-05,1.0
70,0.0,128,8.0,0.025,32,320,12,static_0.6,0.00010474525027902179,8.112748907389365e-05,0.7745218886563845
70,0.0,128,8.0,0.025,32,320,12,static_0.7,0.0009456389471052883,8.112748907389365e-05,0.08579118840465952
70,0.0,128,8.0,0.025,32,320,12,static_0.8,0.00541317142929198,8.112748907389365e-05,0.014987053363005128
70,0.0,128,8.0,0.025,32,320,12,static_0.9,0.02487874928460161,8.112748907389365e-05,0.0032609150944781008
70,0.0,128,8.0,0.025,32,320,12,static_1.0,0.11779589905372836,8.112748907389365e-05,0.0006887123382528814
70,0.0,128,8.0,0.025,32,320,12,prepare_AB,0.0008082037163997892,8.112748907389365e-05,0.1003800000268284
70,0.0,128,8.0,0.025,32,320,12,prepare_BA,4.949319243645354e-05,8.112748907389365e-05,1.6391646018400763
70,0.0,128,8.0,0.025,32,320,12,matched_static,0.014277381458298679,8.112748907389365e-05,0.0056822386731664
70,0.0,128,8.0,0.025,32,320,12,greedy_oracle,2.0412937979211483e-05,8.112748907389365e-05,3.9743171294849278
70,0.0,128,8.0,0.025,32,320,13,static_0.0,0.11567607239832306,4.0434171871745615e-05,0.0003495465486804666
70,0.0,128,8.0,0.025,32,320,13,static_0.1,0.02138888696107914,4.0434171871745615e-05,0.0018904289851698567
70,0.0,128,8.0,0.025,32,320,13,static_0.2,0.004871869069473898,4.0434171871745615e-05,0.008299519403158347
70,0.0,128,8.0,0.025,32,320,13,static_0.3,0.0008558122281010251,4.0434171871745615e-05,0.04724654608110195
70,0.0,128,8.0,0.025,32,320,13,static_0.4,9.872749650631991e-05,4.0434171871745615e-05,0.4095532987525646
70,0.0,128,8.0,0.025,32,320,13,static_0.5,4.0434171871745615e-05,4.0434171871745615e-05,1.0
70,0.0,128,8.0,0.025,32,320,13,static_0.6,0.00043235581020023784,4.0434171871745615e-05,0.09352059326557738
70,0.0,128,8.0,0.025,32,320,13,static_0.7,0.002051595840441252,4.0434171871745615e-05,0.019708643912559862
70,0.0,128,8.0,0.025,32,320,13,static_0.8,0.008906411822017866,4.0434171871745615e-05,0.004539894705046854
70,0.0,128,8.0,0.025,32,320,13,static_0.9,0.03445998586110434,4.0434171871745615e-05,0.0011733658868788004
70,0.0,128,8.0,0.025,32,320,13,static_1.0,0.12325439239508941,4.0434171871745615e-05,0.00032805461197792216
70,0.0,128,8.0,0.025,32,320,13,prepare_AB,1.9134788136878707e-05,4.0434171871745615e-05,2.1131235727568027
70,0.0,128,8.0,0.025,32,320,13,prepare_BA,0.0007447283773659102,4.0434171871745615e-05,0.054293851423737195
70,0.0,128,8.0,0.025,32,320,13,matched_static,0.007438812586424865,4.0434171871745615e-05,0.005435568029437143
70,0.0,128,8.0,0.025,32,320,13,greedy_oracle,1.7214491748692406e-05,4.0434171871745615e-05,2.3488449419261506
70,0.0,128,8.0,0.025,32,320,14,static_0.0,0.11850526008447727,5.045700096966907e-05,0.00042577857669524926
70,0.0,128,8.0,0.025,32,320,14,static_0.1,0.04058877671334211,5.045700096966907e-05,0.0012431269196906626
70,0.0,128,8.0,0.025,32,320,14,static_0.2,0.012123503545694263,5.045700096966907e-05,0.004161915800947588
70,0.0,128,8.0,0.025,32,320,14,static_0.3,0.003732505946650964,5.045700096966907e-05,0.013518264053923939
70,0.0,128,8.0,0.025,32,320,14,static_0.4,0.001106936050407694,5.045700096966907e-05,0.04558257990701931
70,0.0,128,8.0,0.025,32,320,14,static_0.5,0.0001987074589473104,5.045700096966907e-05,0.25392605409466956
70,0.0,128,8.0,0.025,32,320,14,static_0.6,5.045700096966907e-05,5.045700096966907e-05,1.0
70,0.0,128,8.0,0.025,32,320,14,static_0.7,0.0007117294623892458,5.045700096966907e-05,0.07089351170076202
70,0.0,128,8.0,0.025,32,320,14,static_0.8,0.004285746163178831,5.045700096966907e-05,0.011773212656216676
70,0.0,128,8.0,0.025,32,320,14,static_0.9,0.022478423759767892,5.045700096966907e-05,0.0022446859045329288
70,0.0,128,8.0,0.025,32,320,14,static_1.0,0.12231059458563216,5.045700096966907e-05,0.00041253172826613224
70,0.0,128,8.0,0.025,32,320,14,prepare_AB,0.0022297101710957216,5.045700096966907e-05,0.022629398934334837
70,0.0,128,8.0,0.025,32,320,14,prepare_BA,1.2403220548884575e-05,5.045700096966907e-05,4.06805641896021
70,0.0,128,8.0,0.025,32,320,14,matched_static,0.01710270606787759,5.045700096966907e-05,0.0029502349376416943
70,0.0,128,8.0,0.025,32,320,14,greedy_oracle,2.68891669951157e-05,5.045700096966907e-05,1.8764806280103197
70,0.0,128,8.0,0.025,32,320,15,static_0.0,0.11839400025644359,3.5417779371457448e-06,2.9915180916889272e-05
70,0.0,128,8.0,0.025,32,320,15,static_0.1,0.02487981218228162,3.5417779371457448e-06,0.00014235549332916803
70,0.0,128,8.0,0.025,32,320,15,static_0.2,0.004869573181897983,3.5417779371457448e-06,0.0007273282082117283
70,0.0,128,8.0,0.025,32,320,15,static_0.3,0.0010784110116857325,3.5417779371457448e-06,0.0032842560941670723
70,0.0,128,8.0,0.025,32,320,15,static_0.4,0.00018525882688133317,3.5417779371457448e-06,0.01911799829874998
70,0.0,128,8.0,0.025,32,320,15,static_0.5,3.5417779371457448e-06,3.5417779371457448e-06,1.0
70,0.0,128,8.0,0.025,32,320,15,static_0.6,0.00011007856647077172,3.5417779371457448e-06,0.0321750005536833
70,0.0,128,8.0,0.025,32,320,15,static_0.7,0.0009553748857085659,3.5417779371457448e-06,0.0037072127288744253
70,0.0,128,8.0,0.025,32,320,15,static_0.8,0.00471426264153325,3.5417779371457448e-06,0.0007512899060697708
70,0.0,128,8.0,0.025,32,320,15,static_0.9,0.024281616583087345,3.5417779371457448e-06,0.00014586252628717757
70,0.0,128,8.0,0.025,32,320,15,static_1.0,0.11532522649832361,3.5417779371457448e-06,3.071121596450738e-05
70,0.0,128,8.0,0.025,32,320,15,prepare_AB,0.0004049488481882564,3.5417779371457448e-06,0.008746235365260775
70,0.0,128,8.0,0.025,32,320,15,prepare_BA,0.0005417575425314814,3.5417779371457448e-06,0.006537570147331974
70,0.0,128,8.0,0.025,32,320,15,matched_static,0.00794168654221987,3.5417779371457448e-06,0.0004459730207578481
70,0.0,128,8.0,0.025,32,320,15,greedy_oracle,2.543741992110425e-06,3.5417779371457448e-06,1.3923495182022354
70,0.0,128,8.0,0.025,32,320,16,static_0.0,0.11399954419919123,1.621058441231429e-05,0.00014219867742619707
70,0.0,128,8.0,0.025,32,320,16,static_0.1,0.016989080933249603,1.621058441231429e-05,0.0009541766547587807
70,0.0,128,8.0,0.025,32,320,16,static_0.2,0.003225979124757238,1.621058441231429e-05,0.005025012185574565
70,0.0,128,8.0,0.025,32,320,16,static_0.3,0.0004117335160028994,1.621058441231429e-05,0.03937154441466489
70,0.0,128,8.0,0.025,32,320,16,static_0.4,1.621058441231429e-05,1.621058441231429e-05,1.0
70,0.0,128,8.0,0.025,32,320,16,static_0.5,8.306935386521689e-05,1.621058441231429e-05,0.19514518481288015
70,0.0,128,8.0,0.025,32,320,16,static_0.6,0.0006322539875749821,1.621058441231429e-05,0.025639354960006158
70,0.0,128,8.0,0.025,32,320,16,static_0.7,0.0022708506982728055,1.621058441231429e-05,0.00713855139161899
70,0.0,128,8.0,0.025,32,320,16,static_0.8,0.008360348106186136,1.621058441231429e-05,0.0019389843827578744
70,0.0,128,8.0,0.025,32,320,16,static_0.9,0.031807686784458195,1.621058441231429e-05,0.000509643612946889
70,0.0,128,8.0,0.025,32,320,16,static_1.0,0.1135341964808814,1.621058441231429e-05,0.00014278151354199325
70,0.0,128,8.0,0.025,32,320,16,prepare_AB,0.001592625365684352,1.621058441231429e-05,0.010178529591200245
70,0.0,128,8.0,0.025,32,320,16,prepare_BA,0.000384299220108856,1.621058441231429e-05,0.042182194404980854
70,0.0,128,8.0,0.025,32,320,16,matched_static,0.005224873665626751,1.621058441231429e-05,0.003102579210471636
70,0.0,128,8.0,0.025,32,320,16,greedy_oracle,8.623033624551897e-06,1.621058441231429e-05,1.8799166416513522
70,0.0,128,8.0,0.025,32,320,17,static_0.0,0.11790484356854555,0.00012728973104279392,0.0010795971326554735
70,0.0,128,8.0,0.025,32,320,17,static_0.1,0.037510527569198496,0.00012728973104279392,0.0033934401697756173
70,0.0,128,8.0,0.025,32,320,17,static_0.2,0.010892410442239304,0.00012728973104279392,0.011686093883240154
70,0.0,128,8.0,0.025,32,320,17,static_0.3,0.003024958551893866,0.00012728973104279392,0.04207982650311039
70,0.0,128,8.0,0.025,32,320,17,static_0.4,0.0006840879623326828,0.00012728973104279392,0.18607216915314015
70,0.0,128,8.0,0.025,32,320,17,static_0.5,0.00012728973104279392,0.00012728973104279392,1.0
70,0.0,128,8.0,0.025,32,320,17,static_0.6,0.0005347889554372613,0.00012728973104279392,0.23801862351236774
70,0.0,128,8.0,0.025,32,320,17,static_0.7,0.0025277644347498165,0.00012728973104279392,0.050356642926417436
70,0.0,128,8.0,0.025,32,320,17,static_0.8,0.008994603298086358,0.00012728973104279392,0.014151789336821045
70,0.0,128,8.0,0.025,32,320,17,static_0.9,0.03430776423441767,0.00012728973104279392,0.0037102310186420255
70,0.0,128,8.0,0.025,32,320,17,static_1.0,0.12616427350382042,0.00012728973104279392,0.001008920572422901
70,0.0,128,8.0,0.025,32,320,17,prepare_AB,0.002782632667506672,0.00012728973104279392,0.04574435301115386
70,0.0,128,8.0,0.025,32,320,17,prepare_BA,0.0033059482542707962,0.00012728973104279392,0.03850324362408105
70,0.0,128,8.0,0.025,32,320,17,matched_static,0.016385555816489095,0.00012728973104279392,0.007768410938779376
70,0.0,128,8.0,0.025,32,320,17,greedy_oracle,0.00010398094695611245,0.00012728973104279392,1.224163991279282
70,0.0,128,8.0,0.025,32,320,18,static_0.0,0.12125106898126932,4.416575142034804e-06,3.6425040860605275e-05
70,0.0,128,8.0,0.025,32,320,18,static_0.1,0.026494385267012085,4.416575142034804e-06,0.00016669853244467766
70,0.0,128,8.0,0.025,32,320,18,static_0.2,0.005426825665984385,4.416575142034804e-06,0.0008138413529143045
70,0.0,128,8.0,0.025,32,320,18,static_0.3,0.001046212979391274,4.416575142034804e-06,0.004221487621578288
70,0.0,128,8.0,0.025,32,320,18,static_0.4,0.0001427586392532654,4.416575142034804e-06,0.030937358083103054
70,0.0,128,8.0,0.025,32,320,18,static_0.5,4.416575142034804e-06,4.416575142034804e-06,1.0
70,0.0,128,8.0,0.025,32,320,18,static_0.6,7.355112814124158e-05,4.416575142034804e-06,0.0600476872843279
70,0.0,128,8.0,0.025,32,320,18,static_0.7,0.0006525687520352212,4.416575142034804e-06,0.006767984412769473
70,0.0,128,8.0,0.025,32,320,18,static_0.8,0.004404537392179771,4.416575142034804e-06,0.001002733033865578
70,0.0,128,8.0,0.025,32,320,18,static_0.9,0.022383701966346828,4.416575142034804e-06,0.00019731209558968314
70,0.0,128,8.0,0.025,32,320,18,static_1.0,0.13002927278279922,4.416575142034804e-06,3.3966006634615634e-05
70,0.0,128,8.0,0.025,32,320,18,prepare_AB,1.7410615481532643e-05,4.416575142034804e-06,0.2536713964373887
70,0.0,128,8.0,0.025,32,320,18,prepare_BA,0.00033891850533578224,4.416575142034804e-06,0.013031377964030316
70,0.0,128,8.0,0.025,32,320,18,matched_static,0.008822787341231762,4.416575142034804e-06,0.0005005872828187423
70,0.0,128,8.0,0.025,32,320,18,greedy_oracle,3.913229862404454e-06,4.416575142034804e-06,1.128626555895971
70,0.0,128,8.0,0.025,32,320,19,static_0.0,0.11794587420212493,1.6249058030873804e-05,0.0001377670744381244
70,0.0,128,8.0,0.025,32,320,19,static_0.1,0.03489259755853298,1.6249058030873804e-05,0.00046568782973568267
70,0.0,128,8.0,0.025,32,320,19,static_0.2,0.011705375015835346,1.6249058030873804e-05,0.0013881706488593183
70,0.0,128,8.0,0.025,32,320,19,static_0.3,0.003174333876806738,1.6249058030873804e-05,0.005118887508840045
70,0.0,128,8.0,0.025,32,320,19,static_0.4,0.0008932224228217003,1.6249058030873804e-05,0.018191502604180978
70,0.0,128,8.0,0.025,32,320,19,static_0.5,0.00015492394762465914,1.6249058030873804e-05,0.10488409493825376
70,0.0,128,8.0,0.025,32,320,19,static_0.6,1.6249058030873804e-05,1.6249058030873804e-05,1.0
70,0.0,128,8.0,0.025,32,320,19,static_0.7,0.0003975640470153564,1.6249058030873804e-05,0.04087154800053176
70,0.0,128,8.0,0.025,32,320,19,static_0.8,0.0031302280373794017,1.6249058030873804e-05,0.005191014148757471
70,0.0,128,8.0,0.025,32,320,19,static_0.9,0.019426928393571363,1.6249058030873804e-05,0.000836419309408215
70,0.0,128,8.0,0.025,32,320,19,static_1.0,0.11148109390411373,1.6249058030873804e-05,0.00014575617678141747
70,0.0,128,8.0,0.025,32,320,19,prepare_AB,0.00089271800494274,1.6249058030873804e-05,0.018201781459438623
70,0.0,128,8.0,0.025,32,320,19,prepare_BA,0.0007277641693106523,1.6249058030873804e-05,0.022327367457874607
70,0.0,128,8.0,0.025,32,320,19,matched_static,0.015713945033678366,1.6249058030873804e-05,0.0010340533835423616
70,0.0,128,8.0,0.025,32,320,19,greedy_oracle,1.0432318475759901e-05,1.6249058030873804e-05,1.5575692084774286
70,0.0,1024,4.0,0.025,32,160,0,static_0.0,0.14222647686123535,0.0015495793744019846,0.010895154043039727
70,0.0,1024,4.0,0.025,32,160,0,static_0.1,0.06644298891348649,0.0015495793744019846,0.023321939601778714
70,0.0,1024,4.0,0.025,32,160,0,static_0.2,0.032255687223073204,0.0015495793744019846,0.04804050100329397
70,0.0,1024,4.0,0.025,32,160,0,static_0.3,0.01232884072361202,0.0015495793744019846,0.12568735448372306
70,0.0,1024,4.0,0.025,32,160,0,static_0.4,0.0039003472508052834,0.0015495793744019846,0.3972926703082787
70,0.0,1024,4.0,0.025,32,160,0,static_0.5,0.0015495793744019846,0.0015495793744019846,1.0
70,0.0,1024,4.0,0.025,32,160,0,static_0.6,0.002452602733134445,0.0015495793744019846,0.631810180045592
70,0.0,1024,4.0,0.025,32,160,0,static_0.7,0.007860204983561546,0.0015495793744019846,0.19714236176317287
70,0.0,1024,4.0,0.025,32,160,0,static_0.8,0.02263861710815817,0.0015495793744019846,0.06844849961456215
70,0.0,1024,4.0,0.025,32,160,0,static_0.9,0.05959157943296147,0.0015495793744019846,0.026003327804815266
70,0.0,1024,4.0,0.025,32,160,0,static_1.0,0.1442714948207312,0.0015495793744019846,0.010740717536249694
70,0.0,1024,4.0,0.025,32,160,0,prepare_AB,0.00047366009979872944,0.0015495793744019846,3.271500755627171
70,0.0,1024,4.0,0.025,32,160,0,prepare_BA,0.0010425685477127031,0.0015495793744019846,1.4863093441688946
70,0.0,1024,4.0,0.025,32,160,0,matched_static,0.007891620801306695,0.0015495793744019846,0.19635755612401007
70,0.0,1024,4.0,0.025,32,160,0,greedy_oracle,0.0013688561214564867,0.0015495793744019846,1.132025017175074
70,0.0,1024,4.0,0.025,32,160,1,static_0.0,0.14204895093630948,0.0020780009328087434,0.014628766485860619
70,0.0,1024,4.0,0.025,32,160,1,static_0.1,0.060444334583422146,0.0020780009328087434,0.034378754388317306
70,0.0,1024,4.0,0.025,32,160,1,static_0.2,0.029725416931070718,0.0020780009328087434,0.06990653613462683
70,0.0,1024,4.0,0.025,32,160,1,static_0.3,0.011598777615112915,0.0020780009328087434,0.17915689064519702
70,0.0,1024,4.0,0.025,32,160,1,static_0.4,0.0045860111871826245,0.0020780009328087434,0.453117283842769
70,0.0,1024,4.0,0.025,32,160,1,static_0.5,0.0020780009328087434,0.0020780009328087434,1.0
70,0.0,1024,4.0,0.025,32,160,1,static_0.6,0.0029206021724141875,0.0020780009328087434,0.7114974276318692
70,0.0,1024,4.0,0.025,32,160,1,static_0.7,0.009185201353946874,0.0020780009328087434,0.22623357428259622
70,0.0,1024,4.0,0.025,32,160,1,static_0.8,0.025114576712439877,0.0020780009328087434,0.08274083041899159
70,0.0,1024,4.0,0.025,32,160,1,static_0.9,0.059255087197957204,0.0020780009328087434,0.03506873470402017
70,0.0,1024,4.0,0.025,32,160,1,static_1.0,0.1449226774452879,0.0020780009328087434,0.01433868714986475
70,0.0,1024,4.0,0.025,32,160,1,prepare_AB,0.0008001293721441011,0.0020780009328087434,2.5970811785603356
70,0.0,1024,4.0,0.025,32,160,1,prepare_BA,0.0008831016774644038,0.0020780009328087434,2.353070983598606
70,0.0,1024,4.0,0.025,32,160,1,matched_static,0.008058477066069677,0.0020780009328087434,0.2578652164387479
70,0.0,1024,4.0,0.025,32,160,1,greedy_oracle,0.002163244697876561,0.0020780009328087434,0.9605944879229368
70,0.0,1024,4.0,0.025,32,160,2,static_0.0,0.13613978452029865,0.002183314675562479,0.01603730080266833
70,0.0,1024,4.0,0.025,32,160,2,static_0.1,0.06375644785409593,0.002183314675562479,0.034244609746121785
70,0.0,1024,4.0,0.025,32,160,2,static_0.2,0.026351724840586368,0.002183314675562479,0.08285281850696102
70,0.0,1024,4.0,0.025,32,160,2,static_0.3,0.01110018643184404,0.002183314675562479,0.19669171224899612
70,0.0,1024,4.0,0.025,32,160,2,static_0.4,0.00401959724462402,0.002183314675562479,0.5431675221895768
70,0.0,1024,4.0,0.025,32,160,2,static_0.5,0.002183314675562479,0.002183314675562479,1.0
70,0.0,1024,4.0,0.025,32,160,2,static_0.6,0.0037240766630276933,0.002183314675562479,0.5862700672191407
70,0.0,1024,4.0,0.025,32,160,2,static_0.7,0.010276663704883374,0.002183314675562479,0.21245364626702615
70,0.0,1024,4.0,0.025,32,160,2,static_0.8,0.026152249859361248,0.002183314675562479,0.08348477424709817
70,0.0,1024,4.0,0.025,32,160,2,static_0.9,0.06379157431277556,0.002183314675562479,0.0342257531513096
70,0.0,1024,4.0,0.025,32,160,2,static_1.0,0.13840511398583996,0.002183314675562479,0.01577481216326913
70,0.0,1024,4.0,0.025,32,160,2,prepare_AB,0.001122515100470698,0.002183314675562479,1.9450203161159805
70,0.0,1024,4.0,0.025,32,160,2,prepare_BA,0.0009780477062531327,0.002183314675562479,2.232319202431017
70,0.0,1024,4.0,0.025,32,160,2,matched_static,0.006874309725828894,0.002183314675562479,0.31760493237002324
70,0.0,1024,4.0,0.025,32,160,2,greedy_oracle,0.002157221163517061,0.002183314675562479,1.0120958909947257
70,0.0,1024,4.0,0.025,32,160,3,static_0.0,0.14177738642996832,0.0016773393788778422,0.011830796300553705
70,0.0,1024,4.0,0.025,32,160,3,static_0.1,0.07026376289940703,0.0016773393788778422,0.023872040290230424
70,0.0,1024,4.0,0.025,32,160,3,static_0.2,0.03093813360259544,0.0016773393788778422,0.05421592008178309
70,0.0,1024,4.0,0.025,32,160,3,static_0.3,0.011387940328816884,0.0016773393788778422,0.14729084719853852
70,0.0,1024,4.0,0.025,32,160,3,static_0.4,0.0035731357041031676,0.0016773393788778422,0.46943063957847714
70,0.0,1024,4.0,0.025,32,160,3,static_0.5,0.0016773393788778422,0.0016773393788778422,1.0
70,0.0,1024,4.0,0.025,32,160,3,static_0.6,0.003930261324402134,0.0016773393788778422,0.4267755348642108
70,0.0,1024,4.0,0.025,32,160,3,static_0.7,0.01023586245309656,0.0016773393788778422,0.16386888614065073
70,0.0,1024,4.0,0.025,32,160,3,static_0.8,0.025720801644900433,0.0016773393788778422,0.0652133398497866
70,0.0,1024,4.0,0.025,32,160,3,static_0.9,0.06633717898189014,0.0016773393788778422,0.025285057408542366
70,0.0,1024,4.0,0.025,32,160,3,static_1.0,0.14116176012627413,0.0016773393788778422,0.011882392068343463
70,0.0,1024,4.0,0.025,32,160,3,prepare_AB,0.0006115335709600858,0.0016773393788778422,2.742841045086829
70,0.0,1024,4.0,0.025,32,160,3,prepare_BA,0.0006681982933035138,0.0016773393788778422,2.510241938190568
70,0.0,1024,4.0,0.025,32,160,3,matched_static,0.006792498089696018,0.0016773393788778422,0.24693998536743167
70,0.0,1024,4.0,0.025,32,160,3,greedy_oracle,0.0016333605643027026,0.0016773393788778422,1.026925355941794
70,0.0,1024,4.0,0.025,32,160,4,static_0.0,0.13928206013792882,0.0017503909346099963,0.012567238974471026
70,0.0,1024,4.0,0.025,32,160,4,static_0.1,0.06556454680343139,0.0017503909346099963,0.02669721701665736
70,0.0,1024,4.0,0.025,32,160,4,static_0.2,0.029073774421219167,0.0017503909346099963,0.06020514946736648
70,0.0,1024,4.0,0.025,32,160,4,static_0.3,0.010925027770728162,0.0017503909346099963,0.16021844258372364
70,0.0,1024,4.0,0.025,32,160,4,static_0.4,0.004499979895986361,0.0017503909346099963,0.38897750102644046
70,0.0,1024,4.0,0.025,32,160,4,static_0.5,0.0017503909346099963,0.0017503909346099963,1.0
70,0.0,1024,4.0,0.025,32,160,4,static_0.6,0.002373756083227543,0.0017503909346099963,0.7373929221194575
70,0.0,1024,4.0,0.025,32,160,4,static_0.7,0.0063631006831614345,0.0017503909346099963,0.2750845887512084
70,0.0,1024,4.0,0.025,32,160,4,static_0.8,0.019290338268948017,0.0017503909346099963,0.0907392555903299
70,0.0,1024,4.0,0.025,32,160,4,static_0.9,0.0519672316235417,0.0017503909346099963,0.033682589584338195
70,0.0,1024,4.0,0.025,32,160,4,static_1.0,0.13879224449110103,0.0017503909346099963,0.012611590374001239
70,0.0,1024,4.0,0.025,32,160,4,prepare_AB,0.0005861683694574686,0.0017503909346099963,2.9861572643881833
70,0.0,1024,4.0,0.025,32,160,4,prepare_BA,0.0012670776231943858,0.0017503909346099963,1.38143938663927
70,0.0,1024,4.0,0.025,32,160,4,matched_static,0.00756405404503545,0.0017503909346099963,0.23140909943112295
70,0.0,1024,4.0,0.025,32,160,4,greedy_oracle,0.0017775612377380209,0.0017503909346099963,0.9847148427006659
70,0.0,1024,4.0,0.025,32,160,5,static_0.0,0.14103383336562145,0.002232573261557298,0.015830054450618882
70,0.0,1024,4.0,0.025,32,160,5,static_0.1,0.06482623105284875,0.002232573261557298,0.03443935001769918
70,0.0,1024,4.0,0.025,32,160,5,static_0.2,0.029919268355331135,0.002232573261557298,0.07461991500067845
70,0.0,1024,4.0,0.025,32,160,5,static_0.3,0.013103369807147009,0.002232573261557298,0.17038161132715485
70,0.0,1024,4.0,0.025,32,160,5,static_0.4,0.005324859615624,0.002232573261557298,0.41927363775123133
70,0.0,1024,4.0,0.025,32,160,5,static_0.5,0.002232573261557298,0.002232573261557298,1.0
70,0.0,1024,4.0,0.025,32,160,5,static_0.6,0.0032361613655613403,0.002232573261557298,0.6898831700161647
70,0.0,1024,4.0,0.025,32,160,5,static_0.7,0.009768942729324824,0.002232573261557298,0.22853785956339628
70,0.0,1024,4.0,0.025,32,160,5,static_0.8,0.02927566637067404,0.002232573261557298,0.0762603738302506
70,0.0,1024,4.0,0.025,32,160,5,static_0.9,0.0661538873183625,0.002232573261557298,0.03374817946545065
70,0.0,1024,4.0,0.025,32,160,5,static_1.0,0.14133401043953966,0.002232573261557298,0.015796433247837083
70,0.0,1024,4.0,0.025,32,160,5,prepare_AB,0.0008131080248365613,0.002232573261557298,2.745727742640415
70,0.0,1024,4.0,0.025,32,160,5,prepare_BA,0.0012481485951105393,0.002232573261557298,1.7887079072981493
70,0.0,1024,4.0,0.025,32,160,5,matched_static,0.00896812377833014,0.002232573261557298,0.2489454111853262
70,0.0,1024,4.0,0.025,32,160,5,greedy_oracle,0.002380618065349398,0.002232573261557298,0.9378124504947114
70,0.0,1024,4.0,0.025,32,160,6,static_0.0,0.1381926165408644,0.001405440268512466,0.010170154554508117
70,0.0,1024,4.0,0.025,32,160,6,static_0.1,0.05356279052186289,0.001405440268512466,0.026239115901528748
70,0.0,1024,4.0,0.025,32,160,6,static_0.2,0.02396710132550757,0.001405440268512466,0.05864039415633012
70,0.0,1024,4.0,0.025,32,160,6,static_0.3,0.009687514169607982,0.001405440268512466,0.14507749293638855
70,0.0,1024,4.0,0.025,32,160,6,static_0.4,0.0032028766255841313,0.001405440268512466,0.4388056215734335
70,0.0,1024,4.0,0.025,32,160,6,static_0.5,0.001405440268512466,0.001405440268512466,1.0
70,0.0,1024,4.0,0.025,32,160,6,static_0.6,0.0028681778633900283,0.001405440268512466,0.4900115458151235
70,0.0,1024,4.0,0.025,32,160,6,static_0.7,0.0087496997833053,0.001405440268512466,0.16062725617101625
70,0.0,1024,4.0,0.025,32,160,6,static_0.8,0.023755699152580956,0.001405440268512466,0.05916223553284774
70,0.0,1024,4.0,0.025,32,160,6,static_0.9,0.05820455833830429,0.001405440268512466,0.024146567015311392
70,0.0,1024,4.0,0.025,32,160,6,static_1.0,0.1373222408217691,0.001405440268512466,0.010234615020130573
70,0.0,1024,4.0,0.025,32,160,6,prepare_AB,0.0007418582858693821,0.001405440268512466,1.8944861778627082
70,0.0,1024,4.0,0.025,32,160,6,prepare_BA,0.0007282933095323711,0.001405440268512466,1.929772318538644
70,0.0,1024,4.0,0.025,32,160,6,matched_static,0.006344748153419249,0.001405440268512466,0.22151238071680746
70,0.0,1024,4.0,0.025,32,160,6,greedy_oracle,0.001460386786570982,0.001405440268512466,0.9623753661949163
70,0.0,1024,4.0,0.025,32,160,7,static_0.0,0.14118980376396006,0.0020475915792301895,0.01450240403091243
70,0.0,1024,4.0,0.025,32,160,7,static_0.1,0.05430385226239757,0.0020475915792301895,0.0377061938319988
70,0.0,1024,4.0,0.025,32,160,7,static_0.2,0.022821001060150968,0.0020475915792301895,0.08972400351032822
70,0.0,1024,4.0,0.025,32,160,7,static_0.3,0.008695754995511626,0.0020475915792301895,0.23547024729733854
70,0.0,1024,4.0,0.025,32,160,7,static_0.4,0.0030463011364306753,0.0020475915792301895,0.6721566540953777
70,0.0,1024,4.0,0.025,32,160,7,static_0.5,0.0020475915792301895,0.0020475915792301895,1.0
70,0.0,1024,4.0,0.025,32,160,7,static_0.6,0.005049791718168192,0.0020475915792301895,0.4054804026596471
70,0.0,1024,4.0,0.025,32,160,7,static_0.7,0.014770980385855484,0.0020475915792301895,0.13862259144226735
70,0.0,1024,4.0,0.025,32,160,7,static_0.8,0.034174243656365885,0.0020475915792301895,0.05991622228188713
70,0.0,1024,4.0,0.025,32,160,7,static_0.9,0.06776172307120393,0.0020475915792301895,0.030217525269813212
70,0.0,1024,4.0,0.025,32,160,7,static_1.0,0.1394868389296443,0.0020475915792301895,0.014679460764488133
70,0.0,1024,4.0,0.025,32,160,7,prepare_AB,0.0011140493219097467,0.0020475915792301895,1.8379721067646524
70,0.0,1024,4.0,0.025,32,160,7,prepare_BA,0.0006900631326404113,0.0020475915792301895,2.967252534410036
70,0.0,1024,4.0,0.025,32,160,7,matched_static,0.005430730058707282,0.0020475915792301895,0.377037996198543
70,0.0,1024,4.0,0.025,32,160,7,greedy_oracle,0.0020629689438870875,0.0020475915792301895,0.9925460028361243
70,0.0,1024,4.0,0.025,32,160,8,static_0.0,0.14159028830672832,0.0021206977506562064,0.01497770628210121
70,0.0,1024,4.0,0.025,32,160,8,static_0.1,0.0637897324114081,0.0021206977506562064,0.033245126926993385
70,0.0,1024,4.0,0.025,32,160,8,static_0.2,0.029165351905714922,0.0021206977506562064,0.07271291488311026
70,0.0,1024,4.0,0.025,32,160,8,static_0.3,0.01219049763644464,0.0021206977506562064,0.17396318131559954
70,0.0,1024,4.0,0.025,32,160,8,static_0.4,0.004701530821341749,0.0021206977506562064,0.4510653723739686
70,0.0,1024,4.0,0.025,32,160,8,static_0.5,0.0021206977506562064,0.0021206977506562064,1.0
70,0.0,1024,4.0,0.025,32,160,8,static_0.6,0.003927055458561041,0.0021206977506562064,0.5400223584907753
70,0.0,1024,4.0,0.025,32,160,8,static_0.7,0.010289133868766499,0.0021206977506562064,0.20611042461929246
70,0.0,1024,4.0,0.025,32,160,8,static_0.8,0.02427054104671677,0.0021206977506562064,0.08737744027107656
70,0.0,1024,4.0,0.025,32,160,8,static_0.9,0.05775061651693851,0.0021206977506562064,0.03672164694612735
70,0.0,1024,4.0,0.025,32,160,8,static_1.0,0.14011413964370373,0.0021206977506562064,0.01513550135660062
70,0.0,1024,4.0,0.025,32,160,8,prepare_AB,0.0007760136529944413,0.0021206977506562064,2.732809844869311
70,0.0,1024,4.0,0.025,32,160,8,prepare_BA,0.0007847802596019731,0.0021206977506562064,2.70228223086522
70,0.0,1024,4.0,0.025,32,160,8,matched_static,0.008005902185606048,0.0021206977506562064,0.2648917887691716
70,0.0,1024,4.0,0.025,32,160,8,greedy_oracle,0.0020229834993337322,0.0021206977506562064,1.0483020505874894
70,0.0,1024,4.0,0.025,32,160,9,static_0.0,0.13773480518545744,0.0019987666136825717,0.01451170320378548
70,0.0,1024,4.0,0.025,32,160,9,static_0.1,0.0635019650479392,0.0019987666136825717,0.03147566555103694
70,0.0,1024,4.0,0.025,32,160,9,static_0.2,0.027240975509522806,0.0019987666136825717,0.0733735329332773
70,0.0,1024,4.0,0.025,32,160,9,static_0.3,0.011109503082081602,0.0019987666136825717,0.179915033005064
70,0.0,1024,4.0,0.025,32,160,9,static_0.4,0.004019767457873885,0.0019987666136825717,0.49723438846379164
70,0.0,1024,4.0,0.025,32,160,9,static_0.5,0.0019987666136825717,0.0019987666136825717,1.0
70,0.0,1024,4.0,0.025,32,160,9,static_0.6,0.0038533177449110905,0.0019987666136825717,0.5187131573362347
70,0.0,1024,4.0,0.025,32,160,9,static_0.7,0.011729354188803895,0.0019987666136825717,0.17040721778104959
70,0.0,1024,4.0,0.025,32,160,9,static_0.8,0.02830323723360787,0.0019987666136825717,0.07061971735548304
70,0.0,1024,4.0,0.025,32,160,9,static_0.9,0.06363487664222564,0.0019987666136825717,0.03140992360086179
70,0.0,1024,4.0,0.025,32,160,9,static_1.0,0.13600185510694374,0.0019987666136825717,0.014696612866867595
70,0.0,1024,4.0,0.025,32,160,9,prepare_AB,0.0008208199741061195,0.0019987666136825717,2.435085252231157
70,0.0,1024,4.0,0.025,32,160,9,prepare_BA,0.0010438332144247114,0.0019987666136825717,1.9148333144238503
70,0.0,1024,4.0,0.025,32,160,9,matched_static,0.007241521090600507,0.0019987666136825717,0.27601474727139447
70,0.0,1024,4.0,0.025,32,160,9,greedy_oracle,0.00227881678865711,0.0019987666136825717,0.877107200382015
70,0.0,1024,4.0,0.025,32,160,10,static_0.0,0.1410750733755842,0.0019523140260345783,0.013838830484510416
70,0.0,1024,4.0,0.025,32,160,10,static_0.1,0.06030608040330333,0.0019523140260345783,0.03237341928008371
70,0.0,1024,4.0,0.025,32,160,10,static_0.2,0.02730529842255914,0.0019523140260345783,0.07149945757126801
70,0.0,1024,4.0,0.025,32,160,10,static_0.3,0.01235329126643037,0.0019523140260345783,0.15803998982359643
70,0.0,1024,4.0,0.025,32,160,10,static_0.4,0.004509467508729916,0.0019523140260345783,0.43293670976785553
70,0.0,1024,4.0,0.025,32,160,10,static_0.5,0.0019523140260345783,0.0019523140260345783,1.0
70,0.0,1024,4.0,0.025,32,160,10,static_0.6,0.003431507049281299,0.0019523140260345783,0.568937786808124
70,0.0,1024,4.0,0.025,32,160,10,static_0.7,0.009425260579314088,0.0019523140260345783,0.20713634488996333
70,0.0,1024,4.0,0.025,32,160,10,static_0.8,0.026607845999634956,0.0019523140260345783,0.07337362167765714
70,0.0,1024,4.0,0.025,32,160,10,static_0.9,0.06444397282132856,0.0019523140260345783,0.03029474969594728
70,0.0,1024,4.0,0.025,32,160,10,static_1.0,0.14004198513002084,0.0019523140260345783,0.013940919390866734
70,0.0,1024,4.0,0.025,32,160,10,prepare_AB,0.0009668511649896105,0.0019523140260345783,2.0192498046538083
70,0.0,1024,4.0,0.025,32,160,10,prepare_BA,0.0005763169352769133,0.0019523140260345783,3.387570113823768
70,0.0,1024,4.0,0.025,32,160,10,matched_static,0.008439296773050152,0.0019523140260345783,0.23133610282186676
70,0.0,1024,4.0,0.025,32,160,10,greedy_oracle,0.0018709685729434036,0.0019523140260345783,1.0434777228583814
70,0.0,1024,4.0,0.025,32,160,11,static_0.0,0.14235795267536416,0.0013236210302633995,0.009297836934209153
70,0.0,1024,4.0,0.025,32,160,11,static_0.1,0.0626049665373071,0.0013236210302633995,0.021142428524015534
70,0.0,1024,4.0,0.025,32,160,11,static_0.2,0.026601525898410937,0.0013236210302633995,0.049757334797943566
70,0.0,1024,4.0,0.025,32,160,11,static_0.3,0.009662166879455349,0.0013236210302633995,0.13699008170494478
70,0.0,1024,4.0,0.025,32,160,11,static_0.4,0.003025309568372178,0.0013236210302633995,0.43751589724935075
70,0.0,1024,4.0,0.025,32,160,11,static_0.5,0.0013236210302633995,0.0013236210302633995,1.0
70,0.0,1024,4.0,0.025,32,160,11,static_0.6,0.0024299368313599012,0.0013236210302633995,0.5447141724760977
70,0.0,1024,4.0,0.025,32,160,11,static_0.7,0.008099457198358397,0.0013236210302633995,0.16342095499086925
70,0.0,1024,4.0,0.025,32,160,11,static_0.8,0.021995035040087436,0.0013236210302633995,0.060178173294609935
70,0.0,1024,4.0,0.025,32,160,11,static_0.9,0.05851723417847036,0.0013236210302633995,0.022619336830351864
70,0.0,1024,4.0,0.025,32,160,11,static_1.0,0.1358739628149015,0.0013236210302633995,0.009741535485106468
70,0.0,1024,4.0,0.025,32,160,11,prepare_AB,0.0006176060653804373,0.0013236210302633995,2.1431477190044532
70,0.0,1024,4.0,0.025,32,160,11,prepare_BA,0.0012064476438184363,0.0013236210302633995,1.0971226451850877
70,0.0,1024,4.0,0.025,32,160,11,matched_static,0.005899583098636561,0.0013236210302633995,0.22435840094689039
70,0.0,1024,4.0,0.025,32,160,11,greedy_oracle,0.0014857564344702252,0.0013236210302633995,0.8908734968631395
70,0.0,1024,4.0,0.025,32,160,12,static_0.0,0.1389480480626849,0.0023749963430323715,0.01709269310469851
70,0.0,1024,4.0,0.025,32,160,12,static_0.1,0.063114328543525,0.0023749963430323715,0.03763006591117456
70,0.0,1024,4.0,0.025,32,160,12,static_0.2,0.028736938844227025,0.0023749963430323715,0.08264611467165667
70,0.0,1024,4.0,0.025,32,160,12,static_0.3,0.014384179659594362,0.0023749963430323715,0.1651116990497425
70,0.0,1024,4.0,0.025,32,160,12,static_0.4,0.005718700131462232,0.0023749963430323715,0.41530352850047086
70,0.0,1024,4.0,0.025,32,160,12,static_0.5,0.0023749963430323715,0.0023749963430323715,1.0
70,0.0,1024,4.0,0.025,32,160,12,static_0.6,0.003899992577009621,0.0023749963430323715,0.6089745803704673
70,0.0,1024,4.0,0.025,32,160,12,static_0.7,0.010178917085874414,0.0023749963430323715,0.23332505049365462
70,0.0,1024,4.0,0.025,32,160,12,static_0.8,0.025498373496411236,0.0023749963430323715,0.0931430525702606
70,0.0,1024,4.0,0.025,32,160,12,static_0.9,0.05922151514268022,0.0023749963430323715,0.040103606557690734
70,0.0,1024,4.0,0.025,32,160,12,static_1.0,0.14159196403476448,0.0023749963430323715,0.016773524961128786
70,0.0,1024,4.0,0.025,32,160,12,prepare_AB,0.0006581322164891253,0.0023749963430323715,3.608691815304281
70,0.0,1024,4.0,0.025,32,160,12,prepare_BA,0.0010407017334075378,0.0023749963430323715,2.2821104902516054
70,0.0,1024,4.0,0.025,32,160,12,matched_static,0.009185482406707487,0.0023749963430323715,0.2585597835665207
70,0.0,1024,4.0,0.025,32,160,12,greedy_oracle,0.002077128302629891,0.0023749963430323715,1.143403775311012
70,0.0,1024,4.0,0.025,32,160,13,static_0.0,0.13631350636321707,0.00208584011909761,0.015301786116041504
70,0.0,1024,4.0,0.025,32,160,13,static_0.1,0.06692030954593173,0.00208584011909761,0.031169014806573234
70,0.0,1024,4.0,0.025,32,160,13,static_0.2,0.03156203108468449,0.00208584011909761,0.06608700541169438
70,0.0,1024,4.0,0.025,32,160,13,static_0.3,0.013028847946404465,0.00208584011909761,0.16009397973465747
70,0.0,1024,4.0,0.025,32,160,13,static_0.4,0.00531571504956565,0.00208584011909761,0.3923912586826951
70,0.0,1024,4.0,0.025,32,160,13,static_0.5,0.00208584011909761,0.00208584011909761,1.0
70,0.0,1024,4.0,0.025,32,160,13,static_0.6,0.002476230059083097,0.00208584011909761,0.8423450444139906
70,0.0,1024,4.0,0.025,32,160,13,static_0.7,0.006428123187480147,0.00208584011909761,0.3244866438092125
70,0.0,1024,4.0,0.025,32,160,13,static_0.8,0.018897349346108226,0.00208584011909761,0.11037739107718691
70,0.0,1024,4.0,0.025,32,160,13,static_0.9,0.05764056798685111,0.00208584011909761,0.036187015359970584
70,0.0,1024,4.0,0.025,32,160,13,static_1.0,0.14288940169516692,0.00208584011909761,0.01459758452587993
70,0.0,1024,4.0,0.025,32,160,13,prepare_AB,0.0006731745482802206,0.00208584011909761,3.0985130445385507
70,0.0,1024,4.0,0.025,32,160,13,prepare_BA,0.0014846315938192446,0.00208584011909761,1.4049546889486195
70,0.0,1024,4.0,0.025,32,160,13,matched_static,0.009325308911809018,0.00208584011909761,0.2236751767500405
70,0.0,1024,4.0,0.025,32,160,13,greedy_oracle,0.0016407627889966328,0.00208584011909761,1.2712624476163024
70,0.0,1024,4.0,0.025,32,160,14,static_0.0,0.14030093078666367,0.002427580563756158,0.017302668985478407
70,0.0,1024,4.0,0.025,32,160,14,static_0.1,0.06028656743182388,0.002427580563756158,0.040267354191320145
70,0.0,1024,4.0,0.025,32,160,14,static_0.2,0.025087696719546568,0.002427580563756158,0.09676378787952894
70,0.0,1024,4.0,0.025,32,160,14,static_0.3,0.008653369783939878,0.002427580563756158,0.2805358634114537
70,0.0,1024,4.0,0.025,32,160,14,static_0.4,0.0030876633940701056,0.002427580563756158,0.786219303703362
70,0.0,1024,4.0,0.025,32,160,14,static_0.5,0.002427580563756158,0.002427580563756158,1.0
70,0.0,1024,4.0,0.025,32,160,14,static_0.6,0.0049920334950101074,0.002427580563756158,0.4862909205602682
70,0.0,1024,4.0,0.025,32,160,14,static_0.7,0.011810461093218821,0.002427580563756158,0.20554494397767376
70,0.0,1024,4.0,0.025,32,160,14,static_0.8,0.027993125116945246,0.002427580563756158,0.08672059849032919
70,0.0,1024,4.0,0.025,32,160,14,static_0.9,0.0676353438044051,0.002427580563756158,0.035892189308248175
70,0.0,1024,4.0,0.025,32,160,14,static_1.0,0.14188999621564355,0.002427580563756158,0.01710889159561845
70,0.0,1024,4.0,0.025,32,160,14,prepare_AB,0.0013177966597713784,0.002427580563756158,1.842151098013341
70,0.0,1024,4.0,0.025,32,160,14,prepare_BA,0.0007011826309090267,0.002427580563756158,3.4621230714300433
70,0.0,1024,4.0,0.025,32,160,14,matched_static,0.00538533051241374,0.002427580563756158,0.450776523030543
70,0.0,1024,4.0,0.025,32,160,14,greedy_oracle,0.001989089380242825,0.002427580563756158,1.2204482050272687
70,0.0,1024,4.0,0.025,32,160,15,static_0.0,0.13735275067419242,0.0018474410572963031,0.013450338986501446
70,0.0,1024,4.0,0.025,32,160,15,static_0.1,0.06026403823925679,0.0018474410572963031,0.03065577932168601
70,0.0,1024,4.0,0.025,32,160,15,static_0.2,0.022478616507816157,0.0018474410572963031,0.0821865997248505
70,0.0,1024,4.0,0.025,32,160,15,static_0.3,0.00877871035757399,0.0018474410572963031,0.21044561012340385
70,0.0,1024,4.0,0.025,32,160,15,static_0.4,0.003454942663108713,0.0018474410572963031,0.5347240858793296
70,0.0,1024,4.0,0.025,32,160,15,static_0.5,0.0018474410572963031,0.0018474410572963031,1.0
70,0.0,1024,4.0,0.025,32,160,15,static_0.6,0.003873525902436971,0.0018474410572963031,0.47694041651664526
70,0.0,1024,4.0,0.025,32,160,15,static_0.7,0.011079669360431324,0.0018474410572963031,0.16674153327120436
70,0.0,1024,4.0,0.025,32,160,15,static_0.8,0.02412055187400059,0.0018474410572963031,0.07659198955922934
70,0.0,1024,4.0,0.025,32,160,15,static_0.9,0.06457662735472972,0.0018474410572963031,0.02860850950217661
70,0.0,1024,4.0,0.025,32,160,15,static_1.0,0.1380814829955291,0.0018474410572963031,0.013379354111920429
70,0.0,1024,4.0,0.025,32,160,15,prepare_AB,0.0007563036495127266,0.0018474410572963031,2.4427239753326293
70,0.0,1024,4.0,0.025,32,160,15,prepare_BA,0.0007834731542527781,0.0018474410572963031,2.3580144989884984
70,0.0,1024,4.0,0.025,32,160,15,matched_static,0.005392912836447656,0.0018474410572963031,0.3425683138823404
70,0.0,1024,4.0,0.025,32,160,15,greedy_oracle,0.0017069154239585105,0.0018474410572963031,1.0823272385762965
70,0.0,1024,4.0,0.025,32,160,16,static_0.0,0.14180155614891377,0.0013319436605217293,0.009393011590951657
70,0.0,1024,4.0,0.025,32,160,16,static_0.1,0.06432585355631845,0.0013319436605217293,0.02070619489495912
70,0.0,1024,4.0,0.025,32,160,16,static_0.2,0.027043207546362497,0.0013319436605217293,0.04925242903373291
70,0.0,1024,4.0,0.025,32,160,16,static_0.3,0.009634760507444565,0.0013319436605217293,0.13824356708115018
70,0.0,1024,4.0,0.025,32,160,16,static_0.4,0.003046175262727313,0.0013319436605217293,0.43725115781066665
70,0.0,1024,4.0,0.025,32,160,16,static_0.5,0.0013319436605217293,0.0013319436605217293,1.0
70,0.0,1024,4.0,0.025,32,160,16,static_0.6,0.002814366911914591,0.0013319436605217293,0.4732658186404056
70,0.0,1024,4.0,0.025,32,160,16,static_0.7,0.008863710172329207,0.0013319436605217293,0.15026931551527942
70,0.0,1024,4.0,0.025,32,160,16,static_0.8,0.02134111372208118,0.0013319436605217293,0.062412097038009616
70,0.0,1024,4.0,0.025,32,160,16,static_0.9,0.05436084507893217,0.0013319436605217293,0.024501893938325307
70,0.0,1024,4.0,0.025,32,160,16,static_1.0,0.1374565325963779,0.0013319436605217293,0.009689926228772244
70,0.0,1024,4.0,0.025,32,160,16,prepare_AB,0.001120368316756061,0.0013319436605217293,1.1888444546328016
70,0.0,1024,4.0,0.025,32,160,16,prepare_BA,0.0010705188716902858,0.0013319436605217293,1.2442038115765948
70,0.0,1024,4.0,0.025,32,160,16,matched_static,0.005764216798319954,0.0013319436605217293,0.23107105563932626
70,0.0,1024,4.0,0.025,32,160,16,greedy_oracle,0.0017040691132142291,0.0013319436605217293,0.7816253755162584
70,0.0,1024,4.0,0.025,32,160,17,static_0.0,0.13908577985162252,0.0022340898548667176,0.01606267626532387
70,0.0,1024,4.0,0.025,32,160,17,static_0.1,0.06237721831488176,0.0022340898548667176,0.03581579806250699
70,0.0,1024,4.0,0.025,32,160,17,static_0.2,0.031773380215031795,0.0022340898548667176,0.07031325719036287
70,0.0,1024,4.0,0.025,32,160,17,static_0.3,0.013874173374211056,0.0022340898548667176,0.16102507836750724
70,0.0,1024,4.0,0.025,32,160,17,static_0.4,0.005016850930899514,0.0022340898548667176,0.44531716920401865
70,0.0,1024,4.0,0.025,32,160,17,static_0.5,0.0022340898548667176,0.0022340898548667176,1.0
70,0.0,1024,4.0,0.025,32,160,17,static_0.6,0.003047024941968923,0.0022340898548667176,0.7332036650225435
70,0.0,1024,4.0,0.025,32,160,17,static_0.7,0.008395246841279815,0.0022340898548667176,0.2661136589673093
70,0.0,1024,4.0,0.025,32,160,17,static_0.8,0.022861347835875862,0.0022340898548667176,0.09772345317981665
70,0.0,1024,4.0,0.025,32,160,17,static_0.9,0.06008138913197725,0.0022340898548667176,0.03718439082623779
70,0.0,1024,4.0,0.025,32,160,17,static_1.0,0.13948745112024832,0.0022340898548667176,0.016016421813749897
70,0.0,1024,4.0,0.025,32,160,17,prepare_AB,0.0008704320578891091,0.0022340898548667176,2.5666447307612095
70,0.0,1024,4.0,0.025,32,160,17,prepare_BA,0.0013538671528524535,0.0022340898548667176,1.6501544115016964
70,0.0,1024,4.0,0.025,32,160,17,matched_static,0.00920124909176629,0.0022340898548667176,0.24280288823675972
70,0.0,1024,4.0,0.025,32,160,17,greedy_oracle,0.00188594283356085,0.0022340898548667176,1.1846010468135617
70,0.0,1024,4.0,0.025,32,160,18,static_0.0,0.1396448412686622,0.002541365427360754,0.018198777729794044
70,0.0,1024,4.0,0.025,32,160,18,static_0.1,0.06203149493523931,0.002541365427360754,0.04096895343267048
70,0.0,1024,4.0,0.025,32,160,18,static_0.2,0.028581871527070275,0.002541365427360754,0.088915291112193
70,0.0,1024,4.0,0.025,32,160,18,static_0.3,0.01353244853232164,0.002541365427360754,0.1877979008226647
70,0.0,1024,4.0,0.025,32,160,18,static_0.4,0.005644879061638724,0.002541365427360754,0.45020724086566855
70,0.0,1024,4.0,0.025,32,160,18,static_0.5,0.002541365427360754,0.002541365427360754,1.0
70,0.0,1024,4.0,0.025,32,160,18,static_0.6,0.0030019785339788006,0.002541365427360754,0.8465634909095924
70,0.0,1024,4.0,0.025,32,160,18,static_0.7,0.008876786572547975,0.002541365427360754,0.28629340207638737
70,0.0,1024,4.0,0.025,32,160,18,static_0.8,0.02401786421747588,0.002541365427360754,0.10581146617989477
70,0.0,1024,4.0,0.025,32,160,18,static_0.9,0.06002555467160125,0.002541365427360754,0.04233805820311898
70,0.0,1024,4.0,0.025,32,160,18,static_1.0,0.1429006043865029,0.002541365427360754,0.017784147507781907
70,0.0,1024,4.0,0.025,32,160,18,prepare_AB,0.0006758513008695969,0.002541365427360754,3.7602434501359365
70,0.0,1024,4.0,0.025,32,160,18,prepare_BA,0.0015474839715005652,0.002541365427360754,1.6422563814321391
70,0.0,1024,4.0,0.025,32,160,18,matched_static,0.009305280154590246,0.002541365427360754,0.27311003915417975
70,0.0,1024,4.0,0.025,32,160,18,greedy_oracle,0.002366543900803326,0.002541365427360754,1.0738720826172228
70,0.0,1024,4.0,0.025,32,160,19,static_0.0,0.13987877687698533,0.002082141063935327,0.014885325068051177
70,0.0,1024,4.0,0.025,32,160,19,static_0.1,0.06847755684704196,0.002082141063935327,0.030406182109945848
70,0.0,1024,4.0,0.025,32,160,19,static_0.2,0.02898309866397693,0.002082141063935327,0.07183983631547369
70,0.0,1024,4.0,0.025,32,160,19,static_0.3,0.012330380292226302,0.002082141063935327,0.1688626801922739
70,0.0,1024,4.0,0.025,32,160,19,static_0.4,0.004150744536052127,0.002082141063935327,0.5016307425934002
70,0.0,1024,4.0,0.025,32,160,19,static_0.5,0.002082141063935327,0.002082141063935327,1.0
70,0.0,1024,4.0,0.025,32,160,19,static_0.6,0.003271441543579412,0.002082141063935327,0.6364598102086749
70,0.0,1024,4.0,0.025,32,160,19,static_0.7,0.009099100382214585,0.002082141063935327,0.2288293321837785
70,0.0,1024,4.0,0.025,32,160,19,static_0.8,0.022853469734420144,0.002082141063935327,0.09110831257274539
70,0.0,1024,4.0,0.025,32,160,19,static_0.9,0.052772531735270634,0.002082141063935327,0.03945501562025162
70,0.0,1024,4.0,0.025,32,160,19,static_1.0,0.13639418928939037,0.002082141063935327,0.015265614134907209
70,0.0,1024,4.0,0.025,32,160,19,prepare_AB,0.0007561794206505711,0.002082141063935327,2.753501361018234
70,0.0,1024,4.0,0.025,32,160,19,prepare_BA,0.0009994916742889655,0.002082141063935327,2.0832000080606514
70,0.0,1024,4.0,0.025,32,160,19,matched_static,0.007769300616812105,0.002082141063935327,0.267995945404629
70,0.0,1024,4.0,0.025,32,160,19,greedy_oracle,0.0017641877043652384,0.002082141063935327,1.1802264910833224
70,0.0,1024,8.0,0.025,32,320,0,static_0.0,0.1203699446597566,8.11256441699631e-06,6.73969273636178e-05
70,0.0,1024,8.0,0.025,32,320,0,static_0.1,0.02705365909439232,8.11256441699631e-06,0.0002998693961763524
70,0.0,1024,8.0,0.025,32,320,0,static_0.2,0.006130748765353843,8.11256441699631e-06,0.0013232583371940024
70,0.0,1024,8.0,0.025,32,320,0,static_0.3,0.0011598829725548256,8.11256441699631e-06,0.006994295639263592
70,0.0,1024,8.0,0.025,32,320,0,static_0.4,0.00017724544406353337,8.11256441699631e-06,0.04577022817065116
70,0.0,1024,8.0,0.025,32,320,0,static_0.5,8.11256441699631e-06,8.11256441699631e-06,1.0
70,0.0,1024,8.0,0.025,32,320,0,static_0.6,8.208661495934694e-05,8.11256441699631e-06,0.098829320968029
70,0.0,1024,8.0,0.025,32,320,0,static_0.7,0.0007268668633592749,8.11256441699631e-06,0.011161004615760618
70,0.0,1024,8.0,0.025,32,320,0,static_0.8,0.004410364848088744,8.11256441699631e-06,0.0018394315881852573
70,0.0,1024,8.0,0.025,32,320,0,static_0.9,0.02466687592979751,8.11256441699631e-06,0.00032888495649326864
70,0.0,1024,8.0,0.025,32,320,0,static_1.0,0.12385173986533912,8.11256441699631e-06,6.55022240770852e-05
70,0.0,1024,8.0,0.025,32,320,0,prepare_AB,1.268039710187748e-05,8.11256441699631e-06,0.6397721105906967
70,0.0,1024,8.0,0.025,32,320,0,prepare_BA,0.0003777538742741606,8.11256441699631e-06,0.02147579408042945
70,0.0,1024,8.0,0.025,32,320,0,matched_static,0.00890378346696258,8.11256441699631e-06,0.0009111367596817597
70,0.0,1024,8.0,0.025,32,320,0,greedy_oracle,3.3723243565855807e-06,8.11256441699631e-06,2.4056299332992213
70,0.0,1024,8.0,0.025,32,320,1,static_0.0,0.12207708245999135,1.1881229940159244e-05,9.732563803736964e-05
70,0.0,1024,8.0,0.025,32,320,1,static_0.1,0.02370412104090722,1.1881229940159244e-05,0.0005012305632280267
70,0.0,1024,8.0,0.025,32,320,1,static_0.2,0.005430649739712459,1.1881229940159244e-05,0.0021878100245125236
70,0.0,1024,8.0,0.025,32,320,1,static_0.3,0.0010988942767288336,1.1881229940159244e-05,0.010811986368267428
70,0.0,1024,8.0,0.025,32,320,1,static_0.4,0.0002040874485400155,1.1881229940159244e-05,0.05821636766569546
70,0.0,1024,8.0,0.025,32,320,1,static_0.5,1.1881229940159244e-05,1.1881229940159244e-05,1.0
70,0.0,1024,8.0,0.025,32,320,1,static_0.6,0.00011555002956301022,1.1881229940159244e-05,0.10282325314058297
70,0.0,1024,8.0,0.025,32,320,1,static_0.7,0.0010064049990301388,1.1881229940159244e-05,0.011805614987613388
70,0.0,1024,8.0,0.025,32,320,1,static_0.8,0.005113412343690125,1.1881229940159244e-05,0.002323542312174473
70,0.0,1024,8.0,0.025,32,320,1,static_0.9,0.024753180622076692,1.1881229940159244e-05,0.0004799880113007658
70,0.0,1024,8.0,0.025,32,320,1,static_1.0,0.12377489879834813,1.1881229940159244e-05,9.599062536513105e-05
70,0.0,1024,8.0,0.025,32,320,1,prepare_AB,1.3926439557903333e-06,1.1881229940159244e-05,8.531419599933983
70,0.0,1024,8.0,0.025,32,320,1,prepare_BA,1.589720400006418e-05,1.1881229940159244e-05,0.7473785918650397
70,0.0,1024,8.0,0.025,32,320,1,matched_static,0.007524539758429517,1.1881229940159244e-05,0.0015789975628541343
70,0.0,1024,8.0,0.025,32,320,1,greedy_oracle,7.743981619722522e-06,1.1881229940159244e-05,1.5342533755374494
70,0.0,1024,8.0,0.025,32,320,2,static_0.0,0.1161255565438147,1.0211198326536838e-05,8.793239516302432e-05
70,0.0,1024,8.0,0.025,32,320,2,static_0.1,0.026403755992959306,1.0211198326536838e-05,0.00038673279397293724
70,0.0,1024,8.0,0.025,32,320,2,static_0.2,0.005617559352216104,1.0211198326536838e-05,0.0018177286053076703
70,0.0,1024,8.0,0.025,32,320,2,static_0.3,0.0012843816406130609,1.0211198326536838e-05,0.007950283625716443
70,0.0,1024,8.0,0.025,32,320,2,static_0.4,0.00020248626214141007,1.0211198326536838e-05,0.05042909192232339
70,0.0,1024,8.0,0.025,32,320,2,static_0.5,1.0211198326536838e-05,1.0211198326536838e-05,1.0
70,0.0,1024,8.0,0.025,32,320,2,static_0.6,0.00016796494419942613,1.0211198326536838e-05,0.060793627951395625
70,0.0,1024,8.0,0.025,32,320,2,static_0.7,0.0011577362310229938,1.0211198326536838e-05,0.008819969568987285
70,0.0,1024,8.0,0.025,32,320,2,static_0.8,0.005618325306565691,1.0211198326536838e-05,0.0018174807917590357
70,0.0,1024,8.0,0.025,32,320,2,static_0.9,0.025693092993667104,1.0211198326536838e-05,0.00039742970334687687
70,0.0,1024,8.0,0.025,32,320,2,static_1.0,0.11675729589040737,1.0211198326536838e-05,8.745661886621149e-05
70,0.0,1024,8.0,0.025,32,320,2,prepare_AB,6.320809864516627e-06,1.0211198326536838e-05,1.615488923952583
70,0.0,1024,8.0,0.025,32,320,2,prepare_BA,1.5654675044087346e-05,1.0211198326536838e-05,0.6522778848988968
70,0.0,1024,8.0,0.025,32,320,2,matched_static,0.008406045951276473,1.0211198326536838e-05,0.0012147445286075612
70,0.0,1024,8.0,0.025,32,320,2,greedy_oracle,9.608334556977679e-06,1.0211198326536838e-05,1.0627438361959778
70,0.0,1024,8.0,0.025,32,320,3,static_0.0,0.12063803949806581,4.988765562980219e-06,4.135317171711999e-05
70,0.0,1024,8.0,0.025,32,320,3,static_0.1,0.028687856880140247,4.988765562980219e-06,0.00017389816129603582
70,0.0,1024,8.0,0.025,32,320,3,static_0.2,0.006368980025467977,4.988765562980219e-06,0.0007832911302958054
70,0.0,1024,8.0,0.025,32,320,3,static_0.3,0.0012327333751194674,4.988765562980219e-06,0.004046913682771626
70,0.0,1024,8.0,0.025,32,320,3,static_0.4,0.00015546619429771184,4.988765562980219e-06,0.03208906981685628
70,0.0,1024,8.0,0.025,32,320,3,static_0.5,4.988765562980219e-06,4.988765562980219e-06,1.0
70,0.0,1024,8.0,0.025,32,320,3,static_0.6,0.000170580375674324,4.988765562980219e-06,0.029245835244875333
70,0.0,1024,8.0,0.025,32,320,3,static_0.7,0.0008963935430828366,4.988765562980219e-06,0.005565374272803305
70,0.0,1024,8.0,0.025,32,320,3,static_0.8,0.004966283256818132,4.988765562980219e-06,0.0010045269882927481
70,0.0,1024,8.0,0.025,32,320,3,static_0.9,0.025462366263746056,4.988765562980219e-06,0.0001959270207373989
70,0.0,1024,8.0,0.025,32,320,3,static_1.0,0.12140018442173146,4.988765562980219e-06,4.109355835613703e-05
70,0.0,1024,8.0,0.025,32,320,3,prepare_AB,1.5654290163083948e-06,4.988765562980219e-06,3.186836011730995
70,0.0,1024,8.0,0.025,32,320,3,prepare_BA,6.508058988406014e-05,4.988765562980219e-06,0.07665519891364864
70,0.0,1024,8.0,0.025,32,320,3,matched_static,0.009916173063539363,4.988765562980219e-06,0.000503093837815653
70,0.0,1024,8.0,0.025,32,320,3,greedy_oracle,4.820007972324266e-06,4.988765562980219e-06,1.0350118903588816
70,0.0,1024,8.0,0.025,32,320,4,static_0.0,0.11836181445675877,2.9091953100899324e-05,0.0002457883332933149
70,0.0,1024,8.0,0.025,32,320,4,static_0.1,0.03098247606228553,2.9091953100899324e-05,0.0009389808949554065
70,0.0,1024,8.0,0.025,32,320,4,static_0.2,0.006769349613840381,2.9091953100899324e-05,0.0042975994387140105
70,0.0,1024,8.0,0.025,32,320,4,static_0.3,0.0013343579281745552,2.9091953100899324e-05,0.021802211000985363
70,0.0,1024,8.0,0.025,32,320,4,static_0.4,0.0003118731186414805,2.9091953100899324e-05,0.09328137425765931
70,0.0,1024,8.0,0.025,32,320,4,static_0.5,2.9091953100899324e-05,2.9091953100899324e-05,1.0
70,0.0,1024,8.0,0.025,32,320,4,static_0.6,5.5945999348561e-05,2.9091953100899324e-05,0.5200005977129374
70,0.0,1024,8.0,0.025,32,320,4,static_0.7,0.000580565880849548,2.9091953100899324e-05,0.050109650016512804
70,0.0,1024,8.0,0.025,32,320,4,static_0.8,0.0035908691011613298,2.9091953100899324e-05,0.00810164678280549
70,0.0,1024,8.0,0.025,32,320,4,static_0.9,0.021255387790001825,2.9091953100899324e-05,0.0013686860662492212
70,0.0,1024,8.0,0.025,32,320,4,static_1.0,0.11744349198593478,2.9091953100899324e-05,0.0002477102188376979
70,0.0,1024,8.0,0.025,32,320,4,prepare_AB,1.9177020798043983e-07,2.9091953100899324e-05,151.7021512740219
70,0.0,1024,8.0,0.025,32,320,4,prepare_BA,0.00026799499336774214,2.9091953100899324e-05,0.10855409175864494
70,0.0,1024,8.0,0.025,32,320,4,matched_static,0.010021240717474653,2.9091953100899324e-05,0.0029030290680643863
70,0.0,1024,8.0,0.025,32,320,4,greedy_oracle,6.619126682649646e-06,2.9091953100899324e-05,4.395134659857239
70,0.0,1024,8.0,0.025,32,320,5,static_0.0,0.12072555746745565,2.062797060501603e-05,0.00017086664197493373
70,0.0,1024,8.0,0.025,32,320,5,static_0.1,0.027528301162975714,2.062797060501603e-05,0.000749336854566227
70,0.0,1024,8.0,0.025,32,320,5,static_0.2,0.006993296488353234,2.062797060501603e-05,0.0029496776862485722
70,0.0,1024,8.0,0.025,32,320,5,static_0.3,0.0015846684778268146,2.062797060501603e-05,0.013017215205356298
70,0.0,1024,8.0,0.025,32,320,5,static_0.4,0.0003179650784461856,2.062797060501603e-05,0.06487495641288557
70,0.0,1024,8.0,0.025,32,320,5,static_0.5,2.062797060501603e-05,2.062797060501603e-05,1.0
70,0.0,1024,8.0,0.025,32,320,5,static_0.6,9.716730117184598e-05,2.062797060501603e-05,0.21229333691726474
70,0.0,1024,8.0,0.025,32,320,5,static_0.7,0.0009731457206061329,2.062797060501603e-05,0.02119720630551374
70,0.0,1024,8.0,0.025,32,320,5,static_0.8,0.00574760879529665,2.062797060501603e-05,0.0035889656620151657
70,0.0,1024,8.0,0.025,32,320,5,static_0.9,0.026595344022576756,2.062797060501603e-05,0.0007756233793217704
70,0.0,1024,8.0,0.025,32,320,5,static_1.0,0.12097522409048568,2.062797060501603e-05,0.00017051401028682497
70,0.0,1024,8.0,0.025,32,320,5,prepare_AB,4.928082765855222e-05,2.062797060501603e-05,0.41858003578875047
70,0.0,1024,8.0,0.025,32,320,5,prepare_BA,0.00011407933092078916,2.062797060501603e-05,0.1808212797052521
70,0.0,1024,8.0,0.025,32,320,5,matched_static,0.009958985850797903,2.062797060501603e-05,0.0020712922896022933
70,0.0,1024,8.0,0.025,32,320,5,greedy_oracle,9.95628952295179e-06,2.062797060501603e-05,2.0718532298064747
70,0.0,1024,8.0,0.025,32,320,6,static_0.0,0.11553721391692863,6.432571636651016e-06,5.5675322422748065e-05
70,0.0,1024,8.0,0.025,32,320,6,static_0.1,0.022268336206985935,6.432571636651016e-06,0.0002888662887455873
70,0.0,1024,8.0,0.025,32,320,6,static_0.2,0.005003375022188365,6.432571636651016e-06,0.0012856465102305187
70,0.0,1024,8.0,0.025,32,320,6,static_0.3,0.0010604434146071543,6.432571636651016e-06,0.006065926336139293
70,0.0,1024,8.0,0.025,32,320,6,static_0.4,0.00016889441835284526,6.432571636651016e-06,0.038086348260559025
70,0.0,1024,8.0,0.025,32,320,6,static_0.5,6.432571636651016e-06,6.432571636651016e-06,1.0
70,0.0,1024,8.0,0.025,32,320,6,static_0.6,0.0001316939003166035,6.432571636651016e-06,0.04884487148749152
70,0.0,1024,8.0,0.025,32,320,6,static_0.7,0.0010541233844818772,6.432571636651016e-06,0.006102294789535244
70,0.0,1024,8.0,0.025,32,320,6,static_0.8,0.0049962098085307195,6.432571636651016e-06,0.0012874902942762326
70,0.0,1024,8.0,0.025,32,320,6,static_0.9,0.02435736079812565,6.432571636651016e-06,0.0002640914871674445
70,0.0,1024,8.0,0.025,32,320,6,static_1.0,0.1164695340702286,6.432571636651016e-06,5.522965029440502e-05
70,0.0,1024,8.0,0.025,32,320,6,prepare_AB,0.00013960447913550082,6.432571636651016e-06,0.046077114978578367
70,0.0,1024,8.0,0.025,32,320,6,prepare_BA,1.9032601132464268e-05,6.432571636651016e-06,0.33797648528864804
70,0.0,1024,8.0,0.025,32,320,6,matched_static,0.00770381993644806,6.432571636651016e-06,0.000834984681588603
70,0.0,1024,8.0,0.025,32,320,6,greedy_oracle,4.328823610102858e-06,6.432571636651016e-06,1.4859860821398012
70,0.0,1024,8.0,0.025,32,320,7,static_0.0,0.12066340049032961,1.52593072452359e-05,0.0001264617703730207
70,0.0,1024,8.0,0.025,32,320,7,static_0.1,0.02027314436251531,1.52593072452359e-05,0.0007526857685406756
70,0.0,1024,8.0,0.025,32,320,7,static_0.2,0.004362907422352601,1.52593072452359e-05,0.003497508832540769
70,0.0,1024,8.0,0.025,32,320,7,static_0.3,0.0008100810532383899,1.52593072452359e-05,0.01883676600537083
70,0.0,1024,8.0,0.025,32,320,7,static_0.4,9.691154404501917e-05,1.52593072452359e-05,0.15745603266982683
70,0.0,1024,8.0,0.025,32,320,7,static_0.5,1.52593072452359e-05,1.52593072452359e-05,1.0
70,0.0,1024,8.0,0.025,32,320,7,static_0.6,0.0002988748121085127,1.52593072452359e-05,0.05105584889400346
70,0.0,1024,8.0,0.025,32,320,7,static_0.7,0.0019093540344237347,1.52593072452359e-05,0.007991868962029003
70,0.0,1024,8.0,0.025,32,320,7,static_0.8,0.008070237930839616,1.52593072452359e-05,0.0018908125604232765
70,0.0,1024,8.0,0.025,32,320,7,static_0.9,0.03031278898104951,1.52593072452359e-05,0.0005033950275830932
70,0.0,1024,8.0,0.025,32,320,7,static_1.0,0.12049081361148165,1.52593072452359e-05,0.00012664290984405662
70,0.0,1024,8.0,0.025,32,320,7,prepare_AB,9.606673356867812e-05,1.52593072452359e-05,0.15884070040048795
70,0.0,1024,8.0,0.025,32,320,7,prepare_BA,1.1819192174121336e-06,1.52593072452359e-05,12.910617765101454
70,0.0,1024,8.0,0.025,32,320,7,matched_static,0.006499098676745724,1.52593072452359e-05,0.0023479113034296398
70,0.0,1024,8.0,0.025,32,320,7,greedy_oracle,7.064828962867705e-06,1.52593072452359e-05,2.1598976175414655
70,0.0,1024,8.0,0.025,32,320,8,static_0.0,0.12080803396025419,8.515846521750457e-06,7.049073014922309e-05
70,0.0,1024,8.0,0.025,32,320,8,static_0.1,0.025834682401841433,8.515846521750457e-06,0.0003296284579501341
70,0.0,1024,8.0,0.025,32,320,8,static_0.2,0.006171396586244703,8.515846521750457e-06,0.0013798896899173923
70,0.0,1024,8.0,0.025,32,320,8,static_0.3,0.0013699217178373625,8.515846521750457e-06,0.006216301567358216
70,0.0,1024,8.0,0.025,32,320,8,static_0.4,0.0002472301829692566,8.515846521750457e-06,0.03444501160608458
70,0.0,1024,8.0,0.025,32,320,8,static_0.5,8.515846521750457e-06,8.515846521750457e-06,1.0
70,0.0,1024,8.0,0.025,32,320,8,static_0.6,0.0001527259853395441,8.515846521750457e-06,0.05575898890302015
70,0.0,1024,8.0,0.025,32,320,8,static_0.7,0.0010439069387827525,8.515846521750457e-06,0.008157668279971737
70,0.0,1024,8.0,0.025,32,320,8,static_0.8,0.004939473862124858,8.515846521750457e-06,0.0017240391911067059
70,0.0,1024,8.0,0.025,32,320,8,static_0.9,0.02442934487255107,8.515846521750457e-06,0.00034859086750700804
70,0.0,1024,8.0,0.025,32,320,8,static_1.0,0.12022592871451118,8.515846521750457e-06,7.083202943661354e-05
70,0.0,1024,8.0,0.025,32,320,8,prepare_AB,3.703426891477852e-05,8.515846521750457e-06,0.22994504201896665
70,0.0,1024,8.0,0.025,32,320,8,prepare_BA,1.7921366520609954e-05,8.515846521750457e-06,0.4751784140990059
70,0.0,1024,8.0,0.025,32,320,8,matched_static,0.009039045045130641,8.515846521750457e-06,0.0009421179426844395
70,0.0,1024,8.0,0.025,32,320,8,greedy_oracle,6.411739434807928e-06,8.515846521750457e-06,1.3281647840396935
70,0.0,1024,8.0,0.025,32,320,9,static_0.0,0.11714333882735184,8.413163153311788e-06,7.181939013801949e-05
70,0.0,1024,8.0,0.025,32,320,9,static_0.1,0.027632884054132792,8.413163153311788e-06,0.00030446200030479663
70,0.0,1024,8.0,0.025,32,320,9,static_0.2,0.006505423267670745,8.413163153311788e-06,0.0012932537679941163
70,0.0,1024,8.0,0.025,32,320,9,static_0.3,0.0015046585081939696,8.413163153311788e-06,0.005591410348259051
70,0.0,1024,8.0,0.025,32,320,9,static_0.4,0.00023752631995658708,8.413163153311788e-06,0.03541991958975102
70,0.0,1024,8.0,0.025,32,320,9,static_0.5,8.413163153311788e-06,8.413163153311788e-06,1.0
70,0.0,1024,8.0,0.025,32,320,9,static_0.6,0.0001636672926854689,8.413163153311788e-06,0.051404058900637914
70,0.0,1024,8.0,0.025,32,320,9,static_0.7,0.0013101689571050552,8.413163153311788e-06,0.006421433745386155
70,0.0,1024,8.0,0.025,32,320,9,static_0.8,0.00600525141134522,8.413163153311788e-06,0.0014009676826214972
70,0.0,1024,8.0,0.025,32,320,9,static_0.9,0.02743202579928352,8.413163153311788e-06,0.00030669128174746487
70,0.0,1024,8.0,0.025,32,320,9,static_1.0,0.11661126802782536,8.413163153311788e-06,7.214708574564397e-05
70,0.0,1024,8.0,0.025,32,320,9,prepare_AB,9.615737406889737e-05,8.413163153311788e-06,0.08749368662338577
70,0.0,1024,8.0,0.025,32,320,9,prepare_BA,2.558318562645963e-05,8.413163153311788e-06,0.32885518153026266
70,0.0,1024,8.0,0.025,32,320,9,matched_static,0.010242836063671039,8.413163153311788e-06,0.0008213704779627709
70,0.0,1024,8.0,0.025,32,320,9,greedy_oracle,7.934371954558575e-06,8.413163153311788e-06,1.060343931630043
70,0.0,1024,8.0,0.025,32,320,10,static_0.0,0.12292213567977442,6.835070472355203e-06,5.56048789305232e-05
70,0.0,1024,8.0,0.025,32,320,10,static_0.1,0.025078166168604785,6.835070472355203e-06,0.0002725506492939659
70,0.0,1024,8.0,0.025,32,320,10,static_0.2,0.005798597646150734,6.835070472355203e-06,0.0011787454294043848
70,0.0,1024,8.0,0.025,32,320,10,static_0.3,0.0012213693300474856,6.835070472355203e-06,0.005596235556438496
70,0.0,1024,8.0,0.025,32,320,10,static_0.4,0.00018833346682333723,6.835070472355203e-06,0.036292383863812776
70,0.0,1024,8.0,0.025,32,320,10,static_0.5,6.835070472355203e-06,6.835070472355203e-06,1.0
70,0.0,1024,8.0,0.025,32,320,10,static_0.6,0.00017835333754442543,6.835070472355203e-06,0.038323199141999116
70,0.0,1024,8.0,0.025,32,320,10,static_0.7,0.0011077219683623336,6.835070472355203e-06,0.006170384507639796
70,0.0,1024,8.0,0.025,32,320,10,static_0.8,0.005944934677792716,6.835070472355203e-06,0.0011497301219957196
70,0.0,1024,8.0,0.025,32,320,10,static_0.9,0.027971272828944828,6.835070472355203e-06,0.0002443603662283911
70,0.0,1024,8.0,0.025,32,320,10,static_1.0,0.11875479409333482,6.835070472355203e-06,5.755616457036007e-05
70,0.0,1024,8.0,0.025,32,320,10,prepare_AB,6.567651338623532e-05,6.835070472355203e-06,0.10407176203400159
70,0.0,1024,8.0,0.025,32,320,10,prepare_BA,9.63377489672821e-06,6.835070472355203e-06,0.7094903654720546
70,0.0,1024,8.0,0.025,32,320,10,matched_static,0.008921119625107814,6.835070472355203e-06,0.0007661673376868993
70,0.0,1024,8.0,0.025,32,320,10,greedy_oracle,5.619799156587967e-06,6.835070472355203e-06,1.2162481757631143
70,0.0,1024,8.0,0.025,32,320,11,static_0.0,0.1218781367144427,8.122998059308762e-06,6.66485251439373e-05
70,0.0,1024,8.0,0.025,32,320,11,static_0.1,0.02716905552642138,8.122998059308762e-06,0.0002989797731985679
70,0.0,1024,8.0,0.025,32,320,11,static_0.2,0.006061190446370183,8.122998059308762e-06,0.0013401654561396132
70,0.0,1024,8.0,0.025,32,320,11,static_0.3,0.001217527149805758,8.122998059308762e-06,0.006671718212283554
70,0.0,1024,8.0,0.025,32,320,11,static_0.4,0.00018183196650067818,8.122998059308762e-06,0.04467310240126818
70,0.0,1024,8.0,0.025,32,320,11,static_0.5,8.122998059308762e-06,8.122998059308762e-06,1.0
70,0.0,1024,8.0,0.025,32,320,11,static_0.6,9.318656278657228e-05,8.122998059308762e-06,0.08716919925368516
70,0.0,1024,8.0,0.025,32,320,11,static_0.7,0.000838999003802669,8.122998059308762e-06,0.009681773187443827
70,0.0,1024,8.0,0.025,32,320,11,static_0.8,0.0045717025287169,8.122998059308762e-06,0.0017767993451639939
70,0.0,1024,8.0,0.025,32,320,11,static_0.9,0.024790545302735497,8.122998059308762e-06,0.0003276651626704006
70,0.0,1024,8.0,0.025,32,320,11,static_1.0,0.11518087587560832,8.122998059308762e-06,7.052384345541305e-05
70,0.0,1024,8.0,0.025,32,320,11,prepare_AB,0.00020417463813469445,8.122998059308762e-06,0.039784559598190654
70,0.0,1024,8.0,0.025,32,320,11,prepare_BA,0.0003295329217953937,8.122998059308762e-06,0.024650035010317768
70,0.0,1024,8.0,0.025,32,320,11,matched_static,0.009170377085794688,8.122998059308762e-06,0.000885786700297378
70,0.0,1024,8.0,0.025,32,320,11,greedy_oracle,4.3967730396153645e-06,8.122998059308762e-06,1.8474908725375947
70,0.0,1024,8.0,0.025,32,320,12,static_0.0,0.1184228745890913,1.4630329142615887e-05,0.00012354310088638553
70,0.0,1024,8.0,0.025,32,320,12,static_0.1,0.02729830520865346,1.4630329142615887e-05,0.000535942763874518
70,0.0,1024,8.0,0.025,32,320,12,static_0.2,0.006841274453685001,1.4630329142615887e-05,0.0021385385488716024
70,0.0,1024,8.0,0.025,32,320,12,static_0.3,0.0017851100933234903,1.4630329142615887e-05,0.0081957573358276
70,0.0,1024,8.0,0.025,32,320,12,static_0.4,0.0003462298699625986,1.4630329142615887e-05,0.04225611482971219
70,0.0,1024,8.0,0.025,32,320,12,static_0.5,1.4630329142615887e-05,1.4630329142615887e-05,1.0
70,0.0,1024,8.0,0.025,32,320,12,static_0.6,0.00016007147950275135,1.4630329142615887e-05,0.09139872504498477
70,0.0,1024,8.0,0.025,32,320,12,static_0.7,0.001082379884002092,1.4630329142615887e-05,0.013516815453480479
70,0.0,1024,8.0,0.025,32,320,12,static_0.8,0.005529608679555689,1.4630329142615887e-05,0.002645816366121491
70,0.0,1024,8.0,0.025,32,320,12,static_0.9,0.023848556271817915,1.4630329142615887e-05,0.0006134681267857165
70,0.0,1024,8.0,0.025,32,320,12,static_1.0,0.1194050631402954,1.4630329142615887e-05,0.00012252687413619913
70,0.0,1024,8.0,0.025,32,320,12,prepare_AB,1.929814735050559e-05,1.4630329142615887e-05,0.7581209158003754
70,0.0,1024,8.0,0.025,32,320,12,prepare_BA,1.4344774568874614e-05,1.4630329142615887e-05,1.0199065222231425
70,0.0,1024,8.0,0.025,32,320,12,matched_static,0.010144546570981629,1.4630329142615887e-05,0.001442186601465835
70,0.0,1024,8.0,0.025,32,320,12,greedy_oracle,8.07826114576647e-06,1.4630329142615887e-05,1.8110740515343606
70,0.0,1024,8.0,0.025,32,320,13,static_0.0,0.1133940052834404,2.5897093600338546e-05,0.0002283815051387064
70,0.0,1024,8.0,0.025,32,320,13,static_0.1,0.02832367223910729,2.5897093600338546e-05,0.0009143268352251903
70,0.0,1024,8.0,0.025,32,320,13,static_0.2,0.006812181689953118,2.5897093600338546e-05,0.0038015858617706324
70,0.0,1024,8.0,0.025,32,320,13,static_0.3,0.0013471842638275295,2.5897093600338546e-05,0.01922312655787818
70,0.0,1024,8.0,0.025,32,320,13,static_0.4,0.0002881423150971611,2.5897093600338546e-05,0.08987605167122395
70,0.0,1024,8.0,0.025,32,320,13,static_0.5,2.5897093600338546e-05,2.5897093600338546e-05,1.0
70,0.0,1024,8.0,0.025,32,320,13,static_0.6,6.679095732011056e-05,2.5897093600338546e-05,0.38773352919948356
70,0.0,1024,8.0,0.025,32,320,13,static_0.7,0.0006308562863634725,2.5897093600338546e-05,0.04105070229167494
70,0.0,1024,8.0,0.025,32,320,13,static_0.8,0.0037607069575678505,2.5897093600338546e-05,0.00688623014037948
70,0.0,1024,8.0,0.025,32,320,13,static_0.9,0.023895857469610236,2.5897093600338546e-05,0.001083748245204149
70,0.0,1024,8.0,0.025,32,320,13,static_1.0,0.12228511002928634,2.5897093600338546e-05,0.00021177634459450045
70,0.0,1024,8.0,0.025,32,320,13,prepare_AB,8.030046740750367e-06,2.5897093600338546e-05,3.225024017471484
70,0.0,1024,8.0,0.025,32,320,13,prepare_BA,0.0005032859764985581,2.5897093600338546e-05,0.05145602065153655
70,0.0,1024,8.0,0.025,32,320,13,matched_static,0.0097402710658448,2.5897093600338546e-05,0.002658765184795442
70,0.0,1024,8.0,0.025,32,320,13,greedy_oracle,5.984071124017839e-06,2.5897093600338546e-05,4.327671423622829
70,0.0,1024,8.0,0.025,32,320,14,static_0.0,0.11874239097002601,1.88943848316102e-05,0.00015912080493965872
70,0.0,1024,8.0,0.025,32,320,14,static_0.1,0.027169964604430843,1.88943848316102e-05,0.0006954144072947717
70,0.0,1024,8.0,0.025,32,320,14,static_0.2,0.005322613256460979,1.88943848316102e-05,0.0035498323701566724
70,0.0,1024,8.0,0.025,32,320,14,static_0.3,0.0009054528542023695,1.88943848316102e-05,0.020867331461729855
70,0.0,1024,8.0,0.025,32,320,14,static_0.4,9.382031065710577e-05,1.88943848316102e-05,0.20138906702905035
70,0.0,1024,8.0,0.025,32,320,14,static_0.5,1.88943848316102e-05,1.88943848316102e-05,1.0
70,0.0,1024,8.0,0.025,32,320,14,static_0.6,0.0002720624702470121,1.88943848316102e-05,0.06944869983153329
70,0.0,1024,8.0,0.025,32,320,14,static_0.7,0.0013927255878508208,1.88943848316102e-05,0.013566480716970957
70,0.0,1024,8.0,0.025,32,320,14,static_0.8,0.006188251509280125,1.88943848316102e-05,0.003053267114834538
70,0.0,1024,8.0,0.025,32,320,14,static_0.9,0.030756986041729596,1.88943848316102e-05,0.0006143119747160925
70,0.0,1024,8.0,0.025,32,320,14,static_1.0,0.12078310011822489,1.88943848316102e-05,0.00015643235529735536
70,0.0,1024,8.0,0.025,32,320,14,prepare_AB,0.000181191765817737,1.88943848316102e-05,0.10427838564483273
70,0.0,1024,8.0,0.025,32,320,14,prepare_BA,1.0919238577199708e-05,1.88943848316102e-05,1.730375675742013
70,0.0,1024,8.0,0.025,32,320,14,matched_static,0.008518769039125011,1.88943848316102e-05,0.0022179712520473383
70,0.0,1024,8.0,0.025,32,320,14,greedy_oracle,8.01602127335195e-06,1.88943848316102e-05,2.3570776807219467
70,0.0,1024,8.0,0.025,32,320,15,static_0.0,0.1167414379822626,6.752912252104256e-06,5.784503231089442e-05
70,0.0,1024,8.0,0.025,32,320,15,static_0.1,0.024993290688656022,6.752912252104256e-06,0.0002701890013694465
70,0.0,1024,8.0,0.025,32,320,15,static_0.2,0.004544321548464569,6.752912252104256e-06,0.001486011097605081
70,0.0,1024,8.0,0.025,32,320,15,static_0.3,0.0009650928725797836,6.752912252104256e-06,0.006997163116595287
70,0.0,1024,8.0,0.025,32,320,15,static_0.4,0.00015992027116882297,6.752912252104256e-06,0.04222674338124034
70,0.0,1024,8.0,0.025,32,320,15,static_0.5,6.752912252104256e-06,6.752912252104256e-06,1.0
70,0.0,1024,8.0,0.025,32,320,15,static_0.6,0.00016385171001822646,6.752912252104256e-06,0.04121355981791755
70,0.0,1024,8.0,0.025,32,320,15,static_0.7,0.0011960906255350846,6.752912252104256e-06,0.005645819896868822
70,0.0,1024,8.0,0.025,32,320,15,static_0.8,0.00526332350519552,6.752912252104256e-06,0.0012830129566306035
70,0.0,1024,8.0,0.025,32,320,15,static_0.9,0.027296277439316043,6.752912252104256e-06,0.0002473931570748814
70,0.0,1024,8.0,0.025,32,320,15,static_1.0,0.11714744207778181,6.752912252104256e-06,5.764455571825937e-05
70,0.0,1024,8.0,0.025,32,320,15,prepare_AB,2.4684525085506826e-06,6.752912252104256e-06,2.735686519676708
70,0.0,1024,8.0,0.025,32,320,15,prepare_BA,3.421105150822783e-05,6.752912252104256e-06,0.19738978939247648
70,0.0,1024,8.0,0.025,32,320,15,matched_static,0.007326324295534305,6.752912252104256e-06,0.0009217326424139365
70,0.0,1024,8.0,0.025,32,320,15,greedy_oracle,5.46635583584394e-06,6.752912252104256e-06,1.2353590682524032
70,0.0,1024,8.0,0.025,32,320,16,static_0.0,0.12103809846113392,3.9163778199075335e-06,3.235657094501618e-05
70,0.0,1024,8.0,0.025,32,320,16,static_0.1,0.027976339278644187,3.9163778199075335e-06,0.000139988930678186
70,0.0,1024,8.0,0.025,32,320,16,static_0.2,0.005433385117116993,3.9163778199075335e-06,0.0007207988639659693
70,0.0,1024,8.0,0.025,32,320,16,static_0.3,0.0010098951254438348,3.9163778199075335e-06,0.003878004479114938
70,0.0,1024,8.0,0.025,32,320,16,static_0.4,0.00014134241031794014,3.9163778199075335e-06,0.02770844087841652
70,0.0,1024,8.0,0.025,32,320,16,static_0.5,3.9163778199075335e-06,3.9163778199075335e-06,1.0
70,0.0,1024,8.0,0.025,32,320,16,static_0.6,0.00013144350259742906,3.9163778199075335e-06,0.029795141962263377
70,0.0,1024,8.0,0.025,32,320,16,static_0.7,0.0009278418989813555,3.9163778199075335e-06,0.004220953832982952
70,0.0,1024,8.0,0.025,32,320,16,static_0.8,0.00435873985258249,3.9163778199075335e-06,0.0008985114855127535
70,0.0,1024,8.0,0.025,32,320,16,static_0.9,0.022374270018304578,3.9163778199075335e-06,0.00017503935622049398
70,0.0,1024,8.0,0.025,32,320,16,static_1.0,0.11725685147508039,3.9163778199075335e-06,3.3399991306604786e-05
70,0.0,1024,8.0,0.025,32,320,16,prepare_AB,0.0003894328824316767,3.9163778199075335e-06,0.010056618217375711
70,0.0,1024,8.0,0.025,32,320,16,prepare_BA,0.00038940310169689393,3.9163778199075335e-06,0.0100573873265036
70,0.0,1024,8.0,0.025,32,320,16,matched_static,0.008708629584518486,3.9163778199075335e-06,0.00044971229765814824
70,0.0,1024,8.0,0.025,32,320,16,greedy_oracle,4.453413920116413e-06,3.9163778199075335e-06,0.8794102435026203
70,0.0,1024,8.0,0.025,32,320,17,static_0.0,0.11896070888544166,1.945589780959787e-05,0.00016354893974559082
70,0.0,1024,8.0,0.025,32,320,17,static_0.1,0.026114597133134458,1.945589780959787e-05,0.0007450200250231711
70,0.0,1024,8.0,0.025,32,320,17,static_0.2,0.0073289153445548465,1.945589780959787e-05,0.002654676291772559
70,0.0,1024,8.0,0.025,32,320,17,static_0.3,0.0016544434757515638,1.945589780959787e-05,0.0117597839362627
70,0.0,1024,8.0,0.025,32,320,17,static_0.4,0.00030897871711424554,1.945589780959787e-05,0.06296840763438087
70,0.0,1024,8.0,0.025,32,320,17,static_0.5,1.945589780959787e-05,1.945589780959787e-05,1.0
70,0.0,1024,8.0,0.025,32,320,17,static_0.6,8.255878200621104e-05,1.945589780959787e-05,0.23566115362668708
70,0.0,1024,8.0,0.025,32,320,17,static_0.7,0.0007954481118679535,1.945589780959787e-05,0.024459040783828774
70,0.0,1024,8.0,0.025,32,320,17,static_0.8,0.004518594296957843,1.945589780959787e-05,0.004305741239636542
70,0.0,1024,8.0,0.025,32,320,17,static_0.9,0.023713837277084333,1.945589780959787e-05,0.0008204449403217804
70,0.0,1024,8.0,0.025,32,320,17,static_1.0,0.11846227539783527,1.945589780959787e-05,0.00016423707669178703
70,0.0,1024,8.0,0.025,32,320,17,prepare_AB,0.00022033930029506803,1.945589780959787e-05,0.08829971677110458
70,0.0,1024,8.0,0.025,32,320,17,prepare_BA,0.0001712079919705709,1.945589780959787e-05,0.11363895800461325
70,0.0,1024,8.0,0.025,32,320,17,matched_static,0.010537950780573785,1.945589780959787e-05,0.0018462695655652422
70,0.0,1024,8.0,0.025,32,320,17,greedy_oracle,6.552207437479343e-06,1.945589780959787e-05,2.9693653620164717
70,0.0,1024,8.0,0.025,32,320,18,static_0.0,0.11882162829169526,4.2775899174410584e-05,0.0003600009509161077
70,0.0,1024,8.0,0.025,32,320,18,static_0.1,0.02885667997104668,4.2775899174410584e-05,0.0014823569176124814
70,0.0,1024,8.0,0.025,32,320,18,static_0.2,0.007907350944248919,4.2775899174410584e-05,0.005409637118170637
70,0.0,1024,8.0,0.025,32,320,18,static_0.3,0.001999175375048795,4.2775899174410584e-05,0.021396771743132603
70,0.0,1024,8.0,0.025,32,320,18,static_0.4,0.00041110266153122026,4.2775899174410584e-05,0.10405162305465168
70,0.0,1024,8.0,0.025,32,320,18,static_0.5,4.2775899174410584e-05,4.2775899174410584e-05,1.0
70,0.0,1024,8.0,0.025,32,320,18,static_0.6,6.743083483671377e-05,4.2775899174410584e-05,0.634367041102101
70,0.0,1024,8.0,0.025,32,320,18,static_0.7,0.000775631415616447,4.2775899174410584e-05,0.055149776444284
70,0.0,1024,8.0,0.025,32,320,18,static_0.8,0.0044524037484503,4.2775899174410584e-05,0.009607372015464485
70,0.0,1024,8.0,0.025,32,320,18,static_0.9,0.023407548374738785,4.2775899174410584e-05,0.0018274403833155781
70,0.0,1024,8.0,0.025,32,320,18,static_1.0,0.12364016089486979,4.2775899174410584e-05,0.0003459709115938678
70,0.0,1024,8.0,0.025,32,320,18,prepare_AB,2.1674930276921898e-07,4.2775899174410584e-05,197.35195743607844
70,0.0,1024,8.0,0.025,32,320,18,prepare_BA,1.4621836003194052e-05,4.2775899174410584e-05,2.9254807101561284
70,0.0,1024,8.0,0.025,32,320,18,matched_static,0.011286326185543994,4.2775899174410584e-05,0.0037900640537219072
70,0.0,1024,8.0,0.025,32,320,18,greedy_oracle,1.0396442873366267e-05,4.2775899174410584e-05,4.1144745078140526
70,0.0,1024,8.0,0.025,32,320,19,static_0.0,0.11904988893610763,9.867224997071524e-06,8.288310963790249e-05
70,0.0,1024,8.0,0.025,32,320,19,static_0.1,0.029699055574285756,9.867224997071524e-06,0.0003322403627411921
70,0.0,1024,8.0,0.025,32,320,19,static_0.2,0.006659566138810301,9.867224997071524e-06,0.0014816618367325435
70,0.0,1024,8.0,0.025,32,320,19,static_0.3,0.0014345609252353186,9.867224997071524e-06,0.0068782195468295995
70,0.0,1024,8.0,0.025,32,320,19,static_0.4,0.00022319918119001188,9.867224997071524e-06,0.04420815947649668
70,0.0,1024,8.0,0.025,32,320,19,static_0.5,9.867224997071524e-06,9.867224997071524e-06,1.0
70,0.0,1024,8.0,0.025,32,320,19,static_0.6,0.00012745755056030084,9.867224997071524e-06,0.07741577453587803
70,0.0,1024,8.0,0.025,32,320,19,static_0.7,0.0009393112196214425,9.867224997071524e-06,0.010504745169602226
70,0.0,1024,8.0,0.025,32,320,19,static_0.8,0.004508771472617815,9.867224997071524e-06,0.0021884509022016513
70,0.0,1024,8.0,0.025,32,320,19,static_0.9,0.020599535987516654,9.867224997071524e-06,0.0004790022941803677
70,0.0,1024,8.0,0.025,32,320,19,static_1.0,0.11494428413103254,9.867224997071524e-06,8.584354647703253e-05
70,0.0,1024,8.0,0.025,32,320,19,prepare_AB,1.5916707097297894e-05,9.867224997071524e-06,0.6199287915995286
70,0.0,1024,8.0,0.025,32,320,19,prepare_BA,0.00010829584377124893,9.867224997071524e-06,0.09111360744290296
70,0.0,1024,8.0,0.025,32,320,19,matched_static,0.010285147579782713,9.867224997071524e-06,0.0009593663990264281
70,0.0,1024,8.0,0.025,32,320,19,greedy_oracle,7.369212851511283e-06,9.867224997071524e-06,1.338979507838201
70,0.1,128,4.0,0.025,32,160,0,static_0.0,0.13387958920264412,0.0036724874254142788,0.02743127199065044
70,0.1,128,4.0,0.025,32,160,0,static_0.1,0.06966234343910441,0.0036724874254142788,0.05271840199611713
70,0.1,128,4.0,0.025,32,160,0,static_0.2,0.035110694383228044,0.0036724874254142788,0.10459740229941399
70,0.1,128,4.0,0.025,32,160,0,static_0.3,0.015545496530605099,0.0036724874254142788,0.23624124312684977
70,0.1,128,4.0,0.025,32,160,0,static_0.4,0.007027610760323114,0.0036724874254142788,0.5225797999725054
70,0.1,128,4.0,0.025,32,160,0,static_0.5,0.0036724874254142788,0.0036724874254142788,1.0
70,0.1,128,4.0,0.025,32,160,0,static_0.6,0.005943953646667081,0.0036724874254142788,0.6178526354211278
70,0.1,128,4.0,0.025,32,160,0,static_0.7,0.013760593752507695,0.0036724874254142788,0.2668843722491999
70,0.1,128,4.0,0.025,32,160,0,static_0.8,0.032125573525015744,0.0036724874254142788,0.11431663383548821
70,0.1,128,4.0,0.025,32,160,0,static_0.9,0.06587739131431222,0.0036724874254142788,0.055747311059908516
70,0.1,128,4.0,0.025,32,160,0,static_1.0,0.1383963220159731,0.0036724874254142788,0.026536018962920245
70,0.1,128,4.0,0.025,32,160,0,prepare_AB,0.001465968810950364,0.0036724874254142788,2.5051606814427823
70,0.1,128,4.0,0.025,32,160,0,prepare_BA,0.002104489663768015,0.0036724874254142788,1.7450726837207737
70,0.1,128,4.0,0.025,32,160,0,matched_static,0.011268305384778772,0.0036724874254142788,0.3259130188621862
70,0.1,128,4.0,0.025,32,160,0,greedy_oracle,0.0031669261849045383,0.0036724874254142788,1.1596378352358028
70,0.1,128,4.0,0.025,32,160,1,static_0.0,0.13736844877320395,0.002592818832428392,0.01887492255742911
70,0.1,128,4.0,0.025,32,160,1,static_0.1,0.058058910882377426,0.002592818832428392,0.04465841320518791
70,0.1,128,4.0,0.025,32,160,1,static_0.2,0.021842078206134135,0.002592818832428392,0.11870751528122558
70,0.1,128,4.0,0.025,32,160,1,static_0.3,0.008553155625831596,0.002592818832428392,0.3031417813324659
70,0.1,128,4.0,0.025,32,160,1,static_0.4,0.003324688648035549,0.002592818832428392,0.7798681641844583
70,0.1,128,4.0,0.025,32,160,1,static_0.5,0.002592818832428392,0.002592818832428392,1.0
70,0.1,128,4.0,0.025,32,160,1,static_0.6,0.00610446603698833,0.002592818832428392,0.42474129870129845
70,0.1,128,4.0,0.025,32,160,1,static_0.7,0.014058137737477425,0.002592818832428392,0.1844354409415286
70,0.1,128,4.0,0.025,32,160,1,static_0.8,0.02926154631573854,0.002592818832428392,0.0886084010889686
70,0.1,128,4.0,0.025,32,160,1,static_0.9,0.06965388653851727,0.002592818832428392,0.03722432388599899
70,0.1,128,4.0,0.025,32,160,1,static_1.0,0.1479585186224956,0.002592818832428392,0.01752395777254139
70,0.1,128,4.0,0.025,32,160,1,prepare_AB,0.0020299081047424864,0.002592818832428392,1.2773084783349424
70,0.1,128,4.0,0.025,32,160,1,prepare_BA,0.000754437585767719,0.002592818832428392,3.436757236571039
70,0.1,128,4.0,0.025,32,160,1,matched_static,0.006042132393844864,0.002592818832428392,0.42912314120586026
70,0.1,128,4.0,0.025,32,160,1,greedy_oracle,0.0023803391895098336,0.002592818832428392,1.0892644392257025
70,0.1,128,4.0,0.025,32,160,2,static_0.0,0.13867793356192215,0.0011635161717917463,0.008390059917299068
70,0.1,128,4.0,0.025,32,160,2,static_0.1,0.06795681842581874,0.0011635161717917463,0.017121404426280396
70,0.1,128,4.0,0.025,32,160,2,static_0.2,0.03215271995169621,0.0011635161717917463,0.0361871771203097
70,0.1,128,4.0,0.025,32,160,2,static_0.3,0.015311497902832441,0.0011635161717917463,0.07598970258661042
70,0.1,128,4.0,0.025,32,160,2,static_0.4,0.006245646566667655,0.0011635161717917463,0.1862923492983588
70,0.1,128,4.0,0.025,32,160,2,static_0.5,0.0020751991911786803,0.0011635161717917463,0.5606768626056025
70,0.1,128,4.0,0.025,32,160,2,static_0.6,0.0011635161717917463,0.0011635161717917463,1.0
70,0.1,128,4.0,0.025,32,160,2,static_0.7,0.003887283134173623,0.0011635161717917463,0.2993134617756862
70,0.1,128,4.0,0.025,32,160,2,static_0.8,0.01484957651823974,0.0011635161717917463,0.07835349178898125
70,0.1,128,4.0,0.025,32,160,2,static_0.9,0.04866695678645395,0.0011635161717917463,0.023907724020985045
70,0.1,128,4.0,0.025,32,160,2,static_1.0,0.13967415400458433,0.0011635161717917463,0.008330218142961207
70,0.1,128,4.0,0.025,32,160,2,prepare_AB,0.0001476184924445405,0.0011635161717917463,7.881913387165048
70,0.1,128,4.0,0.025,32,160,2,prepare_BA,0.0030789751413073476,0.0011635161717917463,0.3778907325954284
70,0.1,128,4.0,0.025,32,160,2,matched_static,0.011632258288280933,0.0011635161717917463,0.10002496015446506
70,0.1,128,4.0,0.025,32,160,2,greedy_oracle,0.001244450095778033,0.0011635161717917463,0.9349641064267131
70,0.1,128,4.0,0.025,32,160,3,static_0.0,0.1315989439805868,0.00305154075091475,0.02318818569976448
70,0.1,128,4.0,0.025,32,160,3,static_0.1,0.07487712208853209,0.00305154075091475,0.040753980198473906
70,0.1,128,4.0,0.025,32,160,3,static_0.2,0.03643740966179847,0.00305154075091475,0.08374746666237451
70,0.1,128,4.0,0.025,32,160,3,static_0.3,0.01704019548761483,0.00305154075091475,0.17907897553949267
70,0.1,128,4.0,0.025,32,160,3,static_0.4,0.007306220173995674,0.00305154075091475,0.4176633988906884
70,0.1,128,4.0,0.025,32,160,3,static_0.5,0.003130776041160792,0.00305154075091475,0.97469148568779
70,0.1,128,4.0,0.025,32,160,3,static_0.6,0.00305154075091475,0.00305154075091475,1.0
70,0.1,128,4.0,0.025,32,160,3,static_0.7,0.006610481786284052,0.00305154075091475,0.46162153524820637
70,0.1,128,4.0,0.025,32,160,3,static_0.8,0.020419164588358657,0.00305154075091475,0.14944493628571315
70,0.1,128,4.0,0.025,32,160,3,static_0.9,0.054571573256860524,0.00305154075091475,0.055918137755559795
70,0.1,128,4.0,0.025,32,160,3,static_1.0,0.14653599236905926,0.00305154075091475,0.02082451349719781
70,0.1,128,4.0,0.025,32,160,3,prepare_AB,0.0015637912336061558,0.00305154075091475,1.951373486010529
70,0.1,128,4.0,0.025,32,160,3,prepare_BA,0.0024402747026911853,0.00305154075091475,1.2504906712139612
70,0.1,128,4.0,0.025,32,160,3,matched_static,0.01157298209870088,0.00305154075091475,0.2636779980206916
70,0.1,128,4.0,0.025,32,160,3,greedy_oracle,0.0027875722154536886,0.00305154075091475,1.0946947792052444
70,0.1,128,4.0,0.025,32,160,4,static_0.0,0.13975888314602375,0.0020353108344002674,0.01456301587838049
70,0.1,128,4.0,0.025,32,160,4,static_0.1,0.06501982004350638,0.0020353108344002674,0.0313029293688969
70,0.1,128,4.0,0.025,32,160,4,static_0.2,0.028050127957064717,0.0020353108344002674,0.07255977004866579
70,0.1,128,4.0,0.025,32,160,4,static_0.3,0.011495589503744694,0.0020353108344002674,0.17705145384125484
70,0.1,128,4.0,0.025,32,160,4,static_0.4,0.004961005059024245,0.0020353108344002674,0.41026179376656036
70,0.1,128,4.0,0.025,32,160,4,static_0.5,0.0020353108344002674,0.0020353108344002674,1.0
70,0.1,128,4.0,0.025,32,160,4,static_0.6,0.002887687815031347,0.0020353108344002674,0.7048237083682722
70,0.1,128,4.0,0.025,32,160,4,static_0.7,0.008088029163081703,0.0020353108344002674,0.2516448436771923
70,0.1,128,4.0,0.025,32,160,4,static_0.8,0.024364216666262973,0.0020353108344002674,0.08353688781706467
70,0.1,128,4.0,0.025,32,160,4,static_0.9,0.05452413109716926,0.0020353108344002674,0.037328624839029025
70,0.1,128,4.0,0.025,32,160,4,static_1.0,0.13842781419381228,0.0020353108344002674,0.014703048272875538
70,0.1,128,4.0,0.025,32,160,4,prepare_AB,0.000483163807933184,0.0020353108344002674,4.212465422662054
70,0.1,128,4.0,0.025,32,160,4,prepare_BA,0.0017802717264786083,0.0020353108344002674,1.1432585285315566
70,0.1,128,4.0,0.025,32,160,4,matched_static,0.008080496515565172,0.0020353108344002674,0.2518794272703071
70,0.1,128,4.0,0.025,32,160,4,greedy_oracle,0.0016303208155952387,0.0020353108344002674,1.2484112420886713
70,0.1,128,4.0,0.025,32,160,5,static_0.0,0.14049072293775694,0.002366057341344862,0.016841377792561583
70,0.1,128,4.0,0.025,32,160,5,static_0.1,0.07257949338460731,0.002366057341344862,0.03259952957796005
70,0.1,128,4.0,0.025,32,160,5,static_0.2,0.03415925154854532,0.002366057341344862,0.06926549131155132
70,0.1,128,4.0,0.025,32,160,5,static_0.3,0.014080928160798341,0.002366057341344862,0.1680327684599674
70,0.1,128,4.0,0.025,32,160,5,static_0.4,0.0052220803245990825,0.002366057341344862,0.45308712127604295
70,0.1,128,4.0,0.025,32,160,5,static_0.5,0.002366057341344862,0.002366057341344862,1.0
70,0.1,128,4.0,0.025,32,160,5,static_0.6,0.0030703323927725864,0.002366057341344862,0.7706192811287945
70,0.1,128,4.0,0.025,32,160,5,static_0.7,0.007424287471662715,0.002366057341344862,0.31869150411749464
70,0.1,128,4.0,0.025,32,160,5,static_0.8,0.022308694600973494,0.002366057341344862,0.10605987412825192
70,0.1,128,4.0,0.025,32,160,5,static_0.9,0.06023821230061638,0.002366057341344862,0.039278345936581714
70,0.1,128,4.0,0.025,32,160,5,static_1.0,0.1471715951376878,0.002366057341344862,0.01607686142921312
70,0.1,128,4.0,0.025,32,160,5,prepare_AB,0.001247633795279328,0.002366057341344862,1.8964357572689303
70,0.1,128,4.0,0.025,32,160,5,prepare_BA,0.001027676421242553,0.002366057341344862,2.3023368955805044
70,0.1,128,4.0,0.025,32,160,5,matched_static,0.009675137962626595,0.002366057341344862,0.2445502431577242
70,0.1,128,4.0,0.025,32,160,5,greedy_oracle,0.0024434156009902315,0.002366057341344862,0.9683401138905642
70,0.1,128,4.0,0.025,32,160,6,static_0.0,0.14341087614224315,0.0020890466263824396,0.014566863285253227
70,0.1,128,4.0,0.025,32,160,6,static_0.1,0.05669857617030958,0.0020890466263824396,0.03684478107717239
70,0.1,128,4.0,0.025,32,160,6,static_0.2,0.021674117369732182,0.0020890466263824396,0.09638439207216737
70,0.1,128,4.0,0.025,32,160,6,static_0.3,0.008849919359174794,0.0020890466263824396,0.2360526171593536
70,0.1,128,4.0,0.025,32,160,6,static_0.4,0.0032544807084214688,0.0020890466263824396,0.6418986048916223
70,0.1,128,4.0,0.025,32,160,6,static_0.5,0.0020890466263824396,0.0020890466263824396,1.0
70,0.1,128,4.0,0.025,32,160,6,static_0.6,0.0037840339736108165,0.0020890466263824396,0.5520686761670432
70,0.1,128,4.0,0.025,32,160,6,static_0.7,0.009653288645073118,0.0020890466263824396,0.21640776560106853
70,0.1,128,4.0,0.025,32,160,6,static_0.8,0.023647602117167495,0.0020890466263824396,0.088340738144687
70,0.1,128,4.0,0.025,32,160,6,static_0.9,0.056035991345841106,0.0020890466263824396,0.03728044380422093
70,0.1,128,4.0,0.025,32,160,6,static_1.0,0.13885251174267968,0.0020890466263824396,0.015045076247910037
70,0.1,128,4.0,0.025,32,160,6,prepare_AB,0.0013886422419236862,0.0020890466263824396,1.5043807276728693
70,0.1,128,4.0,0.025,32,160,6,prepare_BA,0.0008395065537999823,0.0020890466263824396,2.4884220580845735
70,0.1,128,4.0,0.025,32,160,6,matched_static,0.0057903722369647545,0.0020890466263824396,0.360779331775308
70,0.1,128,4.0,0.025,32,160,6,greedy_oracle,0.0020846239235685054,0.0020890466263824396,1.0021215830653825
70,0.1,128,4.0,0.025,32,160,7,static_0.0,0.14055916168887603,0.0011980144770008488,0.008523204482768772
70,0.1,128,4.0,0.025,32,160,7,static_0.1,0.05980421339105023,0.0011980144770008488,0.02003227547141575
70,0.1,128,4.0,0.025,32,160,7,static_0.2,0.02269333940364592,0.0011980144770008488,0.052791458131912286
70,0.1,128,4.0,0.025,32,160,7,static_0.3,0.010230823748239385,0.0011980144770008488,0.11709853541431736
70,0.1,128,4.0,0.025,32,160,7,static_0.4,0.0035303599307383833,0.0011980144770008488,0.3393462707781983
70,0.1,128,4.0,0.025,32,160,7,static_0.5,0.0011980144770008488,0.0011980144770008488,1.0
70,0.1,128,4.0,0.025,32,160,7,static_0.6,0.001517335652652692,0.0011980144770008488,0.7895513922093719
70,0.1,128,4.0,0.025,32,160,7,static_0.7,0.005785861834718311,0.0011980144770008488,0.20705895011389866
70,0.1,128,4.0,0.025,32,160,7,static_0.8,0.01956355188369555,0.0011980144770008488,0.06123706390961069
70,0.1,128,4.0,0.025,32,160,7,static_0.9,0.056349044379968315,0.0011980144770008488,0.021260599717051003
70,0.1,128,4.0,0.025,32,160,7,static_1.0,0.15118804313461376,0.0011980144770008488,0.007924002799177505
70,0.1,128,4.0,0.025,32,160,7,prepare_AB,0.00020994128058310157,0.0011980144770008488,5.706426452546268
70,0.1,128,4.0,0.025,32,160,7,prepare_BA,0.0014046067573183934,0.0011980144770008488,0.8529180646176298
70,0.1,128,4.0,0.025,32,160,7,matched_static,0.00666733488674511,0.0011980144770008488,0.17968416126547695
70,0.1,128,4.0,0.025,32,160,7,greedy_oracle,0.0009334623952201067,0.0011980144770008488,1.283409469021365
70,0.1,128,4.0,0.025,32,160,8,static_0.0,0.1377002171837717,0.0020417887055643813,0.014827781301459057
70,0.1,128,4.0,0.025,32,160,8,static_0.1,0.05973648256969906,0.0020417887055643813,0.034179928541692634
70,0.1,128,4.0,0.025,32,160,8,static_0.2,0.02557858607182547,0.0020417887055643813,0.0798241427352933
70,0.1,128,4.0,0.025,32,160,8,static_0.3,0.011003279919567083,0.0020417887055643813,0.18556182524571402
70,0.1,128,4.0,0.025,32,160,8,static_0.4,0.003972908701465622,0.0020417887055643813,0.513927920068024
70,0.1,128,4.0,0.025,32,160,8,static_0.5,0.0020417887055643813,0.0020417887055643813,1.0
70,0.1,128,4.0,0.025,32,160,8,static_0.6,0.0045653064388636675,0.0020417887055643813,0.4472402308381724
70,0.1,128,4.0,0.025,32,160,8,static_0.7,0.01131817058766342,0.0020417887055643813,0.18039918109998185
70,0.1,128,4.0,0.025,32,160,8,static_0.8,0.029312932100581567,0.0020417887055643813,0.06965487787296011
70,0.1,128,4.0,0.025,32,160,8,static_0.9,0.05900185555225958,0.0020417887055643813,0.03460549988560805
70,0.1,128,4.0,0.025,32,160,8,static_1.0,0.13319827955897576,0.0020417887055643813,0.015328942027816098
70,0.1,128,4.0,0.025,32,160,8,prepare_AB,0.001551233244848831,0.0020417887055643813,1.3162357835899496
70,0.1,128,4.0,0.025,32,160,8,prepare_BA,0.0005806028784435306,0.0020417887055643813,3.5166699673242587
70,0.1,128,4.0,0.025,32,160,8,matched_static,0.006965464226986271,0.0020417887055643813,0.2931303125000466
70,0.1,128,4.0,0.025,32,160,8,greedy_oracle,0.0022388893401817404,0.0020417887055643813,0.9119649948392002
70,0.1,128,4.0,0.025,32,160,9,static_0.0,0.14791402931440478,0.001685618604635083,0.011395934600984647
70,0.1,128,4.0,0.025,32,160,9,static_0.1,0.0587219784802225,0.001685618604635083,0.028705071733964097
70,0.1,128,4.0,0.025,32,160,9,static_0.2,0.017867741389419104,0.001685618604635083,0.09433865019074378
70,0.1,128,4.0,0.025,32,160,9,static_0.3,0.00597687612868574,0.001685618604635083,0.2820233460327268
70,0.1,128,4.0,0.025,32,160,9,static_0.4,0.0020649400325674755,0.001685618604635083,0.816303901348284
70,0.1,128,4.0,0.025,32,160,9,static_0.5,0.001685618604635083,0.001685618604635083,1.0
70,0.1,128,4.0,0.025,32,160,9,static_0.6,0.003927882005047952,0.001685618604635083,0.4291418638515096
70,0.1,128,4.0,0.025,32,160,9,static_0.7,0.011092146771759806,0.001685618604635083,0.15196504692190022
70,0.1,128,4.0,0.025,32,160,9,static_0.8,0.027039919791054554,0.001685618604635083,0.062338151061850616
70,0.1,128,4.0,0.025,32,160,9,static_0.9,0.06426302151660176,0.001685618604635083,0.02622999300149027
70,0.1,128,4.0,0.025,32,160,9,static_1.0,0.13440550891530245,0.001685618604635083,0.012541291039620255
70,0.1,128,4.0,0.025,32,160,9,prepare_AB,0.0017855631461448438,0.001685618604635083,0.9440263192452487
70,0.1,128,4.0,0.025,32,160,9,prepare_BA,0.0005548757782803305,0.001685618604635083,3.0378305750868195
70,0.1,128,4.0,0.025,32,160,9,matched_static,0.0036444375189016963,0.001685618604635083,0.46251817897623565
70,0.1,128,4.0,0.025,32,160,9,greedy_oracle,0.0013407863916803965,0.001685618604635083,1.2571865399994933
70,0.1,128,4.0,0.025,32,160,10,static_0.0,0.13991615202723878,0.004028605242417995,0.028792996262745337
70,0.1,128,4.0,0.025,32,160,10,static_0.1,0.06915260577509291,0.004028605242417995,0.058256738083310236
70,0.1,128,4.0,0.025,32,160,10,static_0.2,0.036999105364368574,0.004028605242417995,0.10888385550796809
70,0.1,128,4.0,0.025,32,160,10,static_0.3,0.017449655112467464,0.004028605242417995,0.23087019293233074
70,0.1,128,4.0,0.025,32,160,10,static_0.4,0.008415951560743049,0.004028605242417995,0.47868683812413804
70,0.1,128,4.0,0.025,32,160,10,static_0.5,0.004028605242417995,0.004028605242417995,1.0
70,0.1,128,4.0,0.025,32,160,10,static_0.6,0.004208044304996881,0.004028605242417995,0.9573580861860675
70,0.1,128,4.0,0.025,32,160,10,static_0.7,0.01039772628932337,0.004028605242417995,0.3874505954782308
70,0.1,128,4.0,0.025,32,160,10,static_0.8,0.029667586840470273,0.004028605242417995,0.13579147047182405
70,0.1,128,4.0,0.025,32,160,10,static_0.9,0.07515932565726778,0.004028605242417995,0.053600869981041875
70,0.1,128,4.0,0.025,32,160,10,static_1.0,0.1487409863645288,0.004028605242417995,0.027084701674257028
70,0.1,128,4.0,0.025,32,160,10,prepare_AB,0.002230597182699242,0.004028605242417995,1.8060657807982103
70,0.1,128,4.0,0.025,32,160,10,prepare_BA,0.0029525061380975166,0.004028605242417995,1.3644697263911112
70,0.1,128,4.0,0.025,32,160,10,matched_static,0.012623401973977707,0.004028605242417995,0.3191378402369419
70,0.1,128,4.0,0.025,32,160,10,greedy_oracle,0.003994938017863664,0.004028605242417995,1.0084274710655798
70,0.1,128,4.0,0.025,32,160,11,static_0.0,0.12970571462326227,0.0018912930885002606,0.014581416817243792
70,0.1,128,4.0,0.025,32,160,11,static_0.1,0.054892627641534374,0.0018912930885002606,0.03445440981348137
70,0.1,128,4.0,0.025,32,160,11,static_0.2,0.02263516058836153,0.0018912930885002606,0.08355554099637001
70,0.1,128,4.0,0.025,32,160,11,static_0.3,0.008962700118783848,0.0018912930885002606,0.2110182270336733
70,0.1,128,4.0,0.025,32,160,11,static_0.4,0.002916889575504136,0.0018912930885002606,0.6483937905580063
70,0.1,128,4.0,0.025,32,160,11,static_0.5,0.0018912930885002606,0.0018912930885002606,1.0
70,0.1,128,4.0,0.025,32,160,11,static_0.6,0.004502064402186487,0.0018912930885002606,0.42009463204962794
70,0.1,128,4.0,0.025,32,160,11,static_0.7,0.012473972110337912,0.0018912930885002606,0.15161915320724784
70,0.1,128,4.0,0.025,32,160,11,static_0.8,0.03143403257874241,0.0018912930885002606,0.06016705250153832
70,0.1,128,4.0,0.025,32,160,11,static_0.9,0.06469874301176055,0.0018912930885002606,0.029232300357929248
70,0.1,128,4.0,0.025,32,160,11,static_1.0,0.14014573307867306,0.0018912930885002606,0.01349518852235446
70,0.1,128,4.0,0.025,32,160,11,prepare_AB,0.0016487743435612834,0.0018912930885002606,1.1470903194764341
70,0.1,128,4.0,0.025,32,160,11,prepare_BA,0.0005931951975434111,0.0018912930885002606,3.188314902636838
70,0.1,128,4.0,0.025,32,160,11,matched_static,0.00543861166525873,0.0018912930885002606,0.347752920213377
70,0.1,128,4.0,0.025,32,160,11,greedy_oracle,0.002001599690616933,0.0018912930885002606,0.944890777794498
70,0.1,128,4.0,0.025,32,160,12,static_0.0,0.13643875468501088,0.001340444950118067,0.009824517624868998
70,0.1,128,4.0,0.025,32,160,12,static_0.1,0.06507242668839971,0.001340444950118067,0.02059927711835318
70,0.1,128,4.0,0.025,32,160,12,static_0.2,0.02689219919660403,0.001340444950118067,0.049845122011714815
70,0.1,128,4.0,0.025,32,160,12,static_0.3,0.010486705049331175,0.001340444950118067,0.12782327182965428
70,0.1,128,4.0,0.025,32,160,12,static_0.4,0.0032385674555229934,0.001340444950118067,0.4139005805891419
70,0.1,128,4.0,0.025,32,160,12,static_0.5,0.001340444950118067,0.001340444950118067,1.0
70,0.1,128,4.0,0.025,32,160,12,static_0.6,0.0029223599137599785,0.001340444950118067,0.4586857846655234
70,0.1,128,4.0,0.025,32,160,12,static_0.7,0.00906378452432631,0.001340444950118067,0.14789020486094348
70,0.1,128,4.0,0.025,32,160,12,static_0.8,0.025403862903043476,0.001340444950118067,0.052765398523603145
70,0.1,128,4.0,0.025,32,160,12,static_0.9,0.05983017725630608,0.001340444950118067,0.022404161438060666
70,0.1,128,4.0,0.025,32,160,12,static_1.0,0.14866752774751354,0.001340444950118067,0.009016393629647117
70,0.1,128,4.0,0.025,32,160,12,prepare_AB,0.0005189107213016125,0.001340444950118067,2.5831899305448047
70,0.1,128,4.0,0.025,32,160,12,prepare_BA,0.000990118151038077,0.001340444950118067,1.353823226766113
70,0.1,128,4.0,0.025,32,160,12,matched_static,0.006401581483643917,0.001340444950118067,0.20939278107181994
70,0.1,128,4.0,0.025,32,160,12,greedy_oracle,0.0011869996826150452,0.001340444950118067,1.129271532040321
70,0.1,128,4.0,0.025,32,160,13,static_0.0,0.11924196651878065,0.004435028223951891,0.03719351796545029
70,0.1,128,4.0,0.025,32,160,13,static_0.1,0.055550373622300746,0.004435028223951891,0.07983795490029692
70,0.1,128,4.0,0.025,32,160,13,static_0.2,0.022041822953967897,0.004435028223951891,0.20120968366427747
70,0.1,128,4.0,0.025,32,160,13,static_0.3,0.00898857981201941,0.004435028223951891,0.49340700274157095
70,0.1,128,4.0,0.025,32,160,13,static_0.4,0.004435028223951891,0.004435028223951891,1.0
70,0.1,128,4.0,0.025,32,160,13,static_0.5,0.005527159226527452,0.004435028223951891,0.8024064518832914
70,0.1,128,4.0,0.025,32,160,13,static_0.6,0.010571692959684308,0.004435028223951891,0.4195192048109132
70,0.1,128,4.0,0.025,32,160,13,static_0.7,0.022089507638915012,0.004435028223951891,0.20077533172983522
70,0.1,128,4.0,0.025,32,160,13,static_0.8,0.04104540914508981,0.004435028223951891,0.10805174844949608
70,0.1,128,4.0,0.025,32,160,13,static_0.9,0.07569468864795588,0.004435028223951891,0.05859100953012055
70,0.1,128,4.0,0.025,32,160,13,static_1.0,0.13151246779117232,0.004435028223951891,0.03372325299981626
70,0.1,128,4.0,0.025,32,160,13,prepare_AB,0.00351704864332669,0.004435028223951891,1.2610084971008266
70,0.1,128,4.0,0.025,32,160,13,prepare_BA,0.0022198663139141586,0.004435028223951891,1.997880771537034
70,0.1,128,4.0,0.025,32,160,13,matched_static,0.00597150309011655,0.004435028223951891,0.7426988074899127
70,0.1,128,4.0,0.025,32,160,13,greedy_oracle,0.00389319694598844,0.004435028223951891,1.1391738680268293
70,0.1,128,4.0,0.025,32,160,14,static_0.0,0.13129507447948807,0.004810148155711709,0.03663616609214985
70,0.1,128,4.0,0.025,32,160,14,static_0.1,0.061308515496968544,0.004810148155711709,0.07845807579453708
70,0.1,128,4.0,0.025,32,160,14,static_0.2,0.02782270663681299,0.004810148155711709,0.17288570154232477
70,0.1,128,4.0,0.025,32,160,14,static_0.3,0.013386897331620587,0.004810148155711709,0.35931762502950365
70,0.1,128,4.0,0.025,32,160,14,static_0.4,0.006432484584191069,0.004810148155711709,0.7477900790517976
70,0.1,128,4.0,0.025,32,160,14,static_0.5,0.004810148155711709,0.004810148155711709,1.0
70,0.1,128,4.0,0.025,32,160,14,static_0.6,0.008646604617231848,0.004810148155711709,0.556304858224412
70,0.1,128,4.0,0.025,32,160,14,static_0.7,0.017971226918876034,0.004810148155711709,0.2676583061037075
70,0.1,128,4.0,0.025,32,160,14,static_0.8,0.035876416918593786,0.004810148155711709,0.1340754893841904
70,0.1,128,4.0,0.025,32,160,14,static_0.9,0.0730568659961138,0.004810148155711709,0.06584115113790374
70,0.1,128,4.0,0.025,32,160,14,static_1.0,0.14570870610099543,0.004810148155711709,0.033012084757499935
70,0.1,128,4.0,0.025,32,160,14,prepare_AB,0.002454493564616218,0.004810148155711709,1.9597314187555506
70,0.1,128,4.0,0.025,32,160,14,prepare_BA,0.003453292385631682,0.004810148155711709,1.3929165615183867
70,0.1,128,4.0,0.025,32,160,14,matched_static,0.009784503063246765,0.004810148155711709,0.4916088353817297
70,0.1,128,4.0,0.025,32,160,14,greedy_oracle,0.00469382967554362,0.004810148155711709,1.0247811463577696
70,0.1,128,4.0,0.025,32,160,15,static_0.0,0.14676223174720482,0.0015077302332361653,0.010273284994965205
70,0.1,128,4.0,0.025,32,160,15,static_0.1,0.07234145837422823,0.0015077302332361653,0.020841855654009
70,0.1,128,4.0,0.025,32,160,15,static_0.2,0.038287106340610805,0.0015077302332361653,0.039379581727149976
70,0.1,128,4.0,0.025,32,160,15,static_0.3,0.017531608039752372,0.0015077302332361653,0.08600068115927724
70,0.1,128,4.0,0.025,32,160,15,static_0.4,0.008198216683060311,0.0015077302332361653,0.18390953685714792
70,0.1,128,4.0,0.025,32,160,15,static_0.5,0.003998643033728764,0.0015077302332361653,0.37706047289502503
70,0.1,128,4.0,0.025,32,160,15,static_0.6,0.0015077302332361653,0.0015077302332361653,1.0
70,0.1,128,4.0,0.025,32,160,15,static_0.7,0.0027018066230918058,0.0015077302332361653,0.5580452058818325
70,0.1,128,4.0,0.025,32,160,15,static_0.8,0.011125870847625681,0.0015077302332361653,0.13551570514212133
70,0.1,128,4.0,0.025,32,160,15,static_0.9,0.03992622700246896,0.0015077302332361653,0.037762902894454074
70,0.1,128,4.0,0.025,32,160,15,static_1.0,0.12659563428033865,0.0015077302332361653,0.011909812228574838
70,0.1,128,4.0,0.025,32,160,15,prepare_AB,0.0036935838243824614,0.0015077302332361653,0.408202522244976
70,0.1,128,4.0,0.025,32,160,15,prepare_BA,0.005060736114690887,0.0015077302332361653,0.29792706022733584
70,0.1,128,4.0,0.025,32,160,15,matched_static,0.012138989179046107,0.0015077302332361653,0.12420558343018838
70,0.1,128,4.0,0.025,32,160,15,greedy_oracle,0.0014699131712111097,0.0015077302332361653,1.0257274121803377
70,0.1,128,4.0,0.025,32,160,16,static_0.0,0.13761537779952646,0.002211968025795663,0.01607355268840656
70,0.1,128,4.0,0.025,32,160,16,static_0.1,0.06993347439937116,0.002211968025795663,0.03162960291610441
70,0.1,128,4.0,0.025,32,160,16,static_0.2,0.03058566043106513,0.002211968025795663,0.07232042710933322
70,0.1,128,4.0,0.025,32,160,16,static_0.3,0.014595932110678297,0.002211968025795663,0.15154688368120048
70,0.1,128,4.0,0.025,32,160,16,static_0.4,0.005264719102540842,0.002211968025795663,0.42014929623275243
70,0.1,128,4.0,0.025,32,160,16,static_0.5,0.002211968025795663,0.002211968025795663,1.0
70,0.1,128,4.0,0.025,32,160,16,static_0.6,0.00290082934670263,0.002211968025795663,0.7625295256716859
70,0.1,128,4.0,0.025,32,160,16,static_0.7,0.00994998145216035,0.002211968025795663,0.22230875870782638
70,0.1,128,4.0,0.025,32,160,16,static_0.8,0.025602400992083853,0.002211968025795663,0.08639689795029745
70,0.1,128,4.0,0.025,32,160,16,static_0.9,0.06402850704779886,0.002211968025795663,0.034546612560314334
70,0.1,128,4.0,0.025,32,160,16,static_1.0,0.14922581239374802,0.002211968025795663,0.014822958510416095
70,0.1,128,4.0,0.025,32,160,16,prepare_AB,0.0007289742737268823,0.002211968025795663,3.0343567743302824
70,0.1,128,4.0,0.025,32,160,16,prepare_BA,0.000670473076004974,0.002211968025795663,3.299115363402382
70,0.1,128,4.0,0.025,32,160,16,matched_static,0.00943533599393575,0.002211968025795663,0.23443447347474772
70,0.1,128,4.0,0.025,32,160,16,greedy_oracle,0.0015520454534133227,0.002211968025795663,1.425195390335387
70,0.1,128,4.0,0.025,32,160,17,static_0.0,0.1484709790921087,0.0005577793740557999,0.00375682424583301
70,0.1,128,4.0,0.025,32,160,17,static_0.1,0.056893132658338987,0.0005577793740557999,0.009803984206766028
70,0.1,128,4.0,0.025,32,160,17,static_0.2,0.02092858735848078,0.0005577793740557999,0.026651553900974304
70,0.1,128,4.0,0.025,32,160,17,static_0.3,0.0068792420769149916,0.0005577793740557999,0.08108151564073714
70,0.1,128,4.0,0.025,32,160,17,static_0.4,0.0015773177645352465,0.0005577793740557999,0.3536252406439792
70,0.1,128,4.0,0.025,32,160,17,static_0.5,0.0005577793740557999,0.0005577793740557999,1.0
70,0.1,128,4.0,0.025,32,160,17,static_0.6,0.0023660306507204422,0.0005577793740557999,0.23574477950484682
70,0.1,128,4.0,0.025,32,160,17,static_0.7,0.00881435338472362,0.0005577793740557999,0.063280804582047
70,0.1,128,4.0,0.025,32,160,17,static_0.8,0.024732109900318697,0.0005577793740557999,0.02255284228898774
70,0.1,128,4.0,0.025,32,160,17,static_0.9,0.05625010493691318,0.0005577793740557999,0.009916059262136
70,0.1,128,4.0,0.025,32,160,17,static_1.0,0.14110282030270505,0.0005577793740557999,0.003952999471301899
70,0.1,128,4.0,0.025,32,160,17,prepare_AB,0.0006856294469587477,0.0005577793740557999,0.8135289062188716
70,0.1,128,4.0,0.025,32,160,17,prepare_BA,0.000627519562702122,0.0005577793740557999,0.8888637218798116
70,0.1,128,4.0,0.025,32,160,17,matched_static,0.0039965360544134305,0.0005577793740557999,0.13956570551636494
70,0.1,128,4.0,0.025,32,160,17,greedy_oracle,0.0004966113679782805,0.0005577793740557999,1.1231707730061358
70,0.1,128,4.0,0.025,32,160,18,static_0.0,0.13734811802993555,0.004954644336311071,0.03607362377714697
70,0.1,128,4.0,0.025,32,160,18,static_0.1,0.06623099107973314,0.004954644336311071,0.07480854892155171
70,0.1,128,4.0,0.025,32,160,18,static_0.2,0.02754869166912537,0.004954644336311071,0.1798504406604502
70,0.1,128,4.0,0.025,32,160,18,static_0.3,0.012437705636129117,0.004954644336311071,0.39835677746857046
70,0.1,128,4.0,0.025,32,160,18,static_0.4,0.006152111396429344,0.004954644336311071,0.8053567331675305
70,0.1,128,4.0,0.025,32,160,18,static_0.5,0.004954644336311071,0.004954644336311071,1.0
70,0.1,128,4.0,0.025,32,160,18,static_0.6,0.00839353892746913,0.004954644336311071,0.5902926499925134
70,0.1,128,4.0,0.025,32,160,18,static_0.7,0.016267084846164015,0.004954644336311071,0.3045809610736394
70,0.1,128,4.0,0.025,32,160,18,static_0.8,0.036770135276884906,0.004954644336311071,0.13474642665853198
70,0.1,128,4.0,0.025,32,160,18,static_0.9,0.07637345676766578,0.004954644336311071,0.06487390444278958
70,0.1,128,4.0,0.025,32,160,18,static_1.0,0.15213759741548633,0.004954644336311071,0.032566863290078026
70,0.1,128,4.0,0.025,32,160,18,prepare_AB,0.0026424834293382188,0.004954644336311071,1.874995423358968
70,0.1,128,4.0,0.025,32,160,18,prepare_BA,0.0032715410783868146,0.004954644336311071,1.514468019076254
70,0.1,128,4.0,0.025,32,160,18,matched_static,0.00885393850335164,0.004954644336311071,0.5595977806301118
70,0.1,128,4.0,0.025,32,160,18,greedy_oracle,0.004964500761523454,0.004954644336311071,0.9980146190551982
70,0.1,128,4.0,0.025,32,160,19,static_0.0,0.15170785449057167,0.0031456483941932965,0.020734907923892577
70,0.1,128,4.0,0.025,32,160,19,static_0.1,0.06672758074538823,0.0031456483941932965,0.04714165205833126
70,0.1,128,4.0,0.025,32,160,19,static_0.2,0.025975844674891165,0.0031456483941932965,0.12109898382761547
70,0.1,128,4.0,0.025,32,160,19,static_0.3,0.009938258786745776,0.0031456483941932965,0.31651906653794437
70,0.1,128,4.0,0.025,32,160,19,static_0.4,0.003912941509639647,0.0031456483941932965,0.8039088717385371
70,0.1,128,4.0,0.025,32,160,19,static_0.5,0.0031456483941932965,0.0031456483941932965,1.0
70,0.1,128,4.0,0.025,32,160,19,static_0.6,0.006254890131456875,0.0031456483941932965,0.5029102555092553
70,0.1,128,4.0,0.025,32,160,19,static_0.7,0.014289748931672008,0.0031456483941932965,0.2201332164221049
70,0.1,128,4.0,0.025,32,160,19,static_0.8,0.032505595881299726,0.0031456483941932965,0.09677251897427819
70,0.1,128,4.0,0.025,32,160,19,static_0.9,0.06734874504903464,0.0031456483941932965,0.04670685982200622
70,0.1,128,4.0,0.025,32,160,19,static_1.0,0.1397489743607396,0.0031456483941932965,0.02250927714197965
70,0.1,128,4.0,0.025,32,160,19,prepare_AB,0.0023358460503870465,0.0031456483941932965,1.3466848098452666
70,0.1,128,4.0,0.025,32,160,19,prepare_BA,0.000998749581565517,0.0031456483941932965,3.1495866954582996
70,0.1,128,4.0,0.025,32,160,19,matched_static,0.0065266625501367035,0.0031456483941932965,0.48196890371288
70,0.1,128,4.0,0.025,32,160,19,greedy_oracle,0.002614053039724602,0.0031456483941932965,1.203360584651603
70,0.1,128,8.0,0.025,32,320,0,static_0.0,0.10889707521786565,3.696946972527527e-05,0.00033949001523973034
70,0.1,128,8.0,0.025,32,320,0,static_0.1,0.029615363451456843,3.696946972527527e-05,0.0012483206490399043
70,0.1,128,8.0,0.025,32,320,0,static_0.2,0.008190973753843723,3.696946972527527e-05,0.004513440139876758
70,0.1,128,8.0,0.025,32,320,0,static_0.3,0.001845295826367555,3.696946972527527e-05,0.020034440655539373
70,0.1,128,8.0,0.025,32,320,0,static_0.4,0.0004595554925307325,3.696946972527527e-05,0.08044614921625153
70,0.1,128,8.0,0.025,32,320,0,static_0.5,3.696946972527527e-05,3.696946972527527e-05,1.0
70,0.1,128,8.0,0.025,32,320,0,static_0.6,0.00019841798582891467,3.696946972527527e-05,0.18632116222141318
70,0.1,128,8.0,0.025,32,320,0,static_0.7,0.0013552662247334002,3.696946972527527e-05,0.0272783819522601
70,0.1,128,8.0,0.025,32,320,0,static_0.8,0.0070314573936823815,3.696946972527527e-05,0.0052577250568981
70,0.1,128,8.0,0.025,32,320,0,static_0.9,0.027247506020900203,3.696946972527527e-05,0.0013568019655420145
70,0.1,128,8.0,0.025,32,320,0,static_1.0,0.11516551097463579,3.696946972527527e-05,0.0003210116415271016
70,0.1,128,8.0,0.025,32,320,0,prepare_AB,0.00010265189044131445,3.696946972527527e-05,0.36014407105742025
70,0.1,128,8.0,0.025,32,320,0,prepare_BA,0.00021568190404556243,3.696946972527527e-05,0.17140737832815836
70,0.1,128,8.0,0.025,32,320,0,matched_static,0.011663716156534842,3.696946972527527e-05,0.003169613288691216
70,0.1,128,8.0,0.025,32,320,0,greedy_oracle,3.154367031452275e-05,3.696946972527527e-05,1.1720091338976006
70,0.1,128,8.0,0.025,32,320,1,static_0.0,0.11528923286424897,0.00020177087545817014,0.001750127661060524
70,0.1,128,8.0,0.025,32,320,1,static_0.1,0.02233847019220859,0.00020177087545817014,0.00903243927279074
70,0.1,128,8.0,0.025,32,320,1,static_0.2,0.003860264996551089,0.00020177087545817014,0.05226865918232041
70,0.1,128,8.0,0.025,32,320,1,static_0.3,0.0008398544805220702,0.00020177087545817014,0.240245042608745
70,0.1,128,8.0,0.025,32,320,1,static_0.4,0.00022507890974767832,0.00020177087545817014,0.896445054245032
70,0.1,128,8.0,0.025,32,320,1,static_0.5,0.00020177087545817014,0.00020177087545817014,1.0
70,0.1,128,8.0,0.025,32,320,1,static_0.6,0.0006299905082607838,0.00020177087545817014,0.3202760562459892
70,0.1,128,8.0,0.025,32,320,1,static_0.7,0.0021666902147490417,0.00020177087545817014,0.09312400733832657
70,0.1,128,8.0,0.025,32,320,1,static_0.8,0.0072309843084690855,0.00020177087545817014,0.02790365278788556
70,0.1,128,8.0,0.025,32,320,1,static_0.9,0.029995644706845716,0.00020177087545817014,0.006726672402947927
70,0.1,128,8.0,0.025,32,320,1,static_1.0,0.12947149889470505,0.00020177087545817014,0.0015584192442404936
70,0.1,128,8.0,0.025,32,320,1,prepare_AB,0.0003697419577308827,0.00020177087545817014,0.5457072729761154
70,0.1,128,8.0,0.025,32,320,1,prepare_BA,0.00030708515224155895,0.00020177087545817014,0.6570518762804051
70,0.1,128,8.0,0.025,32,320,1,matched_static,0.006159127923884141,0.00020177087545817014,0.03275965005950502
70,0.1,128,8.0,0.025,32,320,1,greedy_oracle,0.00016686104152726326,0.00020177087545817014,1.2092150067588006
70,0.1,128,8.0,0.025,32,320,2,static_0.0,0.1189827145579544,8.198007799252196e-06,6.890083008871923e-05
70,0.1,128,8.0,0.025,32,320,2,static_0.1,0.029030972839013163,8.198007799252196e-06,0.00028238832521090487
70,0.1,128,8.0,0.025,32,320,2,static_0.2,0.006693815013238523,8.198007799252196e-06,0.0012247138265755468
70,0.1,128,8.0,0.025,32,320,2,static_0.3,0.0017638566695105603,8.198007799252196e-06,0.004647774357724316
70,0.1,128,8.0,0.025,32,320,2,static_0.4,0.000379856295043341,8.198007799252196e-06,0.021581866369535394
70,0.1,128,8.0,0.025,32,320,2,static_0.5,4.359321493825116e-05,8.198007799252196e-06,0.1880569673712869
70,0.1,128,8.0,0.025,32,320,2,static_0.6,8.198007799252196e-06,8.198007799252196e-06,1.0
70,0.1,128,8.0,0.025,32,320,2,static_0.7,0.000289899370666076,8.198007799252196e-06,0.028278805091630114
70,0.1,128,8.0,0.025,32,320,2,static_0.8,0.0025058761554156658,8.198007799252196e-06,0.0032715135508731234
70,0.1,128,8.0,0.025,32,320,2,static_0.9,0.018375438643890858,8.198007799252196e-06,0.0004461394341722408
70,0.1,128,8.0,0.025,32,320,2,static_1.0,0.12093977450122255,8.198007799252196e-06,6.778586972782328e-05
70,0.1,128,8.0,0.025,32,320,2,prepare_AB,4.166605015080356e-05,8.198007799252196e-06,0.19675509844539685
70,0.1,128,8.0,0.025,32,320,2,prepare_BA,0.0013022229144904862,8.198007799252196e-06,0.006295395133988858
70,0.1,128,8.0,0.025,32,320,2,matched_static,0.009673505159328773,8.198007799252196e-06,0.0008474702462267608
70,0.1,128,8.0,0.025,32,320,2,greedy_oracle,2.24911160465984e-06,8.198007799252196e-06,3.644998221638752
70,0.1,128,8.0,0.025,32,320,3,static_0.0,0.11432186247616485,2.623553929154152e-07,2.2948838239065083e-06
70,0.1,128,8.0,0.025,32,320,3,static_0.1,0.037291068660811236,2.623553929154152e-07,7.0353412314815615e-06
70,0.1,128,8.0,0.025,32,320,3,static_0.2,0.011172544183393652,2.623553929154152e-07,2.348215308965777e-05
70,0.1,128,8.0,0.025,32,320,3,static_0.3,0.0030418983028316386,2.623553929154152e-07,8.624725970332214e-05
70,0.1,128,8.0,0.025,32,320,3,static_0.4,0.0007735526165267399,2.623553929154152e-07,0.000339156493443709
70,0.1,128,8.0,0.025,32,320,3,static_0.5,0.00017335179179317787,2.623553929154152e-07,0.0015134276386853012
70,0.1,128,8.0,0.025,32,320,3,static_0.6,2.623553929154152e-07,2.623553929154152e-07,1.0
70,0.1,128,8.0,0.025,32,320,3,static_0.7,0.0003874630955216428,2.623553929154152e-07,0.0006771106614997882
70,0.1,128,8.0,0.025,32,320,3,static_0.8,0.003879166690800393,2.623553929154152e-07,6.763189463799069e-05
70,0.1,128,8.0,0.025,32,320,3,static_0.9,0.02445234493819792,2.623553929154152e-07,1.072925290308579e-05
70,0.1,128,8.0,0.025,32,320,3,static_1.0,0.1252826279322865,2.623553929154152e-07,2.0941083152982278e-06
70,0.1,128,8.0,0.025,32,320,3,prepare_AB,0.001163204497012234,2.623553929154152e-07,0.0002255453736546686
70,0.1,128,8.0,0.025,32,320,3,prepare_BA,0.00039514089415680425,2.623553929154152e-07,0.0006639540396730093
70,0.1,128,8.0,0.025,32,320,3,matched_static,0.016044624498040568,2.623553929154152e-07,1.6351606916538e-05
70,0.1,128,8.0,0.025,32,320,3,greedy_oracle,4.7024758532812664e-06,2.623553929154152e-07,0.055790906981978514
70,0.1,128,8.0,0.025,32,320,4,static_0.0,0.11995676065359273,8.401800316049962e-05,0.0007004024008544555
70,0.1,128,8.0,0.025,32,320,4,static_0.1,0.029474592873854885,8.401800316049962e-05,0.002850522940896221
70,0.1,128,8.0,0.025,32,320,4,static_0.2,0.006549162270055442,8.401800316049962e-05,0.012828816831223264
70,0.1,128,8.0,0.025,32,320,4,static_0.3,0.0015344940291090723,8.401800316049962e-05,0.0547529032806211
70,0.1,128,8.0,0.025,32,320,4,static_0.4,0.00044618024993674693,8.401800316049962e-05,0.18830506991829085
70,0.1,128,8.0,0.025,32,320,4,static_0.5,0.00010439207976637485,8.401800316049962e-05,0.8048312031767969
70,0.1,128,8.0,0.025,32,320,4,static_0.6,8.401800316049962e-05,8.401800316049962e-05,1.0
70,0.1,128,8.0,0.025,32,320,4,static_0.7,0.000631295091459414,8.401800316049962e-05,0.1330883200220497
70,0.1,128,8.0,0.025,32,320,4,static_0.8,0.004440011213918842,8.401800316049962e-05,0.018922925891969464
70,0.1,128,8.0,0.025,32,320,4,static_0.9,0.02147410546515759,8.401800316049962e-05,0.003912526335349403
70,0.1,128,8.0,0.025,32,320,4,static_1.0,0.11927530702825555,8.401800316049962e-05,0.000704403998227364
70,0.1,128,8.0,0.025,32,320,4,prepare_AB,1.7323530027513992e-07,8.401800316049962e-05,484.99354939240754
70,0.1,128,8.0,0.025,32,320,4,prepare_BA,0.0006065625045914344,8.401800316049962e-05,0.13851499643403128
70,0.1,128,8.0,0.025,32,320,4,matched_static,0.010228617903944092,8.401800316049962e-05,0.008214013266455364
70,0.1,128,8.0,0.025,32,320,4,greedy_oracle,5.8218602839902255e-05,8.401800316049962e-05,1.4431470193735876
70,0.1,128,8.0,0.025,32,320,5,static_0.0,0.12055158332481347,0.00018314394704145137,0.001519216438227853
70,0.1,128,8.0,0.025,32,320,5,static_0.1,0.0298149912088083,0.00018314394704145137,0.006142679894111282
70,0.1,128,8.0,0.025,32,320,5,static_0.2,0.007318066509921927,0.00018314394704145137,0.025026275286394634
70,0.1,128,8.0,0.025,32,320,5,static_0.3,0.001360589804646625,0.00018314394704145137,0.13460629090118595
70,0.1,128,8.0,0.025,32,320,5,static_0.4,0.0002700694189071812,0.00018314394704145137,0.6781365612683278
70,0.1,128,8.0,0.025,32,320,5,static_0.5,0.00018314394704145137,0.00018314394704145137,1.0
70,0.1,128,8.0,0.025,32,320,5,static_0.6,0.0004149171596807886,0.00018314394704145137,0.4413988256893277
70,0.1,128,8.0,0.025,32,320,5,static_0.7,0.0012194450881872862,0.00018314394704145137,0.15018630097866575
70,0.1,128,8.0,0.025,32,320,5,static_0.8,0.005415599708032004,0.00018314394704145137,0.03381785156126407
70,0.1,128,8.0,0.025,32,320,5,static_0.9,0.024651800357289737,0.00018314394704145137,0.0074292321204562336
70,0.1,128,8.0,0.025,32,320,5,static_1.0,0.12784016298299583,0.00018314394704145137,0.001432601013390538
70,0.1,128,8.0,0.025,32,320,5,prepare_AB,0.0003367566142321064,0.00018314394704145137,0.543846621866857
70,0.1,128,8.0,0.025,32,320,5,prepare_BA,7.541971318028329e-06,0.00018314394704145137,24.283299328341922
70,0.1,128,8.0,0.025,32,320,5,matched_static,0.010998570529340492,0.00018314394704145137,0.0166516136395075
70,0.1,128,8.0,0.025,32,320,5,greedy_oracle,0.000248956016095631,0.00018314394704145137,0.73564780604097
70,0.1,128,8.0,0.025,32,320,6,static_0.0,0.1215630954167882,0.00013499312313154898,0.0011104778359642368
70,0.1,128,8.0,0.025,32,320,6,static_0.1,0.021129428856966646,0.00013499312313154898,0.006388867585838223
70,0.1,128,8.0,0.025,32,320,6,static_0.2,0.003810257341544886,0.00013499312313154898,0.035428872916183504
70,0.1,128,8.0,0.025,32,320,6,static_0.3,0.0006943288786680854,0.00013499312313154898,0.19442245206695577
70,0.1,128,8.0,0.025,32,320,6,static_0.4,0.00013499312313154898,0.00013499312313154898,1.0
70,0.1,128,8.0,0.025,32,320,6,static_0.5,0.00016616648806939087,0.00013499312313154898,0.8123967997396446
70,0.1,128,8.0,0.025,32,320,6,static_0.6,0.00046711881635268503,0.00013499312313154898,0.28899097704003895
70,0.1,128,8.0,0.025,32,320,6,static_0.7,0.0015272678508993513,0.00013499312313154898,0.08838863664422487
70,0.1,128,8.0,0.025,32,320,6,static_0.8,0.005746985813262466,0.00013499312313154898,0.023489378174559247
70,0.1,128,8.0,0.025,32,320,6,static_0.9,0.025634435483846876,0.00013499312313154898,0.005266085270986861
70,0.1,128,8.0,0.025,32,320,6,static_1.0,0.11893336917432651,0.00013499312313154898,0.0011350315228494275
70,0.1,128,8.0,0.025,32,320,6,prepare_AB,0.00020619368580970465,0.00013499312313154898,0.6546908679644711
70,0.1,128,8.0,0.025,32,320,6,prepare_BA,3.439941125005359e-05,0.00013499312313154898,3.924285859146461
70,0.1,128,8.0,0.025,32,320,6,matched_static,0.006127929742999001,0.00013499312313154898,0.02202915646769206
70,0.1,128,8.0,0.025,32,320,6,greedy_oracle,0.00018317456048379206,0.00013499312313154898,0.7369643621636731
70,0.1,128,8.0,0.025,32,320,7,static_0.0,0.1180711782500599,1.742541601781362e-05,0.00014758399362212497
70,0.1,128,8.0,0.025,32,320,7,static_0.1,0.023209379668606898,1.742541601781362e-05,0.0007507919757710418
70,0.1,128,8.0,0.025,32,320,7,static_0.2,0.004507060839797297,1.742541601781362e-05,0.0038662482352018394
70,0.1,128,8.0,0.025,32,320,7,static_0.3,0.0012811911041039781,1.742541601781362e-05,0.013600949898883639
70,0.1,128,8.0,0.025,32,320,7,static_0.4,0.0004002924663324914,1.742541601781362e-05,0.043531711144770086
70,0.1,128,8.0,0.025,32,320,7,static_0.5,0.00013197191944227827,1.742541601781362e-05,0.1320388162228339
70,0.1,128,8.0,0.025,32,320,7,static_0.6,1.742541601781362e-05,1.742541601781362e-05,1.0
70,0.1,128,8.0,0.025,32,320,7,static_0.7,0.0002493586480946634,1.742541601781362e-05,0.06988093716003164
70,0.1,128,8.0,0.025,32,320,7,static_0.8,0.0026321156911979678,1.742541601781362e-05,0.006620307791213654
70,0.1,128,8.0,0.025,32,320,7,static_0.9,0.02014978986055973,1.742541601781362e-05,0.0008647939327606252
70,0.1,128,8.0,0.025,32,320,7,static_1.0,0.12977152324985983,1.742541601781362e-05,0.00013427765646445428
70,0.1,128,8.0,0.025,32,320,7,prepare_AB,0.00022184818245933464,1.742541601781362e-05,0.07854658002892471
70,0.1,128,8.0,0.025,32,320,7,prepare_BA,0.0006294286980409142,1.742541601781362e-05,0.027684495594258608
70,0.1,128,8.0,0.025,32,320,7,matched_static,0.007634622766800046,1.742541601781362e-05,0.00228242004223049
70,0.1,128,8.0,0.025,32,320,7,greedy_oracle,4.2713371449625286e-05,1.742541601781362e-05,0.4079616154478597
70,0.1,128,8.0,0.025,32,320,8,static_0.0,0.11637919992989694,5.825800780080293e-05,0.000500587801221315
70,0.1,128,8.0,0.025,32,320,8,static_0.1,0.026686898500212948,5.825800780080293e-05,0.002183019049603612
70,0.1,128,8.0,0.025,32,320,8,static_0.2,0.005621866062785787,5.825800780080293e-05,0.010362752714164541
70,0.1,128,8.0,0.025,32,320,8,static_0.3,0.0011344654379965666,5.825800780080293e-05,0.05135282737540678
70,0.1,128,8.0,0.025,32,320,8,static_0.4,8.980742662174091e-05,5.825800780080293e-05,0.6486992222389281
70,0.1,128,8.0,0.025,32,320,8,static_0.5,5.825800780080293e-05,5.825800780080293e-05,1.0
70,0.1,128,8.0,0.025,32,320,8,static_0.6,0.0005403379912865695,5.825800780080293e-05,0.1078177154674761
70,0.1,128,8.0,0.025,32,320,8,static_0.7,0.0018899445769036192,5.825800780080293e-05,0.030825246683291438
70,0.1,128,8.0,0.025,32,320,8,static_0.8,0.007193670129598271,5.825800780080293e-05,0.008098509766398802
70,0.1,128,8.0,0.025,32,320,8,static_0.9,0.0263912857919746,5.825800780080293e-05,0.0022074713699064548
70,0.1,128,8.0,0.025,32,320,8,static_1.0,0.11094819923447947,5.825800780080293e-05,0.0005250919636620657
70,0.1,128,8.0,0.025,32,320,8,prepare_AB,4.05909012386001e-05,5.825800780080293e-05,1.4352479502328026
70,0.1,128,8.0,0.025,32,320,8,prepare_BA,0.00010324869216146394,5.825800780080293e-05,0.5642493534900859
70,0.1,128,8.0,0.025,32,320,8,matched_static,0.008845475146649715,5.825800780080293e-05,0.006586193147902129
70,0.1,128,8.0,0.025,32,320,8,greedy_oracle,2.504831898099216e-05,5.825800780080293e-05,2.3258250521726365
70,0.1,128,8.0,0.025,32,320,9,static_0.0,0.12839930204369032,0.00013783831000073278,0.0010735129226312357
70,0.1,128,8.0,0.025,32,320,9,static_0.1,0.02200922278361302,0.00013783831000073278,0.006262752272350134
70,0.1,128,8.0,0.025,32,320,9,static_0.2,0.0031636466969595677,0.00013783831000073278,0.0435694384373586
70,0.1,128,8.0,0.025,32,320,9,static_0.3,0.0005624154061498412,0.00013783831000073278,0.24508274221067353
70,0.1,128,8.0,0.025,32,320,9,static_0.4,0.00017344616520642483,0.00013783831000073278,0.7947037043839292
70,0.1,128,8.0,0.025,32,320,9,static_0.5,0.00013783831000073278,0.00013783831000073278,1.0
70,0.1,128,8.0,0.025,32,320,9,static_0.6,0.00025424260126971404,0.00013783831000073278,0.5421526892517379
70,0.1,128,8.0,0.025,32,320,9,static_0.7,0.0010200399941618732,0.00013783831000073278,0.1351302995859384
70,0.1,128,8.0,0.025,32,320,9,static_0.8,0.0046310817399929025,0.00013783831000073278,0.02976373938952415
70,0.1,128,8.0,0.025,32,320,9,static_0.9,0.02398406387983834,0.00013783831000073278,0.005747079005931244
70,0.1,128,8.0,0.025,32,320,9,static_1.0,0.11057847394901218,0.00013783831000073278,0.0012465202772131774
70,0.1,128,8.0,0.025,32,320,9,prepare_AB,0.0006767272385909489,0.00013783831000073278,0.20368370318259027
70,0.1,128,8.0,0.025,32,320,9,prepare_BA,0.00017608813130369564,0.00013783831000073278,0.7827802418040648
70,0.1,128,8.0,0.025,32,320,9,matched_static,0.005756700335811479,0.00013783831000073278,0.023943978661398004
70,0.1,128,8.0,0.025,32,320,9,greedy_oracle,6.885618396416876e-05,0.00013783831000073278,2.001829059717582
70,0.1,128,8.0,0.025,32,320,10,static_0.0,0.12180076587064136,5.8676951327586245e-05,0.00048174533967958926
70,0.1,128,8.0,0.025,32,320,10,static_0.1,0.034864551146029245,5.8676951327586245e-05,0.0016829974687418
70,0.1,128,8.0,0.025,32,320,10,static_0.2,0.011460771369784224,5.8676951327586245e-05,0.005119808207873793
70,0.1,128,8.0,0.025,32,320,10,static_0.3,0.00328574264770267,5.8676951327586245e-05,0.017858048428902998
70,0.1,128,8.0,0.025,32,320,10,static_0.4,0.001008956599917425,5.8676951327586245e-05,0.05815607066982711
70,0.1,128,8.0,0.025,32,320,10,static_0.5,0.00022565620815485324,5.8676951327586245e-05,0.2600280834610145
70,0.1,128,8.0,0.025,32,320,10,static_0.6,5.8676951327586245e-05,5.8676951327586245e-05,1.0
70,0.1,128,8.0,0.025,32,320,10,static_0.7,0.0006491893656541535,5.8676951327586245e-05,0.09038495457863917
70,0.1,128,8.0,0.025,32,320,10,static_0.8,0.005391228774811253,5.8676951327586245e-05,0.010883780633041403
70,0.1,128,8.0,0.025,32,320,10,static_0.9,0.03095863401173644,5.8676951327586245e-05,0.0018953339900378606
70,0.1,128,8.0,0.025,32,320,10,static_1.0,0.127211693839454,5.8676951327586245e-05,0.00046125438280570963
70,0.1,128,8.0,0.025,32,320,10,prepare_AB,0.001693615035416744,5.8676951327586245e-05,0.034645979222278064
70,0.1,128,8.0,0.025,32,320,10,prepare_BA,0.0004591387216279035,5.8676951327586245e-05,0.12779787145711355
70,0.1,128,8.0,0.025,32,320,10,matched_static,0.015293394932754192,5.8676951327586245e-05,0.003836751197859709
70,0.1,128,8.0,0.025,32,320,10,greedy_oracle,8.112635502872211e-05,5.8676951327586245e-05,0.7232785363869997
70,0.1,128,8.0,0.025,32,320,11,static_0.0,0.10318258814345709,7.111567018162256e-05,0.0006892216163714447
70,0.1,128,8.0,0.025,32,320,11,static_0.1,0.018629238805241952,7.111567018162256e-05,0.0038174222213315455
70,0.1,128,8.0,0.025,32,320,11,static_0.2,0.0035305458553055004,7.111567018162256e-05,0.020142967432289268
70,0.1,128,8.0,0.025,32,320,11,static_0.3,0.000576174993521815,7.111567018162256e-05,0.12342720697914147
70,0.1,128,8.0,0.025,32,320,11,static_0.4,7.111567018162256e-05,7.111567018162256e-05,1.0
70,0.1,128,8.0,0.025,32,320,11,static_0.5,0.00013049600559726066,7.111567018162256e-05,0.5449643447409505
70,0.1,128,8.0,0.025,32,320,11,static_0.6,0.0005176945236689419,7.111567018162256e-05,0.13736994874432937
70,0.1,128,8.0,0.025,32,320,11,static_0.7,0.002003440033580237,7.111567018162256e-05,0.0354967800331591
70,0.1,128,8.0,0.025,32,320,11,static_0.8,0.008118480985820107,7.111567018162256e-05,0.008759726148996904
70,0.1,128,8.0,0.025,32,320,11,static_0.9,0.028683231237447385,7.111567018162256e-05,0.00247934654198853
70,0.1,128,8.0,0.025,32,320,11,static_1.0,0.1213500935631632,7.111567018162256e-05,0.0005860372093129584
70,0.1,128,8.0,0.025,32,320,11,prepare_AB,0.00047568820590209164,7.111567018162256e-05,0.14950059576684127
70,0.1,128,8.0,0.025,32,320,11,prepare_BA,4.8063366359677875e-05,7.111567018162256e-05,1.4796231635011756
70,0.1,128,8.0,0.025,32,320,11,matched_static,0.005763341442031475,7.111567018162256e-05,0.012339312341098354
70,0.1,128,8.0,0.025,32,320,11,greedy_oracle,7.669520584240852e-05,7.111567018162256e-05,0.9272505289020195
70,0.1,128,8.0,0.025,32,320,12,static_0.0,0.11726938012740547,3.1394809398133e-05,0.00026771531804828
70,0.1,128,8.0,0.025,32,320,12,static_0.1,0.025215672199082443,3.1394809398133e-05,0.0012450514565015406
70,0.1,128,8.0,0.025,32,320,12,static_0.2,0.004966559238134305,3.1394809398133e-05,0.006321239291193173
70,0.1,128,8.0,0.025,32,320,12,static_0.3,0.0010210205902472492,3.1394809398133e-05,0.030748458648155636
70,0.1,128,8.0,0.025,32,320,12,static_0.4,0.0001721157583511015,3.1394809398133e-05,0.18240520042383487
70,0.1,128,8.0,0.025,32,320,12,static_0.5,3.1394809398133e-05,3.1394809398133e-05,1.0
70,0.1,128,8.0,0.025,32,320,12,static_0.6,0.00010280607528716712,3.1394809398133e-05,0.30537893125905463
70,0.1,128,8.0,0.025,32,320,12,static_0.7,0.0008039887023302846,3.1394809398133e-05,0.03904881910297762
70,0.1,128,8.0,0.025,32,320,12,static_0.8,0.005257839820450944,3.1394809398133e-05,0.005971047135369063
70,0.1,128,8.0,0.025,32,320,12,static_0.9,0.023397856714734572,3.1394809398133e-05,0.0013417814195931213
70,0.1,128,8.0,0.025,32,320,12,static_1.0,0.13339288846217462,3.1394809398133e-05,0.0002353559455835266
70,0.1,128,8.0,0.025,32,320,12,prepare_AB,0.00021256925887529435,3.1394809398133e-05,0.14769214308900164
70,0.1,128,8.0,0.025,32,320,12,prepare_BA,0.00022467379220769142,3.1394809398133e-05,0.1397350758610565
70,0.1,128,8.0,0.025,32,320,12,matched_static,0.007077307653034959,3.1394809398133e-05,0.004435982005765989
70,0.1,128,8.0,0.025,32,320,12,greedy_oracle,1.115013849368942e-05,3.1394809398133e-05,2.8156429999413315
70,0.1,128,8.0,0.025,32,320,13,static_0.0,0.0968464388220003,0.00012809410747940402,0.0013226517054988015
70,0.1,128,8.0,0.025,32,320,13,static_0.1,0.024285601159369567,0.00012809410747940402,0.005274487818473637
70,0.1,128,8.0,0.025,32,320,13,static_0.2,0.004405797215430436,0.00012809410747940402,0.029073990748094275
70,0.1,128,8.0,0.025,32,320,13,static_0.3,0.0007212204587936502,0.00012809410747940402,0.17760742352436967
70,0.1,128,8.0,0.025,32,320,13,static_0.4,0.00012809410747940402,0.00012809410747940402,1.0
70,0.1,128,8.0,0.025,32,320,13,static_0.5,0.0004801191070521281,0.00012809410747940402,0.26679652110886815
70,0.1,128,8.0,0.025,32,320,13,static_0.6,0.0014170887746469435,0.00012809410747940402,0.09039243678386885
70,0.1,128,8.0,0.025,32,320,13,static_0.7,0.004396645077037985,0.00012809410747940402,0.029134511709483016
70,0.1,128,8.0,0.025,32,320,13,static_0.8,0.012415933807583589,0.00012809410747940402,0.010316912885051368
70,0.1,128,8.0,0.025,32,320,13,static_0.9,0.038327353427381305,0.00012809410747940402,0.0033421067729631645
70,0.1,128,8.0,0.025,32,320,13,static_1.0,0.10863341096258605,0.00012809410747940402,0.001179140987513688
70,0.1,128,8.0,0.025,32,320,13,prepare_AB,0.0006781627743634709,0.00012809410747940402,0.18888401475535752
70,0.1,128,8.0,0.025,32,320,13,prepare_BA,0.0009527568299804623,0.00012809410747940402,0.13444575094993627
70,0.1,128,8.0,0.025,32,320,13,matched_static,0.007554271505060767,0.00012809410747940402,0.016956513595465964
70,0.1,128,8.0,0.025,32,320,13,greedy_oracle,0.0001516091432304269,0.00012809410747940402,0.8448969814750357
70,0.1,128,8.0,0.025,32,320,14,static_0.0,0.10879329522001514,0.0001623902322486005,0.001492649265933117
70,0.1,128,8.0,0.025,32,320,14,static_0.1,0.030310060326989584,0.0001623902322486005,0.005357634742283906
70,0.1,128,8.0,0.025,32,320,14,static_0.2,0.007582356475203336,0.0001623902322486005,0.021416855403681833
70,0.1,128,8.0,0.025,32,320,14,static_0.3,0.002202839269216527,0.0001623902322486005,0.07371860240459444
70,0.1,128,8.0,0.025,32,320,14,static_0.4,0.0005831877983352608,0.0001623902322486005,0.27845272605522897
70,0.1,128,8.0,0.025,32,320,14,static_0.5,0.0001623902322486005,0.0001623902322486005,1.0
70,0.1,128,8.0,0.025,32,320,14,static_0.6,0.0006254216212608027,0.0001623902322486005,0.25964921379154443
70,0.1,128,8.0,0.025,32,320,14,static_0.7,0.0027145370114034866,0.0001623902322486005,0.05982244175209846
70,0.1,128,8.0,0.025,32,320,14,static_0.8,0.010487399821902893,0.0001623902322486005,0.015484317848686301
70,0.1,128,8.0,0.025,32,320,14,static_0.9,0.03785985521028834,0.0001623902322486005,0.00428924599279691
70,0.1,128,8.0,0.025,32,320,14,static_1.0,0.13107666271718024,0.0001623902322486005,0.0012388950777529673
70,0.1,128,8.0,0.025,32,320,14,prepare_AB,0.00010436384130433565,0.0001623902322486005,1.5560009119926312
70,0.1,128,8.0,0.025,32,320,14,prepare_BA,0.0016014519585428966,0.0001623902322486005,0.10140187558067837
70,0.1,128,8.0,0.025,32,320,14,matched_static,0.011442141878486613,0.0001623902322486005,0.014192293188911142
70,0.1,128,8.0,0.025,32,320,14,greedy_oracle,0.00019059015585677326,0.0001623902322486005,0.8520389288659549
70,0.1,128,8.0,0.025,32,320,15,static_0.0,0.12568521961509527,2.5587306916142008e-05,0.00020358246573862752
70,0.1,128,8.0,0.025,32,320,15,static_0.1,0.035197461903767574,2.5587306916142008e-05,0.0007269645460828843
70,0.1,128,8.0,0.025,32,320,15,static_0.2,0.010892229720768202,2.5587306916142008e-05,0.002349133976430438
70,0.1,128,8.0,0.025,32,320,15,static_0.3,0.003025353528031006,2.5587306916142008e-05,0.008457625424290504
70,0.1,128,8.0,0.025,32,320,15,static_0.4,0.0009797465380497138,2.5587306916142008e-05,0.026116251420572684
70,0.1,128,8.0,0.025,32,320,15,static_0.5,0.00036022107258135833,2.5587306916142008e-05,0.07103223232550601
70,0.1,128,8.0,0.025,32,320,15,static_0.6,6.313045083527062e-05,2.5587306916142008e-05,0.40530847756668525
70,0.1,128,8.0,0.025,32,320,15,static_0.7,2.5587306916142008e-05,2.5587306916142008e-05,1.0
70,0.1,128,8.0,0.025,32,320,15,static_0.8,0.0011195288934559833,2.5587306916142008e-05,0.022855423442582214
70,0.1,128,8.0,0.025,32,320,15,static_0.9,0.012630619038985552,2.5587306916142008e-05,0.002025815744831228
70,0.1,128,8.0,0.025,32,320,15,static_1.0,0.10041231972830703,2.5587306916142008e-05,0.0002548223861910118
70,0.1,128,8.0,0.025,32,320,15,prepare_AB,0.0031939263402379144,2.5587306916142008e-05,0.008011238892327122
70,0.1,128,8.0,0.025,32,320,15,prepare_BA,0.0036550834121653573,2.5587306916142008e-05,0.007000471406747866
70,0.1,128,8.0,0.025,32,320,15,matched_static,0.014549389493919714,2.5587306916142008e-05,0.001758651586503689
70,0.1,128,8.0,0.025,32,320,15,greedy_oracle,1.0569151943631486e-05,2.5587306916142008e-05,2.4209422906025884
70,0.1,128,8.0,0.025,32,320,16,static_0.0,0.11618443300976004,2.2429760548301026e-05,0.0001930530619916768
70,0.1,128,8.0,0.025,32,320,16,static_0.1,0.031312677277545345,2.2429760548301026e-05,0.0007163156426865373
70,0.1,128,8.0,0.025,32,320,16,static_0.2,0.007558456314305469,2.2429760548301026e-05,0.0029675054820187913
70,0.1,128,8.0,0.025,32,320,16,static_0.3,0.0014487553591748235,2.2429760548301026e-05,0.015482089785729236
70,0.1,128,8.0,0.025,32,320,16,static_0.4,0.00013637303098224923,2.2429760548301026e-05,0.16447357946616703
70,0.1,128,8.0,0.025,32,320,16,static_0.5,2.2429760548301026e-05,2.2429760548301026e-05,1.0
70,0.1,128,8.0,0.025,32,320,16,static_0.6,0.000184376213424062,2.2429760548301026e-05,0.12165213793990322
70,0.1,128,8.0,0.025,32,320,16,static_0.7,0.0010017922529937287,2.2429760548301026e-05,0.02238963266213383
70,0.1,128,8.0,0.025,32,320,16,static_0.8,0.0049064536452833145,2.2429760548301026e-05,0.004571481189853544
70,0.1,128,8.0,0.025,32,320,16,static_0.9,0.02571279320231613,2.2429760548301026e-05,0.0008723190970275692
70,0.1,128,8.0,0.025,32,320,16,static_1.0,0.12825367633014087,2.2429760548301026e-05,0.0001748859072902054
70,0.1,128,8.0,0.025,32,320,16,prepare_AB,0.00010793700697538322,2.2429760548301026e-05,0.20780417371973725
70,0.1,128,8.0,0.025,32,320,16,prepare_BA,0.00026271825099390464,2.2429760548301026e-05,0.08537572271224286
70,0.1,128,8.0,0.025,32,320,16,matched_static,0.011646846043961802,2.2429760548301026e-05,0.0019258227045878679
70,0.1,128,8.0,0.025,32,320,16,greedy_oracle,5.534284430225387e-05,2.2429760548301026e-05,0.40528745551640466
70,0.1,128,8.0,0.025,32,320,17,static_0.0,0.12899081787332975,6.388315685477522e-05,0.0004952535219794413
70,0.1,128,8.0,0.025,32,320,17,static_0.1,0.023731090454458606,6.388315685477522e-05,0.002691960446460345
70,0.1,128,8.0,0.025,32,320,17,static_0.2,0.003659639657950027,6.388315685477522e-05,0.01745613306927596
70,0.1,128,8.0,0.025,32,320,17,static_0.3,0.0005006473919064886,6.388315685477522e-05,0.1276010978735057
70,0.1,128,8.0,0.025,32,320,17,static_0.4,6.84027682872217e-05,6.388315685477522e-05,0.9339264835968519
70,0.1,128,8.0,0.025,32,320,17,static_0.5,6.388315685477522e-05,6.388315685477522e-05,1.0
70,0.1,128,8.0,0.025,32,320,17,static_0.6,0.0001736177195756379,6.388315685477522e-05,0.3679529774433193
70,0.1,128,8.0,0.025,32,320,17,static_0.7,0.00072585398226216,6.388315685477522e-05,0.08801103033929798
70,0.1,128,8.0,0.025,32,320,17,static_0.8,0.004202460346541879,6.388315685477522e-05,0.015201370527468129
70,0.1,128,8.0,0.025,32,320,17,static_0.9,0.020561141555374172,6.388315685477522e-05,0.0031069849250698702
70,0.1,128,8.0,0.025,32,320,17,static_1.0,0.12007747130054179,6.388315685477522e-05,0.0005320161739156059
70,0.1,128,8.0,0.025,32,320,17,prepare_AB,0.0003057762445509773,6.388315685477522e-05,0.2089212553074082
70,0.1,128,8.0,0.025,32,320,17,prepare_BA,0.0003271701334947186,6.388315685477522e-05,0.19525974505190116
70,0.1,128,8.0,0.025,32,320,17,matched_static,0.006594460124274115,6.388315685477522e-05,0.009687397550501855
70,0.1,128,8.0,0.025,32,320,17,greedy_oracle,3.221605071198063e-05,6.388315685477522e-05,1.9829605256679739
70,0.1,128,8.0,0.025,32,320,18,static_0.0,0.11270278751000261,0.00014543573075864182,0.0012904359685489953
70,0.1,128,8.0,0.025,32,320,18,static_0.1,0.025808050771497993,0.00014543573075864182,0.005635285362940264
70,0.1,128,8.0,0.025,32,320,18,static_0.2,0.005963738285920955,0.00014543573075864182,0.02438667221564415
70,0.1,128,8.0,0.025,32,320,18,static_0.3,0.0014012138385519498,0.00014543573075864182,0.10379267372133494
70,0.1,128,8.0,0.025,32,320,18,static_0.4,0.00023646667317121442,0.00014543573075864182,0.6150369048129612
70,0.1,128,8.0,0.025,32,320,18,static_0.5,0.00014543573075864182,0.00014543573075864182,1.0
70,0.1,128,8.0,0.025,32,320,18,static_0.6,0.0007560242961629264,0.00014543573075864182,0.19236912291943037
70,0.1,128,8.0,0.025,32,320,18,static_0.7,0.002790951609569283,0.00014543573075864182,0.05210972854562906
70,0.1,128,8.0,0.025,32,320,18,static_0.8,0.010515033124621294,0.00014543573075864182,0.013831219458367591
70,0.1,128,8.0,0.025,32,320,18,static_0.9,0.03690282240415929,0.00014543573075864182,0.00394104627461367
70,0.1,128,8.0,0.025,32,320,18,static_1.0,0.1340814439327628,0.00014543573075864182,0.0010846820148474295
70,0.1,128,8.0,0.025,32,320,18,prepare_AB,0.0005310518513424604,0.00014543573075864182,0.27386352272568276
70,0.1,128,8.0,0.025,32,320,18,prepare_BA,0.0015736179986604137,0.00014543573075864182,0.09242124256487155
70,0.1,128,8.0,0.025,32,320,18,matched_static,0.009623955391436354,0.00014543573075864182,0.015111845893223314
70,0.1,128,8.0,0.025,32,320,18,greedy_oracle,9.755725548846106e-05,0.00014543573075864182,1.490773085307261
70,0.1,128,8.0,0.025,32,320,19,static_0.0,0.12725672395891055,0.00012637640666211323,0.0009930823514120828
70,0.1,128,8.0,0.025,32,320,19,static_0.1,0.028655744732140616,0.00012637640666211323,0.004410159562887507
70,0.1,128,8.0,0.025,32,320,19,static_0.2,0.005477095472758453,0.00012637640666211323,0.023073617630124266
70,0.1,128,8.0,0.025,32,320,19,static_0.3,0.0007799924367481665,0.00012637640666211323,0.1620226052306145
70,0.1,128,8.0,0.025,32,320,19,static_0.4,0.00012637640666211323,0.00012637640666211323,1.0
70,0.1,128,8.0,0.025,32,320,19,static_0.5,0.00018781114807902622,0.00012637640666211323,0.6728908691242184
70,0.1,128,8.0,0.025,32,320,19,static_0.6,0.0006069773156930197,0.00012637640666211323,0.20820614443856486
70,0.1,128,8.0,0.025,32,320,19,static_0.7,0.0019838204772898477,0.00012637640666211323,0.06370354984678833
70,0.1,128,8.0,0.025,32,320,19,static_0.8,0.0073521198729352075,0.00012637640666211323,0.017189111283037285
70,0.1,128,8.0,0.025,32,320,19,static_0.9,0.027918577714098575,0.00012637640666211323,0.004526606188763496
70,0.1,128,8.0,0.025,32,320,19,static_1.0,0.11613921556942572,0.00012637640666211323,0.0010881458604873038
70,0.1,128,8.0,0.025,32,320,19,prepare_AB,0.0002679341400523403,0.00012637640666211323,0.47166966717054387
70,0.1,128,8.0,0.025,32,320,19,prepare_BA,8.545789644105503e-05,0.00012637640666211323,1.478814854157824
70,0.1,128,8.0,0.025,32,320,19,matched_static,0.007992306008818917,0.00012637640666211323,0.015812258254709746
70,0.1,128,8.0,0.025,32,320,19,greedy_oracle,0.00022446395149294357,0.00012637640666211323,0.5630142649702311
70,0.1,1024,4.0,0.025,32,160,0,static_0.0,0.14092248486968165,0.003039377664540272,0.02156772687730381
70,0.1,1024,4.0,0.025,32,160,0,static_0.1,0.07260102851149113,0.003039377664540272,0.04186411304158324
70,0.1,1024,4.0,0.025,32,160,0,static_0.2,0.03582403152445082,0.003039377664540272,0.08484186550767796
70,0.1,1024,4.0,0.025,32,160,0,static_0.3,0.014715513455966707,0.003039377664540272,0.20654241346284075
70,0.1,1024,4.0,0.025,32,160,0,static_0.4,0.006931049532620812,0.003039377664540272,0.4385162232985808
70,0.1,1024,4.0,0.025,32,160,0,static_0.5,0.0032425641563029327,0.003039377664540272,0.9373377111543947
70,0.1,1024,4.0,0.025,32,160,0,static_0.6,0.003039377664540272,0.003039377664540272,1.0
70,0.1,1024,4.0,0.025,32,160,0,static_0.7,0.007896187343357236,0.003039377664540272,0.38491711662555544
70,0.1,1024,4.0,0.025,32,160,0,static_0.8,0.024329797104923716,0.003039377664540272,0.12492408594419316
70,0.1,1024,4.0,0.025,32,160,0,static_0.9,0.05883585916774312,0.003039377664540272,0.05165859235394011
70,0.1,1024,4.0,0.025,32,160,0,static_1.0,0.14104338448673692,0.003039377664540272,0.021549239445725874
70,0.1,1024,4.0,0.025,32,160,0,prepare_AB,0.001093749715741671,0.003039377664540272,2.7788603012155044
70,0.1,1024,4.0,0.025,32,160,0,prepare_BA,0.0015315729831882484,0.003039377664540272,1.9844811170625727
70,0.1,1024,4.0,0.025,32,160,0,matched_static,0.010259502855133168,0.003039377664540272,0.29624999451309386
70,0.1,1024,4.0,0.025,32,160,0,greedy_oracle,0.0026057966937063134,0.003039377664540272,1.1663909436531144
70,0.1,1024,4.0,0.025,32,160,1,static_0.0,0.13846687509327069,0.0018176864567656758,0.013127229566936426
70,0.1,1024,4.0,0.025,32,160,1,static_0.1,0.06105587908250104,0.0018176864567656758,0.029770867016910008
70,0.1,1024,4.0,0.025,32,160,1,static_0.2,0.025925227525507705,0.0018176864567656758,0.07011265204817442
70,0.1,1024,4.0,0.025,32,160,1,static_0.3,0.009461074193788862,0.0018176864567656758,0.19212263000315294
70,0.1,1024,4.0,0.025,32,160,1,static_0.4,0.003361432285226337,0.0018176864567656758,0.540747604750064
70,0.1,1024,4.0,0.025,32,160,1,static_0.5,0.0018176864567656758,0.0018176864567656758,1.0
70,0.1,1024,4.0,0.025,32,160,1,static_0.6,0.0038364395891436844,0.0018176864567656758,0.47379514639285486
70,0.1,1024,4.0,0.025,32,160,1,static_0.7,0.01049596669181361,0.0018176864567656758,0.17317951839380272
70,0.1,1024,4.0,0.025,32,160,1,static_0.8,0.027289421532043612,0.0018176864567656758,0.06660773130098502
70,0.1,1024,4.0,0.025,32,160,1,static_0.9,0.0632949320047071,0.0018176864567656758,0.028717725087855358
70,0.1,1024,4.0,0.025,32,160,1,static_1.0,0.14401138774760908,0.0018176864567656758,0.012621824462599511
70,0.1,1024,4.0,0.025,32,160,1,prepare_AB,0.0007864810622274209,0.0018176864567656758,2.31116366822329
70,0.1,1024,4.0,0.025,32,160,1,prepare_BA,0.0007889310262908861,0.0018176864567656758,2.3039865288495807
70,0.1,1024,4.0,0.025,32,160,1,matched_static,0.005559212292423907,0.0018176864567656758,0.3269683475198129
70,0.1,1024,4.0,0.025,32,160,1,greedy_oracle,0.001767301113791977,0.0018176864567656758,1.0285097670003673
70,0.1,1024,4.0,0.025,32,160,2,static_0.0,0.13785793872097402,0.002165505735064297,0.01570824107160999
70,0.1,1024,4.0,0.025,32,160,2,static_0.1,0.06135854661791198,0.002165505735064297,0.035292650403686975
70,0.1,1024,4.0,0.025,32,160,2,static_0.2,0.024084001874122556,0.002165505735064297,0.08991469716629857
70,0.1,1024,4.0,0.025,32,160,2,static_0.3,0.009398629329970124,0.002165505735064297,0.2304065474908117
70,0.1,1024,4.0,0.025,32,160,2,static_0.4,0.003053801726764114,0.002165505735064297,0.709117987617003
70,0.1,1024,4.0,0.025,32,160,2,static_0.5,0.002165505735064297,0.002165505735064297,1.0
70,0.1,1024,4.0,0.025,32,160,2,static_0.6,0.004861204381934727,0.002165505735064297,0.4454669182624328
70,0.1,1024,4.0,0.025,32,160,2,static_0.7,0.012435509153290869,0.002165505735064297,0.17413888795146187
70,0.1,1024,4.0,0.025,32,160,2,static_0.8,0.03154555489175768,0.002165505735064297,0.06864693750022154
70,0.1,1024,4.0,0.025,32,160,2,static_0.9,0.07341056742809213,0.002165505735064297,0.02949855601082876
70,0.1,1024,4.0,0.025,32,160,2,static_1.0,0.13959244745358068,0.002165505735064297,0.015513058009706454
70,0.1,1024,4.0,0.025,32,160,2,prepare_AB,0.001353736103606613,0.002165505735064297,1.5996513126117962
70,0.1,1024,4.0,0.025,32,160,2,prepare_BA,0.0007732849709169838,0.002165505735064297,2.8003980634673105
70,0.1,1024,4.0,0.025,32,160,2,matched_static,0.005670188440623663,0.002165505735064297,0.3819107173845731
70,0.1,1024,4.0,0.025,32,160,2,greedy_oracle,0.002409147099738894,0.002165505735064297,0.8988682074660351
70,0.1,1024,4.0,0.025,32,160,3,static_0.0,0.135321310081396,0.001247576891128426,0.00921936752147911
70,0.1,1024,4.0,0.025,32,160,3,static_0.1,0.05504356472929495,0.001247576891128426,0.022665263364827975
70,0.1,1024,4.0,0.025,32,160,3,static_0.2,0.023160320839755194,0.001247576891128426,0.05386699518371668
70,0.1,1024,4.0,0.025,32,160,3,static_0.3,0.007761479439794003,0.001247576891128426,0.16073957301644773
70,0.1,1024,4.0,0.025,32,160,3,static_0.4,0.0022244442809468217,0.001247576891128426,0.5608487934781635
70,0.1,1024,4.0,0.025,32,160,3,static_0.5,0.001247576891128426,0.001247576891128426,1.0
70,0.1,1024,4.0,0.025,32,160,3,static_0.6,0.00305475806915602,0.001247576891128426,0.40840448339436297
70,0.1,1024,4.0,0.025,32,160,3,static_0.7,0.009183556647882835,0.001247576891128426,0.1358489895541768
70,0.1,1024,4.0,0.025,32,160,3,static_0.8,0.02231103932080762,0.001247576891128426,0.05591747086227922
70,0.1,1024,4.0,0.025,32,160,3,static_0.9,0.049923527252672725,0.001247576891128426,0.02498975853236883
70,0.1,1024,4.0,0.025,32,160,3,static_1.0,0.13921568922125455,0.001247576891128426,0.00896146761982883
70,0.1,1024,4.0,0.025,32,160,3,prepare_AB,0.0009495550174560914,0.001247576891128426,1.3138542456136466
70,0.1,1024,4.0,0.025,32,160,3,prepare_BA,0.000760568340544365,0.001247576891128426,1.640321881180976
70,0.1,1024,4.0,0.025,32,160,3,matched_static,0.004407625020058248,0.001247576891128426,0.28304968899372
70,0.1,1024,4.0,0.025,32,160,3,greedy_oracle,0.0014445481772545569,0.001247576891128426,0.8636450557845115
70,0.1,1024,4.0,0.025,32,160,4,static_0.0,0.13931330183287696,0.0022159037997331677,0.01590590252746583
70,0.1,1024,4.0,0.025,32,160,4,static_0.1,0.06300546175236572,0.0022159037997331677,0.03517002713895617
70,0.1,1024,4.0,0.025,32,160,4,static_0.2,0.02825292440971608,0.0022159037997331677,0.07843095346870098
70,0.1,1024,4.0,0.025,32,160,4,static_0.3,0.011363823975452724,0.0022159037997331677,0.19499631501858847
70,0.1,1024,4.0,0.025,32,160,4,static_0.4,0.004525631870969394,0.0022159037997331677,0.48963412467274303
70,0.1,1024,4.0,0.025,32,160,4,static_0.5,0.0022159037997331677,0.0022159037997331677,1.0
70,0.1,1024,4.0,0.025,32,160,4,static_0.6,0.0035613126376105803,0.0022159037997331677,0.622215465256064
70,0.1,1024,4.0,0.025,32,160,4,static_0.7,0.009816327757381933,0.0022159037997331677,0.22573653350834744
70,0.1,1024,4.0,0.025,32,160,4,static_0.8,0.0277517424080096,0.0022159037997331677,0.07984737560455382
70,0.1,1024,4.0,0.025,32,160,4,static_0.9,0.06323929036737341,0.0022159037997331677,0.0350399852190056
70,0.1,1024,4.0,0.025,32,160,4,static_1.0,0.1408324918768338,0.0022159037997331677,0.015734322173828353
70,0.1,1024,4.0,0.025,32,160,4,prepare_AB,0.000981271321273481,0.0022159037997331677,2.258196842905178
70,0.1,1024,4.0,0.025,32,160,4,prepare_BA,0.0009814155976117069,0.0022159037997331677,2.2578648689969985
70,0.1,1024,4.0,0.025,32,160,4,matched_static,0.0076593504957971755,0.0022159037997331677,0.2893070112079444
70,0.1,1024,4.0,0.025,32,160,4,greedy_oracle,0.0019154118453667494,0.0022159037997331677,1.1568811193755995
70,0.1,1024,4.0,0.025,32,160,5,static_0.0,0.13887078758230148,0.002473837777957437,0.01781395368332107
70,0.1,1024,4.0,0.025,32,160,5,static_0.1,0.06264626488167307,0.002473837777957437,0.039488990806236385
70,0.1,1024,4.0,0.025,32,160,5,static_0.2,0.027275072838076744,0.002473837777957437,0.09069958465899648
70,0.1,1024,4.0,0.025,32,160,5,static_0.3,0.01116768205417241,0.002473837777957437,0.22151756881663506
70,0.1,1024,4.0,0.025,32,160,5,static_0.4,0.003955812891364064,0.002473837777957437,0.6253677425841028
70,0.1,1024,4.0,0.025,32,160,5,static_0.5,0.002473837777957437,0.002473837777957437,1.0
70,0.1,1024,4.0,0.025,32,160,5,static_0.6,0.004622799404325543,0.002473837777957437,0.5351384651565614
70,0.1,1024,4.0,0.025,32,160,5,static_0.7,0.012395834163673567,0.002473837777957437,0.19957009308878193
70,0.1,1024,4.0,0.025,32,160,5,static_0.8,0.02797808986371111,0.002473837777957437,0.08842053871469333
70,0.1,1024,4.0,0.025,32,160,5,static_0.9,0.06313633322430831,0.002473837777957437,0.039182474680125666
70,0.1,1024,4.0,0.025,32,160,5,static_1.0,0.13853487570103512,0.002473837777957437,0.01785714799568664
70,0.1,1024,4.0,0.025,32,160,5,prepare_AB,0.0007645816921715779,0.002473837777957437,3.2355440933083304
70,0.1,1024,4.0,0.025,32,160,5,prepare_BA,0.0011175951752910686,0.002473837777957437,2.213536558363493
70,0.1,1024,4.0,0.025,32,160,5,matched_static,0.00625301871375189,0.002473837777957437,0.3956229608775796
70,0.1,1024,4.0,0.025,32,160,5,greedy_oracle,0.0018720872542578757,0.002473837777957437,1.321432947279001
70,0.1,1024,4.0,0.025,32,160,6,static_0.0,0.14184788919879548,0.0015081566554433616,0.0106322107714252
70,0.1,1024,4.0,0.025,32,160,6,static_0.1,0.06405129055070906,0.0015081566554433616,0.023546077564969
70,0.1,1024,4.0,0.025,32,160,6,static_0.2,0.02679510721742509,0.0015081566554433616,0.05628477778445291
70,0.1,1024,4.0,0.025,32,160,6,static_0.3,0.00988395129675074,0.0015081566554433616,0.1525864110580102
70,0.1,1024,4.0,0.025,32,160,6,static_0.4,0.0030877529415374166,0.0015081566554433616,0.48843177676399147
70,0.1,1024,4.0,0.025,32,160,6,static_0.5,0.0015081566554433616,0.0015081566554433616,1.0
70,0.1,1024,4.0,0.025,32,160,6,static_0.6,0.0028218985169531775,0.0015081566554433616,0.5344475169403783
70,0.1,1024,4.0,0.025,32,160,6,static_0.7,0.00846960893605546,0.0015081566554433616,0.17806685843818348
70,0.1,1024,4.0,0.025,32,160,6,static_0.8,0.022278168084643137,0.0015081566554433616,0.06769661893712747
70,0.1,1024,4.0,0.025,32,160,6,static_0.9,0.058332104278879165,0.0015081566554433616,0.025854658838176586
70,0.1,1024,4.0,0.025,32,160,6,static_1.0,0.1416794654078794,0.0015081566554433616,0.010644849986563306
70,0.1,1024,4.0,0.025,32,160,6,prepare_AB,0.0005983937523214417,0.0015081566554433616,2.5203415804268268
70,0.1,1024,4.0,0.025,32,160,6,prepare_BA,0.0007048098597314657,0.0015081566554433616,2.139806409657738
70,0.1,1024,4.0,0.025,32,160,6,matched_static,0.005633479016521452,0.0015081566554433616,0.2677131930411653
70,0.1,1024,4.0,0.025,32,160,6,greedy_oracle,0.00118255852580709,0.0015081566554433616,1.2753336283411874
70,0.1,1024,4.0,0.025,32,160,7,static_0.0,0.13979453070447148,0.001483308856038021,0.01061063582790493
70,0.1,1024,4.0,0.025,32,160,7,static_0.1,0.05931762718630273,0.001483308856038021,0.025006206862916085
70,0.1,1024,4.0,0.025,32,160,7,static_0.2,0.027639984327146115,0.001483308856038021,0.053665329129047874
70,0.1,1024,4.0,0.025,32,160,7,static_0.3,0.011214518279088096,0.001483308856038021,0.13226683653492033
70,0.1,1024,4.0,0.025,32,160,7,static_0.4,0.0037962835194596863,0.001483308856038021,0.39072657467088656
70,0.1,1024,4.0,0.025,32,160,7,static_0.5,0.001483308856038021,0.001483308856038021,1.0
70,0.1,1024,4.0,0.025,32,160,7,static_0.6,0.0024187250866252604,0.001483308856038021,0.613260624053648
70,0.1,1024,4.0,0.025,32,160,7,static_0.7,0.007216950439537732,0.001483308856038021,0.20553125152582197
70,0.1,1024,4.0,0.025,32,160,7,static_0.8,0.021973952159228073,0.001483308856038021,0.06750305294603538
70,0.1,1024,4.0,0.025,32,160,7,static_0.9,0.0530487189437576,0.001483308856038021,0.02796125685166176
70,0.1,1024,4.0,0.025,32,160,7,static_1.0,0.13761416358455614,0.001483308856038021,0.010778751382859015
70,0.1,1024,4.0,0.025,32,160,7,prepare_AB,0.0004771295005256228,0.001483308856038021,3.108818160277148
70,0.1,1024,4.0,0.025,32,160,7,prepare_BA,0.0008846033291999331,0.001483308856038021,1.676806775506462
70,0.1,1024,4.0,0.025,32,160,7,matched_static,0.0067656755418000055,0.001483308856038021,0.2192403178180471
70,0.1,1024,4.0,0.025,32,160,7,greedy_oracle,0.0014003408421209393,0.001483308856038021,1.059248442537332
70,0.1,1024,4.0,0.025,32,160,8,static_0.0,0.13866457534495105,0.0017351880877649213,0.012513564358080312
70,0.1,1024,4.0,0.025,32,160,8,static_0.1,0.06586729039870098,0.0017351880877649213,0.026343699236171133
70,0.1,1024,4.0,0.025,32,160,8,static_0.2,0.029144073475044444,0.0017351880877649213,0.05953828277473745
70,0.1,1024,4.0,0.025,32,160,8,static_0.3,0.012512160429318003,0.0017351880877649213,0.13868013422359074
70,0.1,1024,4.0,0.025,32,160,8,static_0.4,0.004464449015803954,0.0017351880877649213,0.3886679143657888
70,0.1,1024,4.0,0.025,32,160,8,static_0.5,0.0017351880877649213,0.0017351880877649213,1.0
70,0.1,1024,4.0,0.025,32,160,8,static_0.6,0.0032676936373026186,0.0017351880877649213,0.5310130876275373
70,0.1,1024,4.0,0.025,32,160,8,static_0.7,0.008823444271011853,0.0017351880877649213,0.196656547541829
70,0.1,1024,4.0,0.025,32,160,8,static_0.8,0.024599755316332808,0.0017351880877649213,0.07053680272229608
70,0.1,1024,4.0,0.025,32,160,8,static_0.9,0.06163060373296087,0.0017351880877649213,0.02815465016833706
70,0.1,1024,4.0,0.025,32,160,8,static_1.0,0.1408560593425088,0.0017351880877649213,0.01231887428815255
70,0.1,1024,4.0,0.025,32,160,8,prepare_AB,0.0008675398106700009,0.0017351880877649213,2.000125027605172
70,0.1,1024,4.0,0.025,32,160,8,prepare_BA,0.0008841220159616515,0.0017351880877649213,1.9626115586292385
70,0.1,1024,4.0,0.025,32,160,8,matched_static,0.008660466712075284,0.0017351880877649213,0.2003573416367445
70,0.1,1024,4.0,0.025,32,160,8,greedy_oracle,0.0019056768411011863,0.0017351880877649213,0.910536377596031
70,0.1,1024,4.0,0.025,32,160,9,static_0.0,0.14023019027325614,0.0011189383016137462,0.007979296750816314
70,0.1,1024,4.0,0.025,32,160,9,static_0.1,0.061709955020430876,0.0011189383016137462,0.01813221709922312
70,0.1,1024,4.0,0.025,32,160,9,static_0.2,0.02562932058384126,0.0011189383016137462,0.0436585237581059
70,0.1,1024,4.0,0.025,32,160,9,static_0.3,0.010087308621120849,0.0011189383016137462,0.11092535617190383
70,0.1,1024,4.0,0.025,32,160,9,static_0.4,0.003386460538499342,0.0011189383016137462,0.33041527839848583
70,0.1,1024,4.0,0.025,32,160,9,static_0.5,0.0011189383016137462,0.0011189383016137462,1.0
70,0.1,1024,4.0,0.025,32,160,9,static_0.6,0.0024413236685299194,0.0011189383016137462,0.4583326316119043
70,0.1,1024,4.0,0.025,32,160,9,static_0.7,0.008068917715656994,0.0011189383016137462,0.13867266231288358
70,0.1,1024,4.0,0.025,32,160,9,static_0.8,0.02416402244895119,0.0011189383016137462,0.04630596184793366
70,0.1,1024,4.0,0.025,32,160,9,static_0.9,0.059392109532955574,0.0011189383016137462,0.018839847757771058
70,0.1,1024,4.0,0.025,32,160,9,static_1.0,0.14019618121830144,0.0011189383016137462,0.007981232383722576
70,0.1,1024,4.0,0.025,32,160,9,prepare_AB,0.0007465109536991465,0.0011189383016137462,1.4988906674029765
70,0.1,1024,4.0,0.025,32,160,9,prepare_BA,0.0006944052920192879,0.0011189383016137462,1.611362002095264
70,0.1,1024,4.0,0.025,32,160,9,matched_static,0.0062154689046383,0.0011189383016137462,0.18002476060635383
70,0.1,1024,4.0,0.025,32,160,9,greedy_oracle,0.0013559429092469444,0.0011189383016137462,0.8252104819333254
70,0.1,1024,4.0,0.025,32,160,10,static_0.0,0.13802025543036145,0.0025675830720842162,0.018602943923543877
70,0.1,1024,4.0,0.025,32,160,10,static_0.1,0.06527182198687606,0.0025675830720842162,0.03933677648220805
70,0.1,1024,4.0,0.025,32,160,10,static_0.2,0.028319898703685297,0.0025675830720842162,0.09066356836050737
70,0.1,1024,4.0,0.025,32,160,10,static_0.3,0.010641768603201044,0.0025675830720842162,0.24127409341637884
70,0.1,1024,4.0,0.025,32,160,10,static_0.4,0.004423232193359098,0.0025675830720842162,0.5804766649915202
70,0.1,1024,4.0,0.025,32,160,10,static_0.5,0.0025675830720842162,0.0025675830720842162,1.0
70,0.1,1024,4.0,0.025,32,160,10,static_0.6,0.003998736023181202,0.0025675830720842162,0.6420986674788226
70,0.1,1024,4.0,0.025,32,160,10,static_0.7,0.009831617155372941,0.0025675830720842162,0.2611557215367201
70,0.1,1024,4.0,0.025,32,160,10,static_0.8,0.027851284635690296,0.0025675830720842162,0.09218903564663448
70,0.1,1024,4.0,0.025,32,160,10,static_0.9,0.06055608360837515,0.0025675830720842162,0.042400084666788275
70,0.1,1024,4.0,0.025,32,160,10,static_1.0,0.14007437503178347,0.0025675830720842162,0.01833014119464478
70,0.1,1024,4.0,0.025,32,160,10,prepare_AB,0.0010979949902589438,0.0025675830720842162,2.3384287677657754
70,0.1,1024,4.0,0.025,32,160,10,prepare_BA,0.0011736988490252667,0.0025675830720842162,2.1875995483990995
70,0.1,1024,4.0,0.025,32,160,10,matched_static,0.006720241125105843,0.0025675830720842162,0.382067105076349
70,0.1,1024,4.0,0.025,32,160,10,greedy_oracle,0.002396034191223484,0.0025675830720842162,1.0715970087109377
70,0.1,1024,4.0,0.025,32,160,11,static_0.0,0.14157050551466965,0.0022391368863552315,0.01581640807324242
70,0.1,1024,4.0,0.025,32,160,11,static_0.1,0.050943000432421934,0.0022391368863552315,0.04395376925875307
70,0.1,1024,4.0,0.025,32,160,11,static_0.2,0.01879711557844559,0.0022391368863552315,0.119121302255694
70,0.1,1024,4.0,0.025,32,160,11,static_0.3,0.006456356357241677,0.0022391368863552315,0.346811229501565
70,0.1,1024,4.0,0.025,32,160,11,static_0.4,0.002573244324205163,0.0022391368863552315,0.8701610124203296
70,0.1,1024,4.0,0.025,32,160,11,static_0.5,0.0022391368863552315,0.0022391368863552315,1.0
70,0.1,1024,4.0,0.025,32,160,11,static_0.6,0.005763892494671429,0.0022391368863552315,0.3884765179824669
70,0.1,1024,4.0,0.025,32,160,11,static_0.7,0.012928879471251722,0.0022391368863552315,0.173188781853378
70,0.1,1024,4.0,0.025,32,160,11,static_0.8,0.030319883334395354,0.0022391368863552315,0.07385044532196862
70,0.1,1024,4.0,0.025,32,160,11,static_0.9,0.06797752502308284,0.0022391368863552315,0.03293937055806161
70,0.1,1024,4.0,0.025,32,160,11,static_1.0,0.14381207170166302,0.0022391368863552315,0.015569881303151678
70,0.1,1024,4.0,0.025,32,160,11,prepare_AB,0.001032047752693853,0.0022391368863552315,2.169605893245378
70,0.1,1024,4.0,0.025,32,160,11,prepare_BA,0.0007017097570364133,0.0022391368863552315,3.190972996886856
70,0.1,1024,4.0,0.025,32,160,11,matched_static,0.004074817484570536,0.0022391368863552315,0.5495060563654238
70,0.1,1024,4.0,0.025,32,160,11,greedy_oracle,0.001683710071549725,0.0022391368863552315,1.3298826942896878
70,0.1,1024,4.0,0.025,32,160,12,static_0.0,0.13961675856832245,0.001970836520928707,0.014116045531627668
70,0.1,1024,4.0,0.025,32,160,12,static_0.1,0.06502468177658076,0.001970836520928707,0.030309052917787935
70,0.1,1024,4.0,0.025,32,160,12,static_0.2,0.03024587932051285,0.001970836520928707,0.06516049674218198
70,0.1,1024,4.0,0.025,32,160,12,static_0.3,0.011522502611111258,0.001970836520928707,0.1710424017633297
70,0.1,1024,4.0,0.025,32,160,12,static_0.4,0.004365790723786907,0.001970836520928707,0.45142716305448427
70,0.1,1024,4.0,0.025,32,160,12,static_0.5,0.001970836520928707,0.001970836520928707,1.0
70,0.1,1024,4.0,0.025,32,160,12,static_0.6,0.003599816956688785,0.001970836520928707,0.5474824260902251
70,0.1,1024,4.0,0.025,32,160,12,static_0.7,0.010283809275215631,0.001970836520928707,0.19164460057407884
70,0.1,1024,4.0,0.025,32,160,12,static_0.8,0.02859026892423073,0.001970836520928707,0.06893382241880175
70,0.1,1024,4.0,0.025,32,160,12,static_0.9,0.06258500541291649,0.001970836520928707,0.03149055445351067
70,0.1,1024,4.0,0.025,32,160,12,static_1.0,0.13631181774503556,0.001970836520928707,0.014458295352021922
70,0.1,1024,4.0,0.025,32,160,12,prepare_AB,0.0006408482389560872,0.001970836520928707,3.0753560689175186
70,0.1,1024,4.0,0.025,32,160,12,prepare_BA,0.0012522631746018995,0.001970836520928707,1.5738197536274636
70,0.1,1024,4.0,0.025,32,160,12,matched_static,0.007876212576051126,0.001970836520928707,0.2502264256961967
70,0.1,1024,4.0,0.025,32,160,12,greedy_oracle,0.0018697943445188025,0.001970836520928707,1.054039192441727
70,0.1,1024,4.0,0.025,32,160,13,static_0.0,0.14252523355505253,0.0013877939346316074,0.009737180568067976
70,0.1,1024,4.0,0.025,32,160,13,static_0.1,0.05461184791785296,0.0013877939346316074,0.02541195706688271
70,0.1,1024,4.0,0.025,32,160,13,static_0.2,0.020296894462745543,0.0013877939346316074,0.06837469333936132
70,0.1,1024,4.0,0.025,32,160,13,static_0.3,0.006553211253084041,0.0013877939346316074,0.2117731110802342
70,0.1,1024,4.0,0.025,32,160,13,static_0.4,0.0016230358533396133,0.0013877939346316074,0.8550605532071494
70,0.1,1024,4.0,0.025,32,160,13,static_0.5,0.0013877939346316074,0.0013877939346316074,1.0
70,0.1,1024,4.0,0.025,32,160,13,static_0.6,0.0036927337677737787,0.0013877939346316074,0.37581748967195655
70,0.1,1024,4.0,0.025,32,160,13,static_0.7,0.00995005972129497,0.0013877939346316074,0.13947594019576298
70,0.1,1024,4.0,0.025,32,160,13,static_0.8,0.027242799232181234,0.0013877939346316074,0.05094167903980444
70,0.1,1024,4.0,0.025,32,160,13,static_0.9,0.06787691547274963,0.0013877939346316074,0.020445742487941447
70,0.1,1024,4.0,0.025,32,160,13,static_1.0,0.13955875265144976,0.0013877939346316074,0.009944155477640626
70,0.1,1024,4.0,0.025,32,160,13,prepare_AB,0.0010619101941730029,0.0013877939346316074,1.3068844637209618
70,0.1,1024,4.0,0.025,32,160,13,prepare_BA,0.00041261269855658554,0.0013877939346316074,3.363430014360757
70,0.1,1024,4.0,0.025,32,160,13,matched_static,0.0034356445771510837,0.0013877939346316074,0.4039399022416918
70,0.1,1024,4.0,0.025,32,160,13,greedy_oracle,0.0015968033423438882,0.0013877939346316074,0.8691076088270935
70,0.1,1024,4.0,0.025,32,160,14,static_0.0,0.14272336321939402,0.00265040688439253,0.018570238429137426
70,0.1,1024,4.0,0.025,32,160,14,static_0.1,0.07100294058127857,0.00265040688439253,0.037328128422491925
70,0.1,1024,4.0,0.025,32,160,14,static_0.2,0.031061656271319175,0.00265040688439253,0.08532728780595601
70,0.1,1024,4.0,0.025,32,160,14,static_0.3,0.013801480466193634,0.00265040688439253,0.1920378680305082
70,0.1,1024,4.0,0.025,32,160,14,static_0.4,0.0049923690102399824,0.00265040688439253,0.5308916225856319
70,0.1,1024,4.0,0.025,32,160,14,static_0.5,0.00265040688439253,0.00265040688439253,1.0
70,0.1,1024,4.0,0.025,32,160,14,static_0.6,0.0049015375446124524,0.00265040688439253,0.5407296915037888
70,0.1,1024,4.0,0.025,32,160,14,static_0.7,0.012060334328792268,0.00265040688439253,0.2197623060966954
70,0.1,1024,4.0,0.025,32,160,14,static_0.8,0.027583582917219747,0.00265040688439253,0.0960863892245828
70,0.1,1024,4.0,0.025,32,160,14,static_0.9,0.060702199496815754,0.00265040688439253,0.04366245220704996
70,0.1,1024,4.0,0.025,32,160,14,static_1.0,0.14070528428420306,0.00265040688439253,0.01883658384172065
70,0.1,1024,4.0,0.025,32,160,14,prepare_AB,0.001224593308738288,0.00265040688439253,2.164315994118303
70,0.1,1024,4.0,0.025,32,160,14,prepare_BA,0.0013752599461752302,0.00265040688439253,1.9272043018220975
70,0.1,1024,4.0,0.025,32,160,14,matched_static,0.009106704756478174,0.00265040688439253,0.2910390701430315
70,0.1,1024,4.0,0.025,32,160,14,greedy_oracle,0.0023880195350398903,0.00265040688439253,1.1098765506322612
70,0.1,1024,4.0,0.025,32,160,15,static_0.0,0.13846607232111838,0.001625278511644923,0.011737738237246446
70,0.1,1024,4.0,0.025,32,160,15,static_0.1,0.06517789592197379,0.001625278511644923,0.02493603834021564
70,0.1,1024,4.0,0.025,32,160,15,static_0.2,0.027342721411609497,0.001625278511644923,0.059440992985974064
70,0.1,1024,4.0,0.025,32,160,15,static_0.3,0.010923763110950866,0.001625278511644923,0.1487837565806981
70,0.1,1024,4.0,0.025,32,160,15,static_0.4,0.0035327223691682163,0.001625278511644923,0.46006403611829727
70,0.1,1024,4.0,0.025,32,160,15,static_0.5,0.001625278511644923,0.001625278511644923,1.0
70,0.1,1024,4.0,0.025,32,160,15,static_0.6,0.0027886774556896564,0.001625278511644923,0.5828133720982738
70,0.1,1024,4.0,0.025,32,160,15,static_0.7,0.008525687835769595,0.001625278511644923,0.19063312461735385
70,0.1,1024,4.0,0.025,32,160,15,static_0.8,0.02399079381164641,0.001625278511644923,0.0677459247245052
70,0.1,1024,4.0,0.025,32,160,15,static_0.9,0.059052136694391674,0.001625278511644923,0.027522772292831864
70,0.1,1024,4.0,0.025,32,160,15,static_1.0,0.13857038121418708,0.001625278511644923,0.011728902651517886
70,0.1,1024,4.0,0.025,32,160,15,prepare_AB,0.000686871822697251,0.001625278511644923,2.3662035010588705
70,0.1,1024,4.0,0.025,32,160,15,prepare_BA,0.0007734245070599535,0.001625278511644923,2.1014054982859967
70,0.1,1024,4.0,0.025,32,160,15,matched_static,0.006680645830155678,0.001625278511644923,0.24328164566195082
70,0.1,1024,4.0,0.025,32,160,15,greedy_oracle,0.0017642785295824892,0.001625278511644923,0.9212142438923971
70,0.1,1024,4.0,0.025,32,160,16,static_0.0,0.1426642058978871,0.001495141788661325,0.01048014657391696
70,0.1,1024,4.0,0.025,32,160,16,static_0.1,0.058123133597820315,0.001495141788661325,0.02572369547393767
70,0.1,1024,4.0,0.025,32,160,16,static_0.2,0.021799068336241685,0.001495141788661325,0.06858741692990619
70,0.1,1024,4.0,0.025,32,160,16,static_0.3,0.007319878355466624,0.001495141788661325,0.20425773708995104
70,0.1,1024,4.0,0.025,32,160,16,static_0.4,0.0020412214328077044,0.001495141788661325,0.7324740788189522
70,0.1,1024,4.0,0.025,32,160,16,static_0.5,0.001495141788661325,0.001495141788661325,1.0
70,0.1,1024,4.0,0.025,32,160,16,static_0.6,0.003960341888631131,0.001495141788661325,0.37752846362921255
70,0.1,1024,4.0,0.025,32,160,16,static_0.7,0.010898133752359419,0.001495141788661325,0.1371924608961264
70,0.1,1024,4.0,0.025,32,160,16,static_0.8,0.02858300957138958,0.001495141788661325,0.0523087600319702
70,0.1,1024,4.0,0.025,32,160,16,static_0.9,0.06806058001564558,0.001495141788661325,0.02196780850703338
70,0.1,1024,4.0,0.025,32,160,16,static_1.0,0.1395320097447836,0.001495141788661325,0.01071540352207405
70,0.1,1024,4.0,0.025,32,160,16,prepare_AB,0.0005627107265673012,0.001495141788661325,2.657034454953656
70,0.1,1024,4.0,0.025,32,160,16,prepare_BA,0.0004851755835510872,0.001495141788661325,3.08165093081996
70,0.1,1024,4.0,0.025,32,160,16,matched_static,0.004427065669660055,0.001495141788661325,0.33772749270650276
70,0.1,1024,4.0,0.025,32,160,16,greedy_oracle,0.001619136723880508,0.001495141788661325,0.9234191076081517
70,0.1,1024,4.0,0.025,32,160,17,static_0.0,0.14681177107451293,0.0023659557573665548,0.01611557261417231
70,0.1,1024,4.0,0.025,32,160,17,static_0.1,0.0621411057965538,0.0023659557573665548,0.03807392428954435
70,0.1,1024,4.0,0.025,32,160,17,static_0.2,0.0269513252449883,0.0023659557573665548,0.08778624931649746
70,0.1,1024,4.0,0.025,32,160,17,static_0.3,0.010393785568030235,0.0023659557573665548,0.22763176533522964
70,0.1,1024,4.0,0.025,32,160,17,static_0.4,0.0034497532612555817,0.0023659557573665548,0.6858333272523481
70,0.1,1024,4.0,0.025,32,160,17,static_0.5,0.0023659557573665548,0.0023659557573665548,1.0
70,0.1,1024,4.0,0.025,32,160,17,static_0.6,0.0057685481543028145,0.0023659557573665548,0.41014752656641446
70,0.1,1024,4.0,0.025,32,160,17,static_0.7,0.013780542170414306,0.0023659557573665548,0.17168814754226927
70,0.1,1024,4.0,0.025,32,160,17,static_0.8,0.02971257941107178,0.0023659557573665548,0.0796280836016859
70,0.1,1024,4.0,0.025,32,160,17,static_0.9,0.06425843134707546,0.0023659557573665548,0.036819382418276765
70,0.1,1024,4.0,0.025,32,160,17,static_1.0,0.13713260913025077,0.0023659557573665548,0.01725304996654247
70,0.1,1024,4.0,0.025,32,160,17,prepare_AB,0.001238580082984936,0.0023659557573665548,1.9102162144127828
70,0.1,1024,4.0,0.025,32,160,17,prepare_BA,0.0009149442728644318,0.0023659557573665548,2.5859014887971443
70,0.1,1024,4.0,0.025,32,160,17,matched_static,0.006224745753177514,0.0023659557573665548,0.3800887379470587
70,0.1,1024,4.0,0.025,32,160,17,greedy_oracle,0.0024035283557616834,0.0023659557573665548,0.9843677324192742
70,0.1,1024,4.0,0.025,32,160,18,static_0.0,0.14214279780455738,0.002284354243109408,0.016070840579980247
70,0.1,1024,4.0,0.025,32,160,18,static_0.1,0.06759868743214112,0.002284354243109408,0.03379287867686122
70,0.1,1024,4.0,0.025,32,160,18,static_0.2,0.028165222407696665,0.002284354243109408,0.08110549279686023
70,0.1,1024,4.0,0.025,32,160,18,static_0.3,0.012794134262334894,0.002284354243109408,0.17854699632427648
70,0.1,1024,4.0,0.025,32,160,18,static_0.4,0.004781793366920339,0.002284354243109408,0.4777191458987324
70,0.1,1024,4.0,0.025,32,160,18,static_0.5,0.002284354243109408,0.002284354243109408,1.0
70,0.1,1024,4.0,0.025,32,160,18,static_0.6,0.004122023094365939,0.002284354243109408,0.5541827861740288
70,0.1,1024,4.0,0.025,32,160,18,static_0.7,0.011456655224822289,0.002284354243109408,0.1993910262883766
70,0.1,1024,4.0,0.025,32,160,18,static_0.8,0.029595494643228835,0.002284354243109408,0.07718587814284247
70,0.1,1024,4.0,0.025,32,160,18,static_0.9,0.06613968474593043,0.002284354243109408,0.03453832977711561
70,0.1,1024,4.0,0.025,32,160,18,static_1.0,0.13724338937394834,0.002284354243109408,0.016644548444407818
70,0.1,1024,4.0,0.025,32,160,18,prepare_AB,0.001327001998860562,0.002284354243109408,1.7214399413647323
70,0.1,1024,4.0,0.025,32,160,18,prepare_BA,0.0009281081837570744,0.002284354243109408,2.4613016920744246
70,0.1,1024,4.0,0.025,32,160,18,matched_static,0.008331949229734261,0.002284354243109408,0.2741680464107035
70,0.1,1024,4.0,0.025,32,160,18,greedy_oracle,0.0024149075621468204,0.002284354243109408,0.9459385853587903
70,0.1,1024,4.0,0.025,32,160,19,static_0.0,0.1420318146479442,0.0029066398433225905,0.02046470961824511
70,0.1,1024,4.0,0.025,32,160,19,static_0.1,0.06296766106417648,0.0029066398433225905,0.04616083548601481
70,0.1,1024,4.0,0.025,32,160,19,static_0.2,0.028970130087860303,0.0029066398433225905,0.10033230208174296
70,0.1,1024,4.0,0.025,32,160,19,static_0.3,0.012011763646965344,0.0029066398433225905,0.2419827702867701
70,0.1,1024,4.0,0.025,32,160,19,static_0.4,0.004725176855598434,0.0029066398433225905,0.6151388471055377
70,0.1,1024,4.0,0.025,32,160,19,static_0.5,0.0029066398433225905,0.0029066398433225905,1.0
70,0.1,1024,4.0,0.025,32,160,19,static_0.6,0.005458644060831085,0.0029066398433225905,0.5324838569672284
70,0.1,1024,4.0,0.025,32,160,19,static_0.7,0.01380091855022482,0.0029066398433225905,0.2106120569253878
70,0.1,1024,4.0,0.025,32,160,19,static_0.8,0.032000069105466156,0.0029066398433225905,0.09083229894731969
70,0.1,1024,4.0,0.025,32,160,19,static_0.9,0.07059505904458202,0.0029066398433225905,0.04117341755443531
70,0.1,1024,4.0,0.025,32,160,19,static_1.0,0.14243309931701922,0.0029066398433225905,0.020407053257004273
70,0.1,1024,4.0,0.025,32,160,19,prepare_AB,0.0012348459970225093,0.0029066398433225905,2.353848050956274
70,0.1,1024,4.0,0.025,32,160,19,prepare_BA,0.0012610380386970982,0.0029066398433225905,2.304958101284339
70,0.1,1024,4.0,0.025,32,160,19,matched_static,0.007533884392118648,0.0029066398433225905,0.38580892565371544
70,0.1,1024,4.0,0.025,32,160,19,greedy_oracle,0.003235392255616378,0.0029066398433225905,0.8983887002501474
70,0.1,1024,8.0,0.025,32,320,0,static_0.0,0.12053924781511441,7.081055320624594e-05,0.0005874481091408222
70,0.1,1024,8.0,0.025,32,320,0,static_0.1,0.031334223648975576,7.081055320624594e-05,0.0022598470605018797
70,0.1,1024,8.0,0.025,32,320,0,static_0.2,0.008532518249114189,7.081055320624594e-05,0.008298904395967416
70,0.1,1024,8.0,0.025,32,320,0,static_0.3,0.002183167430626896,7.081055320624594e-05,0.03243477903383375
70,0.1,1024,8.0,0.025,32,320,0,static_0.4,0.0006210760664052098,7.081055320624594e-05,0.1140126902910583
70,0.1,1024,8.0,0.025,32,320,0,static_0.5,0.00011151256670217226,7.081055320624594e-05,0.6350006577766859
70,0.1,1024,8.0,0.025,32,320,0,static_0.6,7.081055320624594e-05,7.081055320624594e-05,1.0
70,0.1,1024,8.0,0.025,32,320,0,static_0.7,0.0007907764401804394,7.081055320624594e-05,0.08954560304058679
70,0.1,1024,8.0,0.025,32,320,0,static_0.8,0.005320030869937676,7.081055320624594e-05,0.01331017712817811
70,0.1,1024,8.0,0.025,32,320,0,static_0.9,0.026406273288027547,7.081055320624594e-05,0.002681580715077695
70,0.1,1024,8.0,0.025,32,320,0,static_1.0,0.11857529485446076,7.081055320624594e-05,0.0005971779643741031
70,0.1,1024,8.0,0.025,32,320,0,prepare_AB,0.00022904256310436847,7.081055320624594e-05,0.30915892769668096
70,0.1,1024,8.0,0.025,32,320,0,prepare_BA,0.0001729685229050698,7.081055320624594e-05,0.40938404292848624
70,0.1,1024,8.0,0.025,32,320,0,matched_static,0.012060472406756737,7.081055320624594e-05,0.005871291838168393
70,0.1,1024,8.0,0.025,32,320,0,greedy_oracle,1.1910990756018973e-05,7.081055320624594e-05,5.944975918184077
70,0.1,1024,8.0,0.025,32,320,1,static_0.0,0.11900485525224712,1.656893440487289e-05,0.0001392290622912213
70,0.1,1024,8.0,0.025,32,320,1,static_0.1,0.023488623182362486,1.656893440487289e-05,0.0007054025379109677
70,0.1,1024,8.0,0.025,32,320,1,static_0.2,0.0045089914950340905,1.656893440487289e-05,0.003674643082188297
70,0.1,1024,8.0,0.025,32,320,1,static_0.3,0.000896454910444281,1.656893440487289e-05,0.018482730376992818
70,0.1,1024,8.0,0.025,32,320,1,static_0.4,0.0001336223776461816,1.656893440487289e-05,0.12399820072612189
70,0.1,1024,8.0,0.025,32,320,1,static_0.5,1.656893440487289e-05,1.656893440487289e-05,1.0
70,0.1,1024,8.0,0.025,32,320,1,static_0.6,0.000206500772199457,1.656893440487289e-05,0.08023667044145057
70,0.1,1024,8.0,0.025,32,320,1,static_0.7,0.001178919037429735,1.656893440487289e-05,0.014054344597739535
70,0.1,1024,8.0,0.025,32,320,1,static_0.8,0.005582576045818382,1.656893440487289e-05,0.0029679728979749086
70,0.1,1024,8.0,0.025,32,320,1,static_0.9,0.02832684323679916,1.656893440487289e-05,0.0005849199032297509
70,0.1,1024,8.0,0.025,32,320,1,static_1.0,0.1244103976957148,1.656893440487289e-05,0.00013317965951204085
70,0.1,1024,8.0,0.025,32,320,1,prepare_AB,1.6605679951991936e-05,1.656893440487289e-05,0.9977871699788698
70,0.1,1024,8.0,0.025,32,320,1,prepare_BA,7.334655567633809e-05,1.656893440487289e-05,0.22589928391440606
70,0.1,1024,8.0,0.025,32,320,1,matched_static,0.006983654515339248,1.656893440487289e-05,0.002372530652608896
70,0.1,1024,8.0,0.025,32,320,1,greedy_oracle,2.2185476688414334e-06,1.656893440487289e-05,7.468369797763008
70,0.1,1024,8.0,0.025,32,320,2,static_0.0,0.11559683112716146,3.608041222720095e-05,0.00031212284865759815
70,0.1,1024,8.0,0.025,32,320,2,static_0.1,0.022585731659014674,3.608041222720095e-05,0.0015974869785898712
70,0.1,1024,8.0,0.025,32,320,2,static_0.2,0.004552571745791027,3.608041222720095e-05,0.007925281410569366
70,0.1,1024,8.0,0.025,32,320,2,static_0.3,0.000998500140536911,3.608041222720095e-05,0.03613460906254844
70,0.1,1024,8.0,0.025,32,320,2,static_0.4,0.0001354809832136675,3.608041222720095e-05,0.26631348083958334
70,0.1,1024,8.0,0.025,32,320,2,static_0.5,3.608041222720095e-05,3.608041222720095e-05,1.0
70,0.1,1024,8.0,0.025,32,320,2,static_0.6,0.0003009815215200956,3.608041222720095e-05,0.119875838373659
70,0.1,1024,8.0,0.025,32,320,2,static_0.7,0.0016419413826991498,3.608041222720095e-05,0.021974238914600708
70,0.1,1024,8.0,0.025,32,320,2,static_0.8,0.007246128832225771,3.608041222720095e-05,0.0049792672836204924
70,0.1,1024,8.0,0.025,32,320,2,static_0.9,0.03320182964422537,3.608041222720095e-05,0.001086699516677878
70,0.1,1024,8.0,0.025,32,320,2,static_1.0,0.11804617312296177,3.608041222720095e-05,0.00030564660651572417
70,0.1,1024,8.0,0.025,32,320,2,prepare_AB,8.860463191039457e-05,3.608041222720095e-05,0.40720684065014673
70,0.1,1024,8.0,0.025,32,320,2,prepare_BA,0.00012375989033157434,3.608041222720095e-05,0.29153558661481704
70,0.1,1024,8.0,0.025,32,320,2,matched_static,0.006732448088026038,3.608041222720095e-05,0.005359181646178837
70,0.1,1024,8.0,0.025,32,320,2,greedy_oracle,3.5695038128711725e-05,3.608041222720095e-05,1.0107962932298773
70,0.1,1024,8.0,0.025,32,320,3,static_0.0,0.114561159990916,2.9217496259537443e-05,0.0002550384114638348
70,0.1,1024,8.0,0.025,32,320,3,static_0.1,0.021602568060263734,2.9217496259537443e-05,0.001352501062745442
70,0.1,1024,8.0,0.025,32,320,3,static_0.2,0.004015387047313187,2.9217496259537443e-05,0.007276383550394656
70,0.1,1024,8.0,0.025,32,320,3,static_0.3,0.0006304105172051232,2.9217496259537443e-05,0.04634677795204144
70,0.1,1024,8.0,0.025,32,320,3,static_0.4,3.5802361067023855e-05,2.9217496259537443e-05,0.8160773588323069
70,0.1,1024,8.0,0.025,32,320,3,static_0.5,2.9217496259537443e-05,2.9217496259537443e-05,1.0
70,0.1,1024,8.0,0.025,32,320,3,static_0.6,0.00028840652102633135,2.9217496259537443e-05,0.10130664228937425
70,0.1,1024,8.0,0.025,32,320,3,static_0.7,0.001229588217469972,2.9217496259537443e-05,0.023762017108179528
70,0.1,1024,8.0,0.025,32,320,3,static_0.8,0.0053525241705929495,2.9217496259537443e-05,0.005458638826903372
70,0.1,1024,8.0,0.025,32,320,3,static_0.9,0.021702565959511134,2.9217496259537443e-05,0.0013462692067862554
70,0.1,1024,8.0,0.025,32,320,3,static_1.0,0.120077349509583,2.9217496259537443e-05,0.00024332229499457502
70,0.1,1024,8.0,0.025,32,320,3,prepare_AB,0.00015413018435039288,2.9217496259537443e-05,0.1895637534119576
70,0.1,1024,8.0,0.025,32,320,3,prepare_BA,0.00020263242733567955,2.9217496259537443e-05,0.14418963758024736
70,0.1,1024,8.0,0.025,32,320,3,matched_static,0.006545661664015367,2.9217496259537443e-05,0.004463642907203712
70,0.1,1024,8.0,0.025,32,320,3,greedy_oracle,1.336765857878403e-05,2.9217496259537443e-05,2.185685405364024
70,0.1,1024,8.0,0.025,32,320,4,static_0.0,0.11858754196079438,6.958205884548736e-05,0.0005867569029172687
70,0.1,1024,8.0,0.025,32,320,4,static_0.1,0.028190327599438937,6.958205884548736e-05,0.002468295503131089
70,0.1,1024,8.0,0.025,32,320,4,static_0.2,0.007115833518111941,6.958205884548736e-05,0.009778483247026515
70,0.1,1024,8.0,0.025,32,320,4,static_0.3,0.0017093361547854949,6.958205884548736e-05,0.040707065518203606
70,0.1,1024,8.0,0.025,32,320,4,static_0.4,0.00038556975468141404,6.958205884548736e-05,0.180465552602748
70,0.1,1024,8.0,0.025,32,320,4,static_0.5,6.958205884548736e-05,6.958205884548736e-05,1.0
70,0.1,1024,8.0,0.025,32,320,4,static_0.6,0.00015636193526766222,6.958205884548736e-05,0.4450063803979912
70,0.1,1024,8.0,0.025,32,320,4,static_0.7,0.0010010547571933236,6.958205884548736e-05,0.06950874399775683
70,0.1,1024,8.0,0.025,32,320,4,static_0.8,0.006009392845354033,6.958205884548736e-05,0.011578883364112644
70,0.1,1024,8.0,0.025,32,320,4,static_0.9,0.027263383777355314,6.958205884548736e-05,0.002552216533858189
70,0.1,1024,8.0,0.025,32,320,4,static_1.0,0.1191478477403312,6.958205884548736e-05,0.0005839976144355819
70,0.1,1024,8.0,0.025,32,320,4,prepare_AB,5.432193294037685e-05,6.958205884548736e-05,1.2809201565389776
70,0.1,1024,8.0,0.025,32,320,4,prepare_BA,3.461492361767085e-05,6.958205884548736e-05,2.0101751375804238
70,0.1,1024,8.0,0.025,32,320,4,matched_static,0.010013571797620314,6.958205884548736e-05,0.006948775147547577
70,0.1,1024,8.0,0.025,32,320,4,greedy_oracle,4.807347431900214e-05,6.958205884548736e-05,1.4474106527803725
70,0.1,1024,8.0,0.025,32,320,5,static_0.0,0.11714937560199044,4.089316405289872e-06,3.4906856176366946e-05
70,0.1,1024,8.0,0.025,32,320,5,static_0.1,0.02741600778501717,4.089316405289872e-06,0.00014915798234944625
70,0.1,1024,8.0,0.025,32,320,5,static_0.2,0.006081855232490484,4.089316405289872e-06,0.0006723797671874739
70,0.1,1024,8.0,0.025,32,320,5,static_0.3,0.0013169559971721357,4.089316405289872e-06,0.0031051275927751203
70,0.1,1024,8.0,0.025,32,320,5,static_0.4,0.000159981554726014,4.089316405289872e-06,0.025561174300957855
70,0.1,1024,8.0,0.025,32,320,5,static_0.5,4.089316405289872e-06,4.089316405289872e-06,1.0
70,0.1,1024,8.0,0.025,32,320,5,static_0.6,0.00020522449038273526,4.089316405289872e-06,0.019926064368163198
70,0.1,1024,8.0,0.025,32,320,5,static_0.7,0.001409916388367379,4.089316405289872e-06,0.0029003963916081005
70,0.1,1024,8.0,0.025,32,320,5,static_0.8,0.006596198100453218,4.089316405289872e-06,0.0006199505143741664
70,0.1,1024,8.0,0.025,32,320,5,static_0.9,0.02847614555945911,4.089316405289872e-06,0.00014360498322187767
70,0.1,1024,8.0,0.025,32,320,5,static_1.0,0.11850354708434725,4.089316405289872e-06,3.450796626685967e-05
70,0.1,1024,8.0,0.025,32,320,5,prepare_AB,1.1078974319742626e-05,4.089316405289872e-06,0.36910604603557473
70,0.1,1024,8.0,0.025,32,320,5,prepare_BA,5.95859954690357e-05,4.089316405289872e-06,0.06862881744444321
70,0.1,1024,8.0,0.025,32,320,5,matched_static,0.009428505037605301,4.089316405289872e-06,0.0004337184303322488
70,0.1,1024,8.0,0.025,32,320,5,greedy_oracle,1.828950992655852e-06,4.089316405289872e-06,2.235880798179126
70,0.1,1024,8.0,0.025,32,320,6,static_0.0,0.12171715203880298,6.290518672642853e-07,5.168144807263859e-06
70,0.1,1024,8.0,0.025,32,320,6,static_0.1,0.028476479255064403,6.290518672642853e-07,2.2090226169810355e-05
70,0.1,1024,8.0,0.025,32,320,6,static_0.2,0.004874819172313396,6.290518672642853e-07,0.00012904106696654395
70,0.1,1024,8.0,0.025,32,320,6,static_0.3,0.0008838339130216806,6.290518672642853e-07,0.0007117308557596098
70,0.1,1024,8.0,0.025,32,320,6,static_0.4,9.394350669043554e-05,6.290518672642853e-07,0.006696065427248199
70,0.1,1024,8.0,0.025,32,320,6,static_0.5,6.290518672642853e-07,6.290518672642853e-07,1.0
70,0.1,1024,8.0,0.025,32,320,6,static_0.6,0.00014038802012323804,6.290518672642853e-07,0.0044808087378971455
70,0.1,1024,8.0,0.025,32,320,6,static_0.7,0.0008718463061350167,6.290518672642853e-07,0.0007215169265933307
70,0.1,1024,8.0,0.025,32,320,6,static_0.8,0.004146547683962817,6.290518672642853e-07,0.00015170496403482962
70,0.1,1024,8.0,0.025,32,320,6,static_0.9,0.024234863171666763,6.290518672642853e-07,2.5956485201027112e-05
70,0.1,1024,8.0,0.025,32,320,6,static_1.0,0.1206159307894128,6.290518672642853e-07,5.215329875143666e-06
70,0.1,1024,8.0,0.025,32,320,6,prepare_AB,4.034386629341543e-05,6.290518672642853e-07,0.015592255404806198
70,0.1,1024,8.0,0.025,32,320,6,prepare_BA,0.000171178138425533,6.290518672642853e-07,0.003674837646034686
70,0.1,1024,8.0,0.025,32,320,6,matched_static,0.00827978563656569,6.290518672642853e-07,7.597441466192414e-05
70,0.1,1024,8.0,0.025,32,320,6,greedy_oracle,3.29593545323142e-06,6.290518672642853e-07,0.19085685268731423
70,0.1,1024,8.0,0.025,32,320,7,static_0.0,0.11843904927514101,9.06803580244599e-06,7.656288916487669e-05
70,0.1,1024,8.0,0.025,32,320,7,static_0.1,0.024694803927787248,9.06803580244599e-06,0.0003672042033199703
70,0.1,1024,8.0,0.025,32,320,7,static_0.2,0.00525202864352407,9.06803580244599e-06,0.0017265777507948642
70,0.1,1024,8.0,0.025,32,320,7,static_0.3,0.0011938333113049081,9.06803580244599e-06,0.007595730255285186
70,0.1,1024,8.0,0.025,32,320,7,static_0.4,0.00019525955475779546,9.06803580244599e-06,0.046440932499790824
70,0.1,1024,8.0,0.025,32,320,7,static_0.5,9.06803580244599e-06,9.06803580244599e-06,1.0
70,0.1,1024,8.0,0.025,32,320,7,static_0.6,6.152626725564952e-05,9.06803580244599e-06,0.1473847871311149
70,0.1,1024,8.0,0.025,32,320,7,static_0.7,0.0005790781813286596,9.06803580244599e-06,0.01565943268945125
70,0.1,1024,8.0,0.025,32,320,7,static_0.8,0.004135755169604277,9.06803580244599e-06,0.002192594926578705
70,0.1,1024,8.0,0.025,32,320,7,static_0.9,0.020867235070277042,9.06803580244599e-06,0.0004345585685840265
70,0.1,1024,8.0,0.025,32,320,7,static_1.0,0.1167925549324389,9.06803580244599e-06,7.764224190224784e-05
70,0.1,1024,8.0,0.025,32,320,7,prepare_AB,1.1844203906589007e-05,9.06803580244599e-06,0.7656095651478427
70,0.1,1024,8.0,0.025,32,320,7,prepare_BA,4.527874338137964e-05,9.06803580244599e-06,0.20027136632451495
70,0.1,1024,8.0,0.025,32,320,7,matched_static,0.008312072045679719,9.06803580244599e-06,0.0010909476906133398
70,0.1,1024,8.0,0.025,32,320,7,greedy_oracle,5.493356763111227e-06,9.06803580244599e-06,1.6507276322082896
70,0.1,1024,8.0,0.025,32,320,8,static_0.0,0.11735936953292833,6.3441545563063e-06,5.405750373025203e-05
70,0.1,1024,8.0,0.025,32,320,8,static_0.1,0.027632266582172507,6.3441545563063e-06,0.00022959226082450125
70,0.1,1024,8.0,0.025,32,320,8,static_0.2,0.006154135895029621,6.3441545563063e-06,0.0010308765786972867
70,0.1,1024,8.0,0.025,32,320,8,static_0.3,0.0013855621043298992,6.3441545563063e-06,0.004578758712064032
70,0.1,1024,8.0,0.025,32,320,8,static_0.4,0.0002210420697436093,6.3441545563063e-06,0.02870111813405023
70,0.1,1024,8.0,0.025,32,320,8,static_0.5,6.3441545563063e-06,6.3441545563063e-06,1.0
70,0.1,1024,8.0,0.025,32,320,8,static_0.6,0.00016386406992718362,6.3441545563063e-06,0.03871595865478903
70,0.1,1024,8.0,0.025,32,320,8,static_0.7,0.0009950914300973022,6.3441545563063e-06,0.00637544889285797
70,0.1,1024,8.0,0.025,32,320,8,static_0.8,0.005330287373572944,6.3441545563063e-06,0.0011902087282873364
70,0.1,1024,8.0,0.025,32,320,8,static_0.9,0.025140950114131068,6.3441545563063e-06,0.0002523434686241399
70,0.1,1024,8.0,0.025,32,320,8,static_1.0,0.12071860203749242,6.3441545563063e-06,5.255324738051516e-05
70,0.1,1024,8.0,0.025,32,320,8,prepare_AB,0.00010138257732541355,6.3441545563063e-06,0.06257637873954515
70,0.1,1024,8.0,0.025,32,320,8,prepare_BA,4.335460520266629e-05,6.3441545563063e-06,0.1463317340026461
70,0.1,1024,8.0,0.025,32,320,8,matched_static,0.009528338349337969,6.3441545563063e-06,0.0006658196134215882
70,0.1,1024,8.0,0.025,32,320,8,greedy_oracle,6.7565067045358e-08,6.3441545563063e-06,93.89696234664167
70,0.1,1024,8.0,0.025,32,320,9,static_0.0,0.11807336939763823,1.706373669741854e-05,0.00014451808044837466
70,0.1,1024,8.0,0.025,32,320,9,static_0.1,0.024967971141405802,1.706373669741854e-05,0.0006834250408564745
70,0.1,1024,8.0,0.025,32,320,9,static_0.2,0.005460158606209391,1.706373669741854e-05,0.003125135720052774
70,0.1,1024,8.0,0.025,32,320,9,static_0.3,0.0010636007174987232,1.706373669741854e-05,0.01604336704242494
70,0.1,1024,8.0,0.025,32,320,9,static_0.4,0.00013865271195015797,1.706373669741854e-05,0.12306817845403924
70,0.1,1024,8.0,0.025,32,320,9,static_0.5,1.706373669741854e-05,1.706373669741854e-05,1.0
70,0.1,1024,8.0,0.025,32,320,9,static_0.6,0.0001643342923169514,1.706373669741854e-05,0.1038355200052082
70,0.1,1024,8.0,0.025,32,320,9,static_0.7,0.0008670462438746718,1.706373669741854e-05,0.019680307501435918
70,0.1,1024,8.0,0.025,32,320,9,static_0.8,0.005093741970994549,1.706373669741854e-05,0.0033499413190901887
70,0.1,1024,8.0,0.025,32,320,9,static_0.9,0.02534388902623017,1.706373669741854e-05,0.0006732880135230264
70,0.1,1024,8.0,0.025,32,320,9,static_1.0,0.11964949947441045,1.706373669741854e-05,0.0001426143592106541
70,0.1,1024,8.0,0.025,32,320,9,prepare_AB,0.00027956840263187175,1.706373669741854e-05,0.061035998835274725
70,0.1,1024,8.0,0.025,32,320,9,prepare_BA,2.2410285409882144e-05,1.706373669741854e-05,0.7614243364296482
70,0.1,1024,8.0,0.025,32,320,9,matched_static,0.008122248803734518,1.706373669741854e-05,0.0021008635797481142
70,0.1,1024,8.0,0.025,32,320,9,greedy_oracle,1.5712293964592765e-05,1.706373669741854e-05,1.0860118029786876
70,0.1,1024,8.0,0.025,32,320,10,static_0.0,0.11756966670856805,6.476994606545787e-05,0.0005509069463130294
70,0.1,1024,8.0,0.025,32,320,10,static_0.1,0.027320939334621028,6.476994606545787e-05,0.0023707071441493796
70,0.1,1024,8.0,0.025,32,320,10,static_0.2,0.00650530731117943,6.476994606545787e-05,0.009956477529378224
70,0.1,1024,8.0,0.025,32,320,10,static_0.3,0.0012432370133729292,6.476994606545787e-05,0.05209782637482421
70,0.1,1024,8.0,0.025,32,320,10,static_0.4,0.0002654111762001255,6.476994606545787e-05,0.2440362421536461
70,0.1,1024,8.0,0.025,32,320,10,static_0.5,6.476994606545787e-05,6.476994606545787e-05,1.0
70,0.1,1024,8.0,0.025,32,320,10,static_0.6,0.000287295294005272,6.476994606545787e-05,0.22544729209615702
70,0.1,1024,8.0,0.025,32,320,10,static_0.7,0.0015253021280516494,6.476994606545787e-05,0.04246368301353648
70,0.1,1024,8.0,0.025,32,320,10,static_0.8,0.007401294367164649,6.476994606545787e-05,0.00875116470881167
70,0.1,1024,8.0,0.025,32,320,10,static_0.9,0.02805668576105456,6.476994606545787e-05,0.0023085387424969816
70,0.1,1024,8.0,0.025,32,320,10,static_1.0,0.12062232713930261,6.476994606545787e-05,0.0005369648190476152
70,0.1,1024,8.0,0.025,32,320,10,prepare_AB,6.094986179092706e-06,6.476994606545787e-05,10.626758480213562
70,0.1,1024,8.0,0.025,32,320,10,prepare_BA,3.6462280877392604e-05,6.476994606545787e-05,1.7763547563920123
70,0.1,1024,8.0,0.025,32,320,10,matched_static,0.009693498420413182,6.476994606545787e-05,0.006681792605346819
70,0.1,1024,8.0,0.025,32,320,10,greedy_oracle,4.8618428116519755e-05,6.476994606545787e-05,1.3322097931720276
70,0.1,1024,8.0,0.025,32,320,11,static_0.0,0.12122611054316795,2.647362159377468e-05,0.0002183821742292686
70,0.1,1024,8.0,0.025,32,320,11,static_0.1,0.02209103883601284,2.647362159377468e-05,0.0011983873547230994
70,0.1,1024,8.0,0.025,32,320,11,static_0.2,0.004128895913878458,2.647362159377468e-05,0.006411791952611084
70,0.1,1024,8.0,0.025,32,320,11,static_0.3,0.0005897938927116964,2.647362159377468e-05,0.04488622537621891
70,0.1,1024,8.0,0.025,32,320,11,static_0.4,5.489664937348426e-05,2.647362159377468e-05,0.48224476167322805
70,0.1,1024,8.0,0.025,32,320,11,static_0.5,2.647362159377468e-05,2.647362159377468e-05,1.0
70,0.1,1024,8.0,0.025,32,320,11,static_0.6,0.00038028182600812637,2.647362159377468e-05,0.06961579487421772
70,0.1,1024,8.0,0.025,32,320,11,static_0.7,0.0015771021136310444,2.647362159377468e-05,0.01678624444477034
70,0.1,1024,8.0,0.025,32,320,11,static_0.8,0.007141148483519002,2.647362159377468e-05,0.00370719382951817
70,0.1,1024,8.0,0.025,32,320,11,static_0.9,0.028416119643297454,2.647362159377468e-05,0.0009316409814602905
70,0.1,1024,8.0,0.025,32,320,11,static_1.0,0.12316183307048298,2.647362159377468e-05,0.00021494988287990463
70,0.1,1024,8.0,0.025,32,320,11,prepare_AB,1.681989511054933e-05,2.647362159377468e-05,1.5739468896670226
70,0.1,1024,8.0,0.025,32,320,11,prepare_BA,0.00023085440512692697,2.647362159377468e-05,0.11467670101083458
70,0.1,1024,8.0,0.025,32,320,11,matched_static,0.007320086659676752,2.647362159377468e-05,0.0036165721561203113
70,0.1,1024,8.0,0.025,32,320,11,greedy_oracle,4.18702082369606e-09,2.647362159377468e-05,6322.782405081353
70,0.1,1024,8.0,0.025,32,320,12,static_0.0,0.11759714542090528,1.0895176525788238e-05,9.264830780366373e-05
70,0.1,1024,8.0,0.025,32,320,12,static_0.1,0.026647857670020654,1.0895176525788238e-05,0.0004088575021940889
70,0.1,1024,8.0,0.025,32,320,12,static_0.2,0.006438137300503544,1.0895176525788238e-05,0.0016922870726811148
70,0.1,1024,8.0,0.025,32,320,12,static_0.3,0.0014402559973888856,1.0895176525788238e-05,0.007564749978851444
70,0.1,1024,8.0,0.025,32,320,12,static_0.4,0.00028550366876621867,1.0895176525788238e-05,0.03816124876037801
70,0.1,1024,8.0,0.025,32,320,12,static_0.5,1.0895176525788238e-05,1.0895176525788238e-05,1.0
70,0.1,1024,8.0,0.025,32,320,12,static_0.6,0.00010354358754508718,1.0895176525788238e-05,0.10522309284526216
70,0.1,1024,8.0,0.025,32,320,12,static_0.7,0.0010458550200915706,1.0895176525788238e-05,0.0104174826495878
70,0.1,1024,8.0,0.025,32,320,12,static_0.8,0.006324502457949077,1.0895176525788238e-05,0.001722693065301037
70,0.1,1024,8.0,0.025,32,320,12,static_0.9,0.02871265460743507,1.0895176525788238e-05,0.0003794555632263608
70,0.1,1024,8.0,0.025,32,320,12,static_1.0,0.11764914615796572,1.0895176525788238e-05,9.260735739772774e-05
70,0.1,1024,8.0,0.025,32,320,12,prepare_AB,2.192123489353903e-05,1.0895176525788238e-05,0.49701472470419245
70,0.1,1024,8.0,0.025,32,320,12,prepare_BA,0.00018479141408190222,1.0895176525788238e-05,0.05895932221699077
70,0.1,1024,8.0,0.025,32,320,12,matched_static,0.00983443250797979,1.0895176525788238e-05,0.0011078602163315215
70,0.1,1024,8.0,0.025,32,320,12,greedy_oracle,1.184326276252064e-06,1.0895176525788238e-05,9.199472091649668
70,0.1,1024,8.0,0.025,32,320,13,static_0.0,0.12200019269539178,6.289808644090967e-06,5.1555727127376475e-05
70,0.1,1024,8.0,0.025,32,320,13,static_0.1,0.02175537523622286,6.289808644090967e-06,0.00028911515318836645
70,0.1,1024,8.0,0.025,32,320,13,static_0.2,0.003516357350146814,6.289808644090967e-06,0.0017887285101522339
70,0.1,1024,8.0,0.025,32,320,13,static_0.3,0.0005129576508975582,6.289808644090967e-06,0.012261847801831682
70,0.1,1024,8.0,0.025,32,320,13,static_0.4,4.1204527475608026e-05,6.289808644090967e-06,0.15264848378165155
70,0.1,1024,8.0,0.025,32,320,13,static_0.5,6.289808644090967e-06,6.289808644090967e-06,1.0
70,0.1,1024,8.0,0.025,32,320,13,static_0.6,0.00014168065937537547,6.289808644090967e-06,0.044394264339400406
70,0.1,1024,8.0,0.025,32,320,13,static_0.7,0.0009399832804526772,6.289808644090967e-06,0.006691404809947173
70,0.1,1024,8.0,0.025,32,320,13,static_0.8,0.005016831068349765,6.289808644090967e-06,0.0012537413674883684
70,0.1,1024,8.0,0.025,32,320,13,static_0.9,0.026679635036388778,6.289808644090967e-06,0.00023575317411622
70,0.1,1024,8.0,0.025,32,320,13,static_1.0,0.11847750358695484,6.289808644090967e-06,5.3088632471688206e-05
70,0.1,1024,8.0,0.025,32,320,13,prepare_AB,0.00041941084561157235,6.289808644090967e-06,0.0149967715663608
70,0.1,1024,8.0,0.025,32,320,13,prepare_BA,6.545872540030983e-06,6.289808644090967e-06,0.9608816251196355
70,0.1,1024,8.0,0.025,32,320,13,matched_static,0.00636756946785089,6.289808644090967e-06,0.0009877879897262954
70,0.1,1024,8.0,0.025,32,320,13,greedy_oracle,9.196063131195937e-07,6.289808644090967e-06,6.839675363638989
70,0.1,1024,8.0,0.025,32,320,14,static_0.0,0.12100029302272054,1.3641362777818698e-05,0.00011273826233839965
70,0.1,1024,8.0,0.025,32,320,14,static_0.1,0.028243334606844892,1.3641362777818698e-05,0.0004829940574549811
70,0.1,1024,8.0,0.025,32,320,14,static_0.2,0.0066941431951824185,1.3641362777818698e-05,0.0020378056429441174
70,0.1,1024,8.0,0.025,32,320,14,static_0.3,0.0016145187593087707,1.3641362777818698e-05,0.008449181961601375
70,0.1,1024,8.0,0.025,32,320,14,static_0.4,0.00020644640304723024,1.3641362777818698e-05,0.06607701842447632
70,0.1,1024,8.0,0.025,32,320,14,static_0.5,1.3641362777818698e-05,1.3641362777818698e-05,1.0
70,0.1,1024,8.0,0.025,32,320,14,static_0.6,0.00026962051864114504,1.3641362777818698e-05,0.05059467597855506
70,0.1,1024,8.0,0.025,32,320,14,static_0.7,0.0014294418884482519,1.3641362777818698e-05,0.009543139100692821
70,0.1,1024,8.0,0.025,32,320,14,static_0.8,0.006382395608579791,1.3641362777818698e-05,0.0021373420913427476
70,0.1,1024,8.0,0.025,32,320,14,static_0.9,0.026438905761774177,1.3641362777818698e-05,0.0005159579182562697
70,0.1,1024,8.0,0.025,32,320,14,static_1.0,0.12070510399136437,1.3641362777818698e-05,0.00011301396814831164
70,0.1,1024,8.0,0.025,32,320,14,prepare_AB,0.000305604997329812,1.3641362777818698e-05,0.04463723727363267
70,0.1,1024,8.0,0.025,32,320,14,prepare_BA,7.306609509443413e-05,1.3641362777818698e-05,0.18669894374658924
70,0.1,1024,8.0,0.025,32,320,14,matched_static,0.010052890076021719,1.3641362777818698e-05,0.0013569593096771494
70,0.1,1024,8.0,0.025,32,320,14,greedy_oracle,1.7303922777112948e-05,1.3641362777818698e-05,0.7883393236047875
70,0.1,1024,8.0,0.025,32,320,15,static_0.0,0.1186915245387782,2.061089937850378e-05,0.0001736509785226485
70,0.1,1024,8.0,0.025,32,320,15,static_0.1,0.02973149968794015,2.061089937850378e-05,0.0006932344346849104
70,0.1,1024,8.0,0.025,32,320,15,static_0.2,0.006317363103710731,2.061089937850378e-05,0.0032625795035269105
70,0.1,1024,8.0,0.025,32,320,15,static_0.3,0.001393628176955463,2.061089937850378e-05,0.014789381930789174
70,0.1,1024,8.0,0.025,32,320,15,static_0.4,0.0002472485030118044,2.061089937850378e-05,0.08336106842887439
70,0.1,1024,8.0,0.025,32,320,15,static_0.5,2.061089937850378e-05,2.061089937850378e-05,1.0
70,0.1,1024,8.0,0.025,32,320,15,static_0.6,0.00014108546937039555,2.061089937850378e-05,0.14608803777229123
70,0.1,1024,8.0,0.025,32,320,15,static_0.7,0.0011445985018225784,2.061089937850378e-05,0.018007099734696864
70,0.1,1024,8.0,0.025,32,320,15,static_0.8,0.005960082306357554,2.061089937850378e-05,0.0034581568372836664
70,0.1,1024,8.0,0.025,32,320,15,static_0.9,0.027497506816937342,2.061089937850378e-05,0.0007495552057035334
70,0.1,1024,8.0,0.025,32,320,15,static_1.0,0.11903039147536953,2.061089937850378e-05,0.00017315661255107867
70,0.1,1024,8.0,0.025,32,320,15,prepare_AB,8.376912643752311e-05,2.061089937850378e-05,0.24604410067324567
70,0.1,1024,8.0,0.025,32,320,15,prepare_BA,2.0230464445492354e-05,2.061089937850378e-05,1.0188050518581244
70,0.1,1024,8.0,0.025,32,320,15,matched_static,0.009332580986099343,2.061089937850378e-05,0.0022084886709478574
70,0.1,1024,8.0,0.025,32,320,15,greedy_oracle,1.0576197942397641e-05,2.061089937850378e-05,1.9488004565307195
70,0.1,1024,8.0,0.025,32,320,16,static_0.0,0.12066358711337326,2.361238374077636e-05,0.0001956877323611356
70,0.1,1024,8.0,0.025,32,320,16,static_0.1,0.02358826483931055,2.361238374077636e-05,0.0010010224957889065
70,0.1,1024,8.0,0.025,32,320,16,static_0.2,0.0040066747664922525,2.361238374077636e-05,0.005893261898431659
70,0.1,1024,8.0,0.025,32,320,16,static_0.3,0.0006945601607415527,2.361238374077636e-05,0.03399616775538408
70,0.1,1024,8.0,0.025,32,320,16,static_0.4,5.4685371459562575e-05,2.361238374077636e-05,0.43178610861657357
70,0.1,1024,8.0,0.025,32,320,16,static_0.5,2.361238374077636e-05,2.361238374077636e-05,1.0
70,0.1,1024,8.0,0.025,32,320,16,static_0.6,0.00024200953320521892,2.361238374077636e-05,0.09756799010373514
70,0.1,1024,8.0,0.025,32,320,16,static_0.7,0.0012450040729873378,2.361238374077636e-05,0.018965708027058402
70,0.1,1024,8.0,0.025,32,320,16,static_0.8,0.006405135213725079,2.361238374077636e-05,0.003686477014595909
70,0.1,1024,8.0,0.025,32,320,16,static_0.9,0.030177596154697808,2.361238374077636e-05,0.0007824474692991931
70,0.1,1024,8.0,0.025,32,320,16,static_1.0,0.11742156209019183,2.361238374077636e-05,0.00020109069680609103
70,0.1,1024,8.0,0.025,32,320,16,prepare_AB,5.428657778398647e-06,2.361238374077636e-05,4.349580449652432
70,0.1,1024,8.0,0.025,32,320,16,prepare_BA,7.748319846008665e-05,2.361238374077636e-05,0.30474198548914616
70,0.1,1024,8.0,0.025,32,320,16,matched_static,0.006796964390020893,2.361238374077636e-05,0.003473960195443039
70,0.1,1024,8.0,0.025,32,320,16,greedy_oracle,8.475326815860908e-06,2.361238374077636e-05,2.7860145400632383
70,0.1,1024,8.0,0.025,32,320,17,static_0.0,0.12543094849893224,3.642794226825132e-05,0.0002904222817749116
70,0.1,1024,8.0,0.025,32,320,17,static_0.1,0.027783112781661696,3.642794226825132e-05,0.001311154101217041
70,0.1,1024,8.0,0.025,32,320,17,static_0.2,0.0055147053500681515,3.642794226825132e-05,0.006605600835555274
70,0.1,1024,8.0,0.025,32,320,17,static_0.3,0.0009463526546240907,3.642794226825132e-05,0.03849298894049301
70,0.1,1024,8.0,0.025,32,320,17,static_0.4,8.873732526367897e-05,3.642794226825132e-05,0.4105143146923499
70,0.1,1024,8.0,0.025,32,320,17,static_0.5,3.642794226825132e-05,3.642794226825132e-05,1.0
70,0.1,1024,8.0,0.025,32,320,17,static_0.6,0.00043417767723088297,3.642794226825132e-05,0.08390100223618822
70,0.1,1024,8.0,0.025,32,320,17,static_0.7,0.001820965454256442,3.642794226825132e-05,0.02000474099225897
70,0.1,1024,8.0,0.025,32,320,17,static_0.8,0.006968751818526473,3.642794226825132e-05,0.005227326674399194
70,0.1,1024,8.0,0.025,32,320,17,static_0.9,0.027099314911243885,3.642794226825132e-05,0.0013442384941302283
70,0.1,1024,8.0,0.025,32,320,17,static_1.0,0.1160485064434709,3.642794226825132e-05,0.0003139027238234726
70,0.1,1024,8.0,0.025,32,320,17,prepare_AB,6.447261918244192e-05,3.642794226825132e-05,0.56501415221195
70,0.1,1024,8.0,0.025,32,320,17,prepare_BA,3.254073415159501e-05,3.642794226825132e-05,1.1194566815409657
70,0.1,1024,8.0,0.025,32,320,17,matched_static,0.009094551066345581,3.642794226825132e-05,0.004005468989343856
70,0.1,1024,8.0,0.025,32,320,17,greedy_oracle,1.5691890464983098e-05,3.642794226825132e-05,2.3214502006333344
70,0.1,1024,8.0,0.025,32,320,18,static_0.0,0.12256483221712784,3.6144511291851046e-05,0.0002949011607817469
70,0.1,1024,8.0,0.025,32,320,18,static_0.1,0.028404873271318895,3.6144511291851046e-05,0.001272475710298171
70,0.1,1024,8.0,0.025,32,320,18,static_0.2,0.005736259026752752,3.6144511291851046e-05,0.006301059823707464
70,0.1,1024,8.0,0.025,32,320,18,static_0.3,0.0014087318516417052,3.6144511291851046e-05,0.025657481407642645
70,0.1,1024,8.0,0.025,32,320,18,static_0.4,0.00026493112081974195,3.6144511291851046e-05,0.13642984327403207
70,0.1,1024,8.0,0.025,32,320,18,static_0.5,3.6144511291851046e-05,3.6144511291851046e-05,1.0
70,0.1,1024,8.0,0.025,32,320,18,static_0.6,0.00020509424068645404,3.6144511291851046e-05,0.17623367272954485
70,0.1,1024,8.0,0.025,32,320,18,static_0.7,0.0013259878931161724,3.6144511291851046e-05,0.027258553022613725
70,0.1,1024,8.0,0.025,32,320,18,static_0.8,0.006425448359801083,3.6144511291851046e-05,0.0056252123226105885
70,0.1,1024,8.0,0.025,32,320,18,static_0.9,0.02653575885011224,3.6144511291851046e-05,0.0013621058095988148
70,0.1,1024,8.0,0.025,32,320,18,static_1.0,0.1159591839874253,3.6144511291851046e-05,0.0003117002901276934
70,0.1,1024,8.0,0.025,32,320,18,prepare_AB,0.00017378259434679168,3.6144511291851046e-05,0.2079869472987778
70,0.1,1024,8.0,0.025,32,320,18,prepare_BA,5.4819557602267044e-05,3.6144511291851046e-05,0.6593360631271549
70,0.1,1024,8.0,0.025,32,320,18,matched_static,0.00886936512090977,3.6144511291851046e-05,0.004075208405462909
70,0.1,1024,8.0,0.025,32,320,18,greedy_oracle,3.535138423556665e-05,3.6144511291851046e-05,1.0224355304165555
70,0.1,1024,8.0,0.025,32,320,19,static_0.0,0.12061631848964204,5.251317746975418e-05,0.0004353737382082655
70,0.1,1024,8.0,0.025,32,320,19,static_0.1,0.026052884147558138,5.251317746975418e-05,0.0020156377763141473
70,0.1,1024,8.0,0.025,32,320,19,static_0.2,0.006545653277869624,5.251317746975418e-05,0.008022602976435889
70,0.1,1024,8.0,0.025,32,320,19,static_0.3,0.0011800337224470406,5.251317746975418e-05,0.0445014209940182
70,0.1,1024,8.0,0.025,32,320,19,static_0.4,0.0001819595434290156,5.251317746975418e-05,0.28859809428044725
70,0.1,1024,8.0,0.025,32,320,19,static_0.5,5.251317746975418e-05,5.251317746975418e-05,1.0
70,0.1,1024,8.0,0.025,32,320,19,static_0.6,0.0003762930209287143,5.251317746975418e-05,0.13955395011086952
70,0.1,1024,8.0,0.025,32,320,19,static_0.7,0.0018962762602348034,5.251317746975418e-05,0.02769278853032301
70,0.1,1024,8.0,0.025,32,320,19,static_0.8,0.00783877587035976,5.251317746975418e-05,0.00669915537046017
70,0.1,1024,8.0,0.025,32,320,19,static_0.9,0.03130907397390671,5.251317746975418e-05,0.001677251058703275
70,0.1,1024,8.0,0.025,32,320,19,static_1.0,0.12241901395938617,5.251317746975418e-05,0.00042896259144168563
70,0.1,1024,8.0,0.025,32,320,19,prepare_AB,4.0652713213313044e-05,5.251317746975418e-05,1.2917508652917427
70,0.1,1024,8.0,0.025,32,320,19,prepare_BA,0.00033053342293900114,5.251317746975418e-05,0.15887403156637903
70,0.1,1024,8.0,0.025,32,320,19,matched_static,0.009574905393246649,5.251317746975418e-05,0.005484459147428513
70,0.1,1024,8.0,0.025,32,320,19,greedy_oracle,6.023003011728201e-05,5.251317746975418e-05,0.8718769917182292
