case,sampling,angle_deg,budget,step_size,steps,batch_size,label_sigma,epsilon,ridge,examples,static_lower,static_upper,static_p,grid_points,relative_bracket_width,candidate_risk,candidate_method,candidate_schedule,pure_two_phase_risk,flow_preparation_risk,certified_gain,candidate_gain,prep_gain
0,example,30,1.0,0.01,100,1,0.0,0.0,0.02,100,0.07545621473633864,0.07545631139436959,0.5,1025,1.2809800687046016e-06,0.07459863184644619,pure_two_phase,"[[43, 1.0], [57, 0.0]]",0.07459863184644619,0.08186259149230313,1.0114959600285658,1.01149725573639,0.9217434974736187
1,example,30,1.0,0.01,100,1,0.0,0.0001,0.02,100,0.07549827596891259,0.07549837263660936,0.5,1025,1.2803944427949186e-06,0.07464110948813951,pure_two_phase,"[[43, 1.0], [57, 0.0]]",0.07464110948813951,0.08190556896988886,1.0114838389548495,1.0114851340547941,0.921773373729508
2,example,30,1.0,0.01,100,1,0.0,0.01,0.02,100,0.07966233799373658,0.07966243561834785,0.5,1025,1.225478615010574e-06,0.07884639601577635,pure_two_phase,"[[43, 1.0], [57, 0.0]]",0.07884639601577635,0.08616033925087688,1.0103485006188104,1.010349738780809,0.9245835881215742
3,example,30,1.0,0.01,100,1,0.0,0.1,0.02,100,0.1175174473103182,0.11751755363415226,0.5,1025,9.047485313343912e-07,0.11705412565842939,pure_two_phase,"[[45, 1.0], [55, 0.0]]",0.11705412565842939,0.12484006907804063,1.003958183013906,1.0039590913444194,0.9413448302458813
4,example,30,1.0,0.01,100,1,0.1,0.0,0.02,100,0.07548179636470413,0.07548189303483668,0.5,1025,1.280706255035783e-06,0.07462404536365541,pure_two_phase,"[[43, 1.0], [57, 0.0]]",0.07462404536365541,0.08188738228670797,1.0114942978080157,1.0114955932367489,0.9217768467742187
5,example,30,1.0,0.01,100,1,0.1,0.0001,0.02,100,0.07552385759727809,0.07552395427707645,0.5,1025,1.2801209799845102e-06,0.07466652300534872,pure_two_phase,"[[43, 1.0], [57, 0.0]]",0.07466652300534872,0.0819303597642937,1.0114821818054653,1.0114834766266847,0.9218066964962938
6,example,30,1.0,0.01,100,1,0.1,0.01,0.02,100,0.07968791962210206,0.07968801725881493,0.5,1025,1.2252370710935642e-06,0.07887180953298559,pure_two_phase,"[[43, 1.0], [57, 0.0]]",0.07887180953298559,0.08618513004528172,1.0103472976460006,1.010348535562481,0.9246144574701783
7,example,30,1.0,0.01,100,1,0.1,0.1,0.02,100,0.1175430289386837,0.11754313527461935,0.5,1025,9.046545798321274e-07,0.11707956067007068,pure_two_phase,"[[45, 1.0], [55, 0.0]]",0.11707956067007068,0.12486485987244547,1.00395857539916,1.0039594836357049,0.9413628093179653
8,example,30,1.0,0.01,100,8,0.0,0.0,0.02,800,0.0738815818798536,0.07388168044191226,0.5,1025,1.3340527459296302e-06,0.07308624053834714,pure_two_phase,"[[43, 1.0], [57, 0.0]]",0.07308624053834714,0.08048805746092354,1.0108822308501304,1.0108835794221454,0.9179210279460573
9,example,30,1.0,0.01,100,8,0.0,0.0001,0.02,800,0.07392360062818751,0.07392369920010237,0.5,1025,1.333427790183992e-06,0.07312868951622319,pure_two_phase,"[[43, 1.0], [57, 0.0]]",0.07312868951622319,0.08053100453115897,1.0108700308623468,1.0108713787863355,0.917953273158289
10,example,30,1.0,0.01,100,8,0.0,0.01,0.02,800,0.07808345671324322,0.07808355626092248,0.5,1025,1.274886596096234e-06,0.07733113832595268,pure_two_phase,"[[43, 1.0], [57, 0.0]]",0.07733113832595268,0.08478276448446717,1.0097285311399338,1.009729818430945,0.9209838430690469
11,example,30,1.0,0.01,100,8,0.0,0.1,0.02,800,0.11590033021374986,0.1159004386320144,0.5,1025,9.354430907463015e-07,0.11551397701803451,pure_two_phase,"[[45, 1.0], [55, 0.0]]",0.11551397701803451,0.12343512769635981,1.0033446445676009,1.0033455831402944,0.9389583078580344
12,example,30,1.0,0.01,100,8,0.1,0.0,0.02,800,0.07388476129110022,0.07388485985469234,0.5,1025,1.3340160936244673e-06,0.07308940023131269,pure_two_phase,"[[43, 1.0], [57, 0.0]]",0.07308940023131269,0.08049113926315116,1.010882030188651,1.0108833787233469,0.9179253832293169
13,example,30,1.0,0.01,100,8,0.1,0.0001,0.02,800,0.07392678003943412,0.07392687861288244,0.5,1025,1.333391185589171e-06,0.07313184920918875,pure_two_phase,"[[43, 1.0], [57, 0.0]]",0.07313184920918875,0.08053408633338659,1.0108698308444455,1.0108711787311648,0.9179576248850416
14,example,30,1.0,0.01,100,8,0.1,0.01,0.02,800,0.07808663612448985,0.07808673567370256,0.5,1025,1.2748543250991737e-06,0.07733429801891821,pure_two_phase,"[[43, 1.0], [57, 0.0]]",0.07733429801891821,0.08478584628669478,1.0097283886301986,1.009729675888443,0.9209878664141671
15,example,30,1.0,0.01,100,8,0.1,0.1,0.02,800,0.1159035096249965,0.11590361804479449,0.5,1025,9.354306605407335e-07,0.11551713939736663,pure_two_phase,"[[45, 1.0], [55, 0.0]]",0.11551713939736663,0.12343820949858743,1.003344700445713,1.003345639005987,0.9389606226111117
16,example,30,1.0,0.01,100,64,0.0,0.0,0.02,6400,0.07368644580735075,0.07368654460883745,0.5,1025,1.3408348461020706e-06,0.07289871438715392,pure_two_phase,"[[43, 1.0], [57, 0.0]]",0.07289871438715392,0.08031775268928965,1.010805834188149,1.0108071895136514,0.9174378283951106
17,example,30,1.0,0.01,100,64,0.0,0.0001,0.02,6400,0.07372845928151578,0.07372855809288263,0.5,1025,1.340204791854929e-06,0.07294115980546417,pure_two_phase,"[[43, 1.0], [57, 0.0]]",0.07294115980546417,0.0803606959769239,1.0107936243151514,1.010794978987426,0.917470377733591
18,example,30,1.0,0.01,100,64,0.0,0.01,0.02,6400,0.07788779322385588,0.07788789301335744,0.5,1025,1.2811940046656224e-06,0.07714325621817639,pure_two_phase,"[[43, 1.0], [57, 0.0]]",0.07714325621817639,0.08461208145271726,1.009651355700799,1.00965264926172,0.9205292161129801
19,example,30,1.0,0.01,100,64,0.0,0.1,0.02,6400,0.11569991997240223,0.1157000286540376,0.5,1025,9.39339744649384e-07,0.11532300668349588,pure_two_phase,"[[45, 1.0], [55, 0.0]]",0.11532300668349588,0.12326104032356579,1.003268326934458,1.0032692693451573,0.9386585440973061
20,example,30,1.0,0.01,100,64,0.1,0.0,0.02,6400,0.07368684294933786,0.07368694175101657,0.5,1025,1.3408302253511962e-06,0.07289910908452453,pure_two_phase,"[[43, 1.0], [57, 0.0]]",0.07289910908452453,0.0803181376495857,1.0108058092164058,1.010807164537204,0.9174383757813223
21,example,30,1.0,0.01,100,64,0.1,0.0001,0.02,6400,0.07372885642350292,0.07372895523506177,0.5,1025,1.340200176942699e-06,0.07294155450283477,pure_two_phase,"[[43, 1.0], [57, 0.0]]",0.07294155450283477,0.08036108093721997,1.0107935994240096,1.010794954091586,0.917470924671367
22,example,30,1.0,0.01,100,64,0.1,0.01,0.02,6400,0.077888190365843,0.07788829015553658,0.5,1025,1.2811899372620861e-06,0.07714365091554698,pure_two_phase,"[[43, 1.0], [57, 0.0]]",0.07714365091554698,0.08461246641301332,1.009651338009801,1.0096526315665926,0.920529721652901
23,example,30,1.0,0.01,100,64,0.1,0.1,0.02,6400,0.11570031711438936,0.11570042579621674,0.5,1025,9.393381799329208e-07,0.1153234017166534,pure_two_phase,"[[45, 1.0], [55, 0.0]]",0.1153234017166534,0.12326142528386186,1.0032683340252313,1.0032692764343674,0.9386588345037168
24,example,30,1.0,0.05,20,1,0.0,0.0,0.02,20,0.0806140606129001,0.0806141441525293,0.5,1025,1.0362899721705816e-06,0.07933286415578428,pure_two_phase,"[[9, 1.0], [11, 0.0]]",0.07933286415578428,0.08534454985887062,1.0161496306826885,1.0161506837094523,0.9445728436770277
25,example,30,1.0,0.05,20,1,0.0,0.0001,0.02,20,0.0806563166501213,0.08065640019810445,0.5,1025,1.0358506324555612e-06,0.07937534568216563,pure_two_phase,"[[9, 1.0], [11, 0.0]]",0.07937534568216563,0.0853874786831509,1.0161381466366763,1.0161391992051085,0.9445928307287048
26,example,30,1.0,0.05,20,1,0.0,0.01,0.02,20,0.08483966433502066,0.08483974871004615,0.5,1025,9.945223409672431e-07,0.08358101679392108,pure_two_phase,"[[9, 1.0], [11, 0.0]]",0.08358101679392108,0.08963743228690149,1.0150590120745113,1.0150600215743801,0.9464767848157515
27,example,30,1.0,0.05,20,1,0.0,0.1,0.02,20,0.12287009783410595,0.12287018972769807,0.5,1025,7.478916759893794e-07,0.1218143905371523,pure_two_phase,"[[9, 1.0], [11, 0.0]]",0.1218143905371523,0.12827337413917927,1.0086665236537193,1.0086672780275805,0.9578775841226517
28,example,30,1.0,0.05,20,1,0.1,0.0,0.02,20,0.08074838621887932,0.08074846981060925,0.5,1025,1.0352113188392316e-06,0.07946692209348208,pure_two_phase,"[[9, 1.0], [11, 0.0]]",0.07946692209348208,0.08547576761639838,1.016125755114685,1.016126807020657,0.9446942924571968
29,example,30,1.0,0.05,20,1,0.1,0.0001,0.02,20,0.08079064225610053,0.08079072585618441,0.5,1025,1.034773273755737e-06,0.07950940361986342,pure_two_phase,"[[9, 1.0], [11, 0.0]]",0.07950940361986342,0.08551869644067872,1.0161143031881203,1.0161153546371324,0.9447141878761688
30,example,30,1.0,0.05,20,1,0.1,0.01,0.02,20,0.08497398994099989,0.08497407436812611,0.5,1025,9.935633526873382e-07,0.08371507473161889,pure_two_phase,"[[9, 1.0], [11, 0.0]]",0.08371507473161889,0.08976865004442927,1.0150380945536623,1.0150391030593167,0.9465896426655611
31,example,30,1.0,0.05,20,1,0.1,0.1,0.02,20,0.12300442344008519,0.12300451538577803,0.5,1025,7.474985170165965e-07,0.12194844847485012,pure_two_phase,"[[9, 1.0], [11, 0.0]]",0.12194844847485012,0.12840459189670708,1.0086591914734597,1.0086599454452732,0.9579448333493162
32,example,30,1.0,0.05,20,8,0.0,0.0,0.02,160,0.07209186445699177,0.0720919568235378,0.5,1025,1.2812323330717085e-06,0.07109203973227879,pure_two_phase,"[[9, 1.0], [11, 0.0]]",0.07109203973227879,0.07776898281710515,1.014063806981459,1.014065106234461,0.9270014112577709
33,example,30,1.0,0.05,20,8,0.0,0.0001,0.02,160,0.07213389545041983,0.07213398782620252,0.5,1025,1.2806138336951885e-06,0.07113436158795418,pure_two_phase,"[[9, 1.0], [11, 0.0]]",0.07113436158795418,0.07781174258001165,1.0140513507136741,1.014052649323525,0.9270321603712851
34,example,30,1.0,0.05,20,8,0.0,0.01,0.02,160,0.07629496379979976,0.07629505709001126,0.5,1025,1.2227556418264895e-06,0.07532422529981897,pure_two_phase,"[[9, 1.0], [11, 0.0]]",0.07532422529981897,0.08204495910775639,1.0128874674265402,1.0128887059419198,0.9299176685530026
35,example,30,1.0,0.05,20,8,0.0,0.1,0.02,160,0.11412285788507183,0.11412295948827247,0.5,1025,8.902958799890145e-07,0.11341389540768068,pure_two_phase,"[[9, 1.0], [11, 0.0]]",0.11341389540768068,0.12052874572361753,1.00625110772223,1.006252003584243,0.9468526267581506
36,example,30,1.0,0.05,20,8,0.1,0.0,0.02,160,0.07210817287443118,0.07210826524794728,0.5,1025,1.2810392232084819e-06,0.07110834739720182,pure_two_phase,"[[9, 1.0], [11, 0.0]]",0.07110834739720182,0.07778493357405497,1.0140605922346144,1.014061891287672,0.9270209786744469
37,example,30,1.0,0.05,20,8,0.1,0.0001,0.02,160,0.07215020386785925,0.072150296250612,0.5,1025,1.2804209761296296e-06,0.0711506692528772,pure_two_phase,"[[9, 1.0], [11, 0.0]]",0.0711506692528772,0.07782769333696149,1.0140481407339907,1.0140494391441635,0.9270517107352942
38,example,30,1.0,0.05,20,8,0.1,0.01,0.02,160,0.0763112722172392,0.07631136551442075,0.5,1025,1.2225856649386299e-06,0.075340532964742,pure_two_phase,"[[9, 1.0], [11, 0.0]]",0.075340532964742,0.08206090986470622,1.0128846878870832,1.0128859262268968,0.9299356495100438
39,example,30,1.0,0.05,20,8,0.1,0.1,0.02,160,0.11413916630251128,0.11413926791268197,0.5,1025,8.902297390923588e-07,0.11343020307260371,pure_two_phase,"[[9, 1.0], [11, 0.0]]",0.11343020307260371,0.12054469648056737,1.00625021564542,1.0062511114400845,0.9468626264373399
40,example,30,1.0,0.05,20,64,0.0,0.0,0.02,1280,0.07107327497689772,0.07107336848298415,0.5,1025,1.315627617279961e-06,0.07010418748997777,pure_two_phase,"[[9, 1.0], [11, 0.0]]",0.07010418748997777,0.07686418831317746,1.0138235321115232,1.013824865927516,0.9246616668012022
41,example,30,1.0,0.05,20,64,0.0,0.0001,0.02,1280,0.07111527880409507,0.0711153723195321,0.5,1025,1.3149820352873196e-06,0.0701464900321703,pure_two_phase,"[[9, 1.0], [11, 0.0]]",0.0701464900321703,0.0769069274493735,1.0138109372469024,1.013812270391825,0.9246939733269949
42,example,30,1.0,0.05,20,64,0.0,0.01,0.02,1280,0.07527365769663254,0.07527375213777983,0.5,1025,1.2546358406385595e-06,0.07433444170923373,pure_two_phase,"[[9, 1.0], [11, 0.0]]",0.07433444170923373,0.08113810193278029,1.0126350042564742,1.012636274746238,0.9277238479172357
43,example,30,1.0,0.05,20,64,0.0,0.1,0.02,1280,0.11307710217424606,0.11307720503094114,0.5,1025,9.096147632024388e-07,0.11240672968253757,pure_two_phase,"[[9, 0.0], [11, 1.0]]",0.11240672968253757,0.11960332450920558,1.0059638110067055,1.0059647260470717,0.9454353003560353
44,example,30,1.0,0.05,20,64,0.1,0.0,0.02,1280,0.07107530617297007,0.07107539967993512,0.5,1025,1.315602380950809e-06,0.07010621909320924,pure_two_phase,"[[9, 1.0], [11, 0.0]]",0.07010621909320924,0.0768661752807902,1.0138231257126045,1.0138244595024775,0.9246641896815924
45,example,30,1.0,0.05,20,64,0.1,0.0001,0.02,1280,0.07111731000016744,0.07111740351648309,0.5,1025,1.3149568323020003e-06,0.07014852163540178,pure_two_phase,"[[9, 1.0], [11, 0.0]]",0.07014852163540178,0.07690891441698625,1.0138105314578254,1.0138118645766634,0.9246964939707427
46,example,30,1.0,0.05,20,64,0.1,0.01,0.02,1280,0.0752756888927049,0.07527578333473081,0.5,1025,1.254613658260692e-06,0.07433647331246522,pure_two_phase,"[[9, 1.0], [11, 0.0]]",0.07433647331246522,0.08114008890039304,1.0126346534667012,1.0126359239335623,0.9277261629222369
47,example,30,1.0,0.05,20,64,0.1,0.1,0.02,1280,0.11307913337031844,0.11307923622789212,0.5,1025,9.096061939547166e-07,0.11240876128576906,pure_two_phase,"[[9, 1.0], [11, 0.0]]",0.11240876128576906,0.11960531147681835,1.005963699598514,1.0059646146301582,0.945436576617326
48,example,30,4.0,0.01,400,1,0.0,0.0,0.02,400,0.0005576901911745271,0.0005577483558237358,0.5,4097,0.00010428475243606574,0.0005577483558237358,static,"[[400, 0.5]]",0.0005642576996118392,0.0005642576996117161,0.9998957152475639,1.0,0.9884638813214962
49,example,30,4.0,0.01,400,1,0.0,0.0001,0.02,400,0.000582659663202587,0.0005827178336682607,0.5,4097,9.98261290673806e-05,0.0005827178336682607,static,"[[400, 0.5]]",0.0005984970309818507,0.000598497030981731,0.9999001738709327,1.0,0.9736352955877037
50,example,30,4.0,0.01,400,1,0.0,0.01,0.02,400,0.0030537561976407028,0.003054696140276115,0.5,1025,0.00030770413561565814,0.003054696140276115,static,"[[400, 0.5]]",0.003986871083760151,0.003988190836613715,0.9996922958643844,1.0,0.7659352988408624
51,example,30,4.0,0.01,400,1,0.0,0.1,0.02,400,0.02552620250044759,0.025527226200347544,0.5,1025,4.010227714985071e-05,0.025527226200347544,static,"[[400, 0.5]]",0.03457239160054862,0.03480358906963175,0.9999598977228501,1.0,0.7334653374189389
52,example,30,4.0,0.01,400,1,0.1,0.0,0.02,400,0.000595736148326497,0.0005957943371550129,0.5,4097,9.766596438927291e-05,0.0005957943371550129,static,"[[400, 0.5]]",0.0005975877929035676,0.0005975877929034444,0.9999023340356107,1.0,0.9969988413924624
53,example,30,4.0,0.01,400,1,0.1,0.0001,0.02,400,0.0006207056203545569,0.0006207638149995378,0.5,4097,9.374683828967463e-05,0.0006207638149995378,static,"[[400, 0.5]]",0.000631827124273579,0.0006318271242734593,0.9999062531617103,1.0,0.982489974157657
54,example,30,4.0,0.01,400,1,0.1,0.01,0.02,400,0.0030918017921030645,0.003092742121607392,0.5,1025,0.0003040439413806692,0.003092742121607392,static,"[[400, 0.5]]",0.0040202240534841106,0.004021520929905443,0.9996959560586194,1.0,0.7690478740539866
55,example,30,4.0,0.01,400,1,0.1,0.1,0.02,400,0.025564248094909956,0.025565272181678825,0.5,1025,4.005772993891876e-05,0.025565272181678825,static,"[[400, 0.5]]",0.034605949597686564,0.03483691916292348,0.9999599422700611,1.0,0.7338557138797636
56,example,30,4.0,0.01,400,8,0.0,0.0,0.02,3200,0.0002752415238308837,0.0002753003473761348,0.5,4097,0.0002136704359866581,0.00021942510281635838,pure_two_phase,"[[76, 1.0], [324, 0.0]]",0.00021942510281635838,0.00022055286399469756,1.2543757313913133,1.2546438116815635,1.2482283947251462
57,example,30,4.0,0.01,400,8,0.0,0.0001,0.02,3200,0.0003001709364658445,0.00030022976589345017,0.5,4097,0.00019594801811412973,0.0002537014276591167,pure_two_phase,"[[76, 1.0], [324, 0.0]]",0.0002537014276591167,0.0002547833648333109,1.1831661305003218,1.1833980149960006,1.1783727171115432
58,example,30,4.0,0.01,400,8,0.0,0.01,0.02,3200,0.0027672916025391694,0.0027682421991082787,0.5,1025,0.00034339356918098565,0.0027682421991082787,static,"[[400, 0.5]]",0.003643602947856142,0.003643602947856206,0.999656606430819,1.0,0.759754078236498
59,example,30,4.0,0.01,400,8,0.0,0.1,0.02,3200,0.025203683561503584,0.025204718864697665,0.5,1025,4.107576837649033e-05,0.025204718864697665,static,"[[400, 0.5]]",0.0342443575647503,0.034451053702609855,0.9999589242316235,1.0,0.7316095200533234
60,example,30,4.0,0.01,400,8,0.1,0.0,0.02,3200,0.00027995406404881395,0.00028001289066499147,0.5,4097,0.00021008538584710193,0.0002235553589869134,pure_two_phase,"[[76, 1.0], [324, 0.0]]",0.0002235553589869134,0.0002246859970318569,1.2522807116657044,1.2525438528243156,1.2462409512119712
61,example,30,4.0,0.01,400,8,0.1,0.0001,0.02,3200,0.00030488347668377474,0.0003049423091823068,0.5,4097,0.00019292993054925088,0.00025783168382967174,pure_two_phase,"[[76, 1.0], [324, 0.0]]",0.00025783168382967174,0.0002589164978704702,1.1824903446900896,1.1827185264932654,1.1777631463826699
62,example,30,4.0,0.01,400,8,0.1,0.01,0.02,3200,0.002772004096692941,0.0027729547423971353,0.5,1025,0.0003428277027602325,0.0027729547423971353,static,"[[400, 0.5]]",0.0036477360808933063,0.003647736080893367,0.9996571722972397,1.0,0.760185134259497
63,example,30,4.0,0.01,400,8,0.1,0.1,0.02,3200,0.025208396055657355,0.02520943140798652,0.5,1025,4.107003892351815e-05,0.02520943140798652,static,"[[400, 0.5]]",0.03424851645809496,0.034455186835647016,0.9999589299610765,1.0,0.73165853165263
64,example,30,4.0,0.01,400,64,0.0,0.0,0.02,25600,0.00024040650514262315,0.0002404654112550665,0.5,4097,0.00024496709167398623,0.00017660030979335314,pure_two_phase,"[[76, 1.0], [324, 0.0]]",0.00017660030979335314,0.00017799632954636387,1.3613028506231506,1.3616364067336257,1.3509571341606283
65,example,30,4.0,0.01,400,64,0.0,0.0001,0.02,25600,0.0002653309701623161,0.0002653898821653707,0.5,4097,0.00022198285245064958,0.00021087554140002476,pure_two_phase,"[[76, 1.0], [324, 0.0]]",0.00021087554140002476,0.00021222573699198471,1.2582349209432067,1.2585142895350476,1.2505075299863082
66,example,30,4.0,0.01,400,64,0.0,0.01,0.02,25600,0.0027319605706578624,0.0027329125022857695,0.5,1025,0.00034832129719151956,0.0027329125022857695,static,"[[400, 0.5]]",0.0036009370741092363,0.0036009370741091912,0.9996516787028085,1.0,0.7589448096539827
67,example,30,4.0,0.01,400,64,0.0,0.1,0.02,25600,0.02516389956434362,0.025164936321562133,0.5,1025,4.119848368639254e-05,0.025164936321562133,static,"[[400, 0.5]]",0.034203577951313485,0.03440740377517475,0.9999588015163136,1.0,0.731381434240001
68,example,30,4.0,0.01,400,64,0.1,0.0,0.02,25600,0.00024099490391205135,0.0002410538104091241,0.5,4097,0.0002443707360310386,0.00017711607968683846,pure_two_phase,"[[76, 1.0], [324, 0.0]]",0.00017711607968683846,0.0001785124584126642,1.3606607843746201,1.3609933713265046,1.3503472673704608
69,example,30,4.0,0.01,400,64,0.1,0.0001,0.02,25600,0.0002659193689317443,0.0002659782813194283,0.5,4097,0.00022149322640841438,0.00021139131129351008,pure_two_phase,"[[76, 1.0], [324, 0.0]]",0.00021139131129351008,0.00021274186585828504,1.2579484336634998,1.2582271224484054,1.2502394874011584
70,example,30,4.0,0.01,400,64,0.1,0.01,0.02,25600,0.0027325489636578124,0.002733500901439827,0.5,1025,0.00034824857072967804,0.002733500901439827,static,"[[400, 0.5]]",0.003601453202975533,0.0036014532029754846,0.9996517514292703,1.0,0.7589994225612694
71,example,30,4.0,0.01,400,64,0.1,0.1,0.02,25600,0.025164487957343572,0.025165524720716193,0.5,1025,4.1197764963271226e-05,0.025165524720716193,static,"[[400, 0.5]]",0.03420409729413509,0.03440791990404104,0.9999588022350367,1.0,0.7313875639939695
72,example,30,4.0,0.05,80,1,0.0,0.0,0.02,80,0.001935239200232089,0.0019360909580684832,0.5,1025,0.00043993689079769525,0.0019360909580684832,static,"[[80, 0.5]]",0.002299979807828428,0.0023042539743774893,0.9995600631092023,1.0,0.8402246365188681
73,example,30,4.0,0.05,80,1,0.0,0.0001,0.02,80,0.001960376867657339,0.001961228710669517,0.5,1025,0.00043434149599366425,0.001961228710669517,static,"[[80, 0.5]]",0.00233404906371568,0.0023385507379648177,0.9995656585040064,1.0,0.8386513402639812
74,example,30,4.0,0.05,80,1,0.0,0.01,0.02,80,0.004449005942757576,0.004449866218172334,0.5,1025,0.00019332612995077246,0.004449866218172334,static,"[[80, 0.5]]",0.005706905396553724,0.0057339303331110075,0.9998066738700492,1.0,0.7760586473254218
75,example,30,4.0,0.05,80,1,0.0,0.1,0.02,80,0.02707290662548704,0.027073843559107073,0.5,1025,3.460659798770265e-05,0.027073843559107073,static,"[[80, 0.5]]",0.036204104115118554,0.03660101756171271,0.9999653934020123,1.0,0.7397019362496702
76,example,30,4.0,0.05,80,1,0.1,0.0,0.02,80,0.0021367355443951317,0.0021375890054730518,0.5,1025,0.0003992634111304327,0.0021375890054730518,static,"[[80, 0.5]]",0.0024769783005789015,0.002480632127772678,0.9996007365888696,1.0,0.861711408774005
77,example,30,4.0,0.05,80,1,0.1,0.0001,0.02,80,0.002161873211820382,0.0021627267580740855,0.5,1025,0.0003946620859602682,0.0021627267580740855,static,"[[80, 0.5]]",0.0025110475564661533,0.0025149288913600062,0.9996053379140397,1.0,0.859955430749591
78,example,30,4.0,0.05,80,1,0.1,0.01,0.02,80,0.004650502286920618,0.004651364265576902,0.5,1025,0.00018531738368960965,0.004651364265576902,static,"[[80, 0.5]]",0.005883903889304197,0.005910308486506201,0.9998146826163103,1.0,0.7869917917476578
79,example,30,4.0,0.05,80,1,0.1,0.1,0.02,80,0.027274402969650082,0.02727534160651164,0.5,1025,3.441338609430535e-05,0.02727534160651164,static,"[[80, 0.5]]",0.03638217431009247,0.03677739571510791,0.9999655866139057,1.0,0.7416333069855491
80,example,30,4.0,0.05,80,8,0.0,0.0,0.02,640,0.00040589493210042485,0.0004059513425369297,0.5,4097,0.00013895861546438137,0.0004023862791180718,pure_two_phase,"[[15, 1.0], [65, 0.0]]",0.0004023862791180718,0.00040238627911809953,1.0087196138746162,1.008859803636127,1.0088598036360574
81,example,30,4.0,0.05,80,8,0.0,0.0001,0.02,640,0.00043081731175938936,0.0004308737278369379,0.5,4097,0.00013093413198278123,0.0004308737278369379,static,"[[80, 0.5]]",0.0004366357513572606,0.0004366357513572901,0.9998690658680173,1.0,0.9868035920044549
82,example,30,4.0,0.05,80,8,0.0,0.01,0.02,640,0.0028972782480258964,0.0028981898725380277,0.5,1025,0.0003145496162171908,0.0028981898725380277,static,"[[80, 0.5]]",0.0038273335030375513,0.003827333503037565,0.9996854503837828,1.0,0.7572347354203333
83,example,30,4.0,0.05,80,8,0.0,0.1,0.02,640,0.025327343784168427,0.025328336642547977,0.5,1025,3.9199509764959386e-05,0.025328336642547977,static,"[[80, 0.5]]",0.03441252432591019,0.034651858518312845,0.9999608004902351,1.0,0.7309373212741948
84,example,30,4.0,0.05,80,8,0.1,0.0,0.02,640,0.0004299161983822681,0.0004299726232319611,0.5,4097,0.0001312289356211959,0.0004235339556651011,pure_two_phase,"[[15, 1.0], [65, 0.0]]",0.0004235339556651011,0.0004235339556651202,1.0150690225229866,1.0152022464332262,1.0152022464331805
85,example,30,4.0,0.05,80,8,0.1,0.0001,0.02,640,0.00045483857804123266,0.00045489500853196927,0.5,4097,0.00012405168154892976,0.00045489500853196927,static,"[[80, 0.5]]",0.00045778342790428993,0.00045778342790431074,0.9998759483184511,1.0,0.9936904239072952
86,example,30,4.0,0.05,80,8,0.1,0.01,0.02,640,0.002921299298103653,0.002922211153233059,0.5,1025,0.00031204286124134983,0.002922211153233059,static,"[[80, 0.5]]",0.0038484811795845807,0.003848481179584593,0.9996879571387587,1.0,0.7593154329907582
87,example,30,4.0,0.05,80,8,0.1,0.1,0.02,640,0.025351364834246184,0.02535235792324301,0.5,1025,3.9171464833042285e-05,0.02535235792324301,static,"[[80, 0.5]]",0.03443380878773001,0.03467300619485987,0.999960828535167,1.0,0.7311843046075823
88,example,30,4.0,0.05,80,64,0.0,0.0,0.02,5120,0.00022766284257655164,0.00022771965678512057,0.5,4097,0.0002494918944241413,0.00017583751432683446,pure_two_phase,"[[15, 1.0], [65, 0.0]]",0.00017583751432683446,0.00017583751432684314,1.2947341950784625,1.2950573013779711,1.2950573013779072
89,example,30,4.0,0.05,80,64,0.0,0.0001,0.02,5120,0.00025255992604160773,0.0002526167459315975,0.5,4097,0.0002249252708099412,0.00021008136042461462,pure_two_phase,"[[15, 1.0], [65, 0.0]]",0.00021008136042461462,0.00021008136042461462,1.202200545213225,1.2024710113310897,1.2024710113310897
90,example,30,4.0,0.05,80,64,0.0,0.01,0.02,5120,0.002716510418141711,0.0027174285714329435,0.5,1025,0.00033787577744806774,0.0027174285714329435,static,"[[80, 0.5]]",0.0036002221241048307,0.003600222124104829,0.999662124222552,1.0,0.7547946981489687
91,example,30,4.0,0.05,80,64,0.0,0.1,0.02,5120,0.025123808834332344,0.02512480880326339,0.5,1025,3.980006132085199e-05,0.02512480880326339,static,"[[80, 0.5]]",0.034195894817522096,0.03441968361210672,0.9999601999386791,1.0,0.7299546703103927
92,example,30,4.0,0.05,80,64,0.1,0.0,0.02,5120,0.0002306481488901034,0.0002307049649183002,0.5,4097,0.0002462713718229619,0.00017846759278689409,pure_two_phase,"[[15, 1.0], [65, 0.0]]",0.00017846759278689409,0.00017846759278690276,1.2923811280713438,1.2926994829463638,1.292699482946301
93,example,30,4.0,0.05,80,64,0.1,0.0001,0.02,5120,0.0002555452323551595,0.00025560205406477713,0.5,4097,0.00022230537162751585,0.00021271143888467424,pure_two_phase,"[[15, 1.0], [65, 0.0]]",0.00021271143888467424,0.00021271143888467424,1.2013704279143562,1.2016375583983374,1.2016375583983374
94,example,30,4.0,0.05,80,64,0.1,0.01,0.02,5120,0.0027194956971599597,0.002720413879566123,0.5,1025,0.0003375157041581814,0.002720413879566123,static,"[[80, 0.5]]",0.0036028522025648903,0.003602852202564892,0.9996624842958418,1.0,0.7550722945641356
95,example,30,4.0,0.05,80,64,0.1,0.1,0.02,5120,0.02512679411335059,0.025127794111396567,0.5,1025,3.9796491548126316e-05,0.025127794111396567,static,"[[80, 0.5]]",0.03419854182783099,0.03442231369056678,0.9999602035084518,1.0,0.7299856232000663
96,example,30,8.0,0.01,800,1,0.0,0.0,0.02,800,0.00015187117292087796,0.00015198833522238092,0.5,4097,0.0007708637727463761,0.00015198833522238092,static,"[[800, 0.5]]",0.0003233232354087571,0.000323323235408627,0.9992291362272536,1.0,0.4700816971297867
97,example,30,8.0,0.01,800,1,0.0,0.0001,0.02,800,0.00016432552106433333,0.00016444269508206644,0.5,4097,0.0007125522825725655,0.00016444269508206644,static,"[[800, 0.5]]",0.000352492058122586,0.00035249205812246803,0.9992874477174274,1.0,0.466514610167283
98,example,30,8.0,0.01,800,1,0.0,0.01,0.02,800,0.0013973059872665352,0.0013974243211910531,0.5,4097,8.468002361449957e-05,0.0013974243211910531,static,"[[800, 0.5]]",0.003238280222513011,0.0032402055067925605,0.9999153199763855,1.0,0.43127644782455365
99,example,30,8.0,0.01,800,1,0.0,0.1,0.02,800,0.012604286130026754,0.01260634819490913,0.5,1025,0.0001635735306128413,0.01260634819490913,static,"[[800, 0.5]]",0.02928331993390955,0.029492145949247966,0.9998364264693872,1.0,0.4274476403515352
100,example,30,8.0,0.01,800,1,0.1,0.0,0.02,800,0.0001962793784826052,0.00019639670162810972,0.5,4097,0.0005973783904308177,0.00019639670162810972,static,"[[800, 0.5]]",0.00035920822247781543,0.00035920822247768186,0.9994026216095692,1.0,0.5467489031109586
101,example,30,8.0,0.01,800,1,0.1,0.0001,0.02,800,0.00020873372662606057,0.00020885106148779524,0.5,4097,0.0005618111820874028,0.00020885106148779524,static,"[[800, 0.5]]",0.00038837704519164434,0.0003883770451915229,0.9994381888179126,1.0,0.5377533612595542
102,example,30,8.0,0.01,800,1,0.1,0.01,0.02,800,0.0014417141928282624,0.001441832687596782,0.5,4097,8.218343885445426e-05,0.001441832687596782,static,"[[800, 0.5]]",0.00327418485397654,0.0032760904938616154,0.9999178165611455,1.0,0.44010771079075267
103,example,30,8.0,0.01,800,1,0.1,0.1,0.02,800,0.01264869192292846,0.01265075656131486,0.5,1025,0.00016320275996094128,0.01265075656131486,static,"[[800, 0.5]]",0.029319400958016315,0.029528030936317028,0.999836797240039,1.0,0.42843210875112836
104,example,30,8.0,0.01,800,8,0.0,0.0,0.02,6400,1.8873924584006715e-05,1.8881269600194272e-05,0.5,16385,0.0003890107150147263,1.8881269600194272e-05,static,"[[800, 0.5]]",4.0573851554502605e-05,4.0798890815568756e-05,0.9996109892849853,1.0,0.4627887970177176
105,example,30,8.0,0.01,800,8,0.0,0.0001,0.02,6400,3.130156903283565e-05,3.130891478352483e-05,0.5,16385,0.00023462169608769542,3.130891478352483e-05,static,"[[800, 0.5]]",6.977407949030137e-05,6.995986897650498e-05,0.9997653783039123,1.0,0.4475267784455039
106,example,30,8.0,0.01,800,8,0.0,0.01,0.02,6400,0.0012615270922499092,0.00126164578793336,0.5,4097,9.408003782526512e-05,0.00126164578793336,static,"[[800, 0.5]]",0.002956851068410272,0.002956896706909889,0.9999059199621747,1.0,0.42667901959005045
107,example,30,8.0,0.01,800,8,0.0,0.1,0.02,6400,0.012444458070659253,0.012446526452931898,0.5,1025,0.00016618148689651242,0.012446526452931898,static,"[[800, 0.5]]",0.029014985909875772,0.029201777051758873,0.9998338185131035,1.0,0.42622496675017324
108,example,30,8.0,0.01,800,8,0.1,0.0,0.02,6400,2.437103985731922e-05,2.437838615145741e-05,0.5,16385,0.000301344563686401,2.437838615145741e-05,static,"[[800, 0.5]]",4.502228183372349e-05,4.5249789884935915e-05,0.9996986554363136,1.0,0.5387513668781302
109,example,30,8.0,0.01,800,8,0.1,0.0001,0.02,6400,3.679868430614816e-05,3.680603133478797e-05,0.5,16385,0.0001996148015247617,3.680603133478797e-05,static,"[[800, 0.5]]",7.422250976952226e-05,7.441076804587041e-05,0.9998003851984752,1.0,0.4946331330984105
110,example,30,8.0,0.01,800,8,0.1,0.01,0.02,6400,0.0012670241883539328,0.0012671429044846232,0.5,4097,9.36880365034646e-05,0.0012671429044846232,static,"[[800, 0.5]]",0.0029613043872219347,0.0029613476059792577,0.9999063119634966,1.0,0.4278940107963465
111,example,30,8.0,0.01,800,8,0.1,0.1,0.02,6400,0.012449954860052787,0.012452023569483162,0.5,1025,0.00016613439725930333,0.012452023569483162,static,"[[800, 0.5]]",0.029019460933678323,0.029206227950828233,0.9998338656027407,1.0,0.4263482292354719
112,example,30,8.0,0.01,800,64,0.0,0.0,0.02,51200,2.4534466541723447e-06,2.4539058905614832e-06,0.5,65537,0.00018714506978646908,2.4539058905614832e-06,static,"[[800, 0.5]]",5.323947724384867e-06,5.781653664898093e-06,0.9998128549302135,1.0,0.4244297622771453
113,example,30,8.0,0.01,800,64,0.0,0.0001,0.02,51200,1.4870908547418212e-05,1.4878257067868581e-05,0.5,16385,0.0004939100337390243,1.4878257067868581e-05,static,"[[800, 0.5]]",3.4523200824884345e-05,3.494165833048922e-05,0.999506089966261,1.0,0.42580283188466145
114,example,30,8.0,0.01,800,64,0.0,0.01,0.02,51200,0.001244770283159297,0.0012448890236214183,0.5,4097,9.538236731800598e-05,0.0012448890236214183,static,"[[800, 0.5]]",0.0029217821202246336,0.002921782120224675,0.999904617632682,1.0,0.4260718193202204
115,example,30,8.0,0.01,800,64,0.0,0.1,0.02,51200,0.0124247359189529,0.012426805083199165,0.5,1025,0.00016650814367916218,0.012426805083199165,static,"[[800, 0.5]]",0.028981761653128872,0.029165786319262747,0.9998334918563209,1.0,0.42607474892565456
116,example,30,8.0,0.01,800,64,0.1,0.0,0.02,51200,3.139752006266834e-06,3.140211252660981e-06,0.5,65537,0.000146246974230707,3.140211252660981e-06,static,"[[800, 0.5]]",5.8794647337136186e-06,6.337478714164152e-06,0.9998537530257693,1.0,0.49549850883801233
117,example,30,8.0,0.01,800,64,0.1,0.0001,0.02,51200,1.5557213749437506e-05,1.556456242996808e-05,0.5,16385,0.0004721418005574061,1.556456242996808e-05,static,"[[800, 0.5]]",3.50787178342131e-05,3.549748337976048e-05,0.9995278581994426,1.0,0.438469461720841
118,example,30,8.0,0.01,800,64,0.1,0.01,0.02,51200,0.0012454565859601092,0.0012455753289835178,0.5,4097,9.533186845106497e-05,0.0012455753289835178,static,"[[800, 0.5]]",0.0029223379452738996,0.0029223379452739413,0.999904668131549,1.0,0.4262256290371499
119,example,30,8.0,0.01,800,64,0.1,0.1,0.02,51200,0.012425422183334133,0.012427491388561264,0.5,1025,0.00016650224590261073,0.012427491388561264,static,"[[800, 0.5]]",0.02898232048788382,0.02916634214431201,0.9998334977540974,1.0,0.4260901599203402
120,example,30,8.0,0.05,160,1,0.0,0.0,0.02,160,0.0008174134915459768,0.0008175250873901049,0.5,4097,0.0001365044887910749,0.0008175250873901049,static,"[[160, 0.5]]",0.0017689877626571367,0.0017768934825167174,0.9998634955112089,1.0,0.4600867161897609
121,example,30,8.0,0.05,160,1,0.0,0.0001,0.02,160,0.0008299706096839119,0.0008300822166876244,0.5,4097,0.00013445295112796964,0.0008300822166876244,static,"[[160, 0.5]]",0.0017980111728811837,0.0018061120465792217,0.999865547048872,1.0,0.45959619075671476
122,example,30,8.0,0.05,160,1,0.0,0.01,0.02,160,0.002071434621465119,0.0020732380171422067,0.5,1025,0.0008698449778446537,0.0020732380171422067,static,"[[160, 0.5]]",0.004671328785062285,0.004698749888767667,0.9991301550221553,1.0,0.4412318310660181
123,example,30,8.0,0.05,160,1,0.0,0.1,0.02,160,0.013372690290609349,0.013374654384911127,0.5,1025,0.00014685196680627163,0.013374654384911127,static,"[[160, 0.5]]",0.03063934745174349,0.03099545754502623,0.9998531480331937,1.0,0.4315036926130915
124,example,30,8.0,0.05,160,1,0.1,0.0,0.02,160,0.001052920946321959,0.0010530332513447817,0.5,4097,0.00010664907559105761,0.0010530332513447817,static,"[[160, 0.5]]",0.001958935614997973,0.0019663080700782314,0.9998933509244089,1.0,0.5355382848542577
125,example,30,8.0,0.05,160,1,0.1,0.0001,0.02,160,0.0010654780644598941,0.0010655903806423013,0.5,4097,0.00010540277431878433,0.0010655903806423013,static,"[[160, 0.5]]",0.00198795902522202,0.001995526634140739,0.9998945972256812,1.0,0.5339895556448624
126,example,30,8.0,0.05,160,1,0.1,0.01,0.02,160,0.0023069314385606838,0.0023087461810968836,0.5,1025,0.0007860294696135029,0.0023087461810968836,static,"[[160, 0.5]]",0.004861276637403121,0.004888164476329183,0.9992139705303865,1.0,0.4723135222386502
127,example,30,8.0,0.05,160,1,0.1,0.1,0.02,160,0.013608187107704915,0.013610162548865806,0.5,1025,0.00014514456780348838,0.013610162548865806,static,"[[160, 0.5]]",0.030830219284432893,0.031184872132587742,0.9998548554321965,1.0,0.43643477167390343
128,example,30,8.0,0.05,160,8,0.0,0.0,0.02,1280,9.633243107784864e-05,9.633952182196365e-05,0.5,16385,7.36016120996913e-05,9.633952182196365e-05,static,"[[160, 0.5]]",0.00021394515118484253,0.00021394515118489804,0.9999263983879003,1.0,0.45030009461959736
129,example,30,8.0,0.05,160,8,0.0,0.0001,0.02,1280,0.00010874533515673303,0.00010875242660992246,0.5,16385,6.520730994684037e-05,0.00010875242660992246,static,"[[160, 0.5]]",0.00024312196909710183,0.00024312196909716081,0.9999347926900531,1.0,0.44731632856453557
130,example,30,8.0,0.05,160,8,0.0,0.01,0.02,1280,0.0013375154132183353,0.0013376300006180057,0.5,4097,8.56644958751471e-05,0.0013376300006180057,static,"[[160, 0.5]]",0.0031316269424114303,0.003131626942411477,0.9999143355041249,1.0,0.4271358067918452
131,example,30,8.0,0.05,160,8,0.0,0.1,0.02,1280,0.012507247465231422,0.012509244309782409,0.5,1025,0.00015962951090702673,0.012509244309782409,static,"[[160, 0.5]]",0.029177860038257352,0.029390763063450672,0.999840370489093,1.0,0.4256182217105642
132,example,30,8.0,0.05,160,8,0.1,0.0,0.02,1280,0.00012420729665487524,0.00012432084601556623,0.5,4097,0.0009133573678928388,0.00012432084601556623,static,"[[160, 0.5]]",0.0002366787295116496,0.00023667872951170163,0.9990866426321071,1.0,0.5252725763403242
133,example,30,8.0,0.05,160,8,0.1,0.0001,0.02,1280,0.00013662019009754695,0.00013673375080352503,0.5,4097,0.0008305243241755401,0.00013673375080352503,static,"[[160, 0.5]]",0.0002658555474239089,0.0002658555474239696,0.9991694756758245,1.0,0.514315958904821
134,example,30,8.0,0.05,160,8,0.1,0.01,0.02,1280,0.0013654966409222076,0.0013656113248116082,0.5,4097,8.39798904102553e-05,0.0013656113248116082,static,"[[160, 0.5]]",0.0031543605207382374,0.0031543605207382825,0.9999160201095898,1.0,0.43292810565990253
135,example,30,8.0,0.05,160,8,0.1,0.1,0.02,1280,0.01253522724554376,0.012537225633976011,0.5,1025,0.00015939638406407646,0.012537225633976011,static,"[[160, 0.5]]",0.029200711048031677,0.029413496641777483,0.999840603615936,1.0,0.426240572029398
136,example,30,8.0,0.05,160,64,0.0,0.0,0.02,10240,1.2020545496177964e-05,1.2027650277338011e-05,0.5,16385,0.0005907040025459648,1.2027650277338011e-05,static,"[[160, 0.5]]",2.6748703688989073e-05,2.6748703688996012e-05,0.999409295997454,1.0,0.4496535763819461
137,example,30,8.0,0.05,160,64,0.0,0.0001,0.02,10240,2.441665335127285e-05,2.4423758842911014e-05,0.5,16385,0.0002909253929283956,2.4423758842911014e-05,static,"[[160, 0.5]]",5.5920496106190085e-05,5.592049610619529e-05,0.9997090746070716,1.0,0.4367586223936445
138,example,30,8.0,0.05,160,64,0.0,0.01,0.02,10240,0.0012515236924819065,0.001251638506834775,0.5,4097,9.173124048312677e-05,0.001251638506834775,static,"[[160, 0.5]]",0.002943927945409411,0.002943927945409413,0.9999082687595169,1.0,0.425159355135205
139,example,30,8.0,0.05,160,64,0.0,0.1,0.02,10240,0.012406135408425908,0.012408136215851736,0.5,1025,0.00016124963419339046,0.012408136215851736,static,"[[160, 0.5]]",0.02899916365873643,0.029198541120893134,0.9998387503658066,1.0,0.42495740333317694
140,example,30,8.0,0.05,160,64,0.1,0.0,0.02,10240,1.5496602318806846e-05,1.5503707861776617e-05,0.5,16385,0.00045831249099384617,1.5503707861776617e-05,static,"[[160, 0.5]]",2.9576388573759882e-05,2.957638857376682e-05,0.9995416875090062,1.0,0.5241920535060809
141,example,30,8.0,0.05,160,64,0.1,0.0001,0.02,10240,2.789271017390173e-05,2.789981642734962e-05,0.5,16385,0.00025470610053630725,2.789981642734962e-05,static,"[[160, 0.5]]",5.8748180990960894e-05,5.874818099096436e-05,0.9997452938994636,1.0,0.4749051963266861
142,example,30,8.0,0.05,160,64,0.1,0.01,0.02,10240,0.001254999737877289,0.0012551145644192135,0.5,4097,9.14869010206449e-05,0.0012551145644192135,static,"[[160, 0.5]]",0.002946755630294182,0.0029467556302941803,0.9999085130989793,1.0,0.42593099730292633
143,example,30,8.0,0.05,160,64,0.1,0.1,0.02,10240,0.012409611270979002,0.012411612273436175,0.5,1025,0.0001612201874413784,0.012411612273436175,static,"[[160, 0.5]]",0.029002005876266022,0.029201368805777915,0.9998387798125586,1.0,0.42503529050255884
144,example,45,1.0,0.01,100,1,0.0,0.0,0.02,100,0.08859575839549118,0.08859592416103637,0.5,1025,1.8710290203846573e-06,0.08692595733266287,pure_two_phase,"[[45, 1.0], [55, 0.0]]",0.08692595733266287,0.1116836459040583,1.019209464170041,1.0192113711440944,0.7932757159194516
145,example,45,1.0,0.01,100,1,0.0,0.0001,0.02,100,0.08863168777166952,0.08863185355379127,0.5,1025,1.8704575737215337e-06,0.08696243513136989,pure_two_phase,"[[45, 1.0], [55, 0.0]]",0.08696243513136989,0.11172288272655584,1.0191951000196575,1.0191970063844173,0.7933187131477769
146,example,45,1.0,0.01,100,1,0.0,0.01,0.02,100,0.09218869601332741,0.09218886343652806,0.5,1025,1.8160892152197026e-06,0.0905737372033658,pure_two_phase,"[[45, 1.0], [55, 0.0]]",0.0905737372033658,0.11560732815381046,1.0178303210160748,1.0178321694901007,0.7974309666068472
147,example,45,1.0,0.01,100,1,0.0,0.1,0.02,100,0.12452513457385368,0.1245253169159534,0.5,1025,1.4642974153929555e-06,0.12339483438100429,pure_two_phase,"[[46, 1.0], [54, 0.0]]",0.12339483438100429,0.15092046840157988,1.0091600284446218,1.009161506157207,0.8251055554943522
148,example,45,1.0,0.01,100,1,0.1,0.0,0.02,100,0.08862378754394636,0.08862395333369383,0.5,1025,1.8707103580442018e-06,0.08695379244211746,pure_two_phase,"[[45, 1.0], [55, 0.0]]",0.08695379244211746,0.11170882213310555,1.0192055464738996,1.019207453115839,0.7933478452408604
149,example,45,1.0,0.01,100,1,0.1,0.0001,0.02,100,0.08865971692012473,0.08865988272644876,0.5,1025,1.87013922117758e-06,0.08699027024082448,pure_two_phase,"[[45, 1.0], [55, 0.0]]",0.08699027024082448,0.1117480589556031,1.0191911885625662,1.0191930945955463,0.793390807456198
150,example,45,1.0,0.01,100,1,0.1,0.01,0.02,100,0.0922167251617826,0.09221689260918553,0.5,1025,1.8157996674118168e-06,0.0906015723128204,pure_two_phase,"[[45, 1.0], [55, 0.0]]",0.0906015723128204,0.11563250438285771,1.0178269847612087,1.0178288329344651,0.7974997437040419
151,example,45,1.0,0.01,100,1,0.1,0.1,0.02,100,0.12455316372230889,0.12455334608861088,0.5,1025,1.4641622061309238e-06,0.12342268559718053,pure_two_phase,"[[46, 1.0], [54, 0.0]]",0.12342268559718053,0.1509456446306271,1.0091594030680708,1.0091608806432921,0.8251536266144033
152,example,45,1.0,0.01,100,8,0.0,0.0,0.02,800,0.08673590762102881,0.08673607632838132,0.5,1025,1.945065532662725e-06,0.08519857296444004,pure_two_phase,"[[45, 1.0], [55, 0.0]]",0.08519857296444004,0.1103720586669385,1.0180441362231551,1.0180461163895667,0.785851757917448
153,example,45,1.0,0.01,100,8,0.0,0.0001,0.02,800,0.08677175205241211,0.08677192077663534,0.5,1025,1.944456475339508e-06,0.08523499175432689,pure_two_phase,"[[45, 1.0], [55, 0.0]]",0.08523499175432689,0.11041124853635693,1.0180296878835235,1.0180316674017913,0.785897469025201
154,example,45,1.0,0.01,100,8,0.0,0.01,0.02,800,0.0903203507593575,0.09032052115378353,0.5,1025,1.8865527329848597e-06,0.08884045195312586,pure_two_phase,"[[45, 1.0], [55, 0.0]]",0.08884045195312586,0.11429104560878385,1.0166579387395787,1.0166598567220098,0.7902676948371705
155,example,45,1.0,0.01,100,8,0.0,0.1,0.02,800,0.12258033900431563,0.12258052458240337,0.5,1025,1.5139279944862413e-06,0.12160951647364315,pure_two_phase,"[[46, 1.0], [54, 0.0]]",0.12160951647364315,0.1495619280853921,1.0079831131544947,1.007984639170658,0.8195971137281425
156,example,45,1.0,0.01,100,8,0.1,0.0,0.02,800,0.08673939239917439,0.08673956110959377,0.5,1025,1.9450227465603455e-06,0.08520203583122324,pure_two_phase,"[[45, 1.0], [55, 0.0]]",0.08520203583122324,0.11037518884413876,1.018043660024703,1.01804564014663,0.7858610437539459
157,example,45,1.0,0.01,100,8,0.1,0.0001,0.02,800,0.08677523683055767,0.0867754055578478,0.5,1025,1.9444137315296826e-06,0.08523845462111007,pure_two_phase,"[[45, 1.0], [55, 0.0]]",0.08523845462111007,0.11041437871355718,1.018029212475504,1.0180311919493328,0.7859067502699548
158,example,45,1.0,0.01,100,8,0.1,0.01,0.02,800,0.09032383553750306,0.09032400593499598,0.5,1025,1.8865139024489144e-06,0.08884391481990905,pure_two_phase,"[[45, 1.0], [55, 0.0]]",0.08884391481990905,0.1142941757859841,1.016657536091176,1.0166594540333702,0.7902765413359971
159,example,45,1.0,0.01,100,8,0.1,0.1,0.02,800,0.12258382378246119,0.12258400936361583,0.5,1025,1.5139099757097087e-06,0.12161298135321177,pure_two_phase,"[[46, 1.0], [54, 0.0]]",0.12161298135321177,0.14956505826259234,1.007983049329493,1.007984575327397,0.8196032601972734
160,example,45,1.0,0.01,100,64,0.0,0.0,0.02,6400,0.08650518841105644,0.08650535748725345,0.5,1025,1.954517060288908e-06,0.08498409845891391,pure_two_phase,"[[45, 1.0], [55, 0.0]]",0.08498409845891391,0.11020949379937603,1.017898524308967,1.017900513812887,0.7849174740311095
161,example,45,1.0,0.01,100,64,0.0,0.0001,0.02,6400,0.08654102229659416,0.0865411913896988,0.5,1025,1.953903128995178e-06,0.08502050991708307,pure_two_phase,"[[45, 1.0], [55, 0.0]]",0.08502050991708307,0.11024867782874179,1.0178840656330335,1.0178860544837804,0.7849635305752171
162,example,45,1.0,0.01,100,64,0.0,0.01,0.02,6400,0.09008857696482908,0.09008874773178807,0.5,1025,1.8955414886940737e-06,0.08862524427583038,pure_two_phase,"[[45, 1.0], [55, 0.0]]",0.08862524427583038,0.1141278967359522,1.0165114657900896,1.0165133926333991,0.7893665817763958
163,example,45,1.0,0.01,100,64,0.0,0.1,0.02,6400,0.12233907394878275,0.12233925993259948,0.5,1025,1.5202300293852184e-06,0.12138784629932975,pure_two_phase,"[[46, 1.0], [54, 0.0]]",0.12138784629932975,0.14939352316513754,1.0078362676202968,1.0078377997655847,0.8189060498785301
164,example,45,1.0,0.01,100,64,0.1,0.0,0.02,6400,0.08650562371485428,0.0865057927914353,0.5,1025,1.95451166415105e-06,0.08498453106024442,pure_two_phase,"[[45, 1.0], [55, 0.0]]",0.08498453106024442,0.11020988480958335,1.0178984649986662,1.0179004544969776,0.7849186390213263
165,example,45,1.0,0.01,100,64,0.1,0.0001,0.02,6400,0.086541457600392,0.08654162669388066,0.5,1025,1.9538977381797477e-06,0.08502094251841358,pure_two_phase,"[[45, 1.0], [55, 0.0]]",0.08502094251841358,0.11024906883894912,1.0178840064217016,1.0178859952668453,0.7849646949880358
166,example,45,1.0,0.01,100,64,0.1,0.01,0.02,6400,0.09008901226862691,0.09008918303596991,0.5,1025,1.895536592158712e-06,0.0886256768771609,pure_two_phase,"[[45, 1.0], [55, 0.0]]",0.0886256768771609,0.11412828774615952,1.0165114156870616,1.0165133425252988,0.7893676915257275
167,example,45,1.0,0.01,100,64,0.1,0.1,0.02,6400,0.1223395092525806,0.12233969523678133,0.5,1025,1.5202277590654975e-06,0.1213882791522482,pure_two_phase,"[[46, 1.0], [54, 0.0]]",0.1213882791522482,0.1493939141753449,1.0078362598677204,1.0078377920107084,0.8189068203487205
168,example,45,1.0,0.05,20,1,0.0,0.0,0.02,20,0.09514856120622035,0.09514870717278513,0.5,1025,1.5340887870871605e-06,0.09247852131992439,pure_two_phase,"[[9, 1.0], [11, 0.0]]",0.09247852131992439,0.1177932183062438,1.0288720002027185,1.0288735785861387,0.8077604852039402
169,example,45,1.0,0.05,20,1,0.0,0.0001,0.02,20,0.0951848655711815,0.09518501155234294,0.5,1025,1.5336570228449202e-06,0.09251510447684304,pure_two_phase,"[[9, 1.0], [11, 0.0]]",0.09251510447684304,0.11783294385633204,1.028857569900996,1.0288591478180538,0.8077962617007801
170,example,45,1.0,0.05,20,1,0.0,0.01,0.02,20,0.09877899770233557,0.098779145128566,0.5,1025,1.4924833601259022e-06,0.09613683701179035,pure_two_phase,"[[9, 1.0], [11, 0.0]]",0.09613683701179035,0.12176577331507035,1.0274833328479611,1.0274848663520268,0.8112225828268985
171,example,45,1.0,0.05,20,1,0.0,0.1,0.02,20,0.13145292616737272,0.13145308673059397,0.5,1025,1.2214488471886075e-06,0.12906167823858408,pure_two_phase,"[[9, 1.0], [11, 0.0]]",0.12906167823858408,0.1575187683945095,1.018527946958571,1.0185291910398773,0.8345233274130647
172,example,45,1.0,0.05,20,1,0.1,0.0,0.02,20,0.09529509310079656,0.09529523917145216,0.5,1025,1.5328221731633514e-06,0.09262501414797195,pure_two_phase,"[[9, 1.0], [11, 0.0]]",0.09262501414797195,0.11792432539665956,1.0288267589202098,1.0288283359310957,0.8081050186287654
173,example,45,1.0,0.05,20,1,0.1,0.0001,0.02,20,0.09533139746575772,0.09533154355100998,0.5,1025,1.5323915549311927e-06,0.0926615973048906,pure_two_phase,"[[9, 1.0], [11, 0.0]]",0.0926615973048906,0.11796405094674782,1.0288123692934248,1.028813945839227,0.8081406393380406
174,example,45,1.0,0.05,20,1,0.1,0.01,0.02,20,0.0989255295969118,0.09892567712723305,0.5,1025,1.4913248565526403e-06,0.09628332983983792,pure_two_phase,"[[9, 1.0], [11, 0.0]]",0.09628332983983792,0.12189688040548613,1.027441923347157,1.0274434555991212,0.8115521644045353
175,example,45,1.0,0.05,20,1,0.1,0.1,0.02,20,0.13159945806194895,0.13159961872926101,0.5,1025,1.2208797686283963e-06,0.12920817106663163,pure_two_phase,"[[9, 1.0], [11, 0.0]]",0.12920817106663163,0.1576498754849253,1.0185072428127178,1.0185084862891227,0.8347587863578412
176,example,45,1.0,0.05,20,8,0.0,0.0,0.02,160,0.08515255935475506,0.08515271947334221,0.5,1025,1.8803696246384917e-06,0.0830738213372406,pure_two_phase,"[[9, 1.0], [11, 0.0]]",0.0830738213372406,0.11083373630952617,1.025022780751541,1.0250247081768666,0.7682924198777853
177,example,45,1.0,0.05,20,8,0.0,0.0001,0.02,160,0.08518841384131783,0.08518857397591684,0.5,1025,1.8797661650823237e-06,0.08311008170660786,pure_two_phase,"[[9, 1.0], [11, 0.0]]",0.08311008170660786,0.110873222950189,1.0250069798035673,1.0250089065806287,0.7683421813595942
178,example,45,1.0,0.05,20,8,0.0,0.01,0.02,160,0.08873800801103188,0.0887381697308049,0.5,1025,1.8224375543024973e-06,0.08669985827396567,pure_two_phase,"[[9, 1.0], [11, 0.0]]",0.08669985827396567,0.1147824003758095,1.0235081092131175,1.0235099744961322,0.7730990939400719
179,example,45,1.0,0.05,20,8,0.0,0.1,0.02,160,0.12100704591752337,0.12100722204796924,0.5,1025,1.4555366438965936e-06,0.11933419070449108,pure_two_phase,"[[9, 1.0], [11, 0.0]]",0.11933419070449108,0.15032037697235945,1.0140182390575287,1.0140197150003816,0.804995466916769
180,example,45,1.0,0.05,20,8,0.1,0.0,0.02,160,0.08517038378595394,0.08517054391847903,0.5,1025,1.880139749259395e-06,0.08309170026202822,pure_two_phase,"[[9, 1.0], [11, 0.0]]",0.08309170026202822,0.11084967644833153,1.025016740749926,1.0250186679282673,0.7683427380879918
181,example,45,1.0,0.05,20,8,0.1,0.0001,0.02,160,0.08520623827251671,0.08520639842105365,0.5,1025,1.8795365126723875e-06,0.08312796063139548,pure_two_phase,"[[9, 1.0], [11, 0.0]]",0.08312796063139548,0.11088916308899435,1.0250009458350204,1.0250028723653446,0.7683924744988025
182,example,45,1.0,0.05,20,8,0.1,0.01,0.02,160,0.08875583244223074,0.08875599417594171,0.5,1025,1.8222285995118247e-06,0.08671773719875328,pure_two_phase,"[[9, 1.0], [11, 0.0]]",0.08671773719875328,0.11479834051461485,1.0235026340552018,1.0235044991143718,0.773147013955679
183,example,45,1.0,0.05,20,8,0.1,0.1,0.02,160,0.12102487034872225,0.12102504649310605,0.5,1025,1.4554374396470479e-06,0.11935206962927869,pure_two_phase,"[[9, 1.0], [11, 0.0]]",0.11935206962927869,0.15033631711116477,1.01401568254861,1.0140171583871467,0.805028677159992
184,example,45,1.0,0.05,20,64,0.0,0.0,0.02,1280,0.08395094427743167,0.08395110619672438,0.5,1025,1.928733283519735e-06,0.08193792497792834,pure_two_phase,"[[9, 1.0], [11, 0.0]]",0.08193792497792834,0.11000214856284521,1.0245676138374944,1.0245695899589637,0.7631769678458814
185,example,45,1.0,0.05,20,64,0.0,0.0001,0.02,1280,0.08398674443362096,0.08398690636910561,0.5,1025,1.928103934855376e-06,0.08197414621544505,pure_two_phase,"[[9, 1.0], [11, 0.0]]",0.08197414621544505,0.11004160609756664,1.0245516215915977,1.0245535970374198,0.7632286491224052
186,example,45,1.0,0.05,20,64,0.0,0.01,0.02,1280,0.08753095989636114,0.08753112343484679,0.5,1025,1.868346700292983e-06,0.08556004872959627,pure_two_phase,"[[9, 1.0], [11, 0.0]]",0.08556004872959627,0.11394790203498922,1.02303541426202,1.0230373256504317,0.7681679247413365
187,example,45,1.0,0.05,20,64,0.0,0.1,0.02,1280,0.1197511004667265,0.11975127857794848,0.5,1025,1.4873429669779312e-06,0.1181591624946073,pure_two_phase,"[[9, 1.0], [11, 0.0]]",0.1181591624946073,0.1494596832842856,1.0134728271469584,1.013474334530882,0.8012279696202146
188,example,45,1.0,0.05,20,64,0.1,0.0,0.02,1280,0.0839531648071056,0.08395332672815536,0.5,1025,1.928703198231398e-06,0.08194015322577143,pure_two_phase,"[[9, 1.0], [11, 0.0]]",0.08194015322577143,0.11000413425577071,1.0245668515628434,1.0245688276520182,0.7631833775715684
189,example,45,1.0,0.05,20,64,0.1,0.0001,0.02,1280,0.08398896496329489,0.08398912690053659,0.5,1025,1.9280738790297457e-06,0.08197637446328812,pure_two_phase,"[[9, 1.0], [11, 0.0]]",0.08197637446328812,0.11004359179049214,1.0245508600884523,1.0245528355020121,0.7632350556172351
190,example,45,1.0,0.05,20,64,0.1,0.01,0.02,1280,0.08753318042603507,0.08753334396627777,0.5,1025,1.8683193773366438e-06,0.08556227697743934,pure_two_phase,"[[9, 1.0], [11, 0.0]]",0.08556227697743934,0.11394988772791473,1.023034724159052,1.0230366355182219,0.7681740255443393
191,example,45,1.0,0.05,20,64,0.1,0.1,0.02,1280,0.11975332099640046,0.11975349910937949,0.5,1025,1.4873300601402872e-06,0.11816139074245038,pure_two_phase,"[[9, 1.0], [11, 0.0]]",0.11816139074245038,0.14946166897721108,1.0134725077620312,1.013474015132399,0.8012321816614981
192,example,45,4.0,0.01,400,1,0.0,0.0,0.02,400,0.0008510214639223476,0.000851083777417925,0.5,4097,7.32166412177783e-05,0.0008451325674644378,mixed_two_phase,"[[200, 0.4255147033780908], [200, 0.75]]",0.0008572979941592999,0.0008572979941589842,1.0069680150601432,1.0070417472744448,0.992751392417341
193,example,45,4.0,0.01,400,1,0.0,0.0001,0.02,400,0.0008642771552156204,0.0008643394749425475,0.5,4097,7.210098431667692e-05,0.000859727987345185,mixed_two_phase,"[[200, 0.4255147033780908], [200, 0.75]]",0.000882275542770105,0.0008822755427698101,1.0052914037200105,1.0053638914461802,0.9796706732106002
194,example,45,4.0,0.01,400,1,0.0,0.01,0.02,400,0.002175646538786369,0.0021766535298797674,0.5,1025,0.00046263269720007137,0.0021766535298797674,static,"[[400, 0.5]]",0.003350311887536532,0.0033550528552393107,0.9995373673028,1.0,0.6487687746798583
195,example,45,4.0,0.01,400,1,0.0,0.1,0.02,400,0.014105684579063296,0.014106781302036304,0.5,1025,7.774438048814971e-05,0.014106781302036304,static,"[[400, 0.5]]",0.025414510069000078,0.025834846604962092,0.9999222556195119,1.0,0.5460369677336043
196,example,45,4.0,0.01,400,1,0.1,0.0,0.02,400,0.0008950086107179588,0.0008950709725698246,0.5,4097,6.967252181880023e-05,0.0008884377034871357,mixed_two_phase,"[[200, 0.4255147033780908], [200, 0.75]]",0.0008953187080170955,0.0008953187080167901,1.0073960247353666,1.0074662174473834,0.9997232991506295
197,example,45,4.0,0.01,400,1,0.1,0.0001,0.02,400,0.0009082643020112318,0.000908326670094447,0.5,4097,6.866261364844667e-05,0.0009030331233678829,mixed_two_phase,"[[200, 0.4255147033780908], [200, 0.75]]",0.0009202962566279005,0.0009202962566276021,1.0057928978549968,1.0058619629663437,0.9869937680970069
198,example,45,4.0,0.01,400,1,0.1,0.01,0.02,400,0.0022196329602376563,0.002220640725031667,0.5,1025,0.00045381712703491023,0.002220640725031667,static,"[[400, 0.5]]",0.0033883692159241384,0.0033930735690971027,0.999546182872965,1.0,0.6544628873527725
199,example,45,4.0,0.01,400,1,0.1,0.1,0.02,400,0.014149671000514584,0.014150768497188205,0.5,1025,7.755739017559083e-05,0.014150768497188205,static,"[[400, 0.5]]",0.025452924450711716,0.025872867318819884,0.9999224426098244,1.0,0.5469346834587197
200,example,45,4.0,0.01,400,8,0.0,0.0,0.02,3200,0.0004969903209903813,0.0004970528430485628,0.5,4097,0.0001257855357954512,0.00031156175276104286,pure_two_phase,"[[87, 1.0], [313, 0.0]]",0.00031156175276104286,0.0003121482240663817,1.595158316404632,1.595358989489911,1.5923615921097123
201,example,45,4.0,0.01,400,8,0.0,0.0001,0.02,3200,0.000510187054009782,0.0005102495823201695,0.5,4097,0.00012254455967035662,0.0003365955132625664,pure_two_phase,"[[87, 1.0], [313, 0.0]]",0.0003365955132625664,0.00033710890847327146,1.5157274351776724,1.5159132020935215,1.5136045636735995
202,example,45,4.0,0.01,400,8,0.0,0.01,0.02,3200,0.0018157163994552536,0.0018167267702091,0.5,1025,0.0005561489875167229,0.0018167267702091,static,"[[400, 0.5]]",0.0028078579787059674,0.0028082166647546668,0.9994438510124832,1.0,0.6469325508285928
203,example,45,4.0,0.01,400,8,0.0,0.1,0.02,3200,0.013692691710862565,0.013693792114653883,0.5,1025,8.035785720311484e-05,0.013693792114653883,static,"[[400, 0.5]]",0.024905291372608503,0.025272832630949076,0.9999196421427969,1.0,0.5418384363407086
204,example,45,4.0,0.01,400,8,0.1,0.0,0.02,3200,0.0005024362743437111,0.0005024988025436996,0.5,4097,0.00012443452535984139,0.00031627295347272377,pure_two_phase,"[[87, 1.0], [313, 0.0]]",0.00031627295347272377,0.00031686402081285495,1.5886160002835734,1.5888137035626615,1.585849984654722
205,example,45,4.0,0.01,400,8,0.1,0.0001,0.02,3200,0.0005156330073631119,0.0005156955418153062,0.5,4097,0.00012126234788491362,0.00034130671397424733,pure_two_phase,"[[87, 1.0], [313, 0.0]]",0.00034130671397424733,0.00034182470521974817,1.5107613951069772,1.5109446157986128,1.5086549741446629
206,example,45,4.0,0.01,400,8,0.1,0.01,0.02,3200,0.0018211622606807364,0.0018221727297042366,0.5,1025,0.0005545407452477053,0.0018221727297042366,static,"[[400, 0.5]]",0.0028125782781545164,0.0028129324615011296,0.9994454592547523,1.0,0.6477840313065423
207,example,45,4.0,0.01,400,8,0.1,0.1,0.02,3200,0.013698137572088048,0.01369923807414902,0.5,1025,8.033308531574596e-05,0.01369923807414902,static,"[[400, 0.5]]",0.024910051947146183,0.025277548427695546,0.9999196669146843,1.0,0.5419527970971797
208,example,45,4.0,0.01,400,64,0.0,0.0,0.02,25600,0.0004534470082834665,0.00045350955594336984,0.5,4097,0.00013791916638495724,0.0002435612854226124,pure_two_phase,"[[87, 1.0], [313, 0.0]]",0.0002435612854226124,0.00024469384449065865,1.8617368006441313,1.8619936052499815,1.853375416481647
209,example,45,4.0,0.01,400,64,0.0,0.0001,0.02,25600,0.00046663647812979767,0.000466699032044467,0.5,4097,0.0001340348069618043,0.00026859295446191034,pure_two_phase,"[[87, 1.0], [313, 0.0]]",0.00026859295446191034,0.0002696524428176389,1.7373370015034115,1.7375698963490513,1.7307428301700467
210,example,45,4.0,0.01,400,64,0.0,0.01,0.02,25600,0.0017714463804223927,0.0017724571660526472,0.5,1025,0.0005702736571657598,0.0017724571660526472,static,"[[400, 0.5]]",0.0027405536771871915,0.0027405536771872192,0.9994297263428342,1.0,0.6467514870468866
211,example,45,4.0,0.01,400,64,0.0,0.1,0.02,25600,0.013641884801399171,0.013642985657036082,0.5,1025,8.069022900005364e-05,0.013642985657036082,static,"[[400, 0.5]]",0.024841938736354072,0.025203292171456042,0.999919309771,1.0,0.5413176010587787
212,example,45,4.0,0.01,400,64,0.1,0.0,0.02,25600,0.0004541269408280108,0.0004541894892571693,0.5,4097,0.0001377143915435624,0.00024414961693049186,pure_two_phase,"[[87, 1.0], [313, 0.0]]",0.00024414961693049186,0.0002452827493433854,1.8600354427641734,1.8602916316943259,1.8516976447508886
213,example,45,4.0,0.01,400,64,0.1,0.0001,0.02,25600,0.000467316410674342,0.0004673789653582665,0.5,4097,0.00013384146177084944,0.0002691812859697898,pure_two_phase,"[[87, 1.0], [313, 0.0]]",0.0002691812859697898,0.0002702413476703587,1.7360657483699995,1.7362981370507324,1.7294872505164416
214,example,45,4.0,0.01,400,64,0.1,0.01,0.02,25600,0.0017721263014280045,0.0017731370993664466,0.5,1025,0.0005700619195229395,0.0017731370993664466,static,"[[400, 0.5]]",0.0027411425820399182,0.0027411425820399425,0.9994299380804771,1.0,0.6468605868896058
215,example,45,4.0,0.01,400,64,0.1,0.1,0.02,25600,0.013642564722404785,0.013643665590349883,0.5,1025,8.068710991251383e-05,0.013643665590349883,static,"[[400, 0.5]]",0.02484253322640169,0.02520388107630878,0.9999193128900875,1.0,0.5413319301516105
216,example,45,4.0,0.05,80,1,0.0,0.0,0.02,80,0.0025851828502816876,0.0025861367397425105,0.5,1025,0.00036884726401506106,0.0025861367397425105,static,"[[80, 0.5]]",0.003594885938095496,0.003594885938095548,0.9996311527359849,1.0,0.7193932670677613
217,example,45,4.0,0.05,80,1,0.0,0.0001,0.02,80,0.0025986750562997513,0.0025996290411495204,0.5,1025,0.0003669696078434805,0.0025996290411495204,static,"[[80, 0.5]]",0.0036196619047749387,0.003619661904774984,0.9996330303921566,1.0,0.7181966464105786
218,example,45,4.0,0.05,80,1,0.0,0.01,0.02,80,0.003934403452087656,0.003935366880443087,0.5,1025,0.0002448128433004039,0.003935366880443087,static,"[[80, 0.5]]",0.006072482606039611,0.00607248260603967,0.9997551871566996,1.0,0.6480655665491714
219,example,45,4.0,0.05,80,1,0.0,0.1,0.02,80,0.01607738886834135,0.016078438146748256,0.5,1025,6.525997098274574e-05,0.016078438146748256,static,"[[80, 0.5]]",0.027956145646597933,0.028370852617536746,0.9999347400290173,1.0,0.5667238261570526
220,example,45,4.0,0.05,80,1,0.1,0.0,0.02,80,0.0028182425876263264,0.0028191998789756046,0.5,1025,0.0003395613615115847,0.0028191998789756046,static,"[[80, 0.5]]",0.003796763849062877,0.0037967638490629223,0.9996604386384884,1.0,0.7425270548947652
221,example,45,4.0,0.05,80,1,0.1,0.0001,0.02,80,0.0028317347936443905,0.0028326921803826146,0.5,1025,0.0003379776824514727,0.0028326921803826146,static,"[[80, 0.5]]",0.0038215398157423197,0.003821539815742365,0.9996620223175485,1.0,0.7412436653711382
222,example,45,4.0,0.05,80,1,0.1,0.01,0.02,80,0.004167463189432295,0.004168430019676182,0.5,1025,0.0002319410999639577,0.004168430019676182,static,"[[80, 0.5]]",0.006274360517006992,0.0062743605170070445,0.9997680589000361,1.0,0.6643593412232837
223,example,45,4.0,0.05,80,1,0.1,0.1,0.02,80,0.01631044860568599,0.01631150128598135,0.5,1025,6.453607653296357e-05,0.01631150128598135,static,"[[80, 0.5]]",0.028160537181994044,0.02857273052850412,0.999935463923467,1.0,0.5708765310234881
224,example,45,4.0,0.05,80,8,0.0,0.0,0.02,640,0.0006480276697734403,0.0006480884623473286,0.5,4097,9.380289485194395e-05,0.0006116179452463968,pure_two_phase,"[[17, 1.0], [63, 0.0]]",0.0006116179452463968,0.000657474274463922,1.0595301769838938,1.0596295733053405,0.9857244420334983
225,example,45,4.0,0.05,80,8,0.0,0.0001,0.02,640,0.0006611997593817012,0.000661260558034847,0.5,4097,9.194356506978026e-05,0.0006366687508861449,pure_two_phase,"[[17, 1.0], [63, 0.0]]",0.0006366687508861449,0.0006821593670720306,1.0385302537016508,1.0386257486557555,0.9693637439490339
226,example,45,4.0,0.05,80,8,0.0,0.01,0.02,640,0.0019643155724723025,0.0019652980310987623,0.5,1025,0.0004999031245711459,0.0019652980310987623,static,"[[80, 0.5]]",0.003116698509220632,0.0031259835352739213,0.9995000968754288,1.0,0.6286974991781422
227,example,45,4.0,0.05,80,8,0.0,0.1,0.02,640,0.013819114145416967,0.013820184149861626,0.5,1025,7.742331310899942e-05,0.013820184149861626,static,"[[80, 0.5]]",0.025179522620695487,0.025342566882563953,0.999922576686891,1.0,0.5453348200244905
228,example,45,4.0,0.05,80,8,0.1,0.0,0.02,640,0.0006757506295648881,0.0006758114509590914,0.5,4097,8.999757863966088e-05,0.0006357320272011233,pure_two_phase,"[[17, 1.0], [63, 0.0]]",0.0006357320272011233,0.0006817053309441726,1.0629488536859641,1.0630445251192109,0.9913542116842212
229,example,45,4.0,0.05,80,8,0.1,0.0001,0.02,640,0.000688922719173149,0.0006889835466466097,0.5,4097,8.828581430828444e-05,0.0006607828328408713,pure_two_phase,"[[17, 1.0], [63, 0.0]]",0.0006607828328408713,0.0007063904235522882,1.0425856800959814,1.0426777337487665,0.97535799421212
230,example,45,4.0,0.05,80,8,0.1,0.01,0.02,640,0.0019920380999413033,0.001993021019710525,0.5,1025,0.000493180834271659,0.001993021019710525,static,"[[80, 0.5]]",0.0031408125911753654,0.003150214591754179,0.9995068191657284,1.0,0.6326619859254486
231,example,45,4.0,0.05,80,8,0.1,0.1,0.02,640,0.013846836672885967,0.013847907138473389,0.5,1025,7.730161509009378e-05,0.013847907138473389,static,"[[80, 0.5]]",0.02520395408318928,0.02536679793904421,0.9999226983849099,1.0,0.5459067861757549
232,example,45,4.0,0.05,80,64,0.0,0.0,0.02,5120,0.0004255382618216949,0.0004255991904827767,0.5,4097,0.00014315972032911826,0.0002488151417041201,pure_two_phase,"[[17, 1.0], [63, 0.0]]",0.0002488151417041201,0.00030966257121031043,1.7102587041415913,1.710503579355634,1.374396617645233
233,example,45,4.0,0.05,80,64,0.0,0.0001,0.02,5120,0.0004386732284801776,0.0004387341632341255,0.5,4097,0.0001388876432570326,0.00027385505142466654,pure_two_phase,"[[17, 1.0], [63, 0.0]]",0.00027385505142466654,0.00033433692626362935,1.6018445750702177,1.6020670823916308,1.312251590445554
234,example,45,4.0,0.05,80,64,0.0,0.01,0.02,5120,0.0017381118022456409,0.0017390964656173059,0.5,1025,0.0005661924977321341,0.0017390964656173059,static,"[[80, 0.5]]",0.0027528061137579163,0.002777098076541702,0.9994338075022678,1.0,0.6262279608730955
235,example,45,4.0,0.05,80,64,0.0,0.1,0.02,5120,0.013559499536175728,0.013560571941828036,0.5,1025,7.908262696503821e-05,0.013560571941828036,static,"[[80, 0.5]]",0.024845963525481476,0.02498401762452424,0.999920917373035,1.0,0.5427698677460513
236,example,45,4.0,0.05,80,64,0.1,0.0,0.02,5120,0.0004289826570671898,0.00042904358936701834,0.5,4097,0.00014201890283096013,0.00025181458863882816,pure_two_phase,"[[17, 1.0], [63, 0.0]]",0.00025181458863882816,0.0003126764840664653,1.7035655455310799,1.703807518405479,1.3721645573954229
237,example,45,4.0,0.05,80,64,0.1,0.0001,0.02,5120,0.00044211762372567247,0.00044217856211836715,0.5,4097,0.00013781399171126885,0.0002768544983593746,pure_two_phase,"[[17, 1.0], [63, 0.0]]",0.0002768544983593746,0.0003373508391197877,1.5969313352162908,1.5971514450322981,1.310737993929687
238,example,45,4.0,0.05,80,64,0.1,0.01,0.02,5120,0.0017415561429074303,0.0017425408645015475,0.5,1025,0.0005651067439379207,0.0017425408645015475,static,"[[80, 0.5]]",0.0027558055606926243,0.0027801119893978536,0.999434893256062,1.0,0.6267880111113674
239,example,45,4.0,0.05,80,64,0.1,0.1,0.02,5120,0.013562943876837515,0.013564016340712276,0.5,1025,7.906683741909542e-05,0.013564016340712276,static,"[[80, 0.5]]",0.02484899046847434,0.024987031537380387,0.9999209331625809,1.0,0.542842246803932
240,example,45,8.0,0.01,800,1,0.0,0.0,0.02,800,9.991664425119412e-05,9.998367389116736e-05,0.5,4097,0.0006704058509212419,9.998367389116736e-05,static,"[[800, 0.5]]",0.0005158355332792186,0.0005158518174700408,0.9993295941490787,1.0,0.1938224709210686
241,example,45,8.0,0.01,800,1,0.0,0.0001,0.02,800,0.00010342105438684354,0.00010348809072978078,0.5,4097,0.0006477686704287804,0.00010348809072978078,static,"[[800, 0.5]]",0.0005370367617030629,0.0005371151463587319,0.9993522313295712,1.0,0.19267393859837736
242,example,45,8.0,0.01,800,1,0.0,0.01,0.02,800,0.0004503576578161551,0.0004504253577525281,0.5,4097,0.00015030223145249156,0.0004504253577525281,static,"[[800, 0.5]]",0.0026349431203919436,0.0026421847063371057,0.9998496977685475,1.0,0.17047459122453196
243,example,45,8.0,0.01,800,1,0.0,0.1,0.02,800,0.0036032207790849657,0.0036044005125047615,0.5,1025,0.00032730364333901995,0.0036044005125047615,static,"[[800, 0.5]]",0.021384238998712193,0.021779180706140558,0.999672696356661,1.0,0.16549752541832366
244,example,45,8.0,0.01,800,1,0.1,0.0,0.02,800,0.0001488886820880222,0.00014895581603938785,0.5,4097,0.0004506970801858284,0.00014895581603938785,static,"[[800, 0.5]]",0.0005557434602037024,0.0005557434602034665,0.9995493029198141,1.0,0.26802981358494576
245,example,45,8.0,0.01,800,1,0.1,0.0001,0.02,800,0.00015239309222367164,0.00015246023287800127,0.5,4097,0.00044038142315676136,0.00015246023287800127,static,"[[800, 0.5]]",0.0005769599793580063,0.0005770067890921542,0.9995596185768433,1.0,0.2642260641644751
246,example,45,8.0,0.01,800,1,0.1,0.01,0.02,800,0.0004993296956529832,0.0004993974999007486,0.5,4097,0.00013577210093930424,0.0004993974999007486,static,"[[800, 0.5]]",0.002674897291835291,0.0026820763490705314,0.9998642278990607,1.0,0.1861980924121768
247,example,45,8.0,0.01,800,1,0.1,0.1,0.02,800,0.0036521912522330838,0.003653372654652982,0.5,1025,0.000323373094281474,0.003653372654652982,static,"[[800, 0.5]]",0.021424495999619753,0.021819072348873987,0.9996766269057186,1.0,0.16743941246620053
248,example,45,8.0,0.01,800,8,0.0,0.0,0.02,6400,1.265042975371573e-05,1.265456547774272e-05,0.5,16385,0.0003268167551279417,1.265456547774272e-05,static,"[[800, 0.5]]",6.423898404578354e-05,6.42389840459813e-05,0.9996731832448721,1.0,0.1969919927233714
249,example,45,8.0,0.01,800,8,0.0,0.0001,0.02,6400,1.6132291843956114e-05,1.6136427981555505e-05,0.5,16385,0.00025632299813313015,1.6136427981555505e-05,static,"[[800, 0.5]]",8.54885640833615e-05,8.548856408355579e-05,0.9997436770018668,1.0,0.18875539850902046
250,example,45,8.0,0.01,800,8,0.0,0.01,0.02,6400,0.000360773982364224,0.00036084081585900174,0.5,4097,0.00018521600617342094,0.00036084081585900174,static,"[[800, 0.5]]",0.002186800124771994,0.002189196987802868,0.9998147839938266,1.0,0.16482793365303797
251,example,45,8.0,0.01,800,8,0.0,0.1,0.02,6400,0.0034933524236449662,0.003494517069290327,0.5,1025,0.00033327799586257485,0.003494517069290327,static,"[[800, 0.5]]",0.02096817336437153,0.02131381902161475,0.9996667220041374,1.0,0.16395546315498272
252,example,45,8.0,0.01,800,8,0.1,0.0,0.02,6400,1.87081531557771e-05,1.871228968131815e-05,0.5,16385,0.00022105929373146063,1.871228968131815e-05,static,"[[800, 0.5]]",6.918750642641996e-05,6.918750642661425e-05,0.9997789407062685,1.0,0.2704576396486537
253,example,45,8.0,0.01,800,8,0.1,0.0001,0.02,6400,2.219001524601748e-05,2.2194152185130937e-05,0.5,16385,0.0001863977086823497,2.2194152185130937e-05,static,"[[800, 0.5]]",9.043708646399792e-05,9.043708646418874e-05,0.9998136022913177,1.0,0.24540985399744575
254,example,45,8.0,0.01,800,8,0.1,0.01,0.02,6400,0.0003668316937435393,0.0003668985400625772,0.5,4097,0.000182192927304813,0.0003668985400625772,static,"[[800, 0.5]]",0.002191752528123536,0.0021941455101834977,0.9998178070726952,1.0,0.16721705026386022
255,example,45,8.0,0.01,800,8,0.1,0.1,0.02,6400,0.0034994099426564913,0.0035005747934939027,0.5,1025,0.00033275987691405923,0.0035005747934939027,static,"[[800, 0.5]]",0.020973163692837225,0.02131876754399538,0.9996672401230859,1.0,0.16420155556693383
256,example,45,8.0,0.01,800,64,0.0,0.0,0.02,51200,1.9287288924598195e-06,1.9289869572336037e-06,0.5,65537,0.00013378253949126163,1.9289869572336037e-06,static,"[[800, 0.5]]",8.320246104261131e-06,8.320246104222967e-06,0.9998662174605087,1.0,0.23184253603442576
257,example,45,8.0,0.01,800,64,0.0,0.0001,0.02,51200,5.403951337056834e-06,5.4080807891485234e-06,0.5,16385,0.0007635707106993851,5.4080807891485234e-06,static,"[[800, 0.5]]",2.9568121542082604e-05,2.956812154204097e-05,0.9992364292893006,1.0,0.18290241337986685
258,example,45,8.0,0.01,800,64,0.0,0.01,0.02,51200,0.0003497716446622623,0.00034983837014860024,0.5,4097,0.00019073232678739306,0.00034983837014860024,static,"[[800, 0.5]]",0.002131190832030949,0.0021331077898850866,0.9998092676732127,1.0,0.16400407509057313
259,example,45,8.0,0.01,800,64,0.0,0.1,0.02,51200,0.00347986005405969,0.003481022818870888,0.5,1025,0.00033402964349867005,0.003481022818870888,static,"[[800, 0.5]]",0.020916492119306882,0.021256195683912713,0.9996659703565013,1.0,0.1637650909238394
260,example,45,8.0,0.01,800,64,0.1,0.0,0.02,51200,2.684958287254332e-06,2.685216358277098e-06,0.5,65537,9.610809273170627e-05,2.685216358277098e-06,static,"[[800, 0.5]]",8.93822420467566e-06,8.938224204640965e-06,0.9999038919072682,1.0,0.3004194453841135
261,example,45,8.0,0.01,800,64,0.1,0.0001,0.02,51200,6.1601806381165595e-06,6.164310190192018e-06,0.5,16385,0.000669913088090306,6.164310190192018e-06,static,"[[800, 0.5]]",3.0186099642497133e-05,3.018609964245897e-05,0.9993300869119097,1.0,0.20421022467975497
262,example,45,8.0,0.01,800,64,0.1,0.01,0.02,51200,0.0003505278724635607,0.00035059459954964373,0.5,4097,0.00019032548182071847,0.00035059459954964373,static,"[[800, 0.5]]",0.002131809294232425,0.0021337257679855046,0.9998096745181793,1.0,0.1643109929166987
263,example,45,8.0,0.01,800,64,0.1,0.1,0.02,51200,0.003480616257864301,0.0034817790482719315,0.5,1025,0.00033396444504651073,0.0034817790482719315,static,"[[800, 0.5]]",0.020917115311500478,0.021256813662013135,0.9996660355549535,1.0,0.16379590580379524
264,example,45,8.0,0.05,160,1,0.0,0.0,0.02,160,0.0005443780497732811,0.0005444471143905253,0.5,4097,0.0001268527565280392,0.0005444471143905253,static,"[[160, 0.5]]",0.0028068113997718226,0.00280681139977184,0.999873147243472,1.0,0.19397352969094478
265,example,45,8.0,0.05,160,1,0.0,0.0001,0.02,160,0.0005479657797211783,0.0005480348512448842,0.5,4097,0.00012603491100795245,0.0005480348512448842,static,"[[160, 0.5]]",0.0028278992035188945,0.0028278992035189188,0.9998739650889921,1.0,0.19379575147619574
266,example,45,8.0,0.05,160,1,0.0,0.01,0.02,160,0.0009031510445629151,0.0009032207998263318,0.5,4097,7.722946972668153e-05,0.0009032207998263318,static,"[[160, 0.5]]",0.004915591774479089,0.004915591774479103,0.9999227705302733,1.0,0.1837460963531791
267,example,45,8.0,0.05,160,1,0.0,0.1,0.02,160,0.004130968420114689,0.004132183968748587,0.5,1025,0.0002941661463019778,0.004132183968748587,static,"[[160, 0.5]]",0.02348977486005785,0.02389461514684442,0.999705833853698,1.0,0.17293369001150424
268,example,45,8.0,0.05,160,1,0.1,0.0,0.02,160,0.0008046809044037315,0.0008047505190947523,0.5,4097,8.650468607234813e-05,0.0008047505190947523,static,"[[160, 0.5]]",0.0030180223999572466,0.0030180223999572535,0.9999134953139277,1.0,0.26664829230762194
269,example,45,8.0,0.05,160,1,0.1,0.0001,0.02,160,0.0008082686343516287,0.0008083382559491113,0.5,4097,8.612928680560231e-05,0.0008083382559491113,static,"[[160, 0.5]]",0.0030391102037043184,0.0030391102037043358,0.9999138707131944,1.0,0.2659785929986472
270,example,45,8.0,0.05,160,1,0.1,0.01,0.02,160,0.0011623993086019003,0.001163524204530559,0.5,1025,0.0009668006254433773,0.001163524204530559,static,"[[160, 0.5]]",0.005126802774664513,0.00512680277466452,0.9990331993745566,1.0,0.22694928119342292
271,example,45,8.0,0.05,160,1,0.1,0.1,0.02,160,0.004391263023545018,0.004392487373452813,0.5,1025,0.0002787372628992236,0.004392487373452813,static,"[[160, 0.5]]",0.02370316884906551,0.024105826147029843,0.9997212627371008,1.0,0.18221683615659967
272,example,45,8.0,0.05,160,8,0.0,0.0,0.02,1280,6.289520338350226e-05,6.28992574575602e-05,0.5,16385,6.445344860674947e-05,6.28992574575602e-05,static,"[[160, 0.5]]",0.0003467174144776049,0.0003766470388120967,0.9999355465513933,1.0,0.16699788124164613
273,example,45,8.0,0.05,160,8,0.0,0.0001,0.02,1280,6.629826116216243e-05,6.636313363156637e-05,0.5,4097,0.0009775377661352751,6.636313363156637e-05,static,"[[160, 0.5]]",0.0003680458359834292,0.0003976615937846019,0.9990224622338647,1.0,0.16688343724617458
274,example,45,8.0,0.05,160,8,0.0,0.01,0.02,1280,0.0004092213602155164,0.00040928687485815014,0.5,4097,0.0001600702261865549,0.00040928687485815014,static,"[[160, 0.5]]",0.0024781025360612677,0.0024781025360613405,0.9998399297738134,1.0,0.16516139623046616
275,example,45,8.0,0.05,160,8,0.0,0.1,0.02,1280,0.003525633725446394,0.0035267754314634607,0.5,1025,0.0003237251816151904,0.0035267754314634607,static,"[[160, 0.5]]",0.021226406786297083,0.02139120201130455,0.9996762748183848,1.0,0.16487037192204887
276,example,45,8.0,0.05,160,8,0.1,0.0,0.02,1280,9.36491339479716e-05,9.371406295768329e-05,0.5,4097,0.0006928416895232856,9.371406295768329e-05,static,"[[160, 0.5]]",0.00037198343871720774,0.00040201375773120385,0.9993071583104767,1.0,0.23311158176915622
277,example,45,8.0,0.05,160,8,0.1,0.0001,0.02,1280,9.711300363537948e-05,9.717793913168946e-05,0.5,4097,0.0006682123215432963,9.717793913168946e-05,static,"[[160, 0.5]]",0.00039331186022303205,0.00042302831270370905,0.9993317876784567,1.0,0.22971970483628912
278,example,45,8.0,0.05,160,8,0.1,0.01,0.02,1280,0.0004400361026887335,0.0004401016803582732,0.5,4097,0.00014900572405531745,0.0004401016803582732,static,"[[160, 0.5]]",0.0025034692549803818,0.0025034692549804546,0.9998509942759447,1.0,0.1757967186865689
279,example,45,8.0,0.05,160,8,0.1,0.1,0.02,1280,0.003556447522462627,0.0035575902369635835,0.5,1025,0.0003212046427055518,0.0035575902369635835,static,"[[160, 0.5]]",0.021251946653777328,0.021416568730223653,0.9996787953572944,1.0,0.16611392243907933
280,example,45,8.0,0.05,160,64,0.0,0.0,0.02,10240,8.052821175841246e-06,8.056842856976913e-06,0.5,16385,0.0004991634076845123,8.056842856976913e-06,static,"[[160, 0.5]]",4.4844093055107503e-05,8.782102592843136e-05,0.9995008365923155,1.0,0.09174161622232398
281,example,45,8.0,0.05,160,64,0.0,0.0001,0.02,10240,1.1502601499893336e-05,1.1506623583197118e-05,0.5,16385,0.00034954504896249485,1.1506623583197118e-05,static,"[[160, 0.5]]",6.616353133419295e-05,0.00010882681412515902,0.9996504549510375,1.0,0.10573334959492277
282,example,45,8.0,0.05,160,64,0.0,0.01,0.02,10240,0.0003529699242222078,0.0003530349154789911,0.5,4097,0.00018409300024945234,0.0003530349154789911,static,"[[160, 0.5]]",0.0021767879209629894,0.0021883998456004583,0.9998159069997505,1.0,0.1613210292391172
283,example,45,8.0,0.05,160,64,0.0,0.1,0.02,10240,0.003456704977609083,0.003457837569077112,0.5,1025,0.0003275432825871468,0.003457837569077112,static,"[[160, 0.5]]",0.020955857473399172,0.02109360922264873,0.9996724567174129,1.0,0.16392820842458514
284,example,45,8.0,0.05,160,64,0.1,0.0,0.02,10240,1.187920753197745e-05,1.188322970046814e-05,0.5,16385,0.0003384743535279275,1.188322970046814e-05,static,"[[160, 0.5]]",4.7987082660391756e-05,9.0976464400018e-05,0.999661525646472,1.0,0.130618724071517
285,example,45,8.0,0.05,160,64,0.1,0.0001,0.02,10240,1.532898785602954e-05,1.5333010426688345e-05,0.5,16385,0.0002623470895058304,1.5333010426688345e-05,static,"[[160, 0.5]]",6.93065209394772e-05,0.00011198225259674913,0.9997376529104942,1.0,0.13692357557677373
286,example,45,8.0,0.05,160,64,0.1,0.01,0.02,10240,0.0003567963032679212,0.00035686130232248235,0.5,4097,0.00018214094422161104,0.00035686130232248235,static,"[[160, 0.5]]",0.0021799309105682736,0.002191555284072052,0.9998178590557784,1.0,0.16283472514524522
287,example,45,8.0,0.05,160,64,0.1,0.1,0.02,10240,0.0034605312396808995,0.0034616639559206033,0.5,1025,0.00032721727300148533,0.0034616639559206033,static,"[[160, 0.5]]",0.020959034297233795,0.021096764661120326,0.9996727827269986,1.0,0.1640850628769717
288,example,65,1.0,0.01,100,1,0.0,0.0,0.02,100,0.11762791848330682,0.11762812516009116,0.5,1025,1.757035437385516e-06,0.1152945978463421,pure_two_phase,"[[47, 1.0], [53, 0.0]]",0.1152945978463421,nan,1.0202379008257996,1.0202396934230955,nan
289,example,65,1.0,0.01,100,1,0.0,0.0001,0.02,100,0.11765503000454036,0.11765523670199238,0.5,1025,1.7568062230748357e-06,0.11532207216053007,pure_two_phase,"[[47, 1.0], [53, 0.0]]",0.11532207216053007,nan,1.020229933440346,1.0202317257897908,nan
290,example,65,1.0,0.01,100,1,0.0,0.01,0.02,100,0.12033907060665831,0.12033927935021049,0.5,1025,1.7346252471083703e-06,0.11804202926513685,pure_two_phase,"[[47, 1.0], [53, 0.0]]",0.11804202926513685,nan,1.0194595209504747,1.0194612893337656,nan
291,example,65,1.0,0.01,100,1,0.0,0.1,0.02,100,0.14473943971682185,0.1447396670612846,0.5,1025,1.5707129038727666e-06,0.1427627110594103,pure_two_phase,"[[48, 1.0], [52, 0.0]]",0.1427627110594103,nan,1.0138462532880097,1.0138478457519038,nan
292,example,65,1.0,0.01,100,1,0.1,0.0,0.02,100,0.11765895231437382,0.1176591590309154,0.5,1025,1.756909902138183e-06,0.11532556549600485,pure_two_phase,"[[47, 1.0], [53, 0.0]]",0.11532556549600485,nan,1.0202330403352742,1.0202348327959543,nan
293,example,65,1.0,0.01,100,1,0.1,0.0001,0.02,100,0.11768606383560735,0.11768627057281661,0.5,1025,1.7566807771910401e-06,0.11535303981019282,pure_two_phase,"[[47, 1.0], [53, 0.0]]",0.11535303981019282,nan,1.0202250762463945,1.0202268684593228,nan
294,example,65,1.0,0.01,100,1,0.1,0.01,0.02,100,0.12037010443772533,0.12037031322103475,0.5,1025,1.7345083171419763e-06,0.11807299691479958,pure_two_phase,"[[47, 1.0], [53, 0.0]]",0.11807299691479958,nan,1.0194549777082673,1.0194567459644723,nan
295,example,65,1.0,0.01,100,1,0.1,0.1,0.02,100,0.1447704735478888,0.1447707009321088,0.5,1025,1.5706508191535688e-06,0.14279369340526182,pure_two_phase,"[[48, 1.0], [52, 0.0]]",0.14279369340526182,nan,1.01384360958447,1.0138452019812672,nan
296,example,65,1.0,0.01,100,8,0.0,0.0,0.02,800,0.11549601447655693,0.11549622414906639,0.5,1025,1.815405750366185e-06,0.11341241671622937,pure_two_phase,"[[47, 1.0], [53, 0.0]]",0.11341241671622937,nan,1.018371866332246,1.0183737150937444,nan
297,example,65,1.0,0.01,100,8,0.0,0.0001,0.02,800,0.11552297752327924,0.11552318721675595,0.5,1025,1.8151635334833788e-06,0.1134397804959118,pure_two_phase,"[[47, 1.0], [53, 0.0]]",0.1134397804959118,nan,1.0183639021360986,1.018365750636473,nan
298,example,65,1.0,0.01,100,8,0.0,0.01,0.02,800,0.11819231914878703,0.11819253091802158,0.5,1025,1.791731109454804e-06,0.11614879468447376,pure_two_phase,"[[47, 1.0], [53, 0.0]]",0.11614879468447376,nan,1.0175940221322541,1.0175958453903873,nan
299,example,65,1.0,0.01,100,8,0.0,0.1,0.02,800,0.14245906119885804,0.14245929183861844,0.5,1025,1.6189871325666079e-06,0.14077138503675274,pure_two_phase,"[[48, 1.0], [52, 0.0]]",0.14077138503675274,nan,1.0119887728721622,1.0119904112716163,nan
300,example,65,1.0,0.01,100,8,0.1,0.0,0.02,800,0.11549987443192307,0.11550008410947074,0.5,1025,1.8153887011288108e-06,0.1134162717595621,pure_two_phase,"[[47, 1.0], [53, 0.0]]",0.1134162717595621,nan,1.018371285178357,1.018373133921438,nan
301,example,65,1.0,0.01,100,8,0.1,0.0001,0.02,800,0.11552683747864538,0.11552704717716031,0.5,1025,1.815146496438172e-06,0.11344363553924454,pure_two_phase,"[[47, 1.0], [53, 0.0]]",0.11344363553924454,nan,1.0183633213930294,1.0183651698749996,nan
302,example,65,1.0,0.01,100,8,0.1,0.01,0.02,800,0.11819617910415316,0.11819639087842593,0.5,1025,1.7917152224105174e-06,0.11615264972780648,pure_two_phase,"[[47, 1.0], [53, 0.0]]",0.11615264972780648,nan,1.0175934804856843,1.01759530372668,nan
303,example,65,1.0,0.01,100,8,0.1,0.1,0.02,800,0.14246292115422418,0.1424631517990228,0.5,1025,1.6189786320780938e-06,0.1407752419160384,pure_two_phase,"[[48, 1.0], [52, 0.0]]",0.1407752419160384,nan,1.011988466261648,1.0119901046520035,nan
304,example,65,1.0,0.01,100,64,0.0,0.0,0.02,6400,0.11523132035826346,0.11523153040435663,0.5,1025,1.8228178731495262e-06,0.11317846137116251,pure_two_phase,"[[47, 1.0], [53, 0.0]]",0.11317846137116251,nan,1.018138247880652,1.0181401037646305,nan
305,example,65,1.0,0.01,100,64,0.0,0.0001,0.02,6400,0.11525826496863063,0.11525847503572842,0.5,1025,1.8225739818354427e-06,0.11320581140919195,pure_two_phase,"[[47, 1.0], [53, 0.0]]",0.11320581140919195,nan,1.0181302844252396,1.018132140046388,nan
306,example,65,1.0,0.01,100,64,0.0,0.01,0.02,6400,0.11792578139498128,0.11792599354153538,0.5,1025,1.7989804260322025e-06,0.11591346517410316,pure_two_phase,"[[47, 1.0], [53, 0.0]]",0.11591346517410316,nan,1.017360504388818,1.0173623346037441,nan
307,example,65,1.0,0.01,100,64,0.0,0.1,0.02,6400,0.1421759307254418,0.14217616177614428,0.5,1025,1.6251015613361276e-06,0.14052386332260028,pure_two_phase,"[[48, 1.0], [52, 0.0]]",0.14052386332260028,nan,1.0117564900635336,1.0117581342732573,nan
308,example,65,1.0,0.01,100,64,0.1,0.0,0.02,6400,0.11523180255273932,0.11523201259946335,0.5,1025,1.8228157201247275e-06,0.11317894300383685,pure_two_phase,"[[47, 1.0], [53, 0.0]]",0.11317894300383685,nan,1.0181381756572234,1.0181400315388782,nan
309,example,65,1.0,0.01,100,64,0.1,0.0001,0.02,6400,0.11525874716310652,0.11525895723083515,0.5,1025,1.8225718302139004e-06,0.11320629304186627,pure_two_phase,"[[47, 1.0], [53, 0.0]]",0.11320629304186627,nan,1.0181302122531404,1.0181320678719668,nan
310,example,65,1.0,0.01,100,64,0.1,0.01,0.02,6400,0.11792626358945715,0.11792647573664211,0.5,1025,1.7989784196712145e-06,0.1159139468067775,pure_two_phase,"[[47, 1.0], [53, 0.0]]",0.1159139468067775,nan,1.017360437101103,1.017362267313867,nan
311,example,65,1.0,0.01,100,64,0.1,0.1,0.02,6400,0.14217641291991767,0.14217664397125102,0.5,1025,1.625100486901267e-06,0.14052434518475054,pure_two_phase,"[[48, 1.0], [52, 0.0]]",0.14052434518475054,nan,1.0117564521150775,1.0117580963236523,nan
312,example,65,1.0,0.05,20,1,0.0,0.0,0.02,20,0.12563704988357124,0.1256372378509279,0.5,1025,1.4961118205643682e-06,0.12135781263897029,pure_two_phase,"[[9, 1.0], [11, 0.0]]",0.12135781263897029,nan,1.035261324768034,1.0352628736370566,nan
313,example,65,1.0,0.05,20,1,0.0,0.0001,0.02,20,0.125664783624768,0.12566497161092136,0.5,1025,1.495931212621846e-06,0.12138561504225033,pure_two_phase,"[[9, 1.0], [11, 0.0]]",0.12138561504225033,nan,1.0352526827913524,1.0352542314604702,nan
314,example,65,1.0,0.05,20,1,0.0,0.01,0.02,20,0.12841042400324382,0.12841061385027402,0.5,1025,1.4784372141455874e-06,0.12413805296697522,pure_two_phase,"[[9, 1.0], [11, 0.0]]",0.12413805296697522,nan,1.0344162884317607,1.0344178177535575,nan
315,example,65,1.0,0.05,20,1,0.0,0.1,0.02,20,0.15337079108029655,0.15337099784438887,0.5,1025,1.3481303194595692e-06,0.14910881481046798,pure_two_phase,"[[10, 1.0], [10, 0.0]]",0.14910881481046798,nan,1.0285829934014696,1.0285843800672587,nan
316,example,65,1.0,0.05,20,1,0.1,0.0,0.02,20,0.12579856582123072,0.1257987539593527,0.5,1025,1.4955483742801825e-06,0.12152029145390714,pure_two_phase,"[[9, 1.0], [11, 0.0]]",0.12152029145390714,nan,1.0352062549894916,1.0352078031928387,nan
317,example,65,1.0,0.05,20,1,0.1,0.0001,0.02,20,0.12582629956242744,0.12582648771934615,0.5,1025,1.4953681225848418e-06,0.12154809385718719,pure_two_phase,"[[9, 1.0], [11, 0.0]]",0.12154809385718719,nan,1.0351976371613603,1.0351991851652225,nan
318,example,65,1.0,0.05,20,1,0.1,0.01,0.02,20,0.12857193994090327,0.12857212995869882,0.5,1025,1.4779081253057808e-06,0.12430053178191207,pure_two_phase,"[[9, 1.0], [11, 0.0]]",0.12430053178191207,nan,1.0343635549885295,1.0343650836850913,nan
319,example,65,1.0,0.05,20,1,0.1,0.1,0.02,20,0.153532307017956,0.15353251395281364,0.5,1025,1.3478243292618794e-06,0.14927167823842766,pure_two_phase,"[[10, 1.0], [10, 0.0]]",0.14927167823842766,nan,1.028542780719079,1.028544167015931,nan
320,example,65,1.0,0.05,20,8,0.0,0.0,0.02,160,0.11425349441209555,0.11425369774858515,0.5,1025,1.7796928555580375e-06,0.11111017421412105,pure_two_phase,"[[9, 1.0], [11, 0.0]]",0.11111017421412105,nan,1.0282901203261277,1.0282919503699652,nan
321,example,65,1.0,0.05,20,8,0.0,0.0001,0.02,160,0.1142804412824568,0.11428064463928006,0.5,1025,1.779451138883205e-06,0.11113737879976182,pure_two_phase,"[[9, 1.0], [11, 0.0]]",0.11113737879976182,nan,1.0282808764849303,1.0282827062637632,nan
322,example,65,1.0,0.05,20,8,0.0,0.01,0.02,160,0.11694818144822071,0.1169483868180752,0.5,1025,1.7560725725686639e-06,0.11383063277819724,pure_two_phase,"[[9, 1.0], [11, 0.0]]",0.11383063277819724,nan,1.0273876073068846,1.0273894114772515,nan
323,example,65,1.0,0.05,20,8,0.0,0.1,0.02,160,0.1412003647733473,0.14120058844348585,0.5,1025,1.5840595355516178e-06,0.13830146941653215,pure_two_phase,"[[10, 1.0], [10, 0.0]]",0.13830146941653215,nan,1.0209606981693329,1.020962315434424,nan
324,example,65,1.0,0.05,20,8,0.1,0.0,0.02,160,0.11427318735916484,0.11427339071854684,0.5,1025,1.779586487473944e-06,0.11113007311165377,pure_two_phase,"[[9, 1.0], [11, 0.0]]",0.11113007311165377,nan,1.0282832014728644,1.0282850313950116,nan
325,example,65,1.0,0.05,20,8,0.1,0.0001,0.02,160,0.1143001342295261,0.11430033760924176,0.5,1025,1.779344837521647e-06,0.11115727769729455,pure_two_phase,"[[9, 1.0], [11, 0.0]]",0.11115727769729455,nan,1.028273960979777,1.0282757906369966,nan
326,example,65,1.0,0.05,20,8,0.1,0.01,0.02,160,0.11696787439529,0.11696807978803689,0.5,1025,1.7559726317289802e-06,0.11385053167572995,pure_two_phase,"[[9, 1.0], [11, 0.0]]",0.11385053167572995,nan,1.027381011521658,1.0273828155777645,nan
327,example,65,1.0,0.05,20,8,0.1,0.1,0.02,160,0.14122005772041657,0.14122028141344753,0.5,1025,1.5840007449403946e-06,0.13832141636844142,pure_two_phase,"[[10, 1.0], [10, 0.0]]",0.13832141636844142,nan,1.0209558391468039,1.0209574563441752,nan
328,example,65,1.0,0.05,20,64,0.0,0.0,0.02,1280,0.11287842316357388,0.1128786284046288,0.5,1025,1.8182454714062187e-06,0.1098647456935507,pure_two_phase,"[[9, 1.0], [11, 0.0]]",0.1098647456935507,nan,1.0274307963942257,1.0274326645190153,nan
329,example,65,1.0,0.05,20,64,0.0,0.0001,0.02,1280,0.11290527490081949,0.11290548016239851,0.5,1025,1.8179948283308408e-06,0.10989187759036977,pure_two_phase,"[[9, 1.0], [11, 0.0]]",0.10989187759036977,nan,1.0274214744212706,1.0274233422715933,nan
330,example,65,1.0,0.05,20,64,0.0,0.01,0.02,1280,0.11556359688813377,0.11556380418159923,0.5,1025,1.7937577161841056e-06,0.11257793537545614,pure_two_phase,"[[9, 1.0], [11, 0.0]]",0.11257793537545614,nan,1.0265208408976432,1.0265226822306253,nan
331,example,65,1.0,0.05,20,64,0.0,0.1,0.02,1280,0.13973016040917277,0.13973038617433317,0.5,1025,1.6157198629521812e-06,0.13698025195500144,mixed_two_phase,"[[10, 0.02144772843473136], [10, 1.0]]",0.13698836075655108,nan,1.0200752182517134,1.020076866410168,nan
332,example,65,1.0,0.05,20,64,0.1,0.0,0.02,1280,0.11288087717162691,0.11288108241556791,0.5,1025,1.8182315105725748e-06,0.10986722674283346,pure_two_phase,"[[9, 1.0], [11, 0.0]]",0.10986722674283346,nan,1.0274299308186554,1.0274317989275272,nan
333,example,65,1.0,0.05,20,64,0.1,0.0001,0.02,1280,0.11290772890887253,0.11290793417333764,0.5,1025,1.8179808762649929e-06,0.10989435863965252,pure_two_phase,"[[9, 1.0], [11, 0.0]]",0.10989435863965252,nan,1.0274206092698621,1.0274224771042773,nan
334,example,65,1.0,0.05,20,64,0.1,0.01,0.02,1280,0.11556605089618681,0.11556625819253835,0.5,1025,1.7937445997189912e-06,0.1125804164247389,pure_two_phase,"[[9, 1.0], [11, 0.0]]",0.1125804164247389,nan,1.0265200162360728,1.0265218575541113,nan
335,example,65,1.0,0.05,20,64,0.1,0.1,0.02,1280,0.13973261441722581,0.1397328401852723,0.5,1025,1.6157121416895692e-06,0.13698273757714297,mixed_two_phase,"[[10, 0.02144772843473136], [10, 1.0]]",0.13699084781116927,nan,1.0200746231877154,1.0200762713373324,nan
336,example,65,4.0,0.01,400,1,0.0,0.0,0.02,400,0.0017864144799275522,0.0017869489399260727,0.5,1025,0.000299090805886526,0.0011691648780059408,pure_two_phase,"[[120, 1.0], [280, 0.0]]",0.0011691648780059408,0.0011707657617352277,1.5279405954909937,1.5283977251983383,1.5263078220510833
337,example,65,4.0,0.01,400,1,0.0,0.0001,0.02,400,0.0017906939563740011,0.0017912284698185215,0.5,1025,0.0002984060679732902,0.0011800190435062967,pure_two_phase,"[[120, 1.0], [280, 0.0]]",0.0011800190435062967,0.0011815591013059484,1.5175127606865997,1.5179657308716674,1.5159871967798482
338,example,65,4.0,0.01,400,1,0.0,0.01,0.02,400,0.0022143621245724887,0.0022149019291709945,0.5,1025,0.00024371489834217598,0.0021042180978702372,mixed_two_phase,"[[200, 0.28668751125920877], [200, 0.875]]",0.002250099718806785,0.002250099718806591,1.052344396625869,1.0526009311548004,0.9843572312189504
339,example,65,4.0,0.01,400,1,0.0,0.1,0.02,400,0.006065890926376922,0.006066478832375295,0.5,1025,9.691058266534779e-05,0.006066478832375295,static,"[[400, 0.5]]",0.011641961697823208,0.011964105332448806,0.9999030894173346,1.0,0.5070566217702809
340,example,65,4.0,0.01,400,1,0.1,0.0,0.02,400,0.0018349192065275123,0.0018354541649539475,0.5,1025,0.0002914583412921099,0.0012143467352570513,pure_two_phase,"[[120, 1.0], [280, 0.0]]",0.0012143467352570513,0.0012159784999895753,1.5110340014535462,1.5114745333139312,1.509446231960255
341,example,65,4.0,0.01,400,1,0.1,0.0001,0.02,400,0.0018391986829739612,0.0018397336948463962,0.5,1025,0.0002908094111303634,0.001225200900757407,pure_two_phase,"[[120, 1.0], [280, 0.0]]",0.001225200900757407,0.001226771839560296,1.5011404920099118,1.5015771647809686,1.4996543248871772
342,example,65,4.0,0.01,400,1,0.1,0.01,0.02,400,0.002262866851172449,0.0022634071541988692,0.5,1025,0.0002387122552908211,0.0021518917623942276,mixed_two_phase,"[[200, 0.28668751125920877], [200, 0.875]]",0.0022953124570611327,0.0022953124570609315,1.0515709436308958,1.0518220264389915,0.9860997997183721
343,example,65,4.0,0.01,400,1,0.1,0.1,0.02,400,0.0061143956529768825,0.006114984057403169,0.5,1025,9.622337863244689e-05,0.006114984057403169,static,"[[400, 0.5]]",0.011687496690456562,0.012009318070703153,0.9999037766213675,1.0,0.5091866183743382
344,example,65,4.0,0.01,400,8,0.0,0.0,0.02,3200,0.0014544568859812135,0.001454986126841985,0.5,1025,0.00036374289143231784,0.0006157043124072562,pure_two_phase,"[[119, 1.0], [281, 0.0]]",0.0006157043124072562,0.0006251723654815584,2.3622652248359866,2.363124794681619,2.327335959133825
345,example,65,4.0,0.01,400,8,0.0,0.0001,0.02,3200,0.0014586798623967756,0.001459209156181633,0.5,1025,0.00036272646907079177,0.0006265892090387085,pure_two_phase,"[[119, 1.0], [281, 0.0]]",0.0006265892090387085,0.0006359350916814339,2.327968374422904,2.3288130965745504,2.2945881981814127
346,example,65,4.0,0.01,400,8,0.0,0.01,0.02,3200,0.0018767545275371663,0.0018772890608065454,0.5,1025,0.0002847367944228438,0.0017004223370166924,pure_two_phase,"[[120, 1.0], [280, 0.0]]",0.0017004223370166924,0.0017014449854686042,1.103699055629815,1.104013408868856,1.1033498448905248
347,example,65,4.0,0.01,400,8,0.0,0.1,0.02,3200,0.005677433301540725,0.005678015466487573,0.5,1025,0.00010252965147498654,0.005678015466487573,static,"[[400, 0.5]]",0.011127000593691084,0.01138789856535194,0.999897470348525,1.0,0.498600811545962
348,example,65,4.0,0.01,400,8,0.1,0.0,0.02,3200,0.0014604590503999675,0.001460988352597217,0.5,1025,0.00036229049759942513,0.0006213039239680793,pure_two_phase,"[[119, 1.0], [281, 0.0]]",0.0006213039239680793,0.0006307796124940153,2.350635484599002,2.3514874061414717,2.316162925464048
349,example,65,4.0,0.01,400,8,0.1,0.0001,0.02,3200,0.0014646820268155295,0.001465211381936865,0.5,1025,0.00036128242508993844,0.0006321888205995316,pure_two_phase,"[[119, 1.0], [281, 0.0]]",0.0006321888205995316,0.0006415423386938908,2.3168426569557323,2.3176799940045485,2.283888830969244
350,example,65,4.0,0.01,400,8,0.1,0.01,0.02,3200,0.0018827566919559203,0.0018832912865617774,0.5,1025,0.00028386188035367836,0.0017060258077874653,pure_two_phase,"[[120, 1.0], [280, 0.0]]",0.0017060258077874653,0.001707052232481061,1.103592151632018,1.103905508325344,1.1032417466362863
351,example,65,4.0,0.01,400,8,0.1,0.1,0.02,3200,0.005683435465959478,0.005684017692242805,0.5,1025,0.00010243217295427693,0.005684017692242805,static,"[[400, 0.5]]",0.011132644315524347,0.011393505812364396,0.9998975678270458,1.0,0.49888223922038355
352,example,65,4.0,0.01,400,64,0.0,0.0,0.02,25600,0.001413905932058064,0.0014144345177485255,0.5,1025,0.00037370813836109964,0.0005470593011084757,pure_two_phase,"[[119, 1.0], [281, 0.0]]",0.0005470593011084757,0.0005579010032453549,2.584556974341073,2.5855232054048543,2.535278677616004
353,example,65,4.0,0.01,400,64,0.0,0.0001,0.02,25600,0.0014181219803317152,0.0014186506188807457,0.5,1025,0.00037263477137706996,0.0005579403820147166,pure_two_phase,"[[119, 1.0], [281, 0.0]]",0.0005579403820147166,0.0005686599554490749,2.5417088026697265,2.5426562848131087,2.494725723671587
354,example,65,4.0,0.01,400,64,0.0,0.01,0.02,25600,0.0018355107594231436,0.0018360446309705096,0.5,1025,0.00029077264155817785,0.0016320872215905991,pure_two_phase,"[[120, 1.0], [280, 0.0]]",0.0016320872215905991,0.0016337962236174716,1.1246401142913747,1.1249672239827586,1.1237904730280435
355,example,65,4.0,0.01,400,64,0.0,0.1,0.02,25600,0.005629954205708861,0.005630535649968369,0.5,1025,0.00010326624244201102,0.005630535649968369,static,"[[400, 0.5]]",0.011063320410253989,0.011316853206966567,0.9998967337575579,1.0,0.49753544973988484
356,example,65,4.0,0.01,400,64,0.1,0.0,0.02,25600,0.0014146552602474387,0.0014151838535901165,0.5,1025,0.0003735156681846204,0.0005477585681855808,pure_two_phase,"[[119, 1.0], [281, 0.0]]",0.0005477585681855808,0.0005586012221418645,2.582625525938196,2.5835905374841195,2.5334421005450487
357,example,65,4.0,0.01,400,64,0.1,0.0001,0.02,25600,0.0014188713085210901,0.0014193999547223368,0.5,1025,0.00037244343955899285,0.0005586396490918216,pure_two_phase,"[[119, 1.0], [281, 0.0]]",0.0005586396490918216,0.0005693601743455776,2.5398686090894977,2.5408149189371896,2.492973725030548
358,example,65,4.0,0.01,400,64,0.1,0.01,0.02,25600,0.0018362600876125183,0.0018367939668121006,0.5,1025,0.00029065818443911335,0.0016327869697538317,pure_two_phase,"[[120, 1.0], [280, 0.0]]",0.0016327869697538317,0.0016344964425139812,1.1246170637247084,1.1249440379163647,1.123767491342453
359,example,65,4.0,0.01,400,64,0.1,0.1,0.02,25600,0.005630703533898236,0.00563128498580996,0.5,1025,0.00010325386003174457,0.00563128498580996,static,"[[400, 0.5]]",0.011064025175418657,0.011317553425863072,0.9998967461399683,1.0,0.4975708771951762
360,example,65,4.0,0.05,80,1,0.0,0.0,0.02,80,0.0033839827218993743,0.003384532124804879,0.5,1025,0.00016232757889290289,0.003352451533973954,mixed_two_phase,"[[40, 0.35779167417280583], [40, 0.75]]",0.00387683598554831,0.003909838251760285,1.0094054120114433,1.0095692929504927,0.8656450489431621
361,example,65,4.0,0.05,80,1,0.0,0.0001,0.02,80,0.003388485913460087,0.003389035371305882,0.5,1025,0.00016212809416128125,0.0033576272086554533,mixed_two_phase,"[[40, 0.35779167417280583], [40, 0.75]]",0.0038873803899526615,0.003920679443393886,1.0091906286454568,1.0093542733301253,0.8644000154147281
362,example,65,4.0,0.05,80,1,0.0,0.01,0.02,80,0.003834301877970381,0.0038348567749049408,0.5,1025,0.00014469821616053223,0.0038346502739668577,mixed_two_phase,"[[40, 0.47155833483456117], [40, 0.55]]",0.004931276425984092,0.004993957415119828,0.999909145300983,1.000053851309332,0.7678993744108499
363,example,65,4.0,0.05,80,1,0.0,0.1,0.02,80,0.007887174282609431,0.007887778625805485,0.5,1025,7.66176669914756e-05,0.007887778625805485,static,"[[80, 0.5]]",0.01412182517943787,0.01475102988535568,0.9999233823330085,1.0,0.5347273164727436
364,example,65,4.0,0.05,80,1,0.1,0.0,0.02,80,0.0036413646321955115,0.0036419166776423704,0.5,1025,0.00015158102057852114,0.0036079618341054954,mixed_two_phase,"[[40, 0.35779167417280583], [40, 0.75]]",0.0041173209826310606,0.004149500635765583,1.00925807966544,1.0094110872282254,0.8776758933958897
365,example,65,4.0,0.05,80,1,0.1,0.0001,0.02,80,0.003645867823756224,0.0036464199241433735,0.5,1025,0.0001514088883438916,0.0036131375087869945,mixed_two_phase,"[[40, 0.35779167417280583], [40, 0.75]]",0.004127865387035412,0.004160341827399184,1.009058696185692,1.009211499776977,0.8764712313129602
366,example,65,4.0,0.05,80,1,0.1,0.01,0.02,80,0.004091683788266518,0.004092241327742432,0.5,1025,0.0001362430588183389,0.004091963306683497,mixed_two_phase,"[[40, 0.47155833483456117], [40, 0.55]]",0.005171761423066842,0.005233619799125119,0.999931690878918,1.000067943194525,0.7819141406539531
367,example,65,4.0,0.05,80,1,0.1,0.1,0.02,80,0.008144556192905569,0.008145163178642978,0.5,1025,7.452100394994293e-05,0.008145163178642978,static,"[[80, 0.5]]",0.014363712307705294,0.01499069226936097,0.9999254789960501,1.0,0.5433480343860193
368,example,65,4.0,0.05,80,8,0.0,0.0,0.02,640,0.0015242529565908623,0.0015247777002363053,0.5,1025,0.000344144359772349,0.0008825612152132383,pure_two_phase,"[[24, 1.0], [56, 0.0]]",0.0008825612152132383,0.0008825612152133094,1.7270790176549768,1.7276735867753934,1.7276735867752542
369,example,65,4.0,0.05,80,8,0.0,0.0001,0.02,640,0.0015284437798726489,0.0015289685759924563,0.5,1025,0.00034323538629092633,0.0008932341441082355,pure_two_phase,"[[24, 1.0], [56, 0.0]]",0.0008932341441082355,0.0008932341441083066,1.711134521619276,1.7117220451966817,1.7117220451965454
370,example,65,4.0,0.05,80,8,0.0,0.01,0.02,640,0.0019433352847696398,0.0019438652758515373,0.5,1025,0.00027264805255876106,0.0018400941769255558,mixed_two_phase,"[[40, 0.28668751125920877], [40, 0.875]]",0.0019498541047128105,0.0019498541047128764,1.056106426039878,1.0563944499293851,0.9969285759140318
371,example,65,4.0,0.05,80,8,0.0,0.1,0.02,640,0.005715076238378658,0.005715653456388646,0.5,1025,0.00010098897954394928,0.005715653456388646,static,"[[80, 0.5]]",0.011316867512114241,0.011555490110208996,0.9998990110204561,1.0,0.4946266581405322
372,example,65,4.0,0.05,80,8,0.1,0.0,0.02,640,0.0015547887559998002,0.001555313804194415,0.5,1025,0.00033758344663238914,0.0009113167709556003,pure_two_phase,"[[24, 1.0], [56, 0.0]]",0.0009113167709556003,0.0009113167709556644,1.7060903579876618,1.706666500347101,1.706666500346981
373,example,65,4.0,0.05,80,8,0.1,0.0001,0.02,640,0.0015589795792815867,0.001559504679950566,0.5,1025,0.00033670990265704663,0.0009219896998505974,pure_two_phase,"[[24, 1.0], [56, 0.0]]",0.0009219896998505974,0.0009219896998506616,1.6908861124307675,1.6914556422954334,1.6914556422953158
374,example,65,4.0,0.05,80,8,0.1,0.01,0.02,640,0.0019738710841785776,0.001974401379809647,0.5,1025,0.0002685855249556967,0.0018702135544645163,mixed_two_phase,"[[40, 0.28668751125920877], [40, 0.875]]",0.0019786096604551724,0.0019786096604552383,1.0554255044653127,1.0557090526354151,0.997873112251649
375,example,65,4.0,0.05,80,8,0.1,0.1,0.02,640,0.005745612037787597,0.005746189560346756,0.5,1025,0.00010050530931738997,0.005746189560346756,static,"[[80, 0.5]]",0.011345796260619703,0.011584245665951362,0.9998994946906826,1.0,0.49603484992001395
376,example,65,4.0,0.05,80,64,0.0,0.0,0.02,5120,0.0013182717319407968,0.0013187932993857475,0.5,1025,0.00039548839472692285,0.0005119009804578894,pure_two_phase,"[[23, 1.0], [57, 0.0]]",0.0005119009804578894,0.0005303647510103236,2.575247522990908,2.5762664064563863,2.4865779576668685
377,example,65,4.0,0.05,80,64,0.0,0.0001,0.02,5120,0.001322427211408209,0.0013229488310099041,0.5,1025,0.00039428554564496576,0.0005228675544008809,pure_two_phase,"[[23, 1.0], [57, 0.0]]",0.0005228675544008809,0.0005410181307642387,2.529182008479165,2.5301796217318993,2.4452948169058866
378,example,65,4.0,0.05,80,64,0.0,0.01,0.02,5120,0.0017338196786819595,0.0017343464618013596,0.5,1025,0.00030373580538974965,0.0015910806280919581,mixed_two_phase,"[[40, 0.28668751125920877], [40, 0.875]]",0.0015957027264020106,0.001595702726401988,1.0897120158902165,1.0900431010094112,1.086885691868176
379,example,65,4.0,0.05,80,64,0.0,0.1,0.02,5120,0.005473751199352441,0.005474324923541886,0.5,1025,0.00010480272863935726,0.005474324923541886,static,"[[80, 0.5]]",0.010981625649847674,0.01118374450492689,0.9998951972713607,1.0,0.4894894479331342
380,example,65,4.0,0.05,80,64,0.1,0.0,0.02,5120,0.001322064429724325,0.0013225860348708264,0.5,1025,0.00039438277189452104,0.0005154648878634097,pure_two_phase,"[[23, 1.0], [57, 0.0]]",0.0005154648878634097,0.0005339412230367171,2.564800165544257,2.5658120776235904,2.47702551855577
381,example,65,4.0,0.05,80,64,0.1,0.0001,0.02,5120,0.0013262199091917373,0.001326741566494983,0.5,1025,0.00039318682433677333,0.0005264314618064012,pure_two_phase,"[[23, 1.0], [57, 0.0]]",0.0005264314618064012,0.0005445946027906341,2.5192641500584623,2.5202550811503386,2.4362003583884957
382,example,65,4.0,0.05,80,64,0.1,0.01,0.02,5120,0.0017376123764654878,0.0017381391972864386,0.5,1025,0.0003030947243887104,0.0015948233197824115,mixed_two_phase,"[[40, 0.28668751125920877], [40, 0.875]]",0.001599279198428406,0.0015992791984283834,1.0895328372189577,1.0898631689957858,1.0868266147615209
383,example,65,4.0,0.05,80,64,0.1,0.1,0.02,5120,0.0054775438971359685,0.005478117659026965,0.5,1025,0.0001047370514306598,0.005478117659026965,static,"[[80, 0.5]]",0.010985223445175489,0.01118732097695328,0.9998952629485693,1.0,0.48967198405340284
384,example,65,8.0,0.01,800,1,0.0,0.0,0.02,800,3.210151781612805e-05,3.211317753996489e-05,0.5,4097,0.000363082221381729,3.211317753996489e-05,static,"[[800, 0.5]]",0.0004988727135026294,0.0005017316681947652,0.9996369177786183,1.0,0.06400468532414622
385,example,65,8.0,0.01,800,1,0.0,0.0001,0.02,800,3.246523149171192e-05,3.247689238152114e-05,0.5,4097,0.00035905189672189876,3.247689238152114e-05,static,"[[800, 0.5]]",0.0005079491359621458,0.0005108607211400116,0.9996409481032781,1.0,0.06357288990440939
386,example,65,8.0,0.01,800,1,0.0,0.01,0.02,800,6.847288537450112e-05,6.848466169557632e-05,0.5,4097,0.0001719555997450179,6.848466169557632e-05,static,"[[800, 0.5]]",0.0014013990108706683,0.0014146369627193725,0.999828044400255,1.0,0.048411474816780896
387,example,65,8.0,0.01,800,1,0.0,0.1,0.02,800,0.00039562280231974286,0.0003958280190960779,0.5,1025,0.0005184493427313918,0.0003958280190960779,static,"[[800, 0.5]]",0.009203635232718272,0.00963078461344078,0.9994815506572686,1.0,0.041100287773403
388,example,65,8.0,0.01,800,1,0.1,0.0,0.02,800,8.26834270702087e-05,8.269511794531631e-05,0.5,4097,0.00014137322006528856,8.269511794531631e-05,static,"[[800, 0.5]]",0.0005449582502930752,0.000547790269362091,0.9998586267799348,1.0,0.15096127582115662
389,example,65,8.0,0.01,800,1,0.1,0.0001,0.02,800,8.304714074579256e-05,8.305883278687256e-05,0.5,4097,0.00014076818428207852,8.305883278687256e-05,static,"[[800, 0.5]]",0.0005540346727525916,0.0005569193223073409,0.9998592318157179,1.0,0.14913979361096005
390,example,65,8.0,0.01,800,1,0.1,0.01,0.02,800,0.00011905479462858176,0.00011906660210092774,0.5,4097,9.916695477690908e-05,0.00011906660210092774,static,"[[800, 0.5]]",0.0014475368415546464,0.0014606955638866975,0.999900833045223,1.0,0.08151363298736179
391,example,65,8.0,0.01,800,1,0.1,0.1,0.02,800,0.00044620424429717967,0.0004464099595014294,0.5,1025,0.00046082126948847763,0.0004464099595014294,static,"[[800, 0.5]]",0.009250066773788845,0.009676843214608107,0.9995391787305116,1.0,0.046131775580235866
392,example,65,8.0,0.01,800,8,0.0,0.0,0.02,6400,7.383551043567975e-06,7.384251661468014e-06,0.5,16385,9.488001386724032e-05,7.366289475467475e-06,mixed_two_phase,"[[400, 0.489145718645963], [400, 0.55]]",6.224415982849021e-05,6.224415982870272e-05,1.0023433192732905,1.0024384306454912,0.1186336466230669
393,example,65,8.0,0.01,800,8,0.0,0.0001,0.02,6400,7.739915481335942e-06,7.740616169297772e-06,0.5,16385,9.052095421151934e-05,7.73159240283929e-06,mixed_two_phase,"[[400, 0.489145718645963], [400, 0.55]]",7.135033889999788e-05,7.135033890020605e-05,1.0010765024930175,1.0011671290968684,0.10848744783292709
394,example,65,8.0,0.01,800,8,0.0,0.01,0.02,6400,4.3009380406452596e-05,4.3020702444454334e-05,0.5,4097,0.00026317650243754914,4.3020702444454334e-05,static,"[[800, 0.5]]",0.0009697294192699633,0.0009728620669790227,0.9997368234975624,1.0,0.044220762536301014
395,example,65,8.0,0.01,800,8,0.0,0.1,0.02,6400,0.000363551456785643,0.00036374875949133056,0.5,1025,0.0005424147864132308,0.00036374875949133056,static,"[[800, 0.5]]",0.008816395251730608,0.009168423231331886,0.9994575852135867,1.0,0.039674080298591236
396,example,65,8.0,0.01,800,8,0.1,0.0,0.02,6400,1.3626804980826835e-05,1.3638018752875887e-05,0.5,4097,0.0008222434836209181,1.3617072294435912e-05,mixed_two_phase,"[[400, 0.47286429661490753], [400, 0.625]]",6.795682955718953e-05,6.79568295573977e-05,1.0007147414789668,1.0015382497784442,0.2006865070324822
397,example,65,8.0,0.01,800,8,0.1,0.0001,0.02,6400,1.398316836766273e-05,1.3994383260705645e-05,0.5,4097,0.0008013853010874511,1.3984810146443107e-05,mixed_two_phase,"[[400, 0.489145718645963], [400, 0.55]]",7.70630086286972e-05,7.70630086289045e-05,0.9998826027122868,1.0006845365909363,0.18159663773439397
398,example,65,8.0,0.01,800,8,0.1,0.01,0.02,6400,4.9263143664427e-05,4.9274469535862207e-05,0.5,4097,0.0002298527318891565,4.9274469535862207e-05,static,"[[800, 0.5]]",0.0009754453778952048,0.0009785747367077212,0.9997701472681109,1.0,0.05035330229517197
399,example,65,8.0,0.01,800,8,0.1,0.1,0.02,6400,0.0003698051625405728,0.00037000252658273843,0.5,1025,0.0005334126877144055,0.00037000252658273843,static,"[[800, 0.5]]",0.008822148472330165,0.00917413590106059,0.9994665873122855,1.0,0.040331049220664335
400,example,65,8.0,0.01,800,64,0.0,0.0,0.02,51200,4.39333369560028e-06,4.394030868666197e-06,0.5,16385,0.00015866367050084505,3.925350944400402e-06,mixed_two_phase,"[[400, 0.47286429661490753], [400, 0.625]]",8.007259041644017e-06,8.007259041761111e-06,1.119220614367606,1.119398222198292,0.5487559283082437
401,example,65,8.0,0.01,800,64,0.0,0.0001,0.02,51200,4.7488045229393e-06,4.749501765722523e-06,0.5,16385,0.00014680335277591675,4.338762993876934e-06,mixed_two_phase,"[[400, 0.47286429661490753], [400, 0.625]]",1.711061144952543e-05,1.711061144963038e-05,1.0945065516694588,1.0946672524922987,0.2775763905167235
402,example,65,8.0,0.01,800,64,0.0,0.01,0.02,51200,3.992985420096929e-05,3.994112057429034e-05,0.5,4097,0.0002820745427032534,3.994112057429034e-05,static,"[[800, 0.5]]",0.0009158311021887798,0.0009183424998294998,0.9997179254572968,1.0,0.043492619128163885
403,example,65,8.0,0.01,800,64,0.0,0.1,0.02,51200,0.00035966859496457977,0.0003598649279249077,0.5,1025,0.0005455740337354944,0.0003598649279249077,static,"[[800, 0.5]]",0.008767944114064972,0.009111359666919169,0.9994544259662645,1.0,0.03949629265887482
404,example,65,8.0,0.01,800,64,0.1,0.0,0.02,51200,5.173989488474922e-06,5.174686691431407e-06,0.5,16385,0.0001347333661069407,4.70556669150644e-06,mixed_two_phase,"[[400, 0.47286429661490753], [400, 0.625]]",8.720651316458487e-06,8.720651316576448e-06,1.099546521742851,1.0996946873097624,0.5933830517446814
405,example,65,8.0,0.01,800,64,0.1,0.0001,0.02,51200,5.529460315813941e-06,5.530157588487733e-06,0.5,16385,0.00012608549804140825,5.1189787409829716e-06,mixed_two_phase,"[[400, 0.47286429661490753], [400, 0.625]]",1.78240037243399e-05,1.7824003724449186e-05,1.0801881772910327,1.080324390529859,0.310264611362374
406,example,65,8.0,0.01,800,64,0.1,0.01,0.02,51200,4.07105095454836e-05,4.072177639705555e-05,0.5,4097,0.0002766787839040721,4.072177639705555e-05,static,"[[800, 0.5]]",0.0009165449043710564,0.0009190558921043151,0.999723321216096,1.0,0.04430826976563633
407,example,65,8.0,0.01,800,64,0.1,0.1,0.02,51200,0.0003604492431351287,0.0003606455837476729,0.5,1025,0.0005444142986693504,0.0003606455837476729,static,"[[800, 0.5]]",0.008768662559532781,0.00911207305919398,0.9994555857013306,1.0,0.039578873150472114
408,example,65,8.0,0.05,160,1,0.0,0.0,0.02,160,0.00016455377238788472,0.00016456737826034927,0.5,4097,8.267660704310765e-05,0.00016456737826034927,static,"[[160, 0.5]]",0.002698475373509788,0.0027726396243824445,0.9999173233929569,1.0,0.0593540454421673
409,example,65,8.0,0.05,160,1,0.0,0.0001,0.02,160,0.00016494518988198766,0.00016495879711503944,0.5,4097,8.248867771683704e-05,0.00016495879711503944,static,"[[160, 0.5]]",0.002707375020279749,0.002781800917504392,0.9999175113222831,1.0,0.059299282014410724
410,example,65,8.0,0.05,160,1,0.0,0.01,0.02,160,0.00020369552179818178,0.00020370926372937097,0.5,4097,6.74585482152909e-05,0.00020370926372937097,static,"[[160, 0.5]]",0.00357460467931762,0.003688768936577289,0.9999325414517847,1.0,0.05522418650553575
411,example,65,8.0,0.05,160,1,0.0,0.1,0.02,160,0.0005557467633551021,0.0005559862329505656,0.5,1025,0.00043071137605811023,0.0005559862329505656,static,"[[160, 0.5]]",0.011145236804495959,0.011933932746330898,0.9995692886239419,1.0,0.04658868495144689
412,example,65,8.0,0.05,160,1,0.1,0.0,0.02,160,0.00043371390228987185,0.0004339342444634657,0.5,1025,0.0005077777944589509,0.0004339342444634657,static,"[[160, 0.5]]",0.002942845105980414,0.0030162720956757637,0.999492222205541,1.0,0.14386442293636886
413,example,65,8.0,0.05,160,1,0.1,0.0001,0.02,160,0.00043410529937459874,0.0004343256633181559,0.5,1025,0.0005073703033654737,0.0004343256633181559,static,"[[160, 0.5]]",0.002951744752750375,0.003025433388797712,0.9994926296966345,1.0,0.1435581642373406
414,example,65,8.0,0.05,160,1,0.1,0.01,0.02,160,0.00047285361076257113,0.0004730761299324874,0.5,1025,0.00047036651362655036,0.0004730761299324874,static,"[[160, 0.5]]",0.003819644359589228,0.003932401407870609,0.9995296334863735,1.0,0.12030209555556476
415,example,65,8.0,0.05,160,1,0.1,0.1,0.02,160,0.0008251109870168642,0.000825353099153682,0.5,1025,0.00029334370594370004,0.000825353099153682,static,"[[160, 0.5]]",0.011391941827806656,0.012177565217624208,0.9997066562940563,1.0,0.06777652875627177
416,example,65,8.0,0.05,160,8,0.0,0.0,0.02,1280,2.0504455499535143e-05,2.0515626940033717e-05,0.5,4097,0.0005445332249035317,2.0515626940033717e-05,static,"[[160, 0.5]]",0.00033211870312874463,0.0003321187031287958,0.9994554667750964,1.0,0.06177197112587106
417,example,65,8.0,0.05,160,8,0.0,0.0001,0.02,1280,2.0854136601174207e-05,2.086530915881683e-05,0.5,4097,0.0005354609202089291,2.086530915881683e-05,static,"[[160, 0.5]]",0.00034115444359794894,0.0003411544435979949,0.999464539079791,1.0,0.06116088929916979
418,example,65,8.0,0.05,160,8,0.0,0.01,0.02,1280,5.547256566344343e-05,5.548384881834699e-05,0.5,4097,0.00020335926839720945,5.548384881834699e-05,static,"[[160, 0.5]]",0.00123569275004929,0.001235692750049337,0.9997966407316028,1.0,0.04490100699881237
419,example,65,8.0,0.05,160,8,0.0,0.1,0.02,1280,0.00037000121115539754,0.00037019784572316685,0.5,1025,0.0005311607564468518,0.00037019784572316685,static,"[[160, 0.5]]",0.009056528630083247,0.009367859172334219,0.9994688392435531,1.0,0.039517870509460644
420,example,65,8.0,0.05,160,8,0.1,0.0,0.02,1280,5.230886035547991e-05,5.232005082904666e-05,0.5,4097,0.00021388499035134963,5.232005082904666e-05,static,"[[160, 0.5]]",0.0003613610155178302,0.0003613610155178814,0.9997861150096486,1.0,0.14478609640296874
421,example,65,8.0,0.05,160,8,0.1,0.0001,0.02,1280,5.265854145711897e-05,5.2669733047829774e-05,0.5,4097,0.0002124861863385395,5.2669733047829774e-05,static,"[[160, 0.5]]",0.0003703967559870345,0.00037039675598708136,0.9997875138136615,1.0,0.14219814886733723
422,example,65,8.0,0.05,160,8,0.1,0.01,0.02,1280,8.72769705193882e-05,8.728827270735993e-05,0.5,4097,0.00012948117337163324,8.728827270735993e-05,static,"[[160, 0.5]]",0.0012649350624383757,0.001264935062438419,0.9998705188266284,1.0,0.06900612948390732
423,example,65,8.0,0.05,160,8,0.1,0.1,0.02,1280,0.00040180533049523863,0.0004020022696121798,0.5,1025,0.0004898955349957473,0.0004020022696121798,static,"[[160, 0.5]]",0.009085992161401909,0.009397101484723298,0.9995101044650042,1.0,0.04277939003486424
424,example,65,8.0,0.05,160,64,0.0,0.0,0.02,10240,5.435004850732742e-06,5.435685838083189e-06,0.5,16385,0.00012528085153039364,5.350340524854607e-06,mixed_two_phase,"[[80, 0.47286429661490753], [80, 0.625]]",4.68236285761257e-05,4.682362857610749e-05,1.015824100444604,1.0159513796985662,0.1160885220428396
425,example,65,8.0,0.05,160,64,0.0,0.0001,0.02,10240,5.780177918790959e-06,5.780858974240141e-06,0.5,16385,0.00011781215425192924,5.7527692433243955e-06,mixed_two_phase,"[[80, 0.47286429661490753], [80, 0.625]]",5.5844591455256505e-05,5.584459145524523e-05,1.0047644315819497,1.004882818991626,0.10351689973187495
426,example,65,8.0,0.05,160,64,0.0,0.01,0.02,10240,3.99419944947361e-05,3.995299945375614e-05,0.5,4097,0.00027544763022793614,3.995299945375614e-05,static,"[[160, 0.5]]",0.0009489199164893396,0.0009489199164893283,0.9997245523697721,1.0,0.04210365781083851
427,example,65,8.0,0.05,160,64,0.0,0.1,0.02,10240,0.00035041703422432336,0.00035060882199481084,0.5,1025,0.0005470135331914853,0.00035060882199481084,static,"[[160, 0.5]]",0.008805923366808587,0.009067786507708253,0.9994529864668085,1.0,0.03866531503545753
428,example,65,8.0,0.05,160,64,0.1,0.0,0.02,10240,9.383130252135718e-06,9.383811386745025e-06,0.5,16385,7.258613597761862e-05,9.296564142638346e-06,mixed_two_phase,"[[80, 0.47286429661490753], [80, 0.625]]",5.046085274403728e-05,5.046085274401906e-05,1.009311623968724,1.009384891317699,0.1859622038959152
429,example,65,8.0,0.05,160,64,0.1,0.0001,0.02,10240,9.728303320193936e-06,9.728984522901977e-06,0.5,16385,7.001786326600874e-05,9.69899286110813e-06,mixed_two_phase,"[[80, 0.47286429661490753], [80, 0.625]]",5.948181562316808e-05,5.948181562315247e-05,1.0030220105845564,1.003092244960207,0.16356233280671925
430,example,65,8.0,0.05,160,64,0.1,0.01,0.02,10240,4.389011768722059e-05,4.390112500241808e-05,0.5,4097,0.00025072968396330666,4.390112500241808e-05,static,"[[160, 0.5]]",0.0009525571406572512,0.0009525571406572399,0.9997492703160367,1.0,0.04608765514279536
431,example,65,8.0,0.05,160,64,0.1,0.1,0.02,10240,0.00035436512207143454,0.0003545569475434728,0.5,1025,0.0005410286651193689,0.0003545569475434728,static,"[[160, 0.5]]",0.008809587793648774,0.00907142373187617,0.9994589713348806,1.0,0.03908503869107023
432,batch,30,1.0,0.01,100,1,0.0,0.0,0.02,100,0.07545621473633864,0.07545631139436959,0.5,1025,1.2809800687046016e-06,0.07459863184644619,pure_two_phase,"[[43, 1.0], [57, 0.0]]",0.07459863184644619,0.08186259149230313,1.0114959600285658,1.01149725573639,0.9217434974736187
433,batch,30,1.0,0.01,100,1,0.0,0.0001,0.02,100,0.07549827596891259,0.07549837263660936,0.5,1025,1.2803944427949186e-06,0.07464110948813951,pure_two_phase,"[[43, 1.0], [57, 0.0]]",0.07464110948813951,0.08190556896988886,1.0114838389548495,1.0114851340547941,0.921773373729508
434,batch,30,1.0,0.01,100,1,0.0,0.01,0.02,100,0.07966233799373658,0.07966243561834785,0.5,1025,1.225478615010574e-06,0.07884639601577635,pure_two_phase,"[[43, 1.0], [57, 0.0]]",0.07884639601577635,0.08616033925087688,1.0103485006188104,1.010349738780809,0.9245835881215742
435,batch,30,1.0,0.01,100,1,0.0,0.1,0.02,100,0.1175174473103182,0.11751755363415226,0.5,1025,9.047485313343912e-07,0.11705412565842939,pure_two_phase,"[[45, 1.0], [55, 0.0]]",0.11705412565842939,0.12484006907804063,1.003958183013906,1.0039590913444194,0.9413448302458813
436,batch,30,1.0,0.01,100,1,0.1,0.0,0.02,100,0.07548179636470413,0.07548189303483668,0.5,1025,1.280706255035783e-06,0.07462404536365541,pure_two_phase,"[[43, 1.0], [57, 0.0]]",0.07462404536365541,0.08188738228670797,1.0114942978080157,1.0114955932367489,0.9217768467742187
437,batch,30,1.0,0.01,100,1,0.1,0.0001,0.02,100,0.07552385759727809,0.07552395427707645,0.5,1025,1.2801209799845102e-06,0.07466652300534872,pure_two_phase,"[[43, 1.0], [57, 0.0]]",0.07466652300534872,0.0819303597642937,1.0114821818054653,1.0114834766266847,0.9218066964962938
438,batch,30,1.0,0.01,100,1,0.1,0.01,0.02,100,0.07968791962210206,0.07968801725881493,0.5,1025,1.2252370710935642e-06,0.07887180953298559,pure_two_phase,"[[43, 1.0], [57, 0.0]]",0.07887180953298559,0.08618513004528172,1.0103472976460006,1.010348535562481,0.9246144574701783
439,batch,30,1.0,0.01,100,1,0.1,0.1,0.02,100,0.1175430289386837,0.11754313527461935,0.5,1025,9.046545798321274e-07,0.11707956067007068,pure_two_phase,"[[45, 1.0], [55, 0.0]]",0.11707956067007068,0.12486485987244547,1.00395857539916,1.0039594836357049,0.9413628093179653
440,batch,30,1.0,0.01,100,8,0.0,0.0,0.02,800,0.07399168231660272,0.07399178062007898,0.5,1025,1.3285729230749745e-06,0.07308624053834714,pure_two_phase,"[[43, 1.0], [57, 0.0]]",0.07308624053834714,0.08048805746092354,1.0123886763306769,1.0123900213646468,0.9192889349578544
441,batch,30,1.0,0.01,100,8,0.0,0.0001,0.02,800,0.07403371207815401,0.07403381039146062,0.5,1025,1.3279514601095274e-06,0.07312868951622319,pure_two_phase,"[[43, 1.0], [57, 0.0]]",0.07312868951622319,0.08053100453115897,1.0123757524976575,1.0123770968853016,0.9193205874243818
442,batch,30,1.0,0.01,100,8,0.0,0.01,0.02,800,0.07819465847173286,0.07819475775824387,0.5,1025,1.2697335967166718e-06,0.07733113832595268,pure_two_phase,"[[43, 1.0], [57, 0.0]]",0.07733113832595268,0.08478276448446717,1.0111665257291367,1.0111678096428767,0.9222954480632645
443,batch,30,1.0,0.01,100,8,0.0,0.1,0.02,800,0.11602144386790408,0.11602155200172797,0.5,1025,9.320149749383223e-07,0.11551397701803451,pure_two_phase,"[[45, 1.0], [55, 0.0]]",0.11551397701803451,0.12343512769635981,1.0043931207544725,1.0043940568647742,0.9399394983179454
444,batch,30,1.0,0.01,100,8,0.1,0.0,0.02,800,0.07399486269643762,0.07399496100144495,0.5,1025,1.3285365111140581e-06,0.07308940023131269,pure_two_phase,"[[43, 1.0], [57, 0.0]]",0.07308940023131269,0.08049113926315116,1.0123884237968752,1.0123897687936465,0.9192932499008601
445,batch,30,1.0,0.01,100,8,0.1,0.0001,0.02,800,0.07403689245798892,0.07403699077282659,0.5,1025,1.327915095515145e-06,0.07313184920918875,pure_two_phase,"[[43, 1.0], [57, 0.0]]",0.07313184920918875,0.08053408633338659,1.0123755006688173,1.0123768450193122,0.9193248988550761
446,batch,30,1.0,0.01,100,8,0.1,0.01,0.02,800,0.07819783885156775,0.07819793813960985,0.5,1025,1.2697015350496673e-06,0.07733429801891821,pure_two_phase,"[[43, 1.0], [57, 0.0]]",0.07733429801891821,0.08478584628669478,1.011166336991102,1.0111676208721823,0.9222994351579793
447,batch,30,1.0,0.01,100,8,0.1,0.1,0.02,800,0.11602462424773897,0.11602473238309392,0.5,1025,9.320026232949291e-07,0.11551713939736663,pure_two_phase,"[[45, 1.0], [55, 0.0]]",0.11551713939736663,0.12343820949858743,1.004393156314464,1.0043940924123929,0.9399417964209993
448,batch,30,1.0,0.01,100,64,0.0,0.0,0.02,6400,0.07381020060276608,0.07381029911355451,0.5,1025,1.3346482755450985e-06,0.07289871438715392,pure_two_phase,"[[43, 1.0], [57, 0.0]]",0.07289871438715392,0.08031775268928965,1.01250346077122,1.0125048121090214,0.9189786397422085
449,batch,30,1.0,0.01,100,64,0.0,0.0001,0.02,6400,0.07385222645468834,0.07385232497532784,0.5,1025,1.3340221792688732e-06,0.07294115980546417,pure_two_phase,"[[43, 1.0], [57, 0.0]]",0.07294115980546417,0.0803606959769239,1.0124904327221282,1.0124917834086238,0.9190105197263974
450,batch,30,1.0,0.01,100,64,0.0,0.01,0.02,6400,0.07801278579499145,0.07801288529088776,0.5,1025,1.2753777269298094e-06,0.07714325621817639,pure_two_phase,"[[43, 1.0], [57, 0.0]]",0.07714325621817639,0.08461208145271726,1.0112716213891186,1.0112729111440655,0.9220064552422429
451,batch,30,1.0,0.01,100,64,0.0,0.1,0.02,6400,0.11583605252501986,0.11583616088688713,0.5,1025,9.354752992611461e-07,0.11532300668349588,pure_two_phase,"[[45, 1.0], [55, 0.0]]",0.11532300668349588,0.12326104032356579,1.0044487726801299,1.0044497123180252,0.9397629663258722
452,batch,30,1.0,0.01,100,64,0.1,0.0,0.02,6400,0.07381059788088072,0.07381069639186082,0.5,1025,1.3346436886668334e-06,0.07289910908452453,pure_two_phase,"[[43, 1.0], [57, 0.0]]",0.07289910908452453,0.0803181376495857,1.0125034284753651,1.0125047798084792,0.9189791814382482
453,batch,30,1.0,0.01,100,64,0.1,0.0001,0.02,6400,0.07385262373280298,0.07385272225363415,0.5,1025,1.334017598368749e-06,0.07294155450283477,pure_two_phase,"[[43, 1.0], [57, 0.0]]",0.07294155450283477,0.08036108093721997,1.0124904005155635,1.0124917511973779,0.9190110609802485
454,batch,30,1.0,0.01,100,64,0.1,0.01,0.02,6400,0.0780131830731061,0.07801328256919408,0.5,1025,1.2753736889792774e-06,0.07714365091554698,pure_two_phase,"[[43, 1.0], [57, 0.0]]",0.07714365091554698,0.08461246641301332,1.0112715971727997,1.011272886923632,0.9220069556700183
455,batch,30,1.0,0.01,100,64,0.1,0.1,0.02,6400,0.11583644980313451,0.11583655816519345,0.5,1025,9.354737455382288e-07,0.1153234017166534,pure_two_phase,"[[45, 1.0], [55, 0.0]]",0.1153234017166534,0.12326142528386186,1.0044487769077577,1.0044497165440962,0.9397632543874168
456,batch,30,1.0,0.05,20,1,0.0,0.0,0.02,20,0.0806140606129001,0.0806141441525293,0.5,1025,1.0362899721705816e-06,0.07933286415578428,pure_two_phase,"[[9, 1.0], [11, 0.0]]",0.07933286415578428,0.08534454985887062,1.0161496306826885,1.0161506837094523,0.9445728436770277
457,batch,30,1.0,0.05,20,1,0.0,0.0001,0.02,20,0.0806563166501213,0.08065640019810445,0.5,1025,1.0358506324555612e-06,0.07937534568216563,pure_two_phase,"[[9, 1.0], [11, 0.0]]",0.07937534568216563,0.0853874786831509,1.0161381466366763,1.0161391992051085,0.9445928307287048
458,batch,30,1.0,0.05,20,1,0.0,0.01,0.02,20,0.08483966433502066,0.08483974871004615,0.5,1025,9.945223409672431e-07,0.08358101679392108,pure_two_phase,"[[9, 1.0], [11, 0.0]]",0.08358101679392108,0.08963743228690149,1.0150590120745113,1.0150600215743801,0.9464767848157515
459,batch,30,1.0,0.05,20,1,0.0,0.1,0.02,20,0.12287009783410595,0.12287018972769807,0.5,1025,7.478916759893794e-07,0.1218143905371523,pure_two_phase,"[[9, 1.0], [11, 0.0]]",0.1218143905371523,0.12827337413917927,1.0086665236537193,1.0086672780275805,0.9578775841226517
460,batch,30,1.0,0.05,20,1,0.1,0.0,0.02,20,0.08074838621887932,0.08074846981060925,0.5,1025,1.0352113188392316e-06,0.07946692209348208,pure_two_phase,"[[9, 1.0], [11, 0.0]]",0.07946692209348208,0.08547576761639838,1.016125755114685,1.016126807020657,0.9446942924571968
461,batch,30,1.0,0.05,20,1,0.1,0.0001,0.02,20,0.08079064225610053,0.08079072585618441,0.5,1025,1.034773273755737e-06,0.07950940361986342,pure_two_phase,"[[9, 1.0], [11, 0.0]]",0.07950940361986342,0.08551869644067872,1.0161143031881203,1.0161153546371324,0.9447141878761688
462,batch,30,1.0,0.05,20,1,0.1,0.01,0.02,20,0.08497398994099989,0.08497407436812611,0.5,1025,9.935633526873382e-07,0.08371507473161889,pure_two_phase,"[[9, 1.0], [11, 0.0]]",0.08371507473161889,0.08976865004442927,1.0150380945536623,1.0150391030593167,0.9465896426655611
463,batch,30,1.0,0.05,20,1,0.1,0.1,0.02,20,0.12300442344008519,0.12300451538577803,0.5,1025,7.474985170165965e-07,0.12194844847485012,pure_two_phase,"[[9, 1.0], [11, 0.0]]",0.12194844847485012,0.12840459189670708,1.0086591914734597,1.0086599454452732,0.9579448333493162
464,batch,30,1.0,0.05,20,8,0.0,0.0,0.02,160,0.07266118271761002,0.07266127374125655,0.5,1025,1.2527119585175863e-06,0.07109203973227879,pure_two_phase,"[[9, 1.0], [11, 0.0]]",0.07109203973227879,0.07776898281710515,1.0220719927468724,1.0220732731102842,0.9343220280010508
465,batch,30,1.0,0.05,20,8,0.0,0.0001,0.02,160,0.07270327071879991,0.07270336175154882,0.5,1025,1.2521119617482733e-06,0.07113436158795418,pure_two_phase,"[[9, 1.0], [11, 0.0]]",0.07113436158795418,0.07781174258001165,1.0220555733659864,1.0220568530955978,0.9343494868629882
466,batch,30,1.0,0.05,20,8,0.0,0.01,0.02,160,0.07686998283660185,0.07687007477048485,0.5,1025,1.1959645321123362e-06,0.07532422529981897,pure_two_phase,"[[9, 1.0], [11, 0.0]]",0.07532422529981897,0.08204495910775639,1.0205213864547584,1.0205226069636006,0.9369262366201568
467,batch,30,1.0,0.05,20,8,0.0,0.1,0.02,160,0.11474918390752846,0.11474928403353965,0.5,1025,8.725632759608825e-07,0.11341389540768068,pure_two_phase,"[[9, 1.0], [11, 0.0]]",0.11341389540768068,0.12052874572361753,1.0117735881925924,1.0117744710298393,0.9520491011884362
468,batch,30,1.0,0.05,20,8,0.1,0.0,0.02,160,0.07267751548926245,0.07267760651982191,0.5,1025,1.2525255553170621e-06,0.07110834739720182,pure_two_phase,"[[9, 1.0], [11, 0.0]]",0.07110834739720182,0.07778493357405497,1.022067283933565,1.022068564100561,0.9343404073313164
469,batch,30,1.0,0.05,20,8,0.1,0.0001,0.02,160,0.07271960349045234,0.07271969453011418,0.5,1025,1.2519258011911528e-06,0.0711506692528772,pure_two_phase,"[[9, 1.0], [11, 0.0]]",0.0711506692528772,0.07782769333696149,1.0220508711168825,1.0220521506503402,0.934367850467676
470,batch,30,1.0,0.05,20,8,0.1,0.01,0.02,160,0.07688631560825428,0.07688640754905021,0.5,1025,1.1958003874252009e-06,0.075340532964742,pure_two_phase,"[[9, 1.0], [11, 0.0]]",0.075340532964742,0.08206090986470622,1.0205172777877172,1.0205184981241326,0.9369431520539169
471,batch,30,1.0,0.05,20,8,0.1,0.1,0.02,160,0.11476551667918088,0.114765616812105,0.5,1025,8.724993329924967e-07,0.11343020307260371,pure_two_phase,"[[9, 1.0], [11, 0.0]]",0.11343020307260371,0.12054469648056737,1.0117721168648748,1.0117729996361422,0.9520586152921792
472,batch,30,1.0,0.05,20,64,0.0,0.0,0.02,1280,0.07171092367585277,0.07171101567590818,0.5,1025,1.2829277976343516e-06,0.07010418748997777,pure_two_phase,"[[9, 1.0], [11, 0.0]]",0.07010418748997777,0.07686418831317746,1.0229192612225155,1.022920573555754,0.9329574311476099
473,batch,30,1.0,0.05,20,64,0.0,0.0001,0.02,1280,0.07175299132250842,0.07175308333176385,0.5,1025,1.282303855815401e-06,0.0701464900321703,pure_two_phase,"[[9, 1.0], [11, 0.0]]",0.0701464900321703,0.0769069274493735,1.022902090890098,1.0229034025630754,0.9329859573313166
474,batch,30,1.0,0.05,20,64,0.0,0.01,0.02,1280,0.07591768834142054,0.07591778126147651,0.5,1025,1.2239564226597086e-06,0.07433444170923373,pure_two_phase,"[[9, 1.0], [11, 0.0]]",0.07433444170923373,0.08113810193278029,1.0212989644609134,1.0213002144878705,0.9356612917118938
475,batch,30,1.0,0.05,20,64,0.0,0.1,0.02,1280,0.11377857033153053,0.11377867153159149,0.5,1025,8.894466739151951e-07,0.11240672968253757,pure_two_phase,"[[9, 0.0], [11, 1.0]]",0.11240672968253757,0.11960332450920558,1.0122042572795007,1.0122051575820115,0.9513002418493327
476,batch,30,1.0,0.05,20,64,0.1,0.0,0.02,1280,0.07171295828695494,0.07171305028788093,0.5,1025,1.282903538746109e-06,0.07010621909320924,pure_two_phase,"[[9, 1.0], [11, 0.0]]",0.07010621909320924,0.0768661752807902,1.022918639951321,1.0229199522589476,0.9329597840131235
477,batch,30,1.0,0.05,20,64,0.1,0.0001,0.02,1280,0.07175502593361062,0.07175511794373661,0.5,1025,1.2822796286477703e-06,0.07014852163540178,pure_two_phase,"[[9, 1.0], [11, 0.0]]",0.07014852163540178,0.07690891441698625,1.0229014704908348,1.0229027821382344,0.9329883081523335
478,batch,30,1.0,0.05,20,64,0.1,0.01,0.02,1280,0.07591972295252272,0.07591981587344927,0.5,1025,1.2239350883744725e-06,0.07433647331246522,pure_two_phase,"[[9, 1.0], [11, 0.0]]",0.07433647331246522,0.08114008890039304,1.0212984228267392,1.0212996728312447,0.9356634544318514
479,batch,30,1.0,0.05,20,64,0.1,0.1,0.02,1280,0.11378060494263269,0.11378070614356423,0.5,1025,8.894384203412903e-07,0.11240876128576906,pure_two_phase,"[[9, 1.0], [11, 0.0]]",0.11240876128576906,0.11960531147681835,1.0122040634659792,1.0122049637599633,0.9513014492305132
480,batch,30,4.0,0.01,400,1,0.0,0.0,0.02,400,0.0005576901911745271,0.0005577483558237358,0.5,4097,0.00010428475243606574,0.0005577483558237358,static,"[[400, 0.5]]",0.0005642576996118392,0.0005642576996117161,0.9998957152475639,1.0,0.9884638813214962
481,batch,30,4.0,0.01,400,1,0.0,0.0001,0.02,400,0.000582659663202587,0.0005827178336682607,0.5,4097,9.98261290673806e-05,0.0005827178336682607,static,"[[400, 0.5]]",0.0005984970309818507,0.000598497030981731,0.9999001738709327,1.0,0.9736352955877037
482,batch,30,4.0,0.01,400,1,0.0,0.01,0.02,400,0.0030537561976407028,0.003054696140276115,0.5,1025,0.00030770413561565814,0.003054696140276115,static,"[[400, 0.5]]",0.003986871083760151,0.003988190836613715,0.9996922958643844,1.0,0.7659352988408624
483,batch,30,4.0,0.01,400,1,0.0,0.1,0.02,400,0.02552620250044759,0.025527226200347544,0.5,1025,4.010227714985071e-05,0.025527226200347544,static,"[[400, 0.5]]",0.03457239160054862,0.03480358906963175,0.9999598977228501,1.0,0.7334653374189389
484,batch,30,4.0,0.01,400,1,0.1,0.0,0.02,400,0.000595736148326497,0.0005957943371550129,0.5,4097,9.766596438927291e-05,0.0005957943371550129,static,"[[400, 0.5]]",0.0005975877929035676,0.0005975877929034444,0.9999023340356107,1.0,0.9969988413924624
485,batch,30,4.0,0.01,400,1,0.1,0.0001,0.02,400,0.0006207056203545569,0.0006207638149995378,0.5,4097,9.374683828967463e-05,0.0006207638149995378,static,"[[400, 0.5]]",0.000631827124273579,0.0006318271242734593,0.9999062531617103,1.0,0.982489974157657
486,batch,30,4.0,0.01,400,1,0.1,0.01,0.02,400,0.0030918017921030645,0.003092742121607392,0.5,1025,0.0003040439413806692,0.003092742121607392,static,"[[400, 0.5]]",0.0040202240534841106,0.004021520929905443,0.9996959560586194,1.0,0.7690478740539866
487,batch,30,4.0,0.01,400,1,0.1,0.1,0.02,400,0.025564248094909956,0.025565272181678825,0.5,1025,4.005772993891876e-05,0.025565272181678825,static,"[[400, 0.5]]",0.034605949597686564,0.03483691916292348,0.9999599422700611,1.0,0.7338557138797636
488,batch,30,4.0,0.01,400,8,0.0,0.0,0.02,3200,0.00035442951663553293,0.0003544884222599332,0.5,4097,0.0001661707991046469,0.00021942510281635838,pure_two_phase,"[[76, 1.0], [324, 0.0]]",0.00021942510281635838,0.00022055286399469756,1.6152642158366113,1.6155326701913966,1.6072719067862826
489,batch,30,4.0,0.01,400,8,0.0,0.0001,0.02,3200,0.00037936687214767603,0.00037942578366263876,0.5,4097,0.00015526492267882048,0.0002537014276591167,pure_two_phase,"[[76, 1.0], [324, 0.0]]",0.0002537014276591167,0.0002547833648333109,1.4953280935313,1.4955603015858872,1.4892094070226043
490,batch,30,4.0,0.01,400,8,0.0,0.01,0.02,3200,0.0028472726456939116,0.0028482245625305316,0.5,1025,0.00033421410978010904,0.0028482245625305316,static,"[[400, 0.5]]",0.003643602947856142,0.003643602947856206,0.9996657858902199,1.0,0.7817055269994079
491,batch,30,4.0,0.01,400,8,0.0,0.1,0.02,3200,0.025290813083856768,0.02529184982496596,0.5,1025,4.0991114385290744e-05,0.02529184982496596,static,"[[400, 0.5]]",0.0342443575647503,0.034451053702609855,0.9999590088856147,1.0,0.734138643284805
492,batch,30,4.0,0.01,400,8,0.1,0.0,0.02,3200,0.00035914692774560123,0.0003592058364385313,0.5,4097,0.00016399703722565914,0.0002235553589869134,pure_two_phase,"[[76, 1.0], [324, 0.0]]",0.0002235553589869134,0.0002246859970318569,1.6065234551886773,1.6067869634901426,1.59870148199579
493,batch,30,4.0,0.01,400,8,0.1,0.0001,0.02,3200,0.00038408428325774433,0.00038414319784123687,0.5,4097,0.00015336620256096433,0.00025783168382967174,pure_two_phase,"[[76, 1.0], [324, 0.0]]",0.00025783168382967174,0.0002589164978704702,1.4896706159336,1.4898991161032358,1.4836567039981152
494,batch,30,4.0,0.01,400,8,0.1,0.01,0.02,3200,0.002851990010776033,0.0028529419767091297,0.5,1025,0.0003336786870775968,0.0028529419767091297,static,"[[400, 0.5]]",0.0036477360808933063,0.003647736080893367,0.9996663213129224,1.0,0.7821130458567649
495,batch,30,4.0,0.01,400,8,0.1,0.1,0.02,3200,0.02529553044893889,0.025296567239144557,0.5,1025,4.0985411019061256e-05,0.025296567239144557,static,"[[400, 0.5]]",0.03424851645809496,0.034455186835647016,0.999959014588981,1.0,0.734187492867488
496,batch,30,4.0,0.01,400,64,0.0,0.0,0.02,25600,0.0003293659470717472,0.0003294249457824329,0.5,4097,0.00017909606252045773,0.00017660030979335314,pure_two_phase,"[[76, 1.0], [324, 0.0]]",0.00017660030979335314,0.00017799632954636387,1.8650360662285987,1.8653701466770118,1.8507401058324937
497,batch,30,4.0,0.01,400,64,0.0,0.0001,0.02,25600,0.0003542993252967309,0.0003543583299072876,0.5,4097,0.00016651114303471603,0.00021087554140002476,pure_two_phase,"[[76, 1.0], [324, 0.0]]",0.00021087554140002476,0.00021222573699198471,1.6801347512589684,1.6804145590079609,1.669723639224167
498,batch,30,4.0,0.01,400,64,0.0,0.01,0.02,25600,0.002821809937151865,0.0028227633582681684,0.5,1025,0.0003377616170022785,0.0028227633582681684,static,"[[400, 0.5]]",0.0036009370741092363,0.0036009370741091912,0.9996622383829977,1.0,0.7838968857756201
499,batch,30,4.0,0.01,400,64,0.0,0.1,0.02,25600,0.025261770691206217,0.025262809070639814,0.5,1025,4.110308678239047e-05,0.025262809070639814,static,"[[400, 0.5]]",0.034203577951313485,0.03440740377517475,0.9999588969132176,1.0,0.7342259600786026
500,batch,30,4.0,0.01,400,64,0.1,0.0,0.02,25600,0.0003299550300147951,0.0003300140291097732,0.5,4097,0.00017877753602544056,0.00017711607968683846,pure_two_phase,"[[76, 1.0], [324, 0.0]]",0.00017711607968683846,0.0001785124584126642,1.86293096932923,1.8632640790902546,1.848689060944337
501,batch,30,4.0,0.01,400,64,0.1,0.0001,0.02,25600,0.00035488840823977877,0.00035494741323462793,0.5,4097,0.000166235877904979,0.00021139131129351008,pure_two_phase,"[[76, 1.0], [324, 0.0]]",0.00021139131129351008,0.00021274186585828504,1.6788221146281057,1.6791012414970774,1.668441760640903
502,batch,30,4.0,0.01,400,64,0.1,0.01,0.02,25600,0.002822399014330527,0.0028233524415955088,0.5,1025,0.0003376933219300813,0.0028233524415955088,static,"[[400, 0.5]]",0.003601453202975533,0.0036014532029754846,0.9996623066780699,1.0,0.7839481127404024
503,batch,30,4.0,0.01,400,64,0.1,0.1,0.02,25600,0.025262359768384878,0.025263398153967154,0.5,1025,4.110237173747738e-05,0.025263398153967154,static,"[[400, 0.5]]",0.03420409729413509,0.03440791990404104,0.9999588976282625,1.0,0.7342320670480315
504,batch,30,4.0,0.05,80,1,0.0,0.0,0.02,80,0.001935239200232089,0.0019360909580684832,0.5,1025,0.00043993689079769525,0.0019360909580684832,static,"[[80, 0.5]]",0.002299979807828428,0.0023042539743774893,0.9995600631092023,1.0,0.8402246365188681
505,batch,30,4.0,0.05,80,1,0.0,0.0001,0.02,80,0.001960376867657339,0.001961228710669517,0.5,1025,0.00043434149599366425,0.001961228710669517,static,"[[80, 0.5]]",0.00233404906371568,0.0023385507379648177,0.9995656585040064,1.0,0.8386513402639812
506,batch,30,4.0,0.05,80,1,0.0,0.01,0.02,80,0.004449005942757576,0.004449866218172334,0.5,1025,0.00019332612995077246,0.004449866218172334,static,"[[80, 0.5]]",0.005706905396553724,0.0057339303331110075,0.9998066738700492,1.0,0.7760586473254218
507,batch,30,4.0,0.05,80,1,0.0,0.1,0.02,80,0.02707290662548704,0.027073843559107073,0.5,1025,3.460659798770265e-05,0.027073843559107073,static,"[[80, 0.5]]",0.036204104115118554,0.03660101756171271,0.9999653934020123,1.0,0.7397019362496702
508,batch,30,4.0,0.05,80,1,0.1,0.0,0.02,80,0.0021367355443951317,0.0021375890054730518,0.5,1025,0.0003992634111304327,0.0021375890054730518,static,"[[80, 0.5]]",0.0024769783005789015,0.002480632127772678,0.9996007365888696,1.0,0.861711408774005
509,batch,30,4.0,0.05,80,1,0.1,0.0001,0.02,80,0.002161873211820382,0.0021627267580740855,0.5,1025,0.0003946620859602682,0.0021627267580740855,static,"[[80, 0.5]]",0.0025110475564661533,0.0025149288913600062,0.9996053379140397,1.0,0.859955430749591
510,batch,30,4.0,0.05,80,1,0.1,0.01,0.02,80,0.004650502286920618,0.004651364265576902,0.5,1025,0.00018531738368960965,0.004651364265576902,static,"[[80, 0.5]]",0.005883903889304197,0.005910308486506201,0.9998146826163103,1.0,0.7869917917476578
511,batch,30,4.0,0.05,80,1,0.1,0.1,0.02,80,0.027274402969650082,0.02727534160651164,0.5,1025,3.441338609430535e-05,0.02727534160651164,static,"[[80, 0.5]]",0.03638217431009247,0.03677739571510791,0.9999655866139057,1.0,0.7416333069855491
512,batch,30,4.0,0.05,80,8,0.0,0.0,0.02,640,0.0008131953041506543,0.0008132520886574195,0.5,4097,6.98239913025897e-05,0.0004023862791180718,pure_two_phase,"[[15, 1.0], [65, 0.0]]",0.0004023862791180718,0.00040238627911809953,2.020931990854587,2.0210731102458586,2.021073110245719
513,batch,30,4.0,0.05,80,8,0.0,0.0001,0.02,640,0.0008381590306774196,0.0008382158208626355,0.5,4097,6.775126859027864e-05,0.0004366357513572606,pure_two_phase,"[[15, 1.0], [65, 0.0]]",0.0004366357513572606,0.0004366357513572901,1.9195840653726677,1.9197141284402002,1.9197141284400705
514,batch,30,4.0,0.05,80,8,0.0,0.01,0.02,640,0.0033087076697475987,0.0033096253091794993,0.5,1025,0.0002772638429357949,0.0033096253091794993,static,"[[80, 0.5]]",0.0038273335030375513,0.003827333503037565,0.9997227361570642,1.0,0.8647339738104384
515,batch,30,4.0,0.05,80,8,0.0,0.1,0.02,640,0.025775984884596034,0.025776984293878303,0.5,1025,3.87713811233796e-05,0.025776984293878303,static,"[[80, 0.5]]",0.03441252432591019,0.034651858518312845,0.9999612286188766,1.0,0.7438846109871902
516,batch,30,4.0,0.05,80,8,0.1,0.0,0.02,640,0.000837341701840306,0.0008373985007009504,0.5,4097,6.782775535993031e-05,0.0004235339556651011,pure_two_phase,"[[15, 1.0], [65, 0.0]]",0.0004235339556651011,0.0004235339556651202,1.9770355850816672,1.9771696920638455,1.9771696920637565
517,batch,30,4.0,0.05,80,8,0.1,0.0001,0.02,640,0.0008623054283670714,0.0008623622329061663,0.5,4097,6.587085673214325e-05,0.00045778342790428993,pure_two_phase,"[[15, 1.0], [65, 0.0]]",0.00045778342790428993,0.00045778342790431074,1.8836536576141765,1.8837777436680447,1.8837777436679592
518,batch,30,4.0,0.05,80,8,0.1,0.01,0.02,640,0.0033328538521290633,0.00333377172122303,0.5,1025,0.0002753245185096898,0.00333377172122303,static,"[[80, 0.5]]",0.0038484811795845807,0.003848481179584593,0.9997246754814904,1.0,0.8662564699310493
519,batch,30,4.0,0.05,80,8,0.1,0.1,0.02,640,0.0258001310669775,0.025801130705921833,0.5,1025,3.874399752967269e-05,0.025801130705921833,static,"[[80, 0.5]]",0.03443380878773001,0.03467300619485987,0.9999612560024703,1.0,0.7441273064389422
520,batch,30,4.0,0.05,80,64,0.0,0.0,0.02,5120,0.0006825276795932888,0.0006825849209726531,0.5,4097,8.385971855746273e-05,0.00017583751432683446,pure_two_phase,"[[15, 1.0], [65, 0.0]]",0.00017583751432683446,0.00017583751432684314,3.881581710286544,3.8819072459356545,3.881907245935463
521,batch,30,4.0,0.05,80,64,0.0,0.0001,0.02,5120,0.000707470690387814,0.0007075279374913162,0.5,4097,8.091143892533253e-05,0.00021008136042461462,pure_two_phase,"[[15, 1.0], [65, 0.0]]",0.00021008136042461462,0.00021008136042461462,3.367603336906617,3.3678758365866774,3.3678758365866774
522,batch,30,4.0,0.05,80,64,0.0,0.01,0.02,5120,0.0031759615503208897,0.003176886572839258,0.5,1025,0.00029117266139649315,0.003176886572839258,static,"[[80, 0.5]]",0.0036002221241048307,0.003600222124104829,0.9997088273386036,1.0,0.8824140465025251
523,batch,30,4.0,0.05,80,64,0.0,0.1,0.02,5120,0.025624593989371194,0.025625601439638723,0.5,1025,3.93142096548237e-05,0.025625601439638723,static,"[[80, 0.5]]",0.034195894817522096,0.03441968361210672,0.9999606857903451,1.0,0.7445042705338877
524,batch,30,4.0,0.05,80,64,0.1,0.0,0.02,5120,0.0006855304786549104,0.0006855877218455621,0.5,4097,8.349506391054882e-05,0.00017846759278689409,pure_two_phase,"[[15, 1.0], [65, 0.0]]",0.00017846759278689409,0.00017846759278690276,3.8412042654348664,3.8415250138114088,3.841525013811222
525,batch,30,4.0,0.05,80,64,0.1,0.0001,0.02,5120,0.0007104734894494356,0.0007105307383642252,0.5,4097,8.057204523119237e-05,0.00021271143888467424,pure_two_phase,"[[15, 1.0], [65, 0.0]]",0.00021271143888467424,0.00021271143888467424,3.340081253620935,3.3403503924838462,3.3403503924838462
526,batch,30,4.0,0.05,80,64,0.1,0.01,0.02,5120,0.0031789643222131995,0.003179889373712167,0.5,1025,0.0002909068178958901,0.003179889373712167,static,"[[80, 0.5]]",0.0036028522025648903,0.003602852202564892,0.9997090931821041,1.0,0.8826033361702667
527,batch,30,4.0,0.05,80,64,0.1,0.1,0.02,5120,0.025627596761263503,0.02562860424051163,0.5,1025,3.931073415756045e-05,0.02562860424051163,static,"[[80, 0.5]]",0.03419854182783099,0.03442231369056678,0.9999606892658425,1.0,0.744534619924023
528,batch,30,8.0,0.01,800,1,0.0,0.0,0.02,800,0.00015187117292087796,0.00015198833522238092,0.5,4097,0.0007708637727463761,0.00015198833522238092,static,"[[800, 0.5]]",0.0003233232354087571,0.000323323235408627,0.9992291362272536,1.0,0.4700816971297867
529,batch,30,8.0,0.01,800,1,0.0,0.0001,0.02,800,0.00016432552106433333,0.00016444269508206644,0.5,4097,0.0007125522825725655,0.00016444269508206644,static,"[[800, 0.5]]",0.000352492058122586,0.00035249205812246803,0.9992874477174274,1.0,0.466514610167283
530,batch,30,8.0,0.01,800,1,0.0,0.01,0.02,800,0.0013973059872665352,0.0013974243211910531,0.5,4097,8.468002361449957e-05,0.0013974243211910531,static,"[[800, 0.5]]",0.003238280222513011,0.0032402055067925605,0.9999153199763855,1.0,0.43127644782455365
531,batch,30,8.0,0.01,800,1,0.0,0.1,0.02,800,0.012604286130026754,0.01260634819490913,0.5,1025,0.0001635735306128413,0.01260634819490913,static,"[[800, 0.5]]",0.02928331993390955,0.029492145949247966,0.9998364264693872,1.0,0.4274476403515352
532,batch,30,8.0,0.01,800,1,0.1,0.0,0.02,800,0.0001962793784826052,0.00019639670162810972,0.5,4097,0.0005973783904308177,0.00019639670162810972,static,"[[800, 0.5]]",0.00035920822247781543,0.00035920822247768186,0.9994026216095692,1.0,0.5467489031109586
533,batch,30,8.0,0.01,800,1,0.1,0.0001,0.02,800,0.00020873372662606057,0.00020885106148779524,0.5,4097,0.0005618111820874028,0.00020885106148779524,static,"[[800, 0.5]]",0.00038837704519164434,0.0003883770451915229,0.9994381888179126,1.0,0.5377533612595542
534,batch,30,8.0,0.01,800,1,0.1,0.01,0.02,800,0.0014417141928282624,0.001441832687596782,0.5,4097,8.218343885445426e-05,0.001441832687596782,static,"[[800, 0.5]]",0.00327418485397654,0.0032760904938616154,0.9999178165611455,1.0,0.44010771079075267
535,batch,30,8.0,0.01,800,1,0.1,0.1,0.02,800,0.01264869192292846,0.01265075656131486,0.5,1025,0.00016320275996094128,0.01265075656131486,static,"[[800, 0.5]]",0.029319400958016315,0.029528030936317028,0.999836797240039,1.0,0.42843210875112836
536,batch,30,8.0,0.01,800,8,0.0,0.0,0.02,6400,5.838808003937299e-05,5.839545434407553e-05,0.5,16385,0.0001262821701684692,4.0573851554502605e-05,pure_two_phase,"[[76, 1.0], [724, 0.0]]",4.0573851554502605e-05,4.0798890815568756e-05,1.4390568753607391,1.4392386255377623,1.4313000470540236
537,batch,30,8.0,0.01,800,8,0.0,0.0001,0.02,6400,7.081970476349945e-05,7.082707980563246e-05,0.5,16385,0.00010412743477849343,6.977407949030137e-05,pure_two_phase,"[[76, 1.0], [724, 0.0]]",6.977407949030137e-05,6.995986897650498e-05,1.0149858698364256,1.0150915687175415,1.01239583266542
538,batch,30,8.0,0.01,800,8,0.0,0.01,0.02,6400,0.0013014388317052802,0.0013015580004998068,0.5,4097,9.155857401729474e-05,0.0013015580004998068,static,"[[800, 0.5]]",0.002956851068410272,0.002956896706909889,0.9999084414259827,1.0,0.44017702663005864
539,batch,30,8.0,0.01,800,8,0.0,0.1,0.02,6400,0.012487944302651995,0.012490020915901413,0.5,1025,0.00016626179118520322,0.012490020915901413,static,"[[800, 0.5]]",0.029014985909875772,0.029201777051758873,0.9998337382088148,1.0,0.4277144125086428
540,batch,30,8.0,0.01,800,8,0.1,0.0,0.02,6400,6.389303877334684e-05,6.390041435540088e-05,0.5,16385,0.00011542307085862395,4.502228183372349e-05,pure_two_phase,"[[76, 1.0], [724, 0.0]]",4.502228183372349e-05,4.5249789884935915e-05,1.4191426149682267,1.4193064356755218,1.412170410468004
541,batch,30,8.0,0.01,800,8,0.1,0.0001,0.02,6400,7.632466349747331e-05,7.633203981695781e-05,0.5,16385,9.66346438820295e-05,7.422250976952226e-05,pure_two_phase,"[[76, 1.0], [724, 0.0]]",7.422250976952226e-05,7.441076804587041e-05,1.028322320741763,1.0284217019066875,1.0258198083629917
542,batch,30,8.0,0.01,800,8,0.1,0.01,0.02,6400,0.0013069437712789817,0.0013070629605111321,0.5,4097,9.11885928614868e-05,0.0013070629605111321,static,"[[800, 0.5]]",0.0029613043872219347,0.0029613476059792577,0.9999088114071385,1.0,0.441374378972614
543,batch,30,8.0,0.01,800,8,0.1,0.1,0.02,6400,0.012493448935661339,0.012495525875912739,0.5,1025,0.00016621471333216374,0.012495525875912739,static,"[[800, 0.5]]",0.029019460933678323,0.029206227950828233,0.9998337852866679,1.0,0.42783771656340813
544,batch,30,8.0,0.01,800,64,0.0,0.0,0.02,51200,4.68331860726396e-05,4.6840566836087215e-05,0.5,16385,0.0001575720352284248,5.323947724384867e-06,pure_two_phase,"[[76, 1.0], [724, 0.0]]",5.323947724384867e-06,5.781653664898093e-06,8.796702841039023,8.798089173856269,8.101586423356409
545,batch,30,8.0,0.01,800,64,0.0,0.0001,0.02,51200,5.9261995860390144e-05,5.92693773619141e-05,0.5,16385,0.00012454157361706838,3.4523200824884345e-05,pure_two_phase,"[[76, 1.0], [724, 0.0]]",3.4523200824884345e-05,3.494165833048922e-05,1.716584628435555,1.7167984412150075,1.696238249522265
546,batch,30,8.0,0.01,800,64,0.0,0.01,0.02,51200,0.0012896023462510937,0.0012897216194190024,0.5,4097,9.2479777118422e-05,0.0012897216194190024,static,"[[800, 0.5]]",0.0029217821202246336,0.002921782120224675,0.9999075202228815,1.0,0.44141608318139314
547,batch,30,8.0,0.01,800,64,0.0,0.1,0.02,51200,0.012473572660614923,0.012475651092665255,0.5,1025,0.00016659908448017437,0.012475651092665255,static,"[[800, 0.5]]",0.028981761653128872,0.029165786319262747,0.9998334009155199,1.0,0.42774951980038417
548,batch,30,8.0,0.01,800,64,0.1,0.0,0.02,51200,4.752059279198082e-05,4.752797371542438e-05,0.5,16385,0.00015529640476057065,5.8794647337136186e-06,pure_two_phase,"[[76, 1.0], [724, 0.0]]",5.8794647337136186e-06,6.337478714164152e-06,8.082469228787364,8.083724602155154,7.499508220706162
549,batch,30,8.0,0.01,800,64,0.1,0.0001,0.02,51200,5.9949402579731356e-05,5.9956784241251265e-05,0.5,16385,0.0001231163681195178,3.50787178342131e-05,pure_two_phase,"[[76, 1.0], [724, 0.0]]",3.50787178342131e-05,3.549748337976048e-05,1.7089964024073108,1.7092068337450466,1.689043237229507
550,batch,30,8.0,0.01,800,64,0.1,0.01,0.02,51200,0.0012902897505704957,0.0012904090262983395,0.5,4097,9.243249652860312e-05,0.0012904090262983395,static,"[[800, 0.5]]",0.0029223379452738996,0.0029223379452739413,0.9999075675034714,1.0,0.4415673513685208
551,batch,30,8.0,0.01,800,64,0.1,0.1,0.02,51200,0.012474260026535296,0.012476338499544591,0.5,1025,0.00016659318832778044,0.012476338499544591,static,"[[800, 0.5]]",0.02898232048788382,0.02916634214431201,0.9998334068116722,1.0,0.42776493664556814
552,batch,30,8.0,0.05,160,1,0.0,0.0,0.02,160,0.0008174134915459768,0.0008175250873901049,0.5,4097,0.0001365044887910749,0.0008175250873901049,static,"[[160, 0.5]]",0.0017689877626571367,0.0017768934825167174,0.9998634955112089,1.0,0.4600867161897609
553,batch,30,8.0,0.05,160,1,0.0,0.0001,0.02,160,0.0008299706096839119,0.0008300822166876244,0.5,4097,0.00013445295112796964,0.0008300822166876244,static,"[[160, 0.5]]",0.0017980111728811837,0.0018061120465792217,0.999865547048872,1.0,0.45959619075671476
554,batch,30,8.0,0.05,160,1,0.0,0.01,0.02,160,0.002071434621465119,0.0020732380171422067,0.5,1025,0.0008698449778446537,0.0020732380171422067,static,"[[160, 0.5]]",0.004671328785062285,0.004698749888767667,0.9991301550221553,1.0,0.4412318310660181
555,batch,30,8.0,0.05,160,1,0.0,0.1,0.02,160,0.013372690290609349,0.013374654384911127,0.5,1025,0.00014685196680627163,0.013374654384911127,static,"[[160, 0.5]]",0.03063934745174349,0.03099545754502623,0.9998531480331937,1.0,0.4315036926130915
556,batch,30,8.0,0.05,160,1,0.1,0.0,0.02,160,0.001052920946321959,0.0010530332513447817,0.5,4097,0.00010664907559105761,0.0010530332513447817,static,"[[160, 0.5]]",0.001958935614997973,0.0019663080700782314,0.9998933509244089,1.0,0.5355382848542577
557,batch,30,8.0,0.05,160,1,0.1,0.0001,0.02,160,0.0010654780644598941,0.0010655903806423013,0.5,4097,0.00010540277431878433,0.0010655903806423013,static,"[[160, 0.5]]",0.00198795902522202,0.001995526634140739,0.9998945972256812,1.0,0.5339895556448624
558,batch,30,8.0,0.05,160,1,0.1,0.01,0.02,160,0.0023069314385606838,0.0023087461810968836,0.5,1025,0.0007860294696135029,0.0023087461810968836,static,"[[160, 0.5]]",0.004861276637403121,0.004888164476329183,0.9992139705303865,1.0,0.4723135222386502
559,batch,30,8.0,0.05,160,1,0.1,0.1,0.02,160,0.013608187107704915,0.013610162548865806,0.5,1025,0.00014514456780348838,0.013610162548865806,static,"[[160, 0.5]]",0.030830219284432893,0.031184872132587742,0.9998548554321965,1.0,0.43643477167390343
560,batch,30,8.0,0.05,160,8,0.0,0.0,0.02,1280,0.00029927284827669726,0.00029938856061080587,0.5,4097,0.00038649550895508765,0.00021394515118484253,pure_two_phase,"[[15, 1.0], [145, 0.0]]",0.00021394515118484253,0.00021394515118489804,1.3988297777224874,1.3993706281856448,1.3993706281852818
561,batch,30,8.0,0.05,160,8,0.0,0.0001,0.02,1280,0.0003117067886374724,0.0003118225125428144,0.5,4097,0.00037112107268427974,0.00024312196909710183,pure_two_phase,"[[15, 1.0], [145, 0.0]]",0.00024312196909710183,0.00024312196909716081,1.2821004609130082,1.282576452061697,1.2825764520613858
562,batch,30,8.0,0.05,160,8,0.0,0.01,0.02,1280,0.0015426668843544062,0.0015427837538118559,0.5,4097,7.575232572999829e-05,0.0015427837538118559,static,"[[160, 0.5]]",0.0031316269424114303,0.003131626942411477,0.99992424767427,1.0,0.4926460853040979
563,batch,30,8.0,0.05,160,8,0.0,0.1,0.02,1280,0.012731303947437406,0.012733340492621308,0.5,1025,0.00015993801352300505,0.012733340492621308,static,"[[160, 0.5]]",0.029177860038257352,0.029390763063450672,0.999840061986477,1.0,0.4332429363991589
564,batch,30,8.0,0.05,160,8,0.1,0.0,0.02,1280,0.00032745601159895157,0.0003275718201836287,0.5,4097,0.00035353646907794315,0.0002366787295116496,pure_two_phase,"[[15, 1.0], [145, 0.0]]",0.0002366787295116496,0.00023667872951170163,1.383546431378126,1.384035738486188,1.384035738485884
565,batch,30,8.0,0.05,160,8,0.1,0.0001,0.02,1280,0.00033988995195972666,0.00034000577211563726,0.5,4097,0.0003406417343738811,0.0002658555474239089,pure_two_phase,"[[15, 1.0], [145, 0.0]]",0.0002658555474239089,0.0002658555474239696,1.278476056840632,1.2789117075428005,1.2789117075425083
566,batch,30,8.0,0.05,160,8,0.1,0.01,0.02,1280,0.0015708500476766605,0.0015709670133846787,0.5,4097,7.445459199438989e-05,0.0015709670133846787,static,"[[160, 0.5]]",0.0031543605207382374,0.0031543605207382825,0.9999255454080056,1.0,0.49803026732562317
567,batch,30,8.0,0.05,160,8,0.1,0.1,0.02,1280,0.012759485667001132,0.01276152375219413,0.5,1025,0.00015970547346647537,0.01276152375219413,static,"[[160, 0.5]]",0.029200711048031677,0.029413496641777483,0.9998402945265336,1.0,0.4338662590039802
568,batch,30,8.0,0.05,160,64,0.0,0.0,0.02,10240,0.0002385801339278913,0.00023869636485986763,0.5,4097,0.00048694051978780877,2.6748703688989073e-05,pure_two_phase,"[[15, 1.0], [145, 0.0]]",2.6748703688989073e-05,2.6748703688996012e-05,8.9193157433682,8.923661035511243,8.923661035508928
569,batch,30,8.0,0.05,160,64,0.0,0.0001,0.02,10240,0.00025099942731375416,0.0002511156698688237,0.5,4097,0.0004629044261963735,5.5920496106190085e-05,pure_two_phase,"[[15, 1.0], [145, 0.0]]",5.5920496106190085e-05,5.592049610619529e-05,4.488505016785249,4.490583727869085,4.490583727868667
570,batch,30,8.0,0.05,160,64,0.0,0.01,0.02,10240,0.0014805094725143565,0.0014806268657556526,0.5,4097,7.928617534314843e-05,0.0014806268657556526,static,"[[160, 0.5]]",0.002943927945409411,0.002943927945409413,0.9999207138246569,1.0,0.5029426308019714
571,batch,30,8.0,0.05,160,64,0.0,0.1,0.02,10240,0.01265595570122681,0.012658001373817715,0.5,1025,0.0001616110261401186,0.012658001373817715,static,"[[160, 0.5]]",0.02899916365873643,0.029198541120893134,0.9998383889738599,1.0,0.4335148568350982
572,batch,30,8.0,0.05,160,64,0.1,0.0,0.02,10240,0.00024208438377793255,0.00024220062686533235,0.5,4097,0.0004799454440076044,2.9576388573759882e-05,pure_two_phase,"[[15, 1.0], [145, 0.0]]",2.9576388573759882e-05,2.957638857376682e-05,8.18505556126989,8.188985827708942,8.18898582770702
573,batch,30,8.0,0.05,160,64,0.1,0.0001,0.02,10240,0.0002545036771637954,0.00025461993187428844,0.5,4097,0.0004565813431700273,5.8748180990960894e-05,pure_two_phase,"[[15, 1.0], [145, 0.0]]",5.8748180990960894e-05,5.874818099096436e-05,4.332111613854969,4.334090478707157,4.3340904787069015
574,batch,30,8.0,0.05,160,64,0.1,0.01,0.02,10240,0.0014840137223643976,0.0014841311277611173,0.5,4097,7.910715874329561e-05,0.0014841311277611173,static,"[[160, 0.5]]",0.002946755630294182,0.0029467556302941803,0.9999208928412567,1.0,0.5036492040614015
575,batch,30,8.0,0.05,160,64,0.1,0.1,0.02,10240,0.012659459768745497,0.012661505635823179,0.5,1025,0.00016158165833714006,0.012661505635823179,static,"[[160, 0.5]]",0.029002005876266022,0.029201368805777915,0.9998384183416629,1.0,0.4335928812117162
576,batch,45,1.0,0.01,100,1,0.0,0.0,0.02,100,0.08859575839549118,0.08859592416103637,0.5,1025,1.8710290203846573e-06,0.08692595733266287,pure_two_phase,"[[45, 1.0], [55, 0.0]]",0.08692595733266287,0.1116836459040583,1.019209464170041,1.0192113711440944,0.7932757159194516
577,batch,45,1.0,0.01,100,1,0.0,0.0001,0.02,100,0.08863168777166952,0.08863185355379127,0.5,1025,1.8704575737215337e-06,0.08696243513136989,pure_two_phase,"[[45, 1.0], [55, 0.0]]",0.08696243513136989,0.11172288272655584,1.0191951000196575,1.0191970063844173,0.7933187131477769
578,batch,45,1.0,0.01,100,1,0.0,0.01,0.02,100,0.09218869601332741,0.09218886343652806,0.5,1025,1.8160892152197026e-06,0.0905737372033658,pure_two_phase,"[[45, 1.0], [55, 0.0]]",0.0905737372033658,0.11560732815381046,1.0178303210160748,1.0178321694901007,0.7974309666068472
579,batch,45,1.0,0.01,100,1,0.0,0.1,0.02,100,0.12452513457385368,0.1245253169159534,0.5,1025,1.4642974153929555e-06,0.12339483438100429,pure_two_phase,"[[46, 1.0], [54, 0.0]]",0.12339483438100429,0.15092046840157988,1.0091600284446218,1.009161506157207,0.8251055554943522
580,batch,45,1.0,0.01,100,1,0.1,0.0,0.02,100,0.08862378754394636,0.08862395333369383,0.5,1025,1.8707103580442018e-06,0.08695379244211746,pure_two_phase,"[[45, 1.0], [55, 0.0]]",0.08695379244211746,0.11170882213310555,1.0192055464738996,1.019207453115839,0.7933478452408604
581,batch,45,1.0,0.01,100,1,0.1,0.0001,0.02,100,0.08865971692012473,0.08865988272644876,0.5,1025,1.87013922117758e-06,0.08699027024082448,pure_two_phase,"[[45, 1.0], [55, 0.0]]",0.08699027024082448,0.1117480589556031,1.0191911885625662,1.0191930945955463,0.793390807456198
582,batch,45,1.0,0.01,100,1,0.1,0.01,0.02,100,0.0922167251617826,0.09221689260918553,0.5,1025,1.8157996674118168e-06,0.0906015723128204,pure_two_phase,"[[45, 1.0], [55, 0.0]]",0.0906015723128204,0.11563250438285771,1.0178269847612087,1.0178288329344651,0.7974997437040419
583,batch,45,1.0,0.01,100,1,0.1,0.1,0.02,100,0.12455316372230889,0.12455334608861088,0.5,1025,1.4641622061309238e-06,0.12342268559718053,pure_two_phase,"[[46, 1.0], [54, 0.0]]",0.12342268559718053,0.1509456446306271,1.0091594030680708,1.0091608806432921,0.8251536266144033
584,batch,45,1.0,0.01,100,8,0.0,0.0,0.02,800,0.08694759221377873,0.08694776056940454,0.5,1025,1.9362847840920833e-06,0.08519857296444004,pure_two_phase,"[[45, 1.0], [55, 0.0]]",0.08519857296444004,0.1103720586669385,1.020528738786138,1.0205307148242326,0.7877696730454243
585,batch,45,1.0,0.01,100,8,0.0,0.0001,0.02,800,0.08698345782350086,0.08698362619596223,0.5,1025,1.935679951797166e-06,0.08523499175432689,pure_two_phase,"[[45, 1.0], [55, 0.0]]",0.08523499175432689,0.11041124853635693,1.0205134773076951,1.0205154526989975,0.7878148952125986
586,batch,45,1.0,0.01,100,8,0.0,0.01,0.02,800,0.09053415318599044,0.09053432322517249,0.5,1025,1.87817366935242e-06,0.08884045195312586,pure_two_phase,"[[45, 1.0], [55, 0.0]]",0.08884045195312586,0.11429104560878385,1.0190645274267427,1.0190664414105002,0.7921383756962888
587,batch,45,1.0,0.01,100,8,0.0,0.1,0.02,800,0.12281320193589576,0.12281338712708414,0.5,1025,1.5079071811015687e-06,0.12160951647364315,pure_two_phase,"[[46, 1.0], [54, 0.0]]",0.12160951647364315,0.1495619280853921,1.0098979545117548,1.0098994773464287,0.8211540777741517
588,batch,45,1.0,0.01,100,8,0.1,0.0,0.02,800,0.08695107889618343,0.08695124725487136,0.5,1025,1.9362423569144315e-06,0.08520203583122324,pure_two_phase,"[[45, 1.0], [55, 0.0]]",0.08520203583122324,0.11037518884413876,1.020528183955896,1.0205301599496182,0.7877789217435048
589,batch,45,1.0,0.01,100,8,0.1,0.0001,0.02,800,0.08698694450590556,0.08698711288142905,0.5,1025,1.9356375663560108e-06,0.08523845462111007,pure_two_phase,"[[45, 1.0], [55, 0.0]]",0.08523845462111007,0.11041437871355718,1.0205129233345165,1.0205148986814914,0.7878241393459778
590,batch,45,1.0,0.01,100,8,0.1,0.01,0.02,800,0.09053763986839514,0.09053780991063931,0.5,1025,1.8781351607907647e-06,0.08884391481990905,pure_two_phase,"[[45, 1.0], [55, 0.0]]",0.08884391481990905,0.1142941757859841,1.01906405241056,1.0190659663541828,0.7921471876237282
591,batch,45,1.0,0.01,100,8,0.1,0.1,0.02,800,0.12281668861830046,0.12281687381255096,0.5,1025,1.5078893050721315e-06,0.12161298135321177,pure_two_phase,"[[46, 1.0], [54, 0.0]]",0.12161298135321177,0.14956505826259234,1.0098978517892974,1.0098993746057636,0.8211602043902566
592,batch,45,1.0,0.01,100,64,0.0,0.0,0.02,6400,0.08674310373894255,0.08674327242011863,0.5,1025,1.944602404041585e-06,0.08498409845891391,pure_two_phase,"[[45, 1.0], [55, 0.0]]",0.08498409845891391,0.11020949379937603,1.0206980518935438,1.020700036749289,0.7870762257380929
593,batch,45,1.0,0.01,100,64,0.0,0.0001,0.02,6400,0.08677896142324343,0.08677913012128763,0.5,1025,1.9439932615690888e-06,0.08502050991708307,pure_two_phase,"[[45, 1.0], [55, 0.0]]",0.08502050991708307,0.11024867782874179,1.0206826741909134,1.0206846583950115,0.7871217308935776
594,batch,45,1.0,0.01,100,64,0.0,0.01,0.02,6400,0.09032887216903156,0.0903290425370194,0.5,1025,1.8860820734648099e-06,0.08862524427583038,pure_two_phase,"[[45, 1.0], [55, 0.0]]",0.08862524427583038,0.1141278967359522,1.019222828745035,1.0192247510865668,0.7914720687966927
595,batch,45,1.0,0.01,100,64,0.0,0.1,0.02,6400,0.1226007880398327,0.12260097358912639,0.5,1025,1.513440621731642e-06,0.12138784629932975,pure_two_phase,"[[46, 1.0], [54, 0.0]]",0.12138784629932975,0.14939352316513754,1.0099922832267076,1.00999381179237,0.8206578905941254
596,batch,45,1.0,0.01,100,64,0.1,0.0,0.02,6400,0.0867435393103554,0.08674370799191483,0.5,1025,1.944597058779777e-06,0.08498453106024442,pure_two_phase,"[[45, 1.0], [55, 0.0]]",0.08498453106024442,0.11020988480958335,1.0206979814816421,1.0206999663317946,0.7870773854975665
597,batch,45,1.0,0.01,100,64,0.1,0.0001,0.02,6400,0.08677939699465628,0.08677956569308383,0.5,1025,1.9439879215734295e-06,0.08502094251841358,pure_two_phase,"[[45, 1.0], [55, 0.0]]",0.08502094251841358,0.11024906883894912,1.0206826038874113,1.020684588085922,0.7871228900794678
598,batch,45,1.0,0.01,100,64,0.1,0.01,0.02,6400,0.09032930774044441,0.0903294781088156,0.5,1025,1.8860772225785534e-06,0.0886256768771609,pure_two_phase,"[[45, 1.0], [55, 0.0]]",0.0886256768771609,0.11412828774615952,1.0192227684268613,1.0192246907633353,0.791473173677358
599,batch,45,1.0,0.01,100,64,0.1,0.1,0.02,6400,0.12260122361124555,0.12260140916092258,0.5,1025,1.513438371514478e-06,0.1213882791522482,pure_two_phase,"[[46, 1.0], [54, 0.0]]",0.1213882791522482,0.1493939141753449,1.0099922699907133,1.009993798554083,0.8206586582705389
600,batch,45,1.0,0.05,20,1,0.0,0.0,0.02,20,0.09514856120622035,0.09514870717278513,0.5,1025,1.5340887870871605e-06,0.09247852131992439,pure_two_phase,"[[9, 1.0], [11, 0.0]]",0.09247852131992439,0.1177932183062438,1.0288720002027185,1.0288735785861387,0.8077604852039402
601,batch,45,1.0,0.05,20,1,0.0,0.0001,0.02,20,0.0951848655711815,0.09518501155234294,0.5,1025,1.5336570228449202e-06,0.09251510447684304,pure_two_phase,"[[9, 1.0], [11, 0.0]]",0.09251510447684304,0.11783294385633204,1.028857569900996,1.0288591478180538,0.8077962617007801
602,batch,45,1.0,0.05,20,1,0.0,0.01,0.02,20,0.09877899770233557,0.098779145128566,0.5,1025,1.4924833601259022e-06,0.09613683701179035,pure_two_phase,"[[9, 1.0], [11, 0.0]]",0.09613683701179035,0.12176577331507035,1.0274833328479611,1.0274848663520268,0.8112225828268985
603,batch,45,1.0,0.05,20,1,0.0,0.1,0.02,20,0.13145292616737272,0.13145308673059397,0.5,1025,1.2214488471886075e-06,0.12906167823858408,pure_two_phase,"[[9, 1.0], [11, 0.0]]",0.12906167823858408,0.1575187683945095,1.018527946958571,1.0185291910398773,0.8345233274130647
604,batch,45,1.0,0.05,20,1,0.1,0.0,0.02,20,0.09529509310079656,0.09529523917145216,0.5,1025,1.5328221731633514e-06,0.09262501414797195,pure_two_phase,"[[9, 1.0], [11, 0.0]]",0.09262501414797195,0.11792432539665956,1.0288267589202098,1.0288283359310957,0.8081050186287654
605,batch,45,1.0,0.05,20,1,0.1,0.0001,0.02,20,0.09533139746575772,0.09533154355100998,0.5,1025,1.5323915549311927e-06,0.0926615973048906,pure_two_phase,"[[9, 1.0], [11, 0.0]]",0.0926615973048906,0.11796405094674782,1.0288123692934248,1.028813945839227,0.8081406393380406
606,batch,45,1.0,0.05,20,1,0.1,0.01,0.02,20,0.0989255295969118,0.09892567712723305,0.5,1025,1.4913248565526403e-06,0.09628332983983792,pure_two_phase,"[[9, 1.0], [11, 0.0]]",0.09628332983983792,0.12189688040548613,1.027441923347157,1.0274434555991212,0.8115521644045353
607,batch,45,1.0,0.05,20,1,0.1,0.1,0.02,20,0.13159945806194895,0.13159961872926101,0.5,1025,1.2208797686283963e-06,0.12920817106663163,pure_two_phase,"[[9, 1.0], [11, 0.0]]",0.12920817106663163,0.1576498754849253,1.0185072428127178,1.0185084862891227,0.8347587863578412
608,batch,45,1.0,0.05,20,8,0.0,0.0,0.02,160,0.0862497584508262,0.08624991665742615,0.5,1025,1.8342811921078607e-06,0.0830738213372406,pure_two_phase,"[[9, 1.0], [11, 0.0]]",0.0830738213372406,0.11083373630952617,1.0382303000206623,1.038232204430468,0.7781919073499011
609,batch,45,1.0,0.05,20,8,0.0,0.0001,0.02,160,0.08628572289439296,0.08628588111681357,0.5,1025,1.8337000047042384e-06,0.08311008170660786,pure_two_phase,"[[9, 1.0], [11, 0.0]]",0.08311008170660786,0.110873222950189,1.038210059749377,1.0382119635186595,0.7782391349404394
610,batch,45,1.0,0.05,20,8,0.0,0.01,0.02,160,0.0898462028075001,0.08984636259616605,0.5,1025,1.778465608783413e-06,0.08669985827396567,pure_two_phase,"[[9, 1.0], [11, 0.0]]",0.08669985827396567,0.1147824003758095,1.036290077010186,1.0362919200197263,0.7827538220319468
611,batch,45,1.0,0.05,20,8,0.0,0.1,0.02,160,0.12221420201756518,0.12221437604482513,0.5,1025,1.4239508115316292e-06,0.11933419070449108,pure_two_phase,"[[9, 1.0], [11, 0.0]]",0.11933419070449108,0.15032037697235945,1.0241339996196557,1.024135457938172,0.8130260082257352
612,batch,45,1.0,0.05,20,8,0.1,0.0,0.02,160,0.08626763087602979,0.08626778909645326,0.5,1025,1.8340614165310712e-06,0.08309170026202822,pure_two_phase,"[[9, 1.0], [11, 0.0]]",0.08309170026202822,0.11084967644833153,1.038221995746703,1.0382238999130995,0.7782412349815364
613,batch,45,1.0,0.05,20,8,0.1,0.0001,0.02,160,0.08630359531959653,0.08630375355584066,0.5,1025,1.8334804410689406e-06,0.08312796063139548,pure_two_phase,"[[9, 1.0], [11, 0.0]]",0.08312796063139548,0.11088916308899435,1.038201763450957,1.0382036669770744,0.7782884382180555
614,batch,45,1.0,0.05,20,8,0.1,0.01,0.02,160,0.08986407523270369,0.08986423503519317,0.5,1025,1.7782657295712848e-06,0.08671773719875328,pure_two_phase,"[[9, 1.0], [11, 0.0]]",0.08671773719875328,0.11479834051461485,1.0362825199963317,1.0362843627853002,0.7828008195271138
615,batch,45,1.0,0.05,20,8,0.1,0.1,0.02,160,0.12223207444276876,0.12223224848385222,0.5,1025,1.4238556978245577e-06,0.11935206962927869,pure_two_phase,"[[9, 1.0], [11, 0.0]]",0.11935206962927869,0.15033631711116477,1.0241303298923572,1.024131788108239,0.8130586862352677
616,batch,45,1.0,0.05,20,64,0.0,0.0,0.02,1280,0.0851792720124611,0.08517943179660391,0.5,1025,1.875853588544241e-06,0.08193792497792834,pure_two_phase,"[[9, 1.0], [11, 0.0]]",0.08193792497792834,0.11000214856284521,1.0395585687019275,1.039560518765257,0.7743433461023731
617,batch,45,1.0,0.05,20,64,0.0,0.0001,0.02,1280,0.08521519517529108,0.0852153549754123,0.5,1025,1.8752503145115584e-06,0.08197414621544505,pure_two_phase,"[[9, 1.0], [11, 0.0]]",0.08197414621544505,0.11004160609756664,1.0395374530809736,1.039539402477565,0.7743921412766137
618,batch,45,1.0,0.05,20,64,0.0,0.01,0.02,1280,0.08877158829546115,0.08877174967744537,0.5,1025,1.8179430371367053e-06,0.08556004872959627,pure_two_phase,"[[9, 1.0], [11, 0.0]]",0.08556004872959627,0.11394790203498922,1.0375355041698797,1.0375373903537544,0.7790555867381115
619,batch,45,1.0,0.05,20,64,0.0,0.1,0.02,1280,0.12110243484246166,0.12110261060501874,0.5,1025,1.4513523383185442e-06,0.1181591624946073,pure_two_phase,"[[9, 1.0], [11, 0.0]]",0.1181591624946073,0.1494596832842856,1.024909387352747,1.024910874859542,0.8102694181056895
620,batch,45,1.0,0.05,20,64,0.1,0.0,0.02,1280,0.08518149927044501,0.08518165905632877,0.5,1025,1.8758249784118277e-06,0.08194015322577143,pure_two_phase,"[[9, 1.0], [11, 0.0]]",0.08194015322577143,0.11000413425577071,1.039557480881719,1.039559430913266,0.774349615426933
621,batch,45,1.0,0.05,20,64,0.1,0.0001,0.02,1280,0.085217422433275,0.08521758223513717,0.5,1025,1.8752217322069097e-06,0.08197637446328812,pure_two_phase,"[[9, 1.0], [11, 0.0]]",0.08197637446328812,0.11004359179049214,1.0395363663153745,1.0395383156802156,0.7743984074727379
622,batch,45,1.0,0.05,20,64,0.1,0.01,0.02,1280,0.08877381555344505,0.08877397693717023,0.5,1025,1.8179170378190242e-06,0.08556227697743934,pure_two_phase,"[[9, 1.0], [11, 0.0]]",0.08556227697743934,0.11394988772791473,1.0375345150860409,1.037536401241142,0.7790615568585851
623,batch,45,1.0,0.05,20,64,0.1,0.1,0.02,1280,0.12110466210044556,0.1211048378647436,0.5,1025,1.4513400219639252e-06,0.11816139074245038,pure_two_phase,"[[9, 1.0], [11, 0.0]]",0.11816139074245038,0.14946166897721108,1.0249089092427022,1.02491039673618,0.8102735550424561
624,batch,45,4.0,0.01,400,1,0.0,0.0,0.02,400,0.0008510214639223476,0.000851083777417925,0.5,4097,7.32166412177783e-05,0.0008451325674644378,mixed_two_phase,"[[200, 0.4255147033780908], [200, 0.75]]",0.0008572979941592999,0.0008572979941589842,1.0069680150601432,1.0070417472744448,0.992751392417341
625,batch,45,4.0,0.01,400,1,0.0,0.0001,0.02,400,0.0008642771552156204,0.0008643394749425475,0.5,4097,7.210098431667692e-05,0.000859727987345185,mixed_two_phase,"[[200, 0.4255147033780908], [200, 0.75]]",0.000882275542770105,0.0008822755427698101,1.0052914037200105,1.0053638914461802,0.9796706732106002
626,batch,45,4.0,0.01,400,1,0.0,0.01,0.02,400,0.002175646538786369,0.0021766535298797674,0.5,1025,0.00046263269720007137,0.0021766535298797674,static,"[[400, 0.5]]",0.003350311887536532,0.0033550528552393107,0.9995373673028,1.0,0.6487687746798583
627,batch,45,4.0,0.01,400,1,0.0,0.1,0.02,400,0.014105684579063296,0.014106781302036304,0.5,1025,7.774438048814971e-05,0.014106781302036304,static,"[[400, 0.5]]",0.025414510069000078,0.025834846604962092,0.9999222556195119,1.0,0.5460369677336043
628,batch,45,4.0,0.01,400,1,0.1,0.0,0.02,400,0.0008950086107179588,0.0008950709725698246,0.5,4097,6.967252181880023e-05,0.0008884377034871357,mixed_two_phase,"[[200, 0.4255147033780908], [200, 0.75]]",0.0008953187080170955,0.0008953187080167901,1.0073960247353666,1.0074662174473834,0.9997232991506295
629,batch,45,4.0,0.01,400,1,0.1,0.0001,0.02,400,0.0009082643020112318,0.000908326670094447,0.5,4097,6.866261364844667e-05,0.0009030331233678829,mixed_two_phase,"[[200, 0.4255147033780908], [200, 0.75]]",0.0009202962566279005,0.0009202962566276021,1.0057928978549968,1.0058619629663437,0.9869937680970069
630,batch,45,4.0,0.01,400,1,0.1,0.01,0.02,400,0.0022196329602376563,0.002220640725031667,0.5,1025,0.00045381712703491023,0.002220640725031667,static,"[[400, 0.5]]",0.0033883692159241384,0.0033930735690971027,0.999546182872965,1.0,0.6544628873527725
631,batch,45,4.0,0.01,400,1,0.1,0.1,0.02,400,0.014149671000514584,0.014150768497188205,0.5,1025,7.755739017559083e-05,0.014150768497188205,static,"[[400, 0.5]]",0.025452924450711716,0.025872867318819884,0.9999224426098244,1.0,0.5469346834587197
632,batch,45,4.0,0.01,400,8,0.0,0.0,0.02,3200,0.0005994835681120018,0.0005995463145245005,0.5,4097,0.00010465648937966325,0.00031156175276104286,pure_two_phase,"[[87, 1.0], [313, 0.0]]",0.00031156175276104286,0.0003121482240663817,1.9241243920327573,1.9243257852138604,1.9207103174067728
633,batch,45,4.0,0.01,400,8,0.0,0.0001,0.02,3200,0.0006126906062388235,0.0006127533589259633,0.5,4097,0.00010241100473088015,0.0003365955132625664,pure_two_phase,"[[87, 1.0], [313, 0.0]]",0.0003365955132625664,0.00033710890847327146,1.8202577933975161,1.8204442269198515,1.8176718073131166
634,batch,45,4.0,0.01,400,8,0.0,0.01,0.02,3200,0.0019192367675581496,0.0019202507546704972,0.5,1025,0.0005280493237049119,0.0019202507546704972,static,"[[400, 0.5]]",0.0028078579787059674,0.0028082166647546668,0.9994719506762951,1.0,0.6837972221912783
635,batch,45,4.0,0.01,400,8,0.0,0.1,0.02,3200,0.013805486373584853,0.013806590715984439,0.5,1025,7.998661090949911e-05,0.013806590715984439,static,"[[400, 0.5]]",0.024905291372608503,0.025272832630949076,0.9999200133890905,1.0,0.5463016717436299
636,batch,45,4.0,0.01,400,8,0.1,0.0,0.02,3200,0.0006049378245648221,0.0006050005771143299,0.5,4097,0.00010372312338470063,0.00031627295347272377,pure_two_phase,"[[87, 1.0], [313, 0.0]]",0.00031627295347272377,0.00031686402081285495,1.9127080514552868,1.9129064640884847,1.9093381935958362
637,batch,45,4.0,0.01,400,8,0.1,0.0001,0.02,3200,0.0006181448626916436,0.0006182076215157928,0.5,4097,0.00010151738989443986,0.00034130671397424733,pure_two_phase,"[[87, 1.0], [313, 0.0]]",0.00034130671397424733,0.00034182470521974817,1.8111125195687907,1.8112963976514054,1.8085516116173255
638,batch,45,4.0,0.01,400,8,0.1,0.01,0.02,3200,0.0019246909319558317,0.0019257050172603266,0.5,1025,0.0005266046956338442,0.0019257050172603266,static,"[[400, 0.5]]",0.0028125782781545164,0.0028129324615011296,0.9994733953043662,1.0,0.6845898519129991
639,batch,45,4.0,0.01,400,8,0.1,0.1,0.02,3200,0.013810940537982536,0.01381204497857427,0.5,1025,7.996213402479639e-05,0.01381204497857427,static,"[[400, 0.5]]",0.024910051947146183,0.025277548427695546,0.9999200378659752,1.0,0.5464155283129036
640,batch,45,4.0,0.01,400,64,0.0,0.0,0.02,25600,0.000568535689919402,0.0005685984902683693,0.5,4097,0.00011044761820892276,0.0002435612854226124,pure_two_phase,"[[87, 1.0], [313, 0.0]]",0.0002435612854226124,0.00024469384449065865,2.334261329475718,2.3345191715578792,2.323713910547823
641,batch,45,4.0,0.01,400,64,0.0,0.0001,0.02,25600,0.0005817367094089992,0.0005817995160380014,0.5,4097,0.00010795235690449984,0.00026859295446191034,pure_two_phase,"[[87, 1.0], [313, 0.0]]",0.00026859295446191034,0.0002696524428176389,2.1658673459042515,2.166101181632102,2.1575903780388224
642,batch,45,4.0,0.01,400,64,0.0,0.01,0.02,25600,0.0018876862084954058,0.001888701067231307,0.5,1025,0.0005373315838640401,0.001888701067231307,static,"[[400, 0.5]]",0.0027405536771871915,0.0027405536771872192,0.999462668416136,1.0,0.6891676973719356
643,batch,45,4.0,0.01,400,64,0.0,0.1,0.02,25600,0.013768518968205126,0.013769624259897691,0.5,1025,8.02702870974096e-05,0.013769624259897691,static,"[[400, 0.5]]",0.024841938736354072,0.025203292171456042,0.9999197297129025,1.0,0.5463422860086692
644,batch,45,4.0,0.01,400,64,0.1,0.0,0.02,25600,0.000569216788435381,0.0005692795895529288,0.5,4097,0.00011031682621392054,0.00024414961693049186,pure_two_phase,"[[87, 1.0], [313, 0.0]]",0.00024414961693049186,0.0002452827493433854,2.331426096799628,2.331683320703304,2.320911646158865
645,batch,45,4.0,0.01,400,64,0.1,0.0001,0.02,25600,0.0005824178079249782,0.0005824806153225609,0.5,4097,0.00010782744683774656,0.0002691812859697898,pure_two_phase,"[[87, 1.0], [313, 0.0]]",0.0002691812859697898,0.0002702413476703587,2.1636638142457754,2.1638971417497896,2.155408934805464
646,batch,45,4.0,0.01,400,64,0.1,0.01,0.02,25600,0.0018883672954826773,0.0018893821665158664,0.5,1025,0.00053714439099452,0.0018893821665158664,static,"[[400, 0.5]]",0.0027411425820399182,0.0027411425820399425,0.9994628556090055,1.0,0.6892681099097732
647,batch,45,4.0,0.01,400,64,0.1,0.1,0.02,25600,0.013769200055192396,0.01377030535918225,0.5,1025,8.026720984198059e-05,0.01377030535918225,static,"[[400, 0.5]]",0.02484253322640169,0.02520388107630878,0.999919732790158,1.0,0.5463565439580693
648,batch,45,4.0,0.05,80,1,0.0,0.0,0.02,80,0.0025851828502816876,0.0025861367397425105,0.5,1025,0.00036884726401506106,0.0025861367397425105,static,"[[80, 0.5]]",0.003594885938095496,0.003594885938095548,0.9996311527359849,1.0,0.7193932670677613
649,batch,45,4.0,0.05,80,1,0.0,0.0001,0.02,80,0.0025986750562997513,0.0025996290411495204,0.5,1025,0.0003669696078434805,0.0025996290411495204,static,"[[80, 0.5]]",0.0036196619047749387,0.003619661904774984,0.9996330303921566,1.0,0.7181966464105786
650,batch,45,4.0,0.05,80,1,0.0,0.01,0.02,80,0.003934403452087656,0.003935366880443087,0.5,1025,0.0002448128433004039,0.003935366880443087,static,"[[80, 0.5]]",0.006072482606039611,0.00607248260603967,0.9997551871566996,1.0,0.6480655665491714
651,batch,45,4.0,0.05,80,1,0.0,0.1,0.02,80,0.01607738886834135,0.016078438146748256,0.5,1025,6.525997098274574e-05,0.016078438146748256,static,"[[80, 0.5]]",0.027956145646597933,0.028370852617536746,0.9999347400290173,1.0,0.5667238261570526
652,batch,45,4.0,0.05,80,1,0.1,0.0,0.02,80,0.0028182425876263264,0.0028191998789756046,0.5,1025,0.0003395613615115847,0.0028191998789756046,static,"[[80, 0.5]]",0.003796763849062877,0.0037967638490629223,0.9996604386384884,1.0,0.7425270548947652
653,batch,45,4.0,0.05,80,1,0.1,0.0001,0.02,80,0.0028317347936443905,0.0028326921803826146,0.5,1025,0.0003379776824514727,0.0028326921803826146,static,"[[80, 0.5]]",0.0038215398157423197,0.003821539815742365,0.9996620223175485,1.0,0.7412436653711382
654,batch,45,4.0,0.05,80,1,0.1,0.01,0.02,80,0.004167463189432295,0.004168430019676182,0.5,1025,0.0002319410999639577,0.004168430019676182,static,"[[80, 0.5]]",0.006274360517006992,0.0062743605170070445,0.9997680589000361,1.0,0.6643593412232837
655,batch,45,4.0,0.05,80,1,0.1,0.1,0.02,80,0.01631044860568599,0.01631150128598135,0.5,1025,6.453607653296357e-05,0.01631150128598135,static,"[[80, 0.5]]",0.028160537181994044,0.02857273052850412,0.999935463923467,1.0,0.5708765310234881
656,batch,45,4.0,0.05,80,8,0.0,0.0,0.02,640,0.0011749774872778604,0.0011759674062008342,0.5,1025,0.0008417911225719343,0.0006116179452463968,pure_two_phase,"[[17, 1.0], [63, 0.0]]",0.0006116179452463968,0.000657474274463922,1.9210971430939754,1.9227156680745905,1.788613565389567
657,batch,45,4.0,0.05,80,8,0.0,0.0001,0.02,640,0.001188203707531121,0.001189193725445987,0.5,1025,0.0008325118890907989,0.0006366687508861449,pure_two_phase,"[[17, 1.0], [63, 0.0]]",0.0006366687508861449,0.0006821593670720306,1.8662824363176682,1.8678374331876857,1.7432784519990583
658,batch,45,4.0,0.05,80,8,0.0,0.01,0.02,640,0.002497599512603443,0.0024985993307156465,0.5,1025,0.00040015143681210977,0.0024985993307156465,static,"[[80, 0.5]]",0.003116698509220632,0.0031259835352739213,0.9995998485631878,1.0,0.7993002210412158
659,batch,45,4.0,0.05,80,8,0.0,0.1,0.02,640,0.01440119774053364,0.014402286651348913,0.5,1025,7.560680061662005e-05,0.014402286651348913,static,"[[80, 0.5]]",0.025179522620695487,0.025342566882563953,0.9999243931993834,1.0,0.5683041784239263
660,batch,45,4.0,0.05,80,8,0.1,0.0,0.02,640,0.001202914223494544,0.001203904601642939,0.5,1025,0.0008226383943074943,0.0006357320272011233,pure_two_phase,"[[17, 1.0], [63, 0.0]]",0.0006357320272011233,0.0006817053309441726,1.8921718145780695,1.8937296693124852,1.7660190510400033
661,batch,45,4.0,0.05,80,8,0.1,0.0001,0.02,640,0.0012161404437478047,0.0012171309208880918,0.5,1025,0.0008137802789238127,0.0006607828328408713,pure_two_phase,"[[17, 1.0], [63, 0.0]]",0.0006607828328408713,0.0007063904235522882,1.8404540543514298,1.8419529993770274,1.723028625964941
662,batch,45,4.0,0.05,80,8,0.1,0.01,0.02,640,0.0025255362488201265,0.0025265365261577513,0.5,1025,0.0003959085203276145,0.0025265365261577513,static,"[[80, 0.5]]",0.0031408125911753654,0.003150214591754179,0.9996040914796724,1.0,0.8020204505340901
663,batch,45,4.0,0.05,80,8,0.1,0.1,0.02,640,0.014429134476750326,0.014430223846791018,0.5,1025,7.549224823245155e-05,0.014430223846791018,static,"[[80, 0.5]]",0.02520395408318928,0.02536679793904421,0.9999245077517676,1.0,0.5688626479962702
664,batch,45,4.0,0.05,80,64,0.0,0.0,0.02,5120,0.0010127405097422276,0.001013734882095058,0.5,1025,0.0009808998095985637,0.0002488151417041201,pure_two_phase,"[[17, 1.0], [63, 0.0]]",0.0002488151417041201,0.00030966257121031043,4.07025272982194,4.074249160047287,3.27367585347139
665,batch,45,4.0,0.05,80,64,0.0,0.0001,0.02,5120,0.001025935242613548,0.0010269297144036137,0.5,1025,0.0009683932367692338,0.00027385505142466654,pure_two_phase,"[[17, 1.0], [63, 0.0]]",0.00027385505142466654,0.00033433692626362935,3.7462710191992477,3.749902399321295,3.0715414114738415
666,batch,45,4.0,0.05,80,64,0.0,0.01,0.02,5120,0.002332213796873404,0.002333218112949763,0.5,1025,0.000430442430900365,0.002333218112949763,static,"[[80, 0.5]]",0.0027528061137579163,0.002777098076541702,0.9995695575690996,1.0,0.8401641024703387
667,batch,45,4.0,0.05,80,64,0.0,0.1,0.02,5120,0.014207473381053952,0.014208567190642066,0.5,1025,7.698239895959247e-05,0.014208567190642066,static,"[[80, 0.5]]",0.024845963525481476,0.02498401762452424,0.9999230176010404,1.0,0.5687062587041637
668,batch,45,4.0,0.05,80,64,0.1,0.0,0.02,5120,0.0010162147574283278,0.0010172091877339688,0.5,1025,0.0009776064919903749,0.00025181458863882816,pure_two_phase,"[[17, 1.0], [63, 0.0]]",0.00025181458863882816,0.0003126764840664653,4.035567450326959,4.039516507889575,3.2532321411089606
669,batch,45,4.0,0.05,80,64,0.1,0.0001,0.02,5120,0.0010294094902996483,0.0010304040200425245,0.5,1025,0.0009651842612522793,0.0002768544983593746,pure_two_phase,"[[17, 1.0], [63, 0.0]]",0.0002768544983593746,0.0003373508391197877,3.7182328493843357,3.7218250963905057,3.0543988647873053
670,batch,45,4.0,0.05,80,64,0.1,0.01,0.02,5120,0.0023356880445595044,0.0023366924185886737,0.5,1025,0.00042982722979689557,0.0023366924185886737,static,"[[80, 0.5]]",0.0027558055606926243,0.0027801119893978536,0.9995701727702031,1.0,0.8405029824337327
671,batch,45,4.0,0.05,80,64,0.1,0.1,0.02,5120,0.014210947628740053,0.014212041496280976,0.5,1025,7.696765740584463e-05,0.014212041496280976,static,"[[80, 0.5]]",0.02484899046847434,0.024987031537380387,0.9999230323425942,1.0,0.5687767062293848
672,batch,45,8.0,0.01,800,1,0.0,0.0,0.02,800,9.991664425119412e-05,9.998367389116736e-05,0.5,4097,0.0006704058509212419,9.998367389116736e-05,static,"[[800, 0.5]]",0.0005158355332792186,0.0005158518174700408,0.9993295941490787,1.0,0.1938224709210686
673,batch,45,8.0,0.01,800,1,0.0,0.0001,0.02,800,0.00010342105438684354,0.00010348809072978078,0.5,4097,0.0006477686704287804,0.00010348809072978078,static,"[[800, 0.5]]",0.0005370367617030629,0.0005371151463587319,0.9993522313295712,1.0,0.19267393859837736
674,batch,45,8.0,0.01,800,1,0.0,0.01,0.02,800,0.0004503576578161551,0.0004504253577525281,0.5,4097,0.00015030223145249156,0.0004504253577525281,static,"[[800, 0.5]]",0.0026349431203919436,0.0026421847063371057,0.9998496977685475,1.0,0.17047459122453196
675,batch,45,8.0,0.01,800,1,0.0,0.1,0.02,800,0.0036032207790849657,0.0036044005125047615,0.5,1025,0.00032730364333901995,0.0036044005125047615,static,"[[800, 0.5]]",0.021384238998712193,0.021779180706140558,0.999672696356661,1.0,0.16549752541832366
676,batch,45,8.0,0.01,800,1,0.1,0.0,0.02,800,0.0001488886820880222,0.00014895581603938785,0.5,4097,0.0004506970801858284,0.00014895581603938785,static,"[[800, 0.5]]",0.0005557434602037024,0.0005557434602034665,0.9995493029198141,1.0,0.26802981358494576
677,batch,45,8.0,0.01,800,1,0.1,0.0001,0.02,800,0.00015239309222367164,0.00015246023287800127,0.5,4097,0.00044038142315676136,0.00015246023287800127,static,"[[800, 0.5]]",0.0005769599793580063,0.0005770067890921542,0.9995596185768433,1.0,0.2642260641644751
678,batch,45,8.0,0.01,800,1,0.1,0.01,0.02,800,0.0004993296956529832,0.0004993974999007486,0.5,4097,0.00013577210093930424,0.0004993974999007486,static,"[[800, 0.5]]",0.002674897291835291,0.0026820763490705314,0.9998642278990607,1.0,0.1861980924121768
679,batch,45,8.0,0.01,800,1,0.1,0.1,0.02,800,0.0036521912522330838,0.003653372654652982,0.5,1025,0.000323373094281474,0.003653372654652982,static,"[[800, 0.5]]",0.021424495999619753,0.021819072348873987,0.9996766269057186,1.0,0.16743941246620053
680,batch,45,8.0,0.01,800,8,0.0,0.0,0.02,6400,3.978595290472397e-05,3.9790123371334684e-05,0.5,16385,0.00010481160291441014,3.9790123371334684e-05,static,"[[800, 0.5]]",6.423898404578354e-05,6.42389840459813e-05,0.9998951883970856,1.0,0.6194077313373062
681,batch,45,8.0,0.01,800,8,0.0,0.0001,0.02,6400,4.327056580294047e-05,4.327473668659784e-05,0.5,16385,9.63814912977445e-05,4.327473668659784e-05,static,"[[800, 0.5]]",8.54885640833615e-05,8.548856408355579e-05,0.9999036185087022,1.0,0.5062049778295665
682,batch,45,8.0,0.01,800,8,0.0,0.01,0.02,6400,0.0003881840601147618,0.00038825145489755544,0.5,4097,0.00017358539663784293,0.00038825145489755544,static,"[[800, 0.5]]",0.002186800124771994,0.002189196987802868,0.9998264146033622,1.0,0.17734879824004057
683,batch,45,8.0,0.01,800,8,0.0,0.1,0.02,6400,0.0035232290226859244,0.0035244034386335363,0.5,1025,0.0003332240386382239,0.0035244034386335363,static,"[[800, 0.5]]",0.02096817336437153,0.02131381902161475,0.9996667759613618,1.0,0.16535766936274404
684,batch,45,8.0,0.01,800,8,0.1,0.0,0.02,6400,4.5854940616415274e-05,4.58591118916757e-05,0.5,16385,9.095848324062069e-05,4.58591118916757e-05,static,"[[800, 0.5]]",6.918750642641996e-05,6.918750642661425e-05,0.9999090415167594,1.0,0.6628235972099603
685,batch,45,8.0,0.01,800,8,0.1,0.0001,0.02,6400,4.933955351463177e-05,4.934372520693886e-05,0.5,16385,8.454352178708005e-05,4.934372520693886e-05,static,"[[800, 0.5]]",9.043708646399792e-05,9.043708646418874e-05,0.9999154564782129,1.0,0.545613830963893
686,batch,45,8.0,0.01,800,8,0.1,0.01,0.02,6400,0.00039425303569669864,0.00039432044341789645,0.5,4097,0.00017094655456748362,0.00039432044341789645,static,"[[800, 0.5]]",0.002191752528123536,0.0021941455101834977,0.9998290534454325,1.0,0.17971480997398354
687,batch,45,8.0,0.01,800,8,0.1,0.1,0.02,6400,0.003529297804189587,0.0035304724271538776,0.5,1025,0.00033270985357542723,0.0035304724271538776,static,"[[800, 0.5]]",0.020973163692837225,0.02131876754399538,0.9996672901464245,1.0,0.16560396466953675
688,batch,45,8.0,0.01,800,64,0.0,0.0,0.02,51200,3.238652258492077e-05,3.239069067118732e-05,0.5,16385,0.0001286816112958295,8.320246104261131e-06,pure_two_phase,"[[88, 1.0], [712, 0.0]]",8.320246104261131e-06,8.320246104222967e-06,3.8924957482128244,3.8929967053016323,3.8929967053194887
689,batch,45,8.0,0.01,800,64,0.0,0.0001,0.02,51200,3.5868689387302855e-05,3.587285789037804e-05,0.5,16385,0.0001162021461440699,2.9568121542082604e-05,pure_two_phase,"[[88, 1.0], [712, 0.0]]",2.9568121542082604e-05,2.956812154204097e-05,1.2130865106277724,1.2132274902659024,1.2132274902676106
690,batch,45,8.0,0.01,800,64,0.0,0.01,0.02,51200,0.0003805400562737166,0.0003806074125901732,0.5,4097,0.0001769705849873818,0.0003806074125901732,static,"[[800, 0.5]]",0.002131190832030949,0.0021331077898850866,0.9998230294150127,1.0,0.17842858874500528
691,batch,45,8.0,0.01,800,64,0.0,0.1,0.02,51200,0.003513384164211099,0.003514557909861041,0.5,1025,0.00033396679754469743,0.003514557909861041,static,"[[800, 0.5]]",0.020916492119306882,0.021256195683912713,0.9996660332024553,1.0,0.1653427528671538
692,batch,45,8.0,0.01,800,64,0.1,0.0,0.02,51200,3.314433324583831e-05,3.3148501433089266e-05,0.5,16385,0.00012574285626073048,8.93822420467566e-06,pure_two_phase,"[[88, 1.0], [712, 0.0]]",8.93822420467566e-06,8.938224204640965e-06,3.708156395148404,3.7086227279630117,3.708622727977407
693,batch,45,8.0,0.01,800,64,0.1,0.0001,0.02,51200,3.66265000482204e-05,3.663066865227998e-05,0.5,16385,0.00011380092728182573,3.0186099642497133e-05,pure_two_phase,"[[88, 1.0], [712, 0.0]]",3.0186099642497133e-05,3.018609964245897e-05,1.2133564946117195,1.2134945914214748,1.2134945914230089
694,batch,45,8.0,0.01,800,64,0.1,0.01,0.02,51200,0.00038129786541986707,0.00038136522335207516,0.5,4097,0.00017662316352823297,0.00038136522335207516,static,"[[800, 0.5]]",0.002131809294232425,0.0021337257679855046,0.9998233768364718,1.0,0.17873207001297553
695,batch,45,8.0,0.01,800,64,0.1,0.1,0.02,51200,0.0035141419491207006,0.003515315720622943,0.5,1025,0.000333902157167961,0.003515315720622943,static,"[[800, 0.5]]",0.020917115311500478,0.021256813662013135,0.999666097842832,1.0,0.1653735962744486
696,batch,45,8.0,0.05,160,1,0.0,0.0,0.02,160,0.0005443780497732811,0.0005444471143905253,0.5,4097,0.0001268527565280392,0.0005444471143905253,static,"[[160, 0.5]]",0.0028068113997718226,0.00280681139977184,0.999873147243472,1.0,0.19397352969094478
697,batch,45,8.0,0.05,160,1,0.0,0.0001,0.02,160,0.0005479657797211783,0.0005480348512448842,0.5,4097,0.00012603491100795245,0.0005480348512448842,static,"[[160, 0.5]]",0.0028278992035188945,0.0028278992035189188,0.9998739650889921,1.0,0.19379575147619574
698,batch,45,8.0,0.05,160,1,0.0,0.01,0.02,160,0.0009031510445629151,0.0009032207998263318,0.5,4097,7.722946972668153e-05,0.0009032207998263318,static,"[[160, 0.5]]",0.004915591774479089,0.004915591774479103,0.9999227705302733,1.0,0.1837460963531791
699,batch,45,8.0,0.05,160,1,0.0,0.1,0.02,160,0.004130968420114689,0.004132183968748587,0.5,1025,0.0002941661463019778,0.004132183968748587,static,"[[160, 0.5]]",0.02348977486005785,0.02389461514684442,0.999705833853698,1.0,0.17293369001150424
700,batch,45,8.0,0.05,160,1,0.1,0.0,0.02,160,0.0008046809044037315,0.0008047505190947523,0.5,4097,8.650468607234813e-05,0.0008047505190947523,static,"[[160, 0.5]]",0.0030180223999572466,0.0030180223999572535,0.9999134953139277,1.0,0.26664829230762194
701,batch,45,8.0,0.05,160,1,0.1,0.0001,0.02,160,0.0008082686343516287,0.0008083382559491113,0.5,4097,8.612928680560231e-05,0.0008083382559491113,static,"[[160, 0.5]]",0.0030391102037043184,0.0030391102037043358,0.9999138707131944,1.0,0.2659785929986472
702,batch,45,8.0,0.05,160,1,0.1,0.01,0.02,160,0.0011623993086019003,0.001163524204530559,0.5,1025,0.0009668006254433773,0.001163524204530559,static,"[[160, 0.5]]",0.005126802774664513,0.00512680277466452,0.9990331993745566,1.0,0.22694928119342292
703,batch,45,8.0,0.05,160,1,0.1,0.1,0.02,160,0.004391263023545018,0.004392487373452813,0.5,1025,0.0002787372628992236,0.004392487373452813,static,"[[160, 0.5]]",0.02370316884906551,0.024105826147029843,0.9997212627371008,1.0,0.18221683615659967
704,batch,45,8.0,0.05,160,8,0.0,0.0,0.02,1280,0.00020213494563724258,0.00020220258468258453,0.5,4097,0.0003345112796066861,0.00020220258468258453,static,"[[160, 0.5]]",0.0003467174144776049,0.0003766470388120967,0.9996654887203933,1.0,0.5368489961325841
705,batch,45,8.0,0.05,160,8,0.0,0.0001,0.02,1280,0.0002056137056102298,0.0002056813514194763,0.5,4097,0.000328886448769637,0.0002056813514194763,static,"[[160, 0.5]]",0.0003680458359834292,0.0003976615937846019,0.9996711135512304,1.0,0.517227096189948
706,batch,45,8.0,0.05,160,8,0.0,0.01,0.02,1280,0.0005500109429359207,0.0005500792583717161,0.5,4097,0.00012419198643780379,0.0005500792583717161,static,"[[160, 0.5]]",0.0024781025360612677,0.0024781025360613405,0.9998758080135622,1.0,0.2219759878241374
707,batch,45,8.0,0.05,160,8,0.0,0.1,0.02,1280,0.003679778862682175,0.0036809693215739013,0.5,1025,0.00032340907726368263,0.0036809693215739013,static,"[[160, 0.5]]",0.021226406786297083,0.02139120201130455,0.9996765909227363,1.0,0.1720786573671096
708,batch,45,8.0,0.05,160,8,0.1,0.0,0.02,1280,0.00023324097826792094,0.00023330868324056026,0.5,4097,0.00029019482558010197,0.00023330868324056026,static,"[[160, 0.5]]",0.00037198343871720774,0.00040201375773120385,0.9997098051744199,1.0,0.5803499973663988
709,batch,45,8.0,0.05,160,8,0.1,0.0001,0.02,1280,0.00023671973824090816,0.00023678744997745202,0.5,4097,0.0002859599888013748,0.00023678744997745202,static,"[[160, 0.5]]",0.00039331186022303205,0.00042302831270370905,0.9997140400111987,1.0,0.5597437402335267
710,batch,45,8.0,0.05,160,8,0.1,0.01,0.02,1280,0.0005811169755665991,0.0005811853569296919,0.5,4097,0.00011765844111082216,0.0005811853569296919,static,"[[160, 0.5]]",0.0025034692549803818,0.0025034692549804546,0.9998823415588892,1.0,0.23215198499980355
711,batch,45,8.0,0.05,160,8,0.1,0.1,0.02,1280,0.0037108839063921544,0.0037120754201318768,0.5,1025,0.0003209831711016493,0.0037120754201318768,static,"[[160, 0.5]]",0.021251946653777328,0.021416568730223653,0.9996790168288984,1.0,0.17332727137066048
712,batch,45,8.0,0.05,160,64,0.0,0.0,0.02,10240,0.00016295743776852868,0.00016302489067040473,0.5,4097,0.0004137583015615742,4.4844093055107503e-05,pure_two_phase,"[[17, 1.0], [143, 0.0]]",4.4844093055107503e-05,8.782102592843136e-05,3.6338662835320448,3.6353704482342533,1.856330974808468
713,batch,45,8.0,0.05,160,64,0.0,0.0001,0.02,10240,0.00016642340605886846,0.00016649086570603468,0.5,4097,0.00040518527476053905,6.616353133419295e-05,pure_two_phase,"[[17, 1.0], [143, 0.0]]",6.616353133419295e-05,0.00010882681412515902,2.515334394989612,2.516353984570245,1.5298698858771853
714,batch,45,8.0,0.05,160,64,0.0,0.01,0.02,10240,0.0005095542668023824,0.0005096223942332773,0.5,4097,0.0001336821765796084,0.0005096223942332773,static,"[[160, 0.5]]",0.0021767879209629894,0.0021883998456004583,0.9998663178234204,1.0,0.2328744426014369
715,batch,45,8.0,0.05,160,64,0.0,0.1,0.02,10240,0.003627812743494956,0.0036289999262991163,0.5,1025,0.0003271377316811115,0.0036289999262991163,static,"[[160, 0.5]]",0.020955857473399172,0.02109360922264873,0.9996728622683189,1.0,0.1720426261809463
716,batch,45,8.0,0.05,160,64,0.1,0.0,0.02,10240,0.00016682442644650724,0.00016689188754826184,0.5,4097,0.0004042203773091547,4.7987082660391756e-05,pure_two_phase,"[[17, 1.0], [143, 0.0]]",4.7987082660391756e-05,9.0976464400018e-05,3.476444434581207,3.477850252522506,1.8344512358102676
717,batch,45,8.0,0.05,160,64,0.1,0.0001,0.02,10240,0.000170290394736847,0.0001703578625838918,0.5,4097,0.0003960360033959104,6.93065209394772e-05,pure_two_phase,"[[17, 1.0], [143, 0.0]]",6.93065209394772e-05,0.00011198225259674913,2.457061650599303,2.458035121004832,1.521293407066517
718,batch,45,8.0,0.05,160,64,0.1,0.01,0.02,10240,0.0005134212554803611,0.0005134893911111344,0.5,4097,0.00013269140892253103,0.0005134893911111344,static,"[[160, 0.5]]",0.0021799309105682736,0.002191555284072052,0.9998673085910774,1.0,0.23430364492427394
719,batch,45,8.0,0.05,160,64,0.1,0.1,0.02,10240,0.0036316796091733577,0.0036328669231769735,0.5,1025,0.00032682562524956934,0.0036328669231769735,static,"[[160, 0.5]]",0.020959034297233795,0.021096764661120326,0.9996731743747505,1.0,0.17220019190298222
720,batch,65,1.0,0.01,100,1,0.0,0.0,0.02,100,0.11762791848330682,0.11762812516009116,0.5,1025,1.757035437385516e-06,0.1152945978463421,pure_two_phase,"[[47, 1.0], [53, 0.0]]",0.1152945978463421,nan,1.0202379008257996,1.0202396934230955,nan
721,batch,65,1.0,0.01,100,1,0.0,0.0001,0.02,100,0.11765503000454036,0.11765523670199238,0.5,1025,1.7568062230748357e-06,0.11532207216053007,pure_two_phase,"[[47, 1.0], [53, 0.0]]",0.11532207216053007,nan,1.020229933440346,1.0202317257897908,nan
722,batch,65,1.0,0.01,100,1,0.0,0.01,0.02,100,0.12033907060665831,0.12033927935021049,0.5,1025,1.7346252471083703e-06,0.11804202926513685,pure_two_phase,"[[47, 1.0], [53, 0.0]]",0.11804202926513685,nan,1.0194595209504747,1.0194612893337656,nan
723,batch,65,1.0,0.01,100,1,0.0,0.1,0.02,100,0.14473943971682185,0.1447396670612846,0.5,1025,1.5707129038727666e-06,0.1427627110594103,pure_two_phase,"[[48, 1.0], [52, 0.0]]",0.1427627110594103,nan,1.0138462532880097,1.0138478457519038,nan
724,batch,65,1.0,0.01,100,1,0.1,0.0,0.02,100,0.11765895231437382,0.1176591590309154,0.5,1025,1.756909902138183e-06,0.11532556549600485,pure_two_phase,"[[47, 1.0], [53, 0.0]]",0.11532556549600485,nan,1.0202330403352742,1.0202348327959543,nan
725,batch,65,1.0,0.01,100,1,0.1,0.0001,0.02,100,0.11768606383560735,0.11768627057281661,0.5,1025,1.7566807771910401e-06,0.11535303981019282,pure_two_phase,"[[47, 1.0], [53, 0.0]]",0.11535303981019282,nan,1.0202250762463945,1.0202268684593228,nan
726,batch,65,1.0,0.01,100,1,0.1,0.01,0.02,100,0.12037010443772533,0.12037031322103475,0.5,1025,1.7345083171419763e-06,0.11807299691479958,pure_two_phase,"[[47, 1.0], [53, 0.0]]",0.11807299691479958,nan,1.0194549777082673,1.0194567459644723,nan
727,batch,65,1.0,0.01,100,1,0.1,0.1,0.02,100,0.1447704735478888,0.1447707009321088,0.5,1025,1.5706508191535688e-06,0.14279369340526182,pure_two_phase,"[[48, 1.0], [52, 0.0]]",0.14279369340526182,nan,1.01384360958447,1.0138452019812672,nan
728,batch,65,1.0,0.01,100,8,0.0,0.0,0.02,800,0.11582629911850667,0.11582650850077542,0.5,1025,1.8077232185933394e-06,0.11341241671622937,pure_two_phase,"[[47, 1.0], [53, 0.0]]",0.11341241671622937,nan,1.021284110436665,1.0212859566390016,nan
729,batch,65,1.0,0.01,100,8,0.0,0.0001,0.02,800,0.11585329520899644,0.11585350461220342,0.5,1025,1.8074827143437849e-06,0.1134397804959118,pure_two_phase,"[[47, 1.0], [53, 0.0]]",0.1134397804959118,nan,1.0212757350422732,1.0212775809838472,nan
730,batch,65,1.0,0.01,100,8,0.0,0.01,0.02,800,0.11852590816748387,0.11852611964357532,0.5,1025,1.7842150918290883e-06,0.11614879468447376,pure_two_phase,"[[47, 1.0], [53, 0.0]]",0.11614879468447376,nan,1.0204661054767525,1.0204679262110272,nan
731,batch,65,1.0,0.01,100,8,0.0,0.1,0.02,800,0.14282238960827875,0.14282261992877437,0.5,1025,1.6126331790780507e-06,0.14077138503675274,pure_two_phase,"[[48, 1.0], [52, 0.0]]",0.14077138503675274,nan,1.0145697548616897,1.0145713909931773,nan
732,batch,65,1.0,0.01,100,8,0.1,0.0,0.02,800,0.11583016213394236,0.11583037152124148,0.5,1025,1.807706358655194e-06,0.1134162717595621,pure_two_phase,"[[47, 1.0], [53, 0.0]]",0.1134162717595621,nan,1.021283457275845,1.021285303459782,nan
733,batch,65,1.0,0.01,100,8,0.1,0.0001,0.02,800,0.11585715822443214,0.11585736763266949,0.5,1025,1.8074658662335263e-06,0.11344363553924454,pure_two_phase,"[[47, 1.0], [53, 0.0]]",0.11344363553924454,nan,1.021275082323615,1.0212769282468028,nan
734,batch,65,1.0,0.01,100,8,0.1,0.01,0.02,800,0.11852977118291956,0.11852998266404137,0.5,1025,1.784199381927169e-06,0.11615264972780648,pure_two_phase,"[[47, 1.0], [53, 0.0]]",0.11615264972780648,nan,1.020465494852538,1.0204673155696917,nan
735,batch,65,1.0,0.01,100,8,0.1,0.1,0.02,800,0.14282625262371443,0.1428264829492404,0.5,1025,1.612624782386227e-06,0.1407752419160384,pure_two_phase,"[[48, 1.0], [52, 0.0]]",0.1407752419160384,nan,1.014569399276183,1.0145710353985782,nan
736,batch,65,1.0,0.01,100,64,0.0,0.0,0.02,6400,0.11560247198262344,0.11560268170349261,0.5,1025,1.8141522850554264e-06,0.11317846137116251,pure_two_phase,"[[47, 1.0], [53, 0.0]]",0.11317846137116251,nan,1.0214175964410006,1.0214194494514288,nan
737,batch,65,1.0,0.01,100,64,0.0,0.0001,0.02,6400,0.1156294537194415,0.11562966346128276,0.5,1025,1.8139103321556882e-06,0.11320581140919195,pure_two_phase,"[[47, 1.0], [53, 0.0]]",0.11320581140919195,nan,1.0214091686643991,1.0214110214124044,nan
738,batch,65,1.0,0.01,100,64,0.0,0.01,0.02,6400,0.11830064566442984,0.11830085748250771,0.5,1025,1.7905033182081277e-06,0.11591346517410316,pure_two_phase,"[[47, 1.0], [53, 0.0]]",0.11591346517410316,nan,1.0205945054506058,1.0205963328317265,nan
739,batch,65,1.0,0.01,100,64,0.0,0.1,0.02,6400,0.14258420880068753,0.14258443949364363,0.5,1025,1.617939214954836e-06,0.14052386332260028,pure_two_phase,"[[48, 1.0], [52, 0.0]]",0.14052386332260028,nan,1.01466189036774,1.0146635320316586,nan
740,batch,65,1.0,0.01,100,64,0.1,0.0,0.02,6400,0.11560295460711063,0.11560316432860955,0.5,1025,1.8141501587364367e-06,0.11317894300383685,pure_two_phase,"[[47, 1.0], [53, 0.0]]",0.11317894300383685,nan,1.0214175140617068,1.0214193670698137,nan
741,batch,65,1.0,0.01,100,64,0.1,0.0001,0.02,6400,0.11562993634392868,0.11563014608639968,0.5,1025,1.8139082073427452e-06,0.11320629304186627,pure_two_phase,"[[47, 1.0], [53, 0.0]]",0.11320629304186627,nan,1.0214090863408634,1.021410939086549,nan
742,batch,65,1.0,0.01,100,64,0.1,0.01,0.02,6400,0.11830112828891702,0.11830134010762464,0.5,1025,1.7905013368644001e-06,0.1159139468067775,pure_two_phase,"[[47, 1.0], [53, 0.0]]",0.1159139468067775,nan,1.0205944284350772,1.0205962558140376,nan
743,batch,65,1.0,0.01,100,64,0.1,0.1,0.02,6400,0.14258469142517471,0.14258492211876056,0.5,1025,1.6179381551524012e-06,0.14052434518475054,pure_two_phase,"[[48, 1.0], [52, 0.0]]",0.14052434518475054,nan,1.0146618455166283,1.014663487179399,nan
744,batch,65,1.0,0.05,20,1,0.0,0.0,0.02,20,0.12563704988357124,0.1256372378509279,0.5,1025,1.4961118205643682e-06,0.12135781263897029,pure_two_phase,"[[9, 1.0], [11, 0.0]]",0.12135781263897029,nan,1.035261324768034,1.0352628736370566,nan
745,batch,65,1.0,0.05,20,1,0.0,0.0001,0.02,20,0.125664783624768,0.12566497161092136,0.5,1025,1.495931212621846e-06,0.12138561504225033,pure_two_phase,"[[9, 1.0], [11, 0.0]]",0.12138561504225033,nan,1.0352526827913524,1.0352542314604702,nan
746,batch,65,1.0,0.05,20,1,0.0,0.01,0.02,20,0.12841042400324382,0.12841061385027402,0.5,1025,1.4784372141455874e-06,0.12413805296697522,pure_two_phase,"[[9, 1.0], [11, 0.0]]",0.12413805296697522,nan,1.0344162884317607,1.0344178177535575,nan
747,batch,65,1.0,0.05,20,1,0.0,0.1,0.02,20,0.15337079108029655,0.15337099784438887,0.5,1025,1.3481303194595692e-06,0.14910881481046798,pure_two_phase,"[[10, 1.0], [10, 0.0]]",0.14910881481046798,nan,1.0285829934014696,1.0285843800672587,nan
748,batch,65,1.0,0.05,20,1,0.1,0.0,0.02,20,0.12579856582123072,0.1257987539593527,0.5,1025,1.4955483742801825e-06,0.12152029145390714,pure_two_phase,"[[9, 1.0], [11, 0.0]]",0.12152029145390714,nan,1.0352062549894916,1.0352078031928387,nan
749,batch,65,1.0,0.05,20,1,0.1,0.0001,0.02,20,0.12582629956242744,0.12582648771934615,0.5,1025,1.4953681225848418e-06,0.12154809385718719,pure_two_phase,"[[9, 1.0], [11, 0.0]]",0.12154809385718719,nan,1.0351976371613603,1.0351991851652225,nan
750,batch,65,1.0,0.05,20,1,0.1,0.01,0.02,20,0.12857193994090327,0.12857212995869882,0.5,1025,1.4779081253057808e-06,0.12430053178191207,pure_two_phase,"[[9, 1.0], [11, 0.0]]",0.12430053178191207,nan,1.0343635549885295,1.0343650836850913,nan
751,batch,65,1.0,0.05,20,1,0.1,0.1,0.02,20,0.153532307017956,0.15353251395281364,0.5,1025,1.3478243292618794e-06,0.14927167823842766,pure_two_phase,"[[10, 1.0], [10, 0.0]]",0.14927167823842766,nan,1.028542780719079,1.028544167015931,nan
752,batch,65,1.0,0.05,20,8,0.0,0.0,0.02,160,0.11597132655139486,0.11597152817409381,0.5,1025,1.738553437448148e-06,0.11111017421412105,pure_two_phase,"[[9, 1.0], [11, 0.0]]",0.11111017421412105,nan,1.0437507399448935,1.043752554564485,nan
753,batch,65,1.0,0.05,20,8,0.0,0.0001,0.02,160,0.11599844557365978,0.115998647216521,0.5,1025,1.7383207999954533e-06,0.11113737879976182,pure_two_phase,"[[9, 1.0], [11, 0.0]]",0.11113737879976182,nan,1.0437392606015679,1.0437410749583884,nan
754,batch,65,1.0,0.05,20,8,0.0,0.01,0.02,160,0.11868322877788641,0.11868343241681235,0.5,1025,1.7158159466515248e-06,0.11383063277819724,pure_two_phase,"[[9, 1.0], [11, 0.0]]",0.11383063277819724,nan,1.042629965952527,1.0426317549167188,nan
755,batch,65,1.0,0.05,20,8,0.0,0.1,0.02,160,0.1430903488163102,0.14309057060127905,0.5,1025,1.5499621528548114e-06,0.13830146941653215,pure_two_phase,"[[10, 1.0], [10, 0.0]]",0.13830146941653215,nan,1.0346263811945124,1.0346279848287312,nan
756,batch,65,1.0,0.05,20,8,0.1,0.0,0.02,160,0.11599109686832747,0.11599129851373059,0.5,1025,1.7384528469710288e-06,0.11113007311165377,pure_two_phase,"[[9, 1.0], [11, 0.0]]",0.11113007311165377,nan,1.0437417489304608,1.04374356342943,nan
757,batch,65,1.0,0.05,20,8,0.1,0.0001,0.02,160,0.11601821589059239,0.11601841755615777,0.5,1025,1.7382202725545423e-06,0.11115727769729455,pure_two_phase,"[[9, 1.0], [11, 0.0]]",0.11115727769729455,nan,1.0437302738425749,1.0437320880788494,nan
758,batch,65,1.0,0.05,20,8,0.1,0.01,0.02,160,0.11870299909481902,0.11870320275644913,0.5,1025,1.7157214412642807e-06,0.11385053167572995,pure_two_phase,"[[9, 1.0], [11, 0.0]]",0.11385053167572995,nan,1.0426213856682718,1.0426231745192074,nan
759,batch,65,1.0,0.05,20,8,0.1,0.1,0.02,160,0.1431101191332428,0.14311034094091582,0.5,1025,1.5499066772405855e-06,0.13832141636844142,pure_two_phase,"[[10, 1.0], [10, 0.0]]",0.13832141636844142,nan,1.0346201108297353,1.0346217143968388,nan
760,batch,65,1.0,0.05,20,64,0.0,0.0,0.02,1280,0.11480003762543682,0.11480024097070676,0.5,1025,1.7712965427807732e-06,0.1098647456935507,pure_two_phase,"[[9, 1.0], [11, 0.0]]",0.1098647456935507,nan,1.0449215251055355,1.044923375974699,nan
761,batch,65,1.0,0.05,20,64,0.0,0.0001,0.02,1280,0.11482708179675058,0.11482728516235505,0.5,1025,1.7710564538733327e-06,0.10989187759036977,pure_two_phase,"[[9, 1.0], [11, 0.0]]",0.10989187759036977,nan,1.0449096358584131,1.044911486455645,nan
762,batch,65,1.0,0.05,20,64,0.0,0.01,0.02,1280,0.11750445475681137,0.11750466013553401,0.5,1025,1.7478347020689484e-06,0.11257793537545614,pure_two_phase,"[[9, 1.0], [11, 0.0]]",0.11257793537545614,nan,1.0437609675903623,1.0437627919151906,nan
763,batch,65,1.0,0.05,20,64,0.0,0.1,0.02,1280,0.14184420893918237,0.1418444326189793,0.5,1025,1.5769374433993602e-06,0.13698836075655108,pure_two_phase,"[[10, 1.0], [10, 0.0]]",0.13698836075655108,nan,1.0354471588375371,1.0354487916755073,nan
764,batch,65,1.0,0.05,20,64,0.1,0.0,0.02,1280,0.11480250247600816,0.11480270582413771,0.5,1025,1.7712834212702187e-06,0.10986722674283346,pure_two_phase,"[[9, 1.0], [11, 0.0]]",0.10986722674283346,nan,1.0449203632374076,1.0449222140908019,nan
765,batch,65,1.0,0.05,20,64,0.1,0.0001,0.02,1280,0.11482954664732191,0.11482975001578599,0.5,1025,1.7710433407275303e-06,0.10989435863965252,pure_two_phase,"[[9, 1.0], [11, 0.0]]",0.10989435863965252,nan,1.0449084745455592,1.0449103251270322,nan
766,batch,65,1.0,0.05,20,64,0.1,0.01,0.02,1280,0.1175069196073827,0.11750712498896496,0.5,1025,1.7478223748076022e-06,0.1125804164247389,pure_two_phase,"[[9, 1.0], [11, 0.0]]",0.1125804164247389,nan,1.0437598592996609,1.0437616836096855,nan
767,batch,65,1.0,0.05,20,64,0.1,0.1,0.02,1280,0.1418466737897537,0.14184689747241025,0.5,1025,1.5769302009552778e-06,0.13699084781116927,pure_two_phase,"[[10, 1.0], [10, 0.0]]",0.13699084781116927,nan,1.0354463532138862,1.035447986043087,nan
768,batch,65,4.0,0.01,400,1,0.0,0.0,0.02,400,0.0017864144799275522,0.0017869489399260727,0.5,1025,0.000299090805886526,0.0011691648780059408,pure_two_phase,"[[120, 1.0], [280, 0.0]]",0.0011691648780059408,0.0011707657617352277,1.5279405954909937,1.5283977251983383,1.5263078220510833
769,batch,65,4.0,0.01,400,1,0.0,0.0001,0.02,400,0.0017906939563740011,0.0017912284698185215,0.5,1025,0.0002984060679732902,0.0011800190435062967,pure_two_phase,"[[120, 1.0], [280, 0.0]]",0.0011800190435062967,0.0011815591013059484,1.5175127606865997,1.5179657308716674,1.5159871967798482
770,batch,65,4.0,0.01,400,1,0.0,0.01,0.02,400,0.0022143621245724887,0.0022149019291709945,0.5,1025,0.00024371489834217598,0.0021042180978702372,mixed_two_phase,"[[200, 0.28668751125920877], [200, 0.875]]",0.002250099718806785,0.002250099718806591,1.052344396625869,1.0526009311548004,0.9843572312189504
771,batch,65,4.0,0.01,400,1,0.0,0.1,0.02,400,0.006065890926376922,0.006066478832375295,0.5,1025,9.691058266534779e-05,0.006066478832375295,static,"[[400, 0.5]]",0.011641961697823208,0.011964105332448806,0.9999030894173346,1.0,0.5070566217702809
772,batch,65,4.0,0.01,400,1,0.1,0.0,0.02,400,0.0018349192065275123,0.0018354541649539475,0.5,1025,0.0002914583412921099,0.0012143467352570513,pure_two_phase,"[[120, 1.0], [280, 0.0]]",0.0012143467352570513,0.0012159784999895753,1.5110340014535462,1.5114745333139312,1.509446231960255
773,batch,65,4.0,0.01,400,1,0.1,0.0001,0.02,400,0.0018391986829739612,0.0018397336948463962,0.5,1025,0.0002908094111303634,0.001225200900757407,pure_two_phase,"[[120, 1.0], [280, 0.0]]",0.001225200900757407,0.001226771839560296,1.5011404920099118,1.5015771647809686,1.4996543248871772
774,batch,65,4.0,0.01,400,1,0.1,0.01,0.02,400,0.002262866851172449,0.0022634071541988692,0.5,1025,0.0002387122552908211,0.0021518917623942276,mixed_two_phase,"[[200, 0.28668751125920877], [200, 0.875]]",0.0022953124570611327,0.0022953124570609315,1.0515709436308958,1.0518220264389915,0.9860997997183721
775,batch,65,4.0,0.01,400,1,0.1,0.1,0.02,400,0.0061143956529768825,0.006114984057403169,0.5,1025,9.622337863244689e-05,0.006114984057403169,static,"[[400, 0.5]]",0.011687496690456562,0.012009318070703153,0.9999037766213675,1.0,0.5091866183743382
776,batch,65,4.0,0.01,400,8,0.0,0.0,0.02,3200,0.0015420125863356015,0.0015425452249333829,0.5,1025,0.0003452985294511208,0.0006157043124072562,pure_two_phase,"[[119, 1.0], [281, 0.0]]",0.0006157043124072562,0.0006251723654815584,2.5044693617731895,2.5053344500745838,2.4673918907870944
777,batch,65,4.0,0.01,400,8,0.0,0.0001,0.02,3200,0.0015462443751894084,0.0015467770670510497,0.5,1025,0.0003443882592963651,0.0006265892090387085,pure_two_phase,"[[119, 1.0], [281, 0.0]]",0.0006265892090387085,0.0006359350916814339,2.4677162531439105,2.468566398428823,2.4322876458371225
778,batch,65,4.0,0.01,400,8,0.0,0.01,0.02,3200,0.0019651914717160528,0.001965729436699812,0.5,1025,0.000273671937610299,0.0017004223370166924,pure_two_phase,"[[120, 1.0], [280, 0.0]]",0.0017004223370166924,0.0017014449854686042,1.1557078667667262,1.156024238159908,1.1553294132272045
779,batch,65,4.0,0.01,400,8,0.0,0.1,0.02,3200,0.005773801440140113,0.005774387342597672,0.5,1025,0.00010146573528883212,0.005774387342597672,static,"[[400, 0.5]]",0.011127000593691084,0.01138789856535194,0.9998985342647112,1.0,0.5070634682474638
780,batch,65,4.0,0.01,400,8,0.1,0.0,0.02,3200,0.0015480259201388442,0.001548558620517236,0.5,1025,0.000343997554457303,0.0006213039239680793,pure_two_phase,"[[119, 1.0], [281, 0.0]]",0.0006213039239680793,0.0006307796124940153,2.491575958915684,2.492433349892695,2.4549915530631203
781,batch,65,4.0,0.01,400,8,0.1,0.0001,0.02,3200,0.0015522577089926513,0.0015527904626349027,0.5,1025,0.0003430943550151444,0.0006321888205995316,pure_two_phase,"[[119, 1.0], [281, 0.0]]",0.0006321888205995316,0.0006415423386938908,2.4553703868419867,2.456213099691205,2.4204021605124493
782,batch,65,4.0,0.01,400,8,0.1,0.01,0.02,3200,0.0019712048055192956,0.001971742832283665,0.5,1025,0.0002728686294988278,0.0017060258077874653,pure_two_phase,"[[120, 1.0], [280, 0.0]]",0.0017060258077874653,0.001707052232481061,1.1554366859641705,1.1557520544433069,1.1550571182100842
783,batch,65,4.0,0.01,400,8,0.1,0.1,0.02,3200,0.005779814773943355,0.005780400738181525,0.5,1025,0.00010137086764585589,0.005780400738181525,static,"[[400, 0.5]]",0.011132644315524347,0.011393505812364396,0.9998986291323542,1.0,0.5073417114430706
784,batch,65,4.0,0.01,400,64,0.0,0.0,0.02,25600,0.001512102931926663,0.0015126353380081024,0.5,1025,0.0003519725263992165,0.0005470593011084757,pure_two_phase,"[[119, 1.0], [281, 0.0]]",0.0005470593011084757,0.0005579010032453549,2.764056709871806,2.7650299244398804,2.711297038738022
785,batch,65,4.0,0.01,400,64,0.0,0.0001,0.02,25600,0.0015163288417851563,0.0015168613011072038,0.5,1025,0.0003510270330312263,0.0005579403820147166,pure_two_phase,"[[119, 1.0], [281, 0.0]]",0.0005579403820147166,0.0005686599554490749,2.71772556829407,2.718679898432579,2.667431189012294
786,batch,65,4.0,0.01,400,64,0.0,0.01,0.02,25600,0.0019346939177758255,0.0019352316479180794,0.5,1025,0.0002778634500073047,0.0016320872215905991,pure_two_phase,"[[120, 1.0], [280, 0.0]]",0.0016320872215905991,0.0016337962236174716,1.1854108605116778,1.1857403344118103,1.184500012879932
787,batch,65,4.0,0.01,400,64,0.0,0.1,0.02,25600,0.005738012790418272,0.005738598437107855,0.5,1025,0.00010205395899388113,0.005738598437107855,static,"[[400, 0.5]]",0.011063320410253989,0.011316853206966567,0.9998979460410061,1.0,0.5070842867852362
788,batch,65,4.0,0.01,400,64,0.1,0.0,0.02,25600,0.0015128538279065543,0.0015133862417024899,0.5,1025,0.00035180298410579324,0.0005477585681855808,pure_two_phase,"[[119, 1.0], [281, 0.0]]",0.0005477585681855808,0.0005586012221418645,2.7618989747943092,2.7628709610431033,2.709242625534651
789,batch,65,4.0,0.01,400,64,0.1,0.0001,0.02,25600,0.0015170797377650476,0.0015176122048015913,0.5,1025,0.00035085843067089945,0.0005586396490918216,pure_two_phase,"[[119, 1.0], [281, 0.0]]",0.0005586396490918216,0.0005693601743455776,2.7156678553542672,2.7166210047367167,2.6654695449079036
790,batch,65,4.0,0.01,400,64,0.1,0.01,0.02,25600,0.0019354448137557168,0.0019359825516124668,0.5,1025,0.00027775966074802865,0.0016327869697538317,pure_two_phase,"[[120, 1.0], [280, 0.0]]",0.0016327869697538317,0.0016344964425139812,1.1853627261904935,1.185692063615835,1.1844519824312232
791,batch,65,4.0,0.01,400,64,0.1,0.1,0.02,25600,0.005738763686398163,0.005739349340802243,0.5,1025,0.00010204195097796038,0.005739349340802243,static,"[[400, 0.5]]",0.011064025175418657,0.011317553425863072,0.999897958049022,1.0,0.5071192619852433
792,batch,65,4.0,0.05,80,1,0.0,0.0,0.02,80,0.0033839827218993743,0.003384532124804879,0.5,1025,0.00016232757889290289,0.003352451533973954,mixed_two_phase,"[[40, 0.35779167417280583], [40, 0.75]]",0.00387683598554831,0.003909838251760285,1.0094054120114433,1.0095692929504927,0.8656450489431621
793,batch,65,4.0,0.05,80,1,0.0,0.0001,0.02,80,0.003388485913460087,0.003389035371305882,0.5,1025,0.00016212809416128125,0.0033576272086554533,mixed_two_phase,"[[40, 0.35779167417280583], [40, 0.75]]",0.0038873803899526615,0.003920679443393886,1.0091906286454568,1.0093542733301253,0.8644000154147281
794,batch,65,4.0,0.05,80,1,0.0,0.01,0.02,80,0.003834301877970381,0.0038348567749049408,0.5,1025,0.00014469821616053223,0.0038346502739668577,mixed_two_phase,"[[40, 0.47155833483456117], [40, 0.55]]",0.004931276425984092,0.004993957415119828,0.999909145300983,1.000053851309332,0.7678993744108499
795,batch,65,4.0,0.05,80,1,0.0,0.1,0.02,80,0.007887174282609431,0.007887778625805485,0.5,1025,7.66176669914756e-05,0.007887778625805485,static,"[[80, 0.5]]",0.01412182517943787,0.01475102988535568,0.9999233823330085,1.0,0.5347273164727436
796,batch,65,4.0,0.05,80,1,0.1,0.0,0.02,80,0.0036413646321955115,0.0036419166776423704,0.5,1025,0.00015158102057852114,0.0036079618341054954,mixed_two_phase,"[[40, 0.35779167417280583], [40, 0.75]]",0.0041173209826310606,0.004149500635765583,1.00925807966544,1.0094110872282254,0.8776758933958897
797,batch,65,4.0,0.05,80,1,0.1,0.0001,0.02,80,0.003645867823756224,0.0036464199241433735,0.5,1025,0.0001514088883438916,0.0036131375087869945,mixed_two_phase,"[[40, 0.35779167417280583], [40, 0.75]]",0.004127865387035412,0.004160341827399184,1.009058696185692,1.009211499776977,0.8764712313129602
798,batch,65,4.0,0.05,80,1,0.1,0.01,0.02,80,0.004091683788266518,0.004092241327742432,0.5,1025,0.0001362430588183389,0.004091963306683497,mixed_two_phase,"[[40, 0.47155833483456117], [40, 0.55]]",0.005171761423066842,0.005233619799125119,0.999931690878918,1.000067943194525,0.7819141406539531
799,batch,65,4.0,0.05,80,1,0.1,0.1,0.02,80,0.008144556192905569,0.008145163178642978,0.5,1025,7.452100394994293e-05,0.008145163178642978,static,"[[80, 0.5]]",0.014363712307705294,0.01499069226936097,0.9999254789960501,1.0,0.5433480343860193
800,batch,65,4.0,0.05,80,8,0.0,0.0,0.02,640,0.001976256089127955,0.0019767978958315077,0.5,1025,0.0002740830029691783,0.0008825612152132383,pure_two_phase,"[[24, 1.0], [56, 0.0]]",0.0008825612152132383,0.0008825612152133094,2.239228344801517,2.2398422474908863,2.239842247490706
801,batch,65,4.0,0.05,80,8,0.0,0.0001,0.02,640,0.0019804935841625706,0.0019810354450467936,0.5,1025,0.0002735240732707941,0.0008932341441082355,pure_two_phase,"[[24, 1.0], [56, 0.0]]",0.0008932341441082355,0.0008932341441083066,2.217216613612331,2.2178232416591843,2.2178232416590076
802,batch,65,4.0,0.05,80,8,0.0,0.01,0.02,640,0.002400005592589487,0.002400552817360075,0.5,1025,0.00022795781314648674,0.0019498541047128105,pure_two_phase,"[[24, 1.0], [56, 0.0]]",0.0019498541047128105,0.0019498541047128764,1.2308641896789392,1.2311448387640505,1.2311448387640087
803,batch,65,4.0,0.05,80,8,0.0,0.1,0.02,640,0.006213751123743272,0.00621434711111718,0.5,1025,9.59050666548817e-05,0.00621434711111718,static,"[[80, 0.5]]",0.011316867512114241,0.011555490110208996,0.9999040949333451,1.0,0.5377830842178606
804,batch,65,4.0,0.05,80,8,0.1,0.0,0.02,640,0.0020070817578282697,0.0020076238804617825,0.5,1025,0.00027003197102243114,0.0009113167709556003,pure_two_phase,"[[24, 1.0], [56, 0.0]]",0.0009113167709556003,0.0009113167709556644,2.2023974777987,2.2029923561667832,2.2029923561666283
805,batch,65,4.0,0.05,80,8,0.1,0.0001,0.02,640,0.0020113192528628853,0.0020118614296770684,0.5,1025,0.0002694901379317116,0.0009219896998505974,pure_two_phase,"[[24, 1.0], [56, 0.0]]",0.0009219896998505974,0.0009219896998506616,2.181498614560235,2.182086665396672,2.18208666539652
806,batch,65,4.0,0.05,80,8,0.1,0.01,0.02,640,0.0024308312612898015,0.0024313788019903497,0.5,1025,0.0002251976121943494,0.0019786096604551724,pure_two_phase,"[[24, 1.0], [56, 0.0]]",0.0019786096604551724,0.0019786096604552383,1.2285552374845865,1.2288319675094577,1.2288319675094168
807,batch,65,4.0,0.05,80,8,0.1,0.1,0.02,640,0.006244576792443586,0.006245173095747455,0.5,1025,9.54822700229801e-05,0.006245173095747455,static,"[[80, 0.5]]",0.011345796260619703,0.011584245665951362,0.999904517729977,1.0,0.5391091725638544
808,batch,65,4.0,0.05,80,64,0.0,0.0,0.02,5120,0.001818691851102576,0.0018192325711619134,0.5,1025,0.00029722426253172207,0.0005119009804578894,pure_two_phase,"[[23, 1.0], [57, 0.0]]",0.0005119009804578894,0.0005303647510103236,3.5528196282722053,3.553875926423566,3.4301536210623884
809,batch,65,4.0,0.05,80,64,0.0,0.0001,0.02,5120,0.0018228984518882762,0.0018234392260196193,0.5,1025,0.0002965682231831292,0.0005228675544008809,pure_two_phase,"[[23, 1.0], [57, 0.0]]",0.0005228675544008809,0.0005410181307642387,3.4863483812397082,3.4873826281092866,3.370384691995148
810,batch,65,4.0,0.05,80,64,0.0,0.01,0.02,5120,0.0022393519296724854,0.002239898056932416,0.5,1025,0.0002438179086947065,0.0015957027264020106,pure_two_phase,"[[24, 1.0], [56, 0.0]]",0.0015957027264020106,0.001595702726401988,1.4033641057452941,1.4037063544930681,1.403706354493088
811,batch,65,4.0,0.05,80,64,0.0,0.1,0.02,5120,0.006025292636801678,0.006025887428866949,0.5,1025,9.870613619850583e-05,0.006025887428866949,static,"[[80, 0.5]]",0.010981625649847674,0.01118374450492689,0.9999012938638014,1.0,0.5388076798618122
812,batch,65,4.0,0.05,80,64,0.1,0.0,0.02,5120,0.0018225249308306338,0.001823065690169252,0.5,1025,0.00029662087413212426,0.0005154648878634097,pure_two_phase,"[[23, 1.0], [57, 0.0]]",0.0005154648878634097,0.0005339412230367171,3.535691710030839,3.536740781172929,3.4143565087573067
813,batch,65,4.0,0.05,80,64,0.1,0.0001,0.02,5120,0.001826731531616334,0.001827272345026958,0.5,1025,0.00029596760006570324,0.0005264314618064012,pure_two_phase,"[[23, 1.0], [57, 0.0]]",0.0005264314618064012,0.0005445946027906341,3.470027276386697,3.4710545960851973,3.3552891190319807
814,batch,65,4.0,0.05,80,64,0.1,0.01,0.02,5120,0.0022431850094005432,0.0022437311759397546,0.5,1025,0.00024341888416406528,0.001599279198428406,pure_two_phase,"[[24, 1.0], [56, 0.0]]",0.001599279198428406,0.0015992791984283834,1.40262251369548,1.4029640216321482,1.402964021632168
815,batch,65,4.0,0.05,80,64,0.1,0.1,0.02,5120,0.0060291257165297355,0.006029720547874287,0.5,1025,9.86499025666327e-05,0.006029720547874287,static,"[[80, 0.5]]",0.010985223445175489,0.01118732097695328,0.9999013500974334,1.0,0.5389780592061284
816,batch,65,8.0,0.01,800,1,0.0,0.0,0.02,800,3.210151781612805e-05,3.211317753996489e-05,0.5,4097,0.000363082221381729,3.211317753996489e-05,static,"[[800, 0.5]]",0.0004988727135026294,0.0005017316681947652,0.9996369177786183,1.0,0.06400468532414622
817,batch,65,8.0,0.01,800,1,0.0,0.0001,0.02,800,3.246523149171192e-05,3.247689238152114e-05,0.5,4097,0.00035905189672189876,3.247689238152114e-05,static,"[[800, 0.5]]",0.0005079491359621458,0.0005108607211400116,0.9996409481032781,1.0,0.06357288990440939
818,batch,65,8.0,0.01,800,1,0.0,0.01,0.02,800,6.847288537450112e-05,6.848466169557632e-05,0.5,4097,0.0001719555997450179,6.848466169557632e-05,static,"[[800, 0.5]]",0.0014013990108706683,0.0014146369627193725,0.999828044400255,1.0,0.048411474816780896
819,batch,65,8.0,0.01,800,1,0.0,0.1,0.02,800,0.00039562280231974286,0.0003958280190960779,0.5,1025,0.0005184493427313918,0.0003958280190960779,static,"[[800, 0.5]]",0.009203635232718272,0.00963078461344078,0.9994815506572686,1.0,0.041100287773403
820,batch,65,8.0,0.01,800,1,0.1,0.0,0.02,800,8.26834270702087e-05,8.269511794531631e-05,0.5,4097,0.00014137322006528856,8.269511794531631e-05,static,"[[800, 0.5]]",0.0005449582502930752,0.000547790269362091,0.9998586267799348,1.0,0.15096127582115662
821,batch,65,8.0,0.01,800,1,0.1,0.0001,0.02,800,8.304714074579256e-05,8.305883278687256e-05,0.5,4097,0.00014076818428207852,8.305883278687256e-05,static,"[[800, 0.5]]",0.0005540346727525916,0.0005569193223073409,0.9998592318157179,1.0,0.14913979361096005
822,batch,65,8.0,0.01,800,1,0.1,0.01,0.02,800,0.00011905479462858176,0.00011906660210092774,0.5,4097,9.916695477690908e-05,0.00011906660210092774,static,"[[800, 0.5]]",0.0014475368415546464,0.0014606955638866975,0.999900833045223,1.0,0.08151363298736179
823,batch,65,8.0,0.01,800,1,0.1,0.1,0.02,800,0.00044620424429717967,0.0004464099595014294,0.5,1025,0.00046082126948847763,0.0004464099595014294,static,"[[800, 0.5]]",0.009250066773788845,0.009676843214608107,0.9995391787305116,1.0,0.046131775580235866
824,batch,65,8.0,0.01,800,8,0.0,0.0,0.02,6400,1.5013139992449004e-05,1.5024508354042926e-05,0.5,4097,0.0007566544825317326,1.5024508354042926e-05,static,"[[800, 0.5]]",6.224415982849021e-05,6.224415982870272e-05,0.9992433455174683,1.0,0.24138020973197646
825,batch,65,8.0,0.01,800,8,0.0,0.0001,0.02,6400,1.5370282048108393e-05,1.5381651546538476e-05,0.5,4097,0.0007391597967021837,1.5381651546538476e-05,static,"[[800, 0.5]]",7.135033889999788e-05,7.135033890020605e-05,0.9992608402032979,1.0,0.21557923597324435
826,batch,65,8.0,0.01,800,8,0.0,0.01,0.02,6400,5.0727345558386346e-05,5.073882760359621e-05,0.5,4097,0.00022629701457765352,5.073882760359621e-05,static,"[[800, 0.5]]",0.0009697294192699633,0.0009728620669790227,0.9997737029854223,1.0,0.052154184365675614
827,batch,65,8.0,0.01,800,8,0.0,0.1,0.02,6400,0.0003719676121384656,0.0003721677008495785,0.5,1025,0.00053763051080504,0.0003721677008495785,static,"[[800, 0.5]]",0.008816395251730608,0.009168423231331886,0.999462369489195,1.0,0.04059233430430481
828,batch,65,8.0,0.01,800,8,0.1,0.0,0.02,6400,2.12798017896904e-05,2.1291174012513705e-05,0.5,4097,0.0005341284992842607,2.1291174012513705e-05,static,"[[800, 0.5]]",6.795682955718953e-05,6.79568295573977e-05,0.9994658715007158,1.0,0.31330440444592483
829,batch,65,8.0,0.01,800,8,0.1,0.0001,0.02,6400,2.163694384534979e-05,2.1648317205009255e-05,0.5,4097,0.0005253692262432185,2.1648317205009255e-05,static,"[[800, 0.5]]",7.70630086286972e-05,7.70630086289045e-05,0.9994746307737568,1.0,0.28091710394096253
830,batch,65,8.0,0.01,800,8,0.1,0.01,0.02,6400,5.699400735562775e-05,5.700549326206699e-05,0.5,4097,0.00020148771253390707,5.700549326206699e-05,static,"[[800, 0.5]]",0.0009754453778952048,0.0009785747367077212,0.9997985122874661,1.0,0.058253591804192754
831,batch,65,8.0,0.01,800,8,0.1,0.1,0.02,6400,0.000378234216016326,0.00037843436650804915,0.5,1025,0.0005288908974362112,0.00037843436650804915,static,"[[800, 0.5]]",0.008822148472330165,0.00917413590106059,0.9994711091025638,1.0,0.04125013740687007
832,batch,65,8.0,0.01,800,64,0.0,0.0,0.02,51200,1.2941763973027335e-05,1.2953096316746147e-05,0.5,4097,0.0008748752762812652,8.007259041644017e-06,pure_two_phase,"[[121, 1.0], [679, 0.0]]",8.007259041644017e-06,8.007259041761111e-06,1.6162539397963809,1.617669198583423,1.6176691985597673
833,batch,65,8.0,0.01,800,64,0.0,0.0001,0.02,51200,1.3298100425593445e-05,1.3309433902546628e-05,0.5,4097,0.0008515371154151542,1.3309433902546628e-05,static,"[[800, 0.5]]",1.711061144952543e-05,1.711061144963038e-05,0.9991484628845848,1.0,0.7778467731399591
834,batch,65,8.0,0.01,800,64,0.0,0.01,0.02,51200,4.8575409229644036e-05,4.858685489680004e-05,0.5,4097,0.00023557127087794774,4.858685489680004e-05,static,"[[800, 0.5]]",0.0009158311021887798,0.0009183424998294998,0.9997644287291221,1.0,0.052907117884471985
835,batch,65,8.0,0.01,800,64,0.0,0.1,0.02,51200,0.00036909122733197957,0.0003692906821172849,0.5,1025,0.000540102404322182,0.0003692906821172849,static,"[[800, 0.5]]",0.008767944114064972,0.009111359666919169,0.9994598975956778,1.0,0.0405307984337483
836,batch,65,8.0,0.01,800,64,0.1,0.0,0.02,51200,1.3724229168901826e-05,1.3735561994769315e-05,0.5,4097,0.0008250718734190716,8.720651316458487e-06,pure_two_phase,"[[121, 1.0], [679, 0.0]]",8.720651316458487e-06,8.720651316576448e-06,1.5737619440190305,1.5750614829475162,1.5750614829262108
837,batch,65,8.0,0.01,800,64,0.1,0.0001,0.02,51200,1.4080565621467936e-05,1.4091899580569796e-05,0.5,4097,0.0008042889489141483,1.4091899580569796e-05,static,"[[800, 0.5]]",1.78240037243399e-05,1.7824003724449186e-05,0.9991957110510858,1.0,0.7906135904381537
838,batch,65,8.0,0.01,800,64,0.1,0.01,0.02,51200,4.935787442551853e-05,4.9369320574823205e-05,0.5,4097,0.00023184741396898608,4.9369320574823205e-05,static,"[[800, 0.5]]",0.0009165449043710564,0.0009190558921043151,0.999768152586031,1.0,0.05371743002679065
839,batch,65,8.0,0.01,800,64,0.1,0.1,0.02,51200,0.0003698736852955064,0.00037007314779530795,0.5,1025,0.0005389812824568952,0.00037007314779530795,static,"[[800, 0.5]]",0.008768662559532781,0.00911207305919398,0.9994610187175431,1.0,0.04061349655465155
840,batch,65,8.0,0.05,160,1,0.0,0.0,0.02,160,0.00016455377238788472,0.00016456737826034927,0.5,4097,8.267660704310765e-05,0.00016456737826034927,static,"[[160, 0.5]]",0.002698475373509788,0.0027726396243824445,0.9999173233929569,1.0,0.0593540454421673
841,batch,65,8.0,0.05,160,1,0.0,0.0001,0.02,160,0.00016494518988198766,0.00016495879711503944,0.5,4097,8.248867771683704e-05,0.00016495879711503944,static,"[[160, 0.5]]",0.002707375020279749,0.002781800917504392,0.9999175113222831,1.0,0.059299282014410724
842,batch,65,8.0,0.05,160,1,0.0,0.01,0.02,160,0.00020369552179818178,0.00020370926372937097,0.5,4097,6.74585482152909e-05,0.00020370926372937097,static,"[[160, 0.5]]",0.00357460467931762,0.003688768936577289,0.9999325414517847,1.0,0.05522418650553575
843,batch,65,8.0,0.05,160,1,0.0,0.1,0.02,160,0.0005557467633551021,0.0005559862329505656,0.5,1025,0.00043071137605811023,0.0005559862329505656,static,"[[160, 0.5]]",0.011145236804495959,0.011933932746330898,0.9995692886239419,1.0,0.04658868495144689
844,batch,65,8.0,0.05,160,1,0.1,0.0,0.02,160,0.00043371390228987185,0.0004339342444634657,0.5,1025,0.0005077777944589509,0.0004339342444634657,static,"[[160, 0.5]]",0.002942845105980414,0.0030162720956757637,0.999492222205541,1.0,0.14386442293636886
845,batch,65,8.0,0.05,160,1,0.1,0.0001,0.02,160,0.00043410529937459874,0.0004343256633181559,0.5,1025,0.0005073703033654737,0.0004343256633181559,static,"[[160, 0.5]]",0.002951744752750375,0.003025433388797712,0.9994926296966345,1.0,0.1435581642373406
846,batch,65,8.0,0.05,160,1,0.1,0.01,0.02,160,0.00047285361076257113,0.0004730761299324874,0.5,1025,0.00047036651362655036,0.0004730761299324874,static,"[[160, 0.5]]",0.003819644359589228,0.003932401407870609,0.9995296334863735,1.0,0.12030209555556476
847,batch,65,8.0,0.05,160,1,0.1,0.1,0.02,160,0.0008251109870168642,0.000825353099153682,0.5,1025,0.00029334370594370004,0.000825353099153682,static,"[[160, 0.5]]",0.011391941827806656,0.012177565217624208,0.9997066562940563,1.0,0.06777652875627177
848,batch,65,8.0,0.05,160,8,0.0,0.0,0.02,1280,5.9540317733553e-05,5.955231294255012e-05,0.5,4097,0.0002014230582226094,5.955231294255012e-05,static,"[[160, 0.5]]",0.00033211870312874463,0.0003321187031287958,0.9997985769417774,1.0,0.1793103260416373
849,batch,65,8.0,0.05,160,8,0.0,0.0001,0.02,1280,5.989427931576152e-05,5.990627572427954e-05,0.5,4097,0.00020025295134746895,5.990627572427954e-05,static,"[[160, 0.5]]",0.00034115444359794894,0.0003411544435979949,0.9997997470486525,1.0,0.17559869686138724
850,batch,65,8.0,0.05,160,8,0.0,0.01,0.02,1280,9.493647595439329e-05,9.494859111548038e-05,0.5,4097,0.00012759706010120333,9.494859111548038e-05,static,"[[160, 0.5]]",0.00123569275004929,0.001235692750049337,0.9998724029398988,1.0,0.07683834926739629
851,batch,65,8.0,0.05,160,8,0.0,0.1,0.02,1280,0.00041330397321253146,0.0004135150946718525,0.5,1025,0.0005105532108533067,0.0004135150946718525,static,"[[160, 0.5]]",0.009056528630083247,0.009367859172334219,0.9994894467891466,1.0,0.044141899132415716
852,batch,65,8.0,0.05,160,8,0.1,0.0,0.02,1280,9.168017076022336e-05,9.169218571454302e-05,0.5,4097,0.00013103574994995519,9.169218571454302e-05,static,"[[160, 0.5]]",0.0003613610155178302,0.0003613610155178814,0.99986896425005,1.0,0.2537412221490887
853,batch,65,8.0,0.05,160,8,0.1,0.0001,0.02,1280,9.203413234243189e-05,9.204614849627244e-05,0.5,4097,0.0001305448846785744,9.204614849627244e-05,static,"[[160, 0.5]]",0.0003703967559870345,0.00037039675598708136,0.9998694551153214,1.0,0.24850689701905168
854,batch,65,8.0,0.05,160,8,0.1,0.01,0.02,1280,0.00012707632898106364,0.00012708846388747328,0.5,4097,9.548393330477235e-05,0.00012708846388747328,static,"[[160, 0.5]]",0.0012649350624383757,0.001264935062438419,0.9999045160666953,1.0,0.10047034639271084
855,batch,65,8.0,0.05,160,8,0.1,0.1,0.02,1280,0.0004454435300545642,0.0004456549674438454,0.5,1025,0.00047444189951233927,0.0004456549674438454,static,"[[160, 0.5]]",0.009085992161401909,0.009397101484723298,0.9995255581004877,1.0,0.04742472646148802
856,batch,65,8.0,0.05,160,64,0.0,0.0,0.02,10240,4.8371946966175466e-05,4.838375145347945e-05,0.5,4097,0.00024397627197917488,4.68236285761257e-05,pure_two_phase,"[[24, 1.0], [136, 0.0]]",4.68236285761257e-05,4.682362857610749e-05,1.0330670312646213,1.0333191366153374,1.0333191366157395
857,batch,65,8.0,0.05,160,64,0.0,0.0001,0.02,10240,4.87216882338484e-05,4.873349390160112e-05,0.5,4097,0.00024224956611062115,4.873349390160112e-05,static,"[[160, 0.5]]",5.5844591455256505e-05,5.584459145524523e-05,0.9997577504338894,1.0,0.8726627347727477
858,batch,65,8.0,0.05,160,64,0.0,0.01,0.02,10240,8.334607373343431e-05,8.335799626561134e-05,0.5,4097,0.00014302805622919113,8.335799626561134e-05,static,"[[160, 0.5]]",0.0009489199164893396,0.0009489199164893283,0.9998569719437708,1.0,0.08784513299500211
859,batch,65,8.0,0.05,160,64,0.0,0.1,0.02,10240,0.00039791843487474215,0.0003981261995747944,0.5,1025,0.0005218563869299546,0.0003981261995747944,static,"[[160, 0.5]]",0.008805923366808587,0.009067786507708253,0.9994781436130701,1.0,0.043905555036651917
860,batch,65,8.0,0.05,160,64,0.1,0.0,0.02,10240,5.236671396428706e-05,5.23785209065088e-05,0.5,4097,0.00022541572418231624,5.046085274403728e-05,pure_two_phase,"[[24, 1.0], [136, 0.0]]",5.046085274403728e-05,5.046085274401906e-05,1.0377691044960589,1.038003086713554,1.0380030867139285
861,batch,65,8.0,0.05,160,64,0.1,0.0001,0.02,10240,5.271645523195999e-05,5.272826335463046e-05,0.5,4097,0.00022394294670872913,5.272826335463046e-05,static,"[[160, 0.5]]",5.948181562316808e-05,5.948181562315247e-05,0.9997760570532913,1.0,0.8864602198542628
862,batch,65,8.0,0.05,160,64,0.1,0.01,0.02,10240,8.73408407315458e-05,8.735276571864058e-05,0.5,4097,0.0001365152779843605,8.735276571864058e-05,static,"[[160, 0.5]]",0.0009525571406572512,0.0009525571406572399,0.9998634847220157,1.0,0.09170343908016838
863,batch,65,8.0,0.05,160,64,0.1,0.1,0.02,10240,0.00040191316504849044,0.00040212096902782365,0.5,1025,0.0005167698163952829,0.00040212096902782365,static,"[[160, 0.5]]",0.008809587793648774,0.00907142373187617,0.9994832301836047,1.0,0.04432831944723369
