angle_deg,epsilon,budget,static,candidate,gain,global_gain_upper,epsilon_critical
30,0.0,0.2,0.34151889867340657,0.3414943692847646,1.0000718295551794,1.0271571309999972,0.7072223522189248
30,0.0,0.3191919191919192,0.2721137539061679,0.27203489410391324,1.0002898885546077,1.0436911459600868,0.5753040349998251
30,0.0,0.43838383838383843,0.2168134628933561,0.216652448398528,1.0007431925926444,1.0604913068120272,0.46799246608741907
30,0.0,0.5575757575757576,0.1727515681108069,0.17249136534493112,1.0015084973404638,1.0775618976716792,0.3806977441321973
30,0.0,0.6767676767676768,0.13764414758423774,0.13727995907390672,1.0026528891237136,1.094907271615762,0.309686122939149
30,0.0,0.795959595959596,0.10967142915912097,0.10920923960508874,1.0042321469841156,1.1125318517919047,0.2519203126871656
30,0.0,0.9151515151515153,0.08738346369897856,0.08683728185842449,1.0062897159936968,1.1304401325465696,0.20492956979176444
30,0.0,1.0343434343434343,0.0696249678387241,0.069013759302501,1.0088563286857632,1.1486366805711292,0.16670401892994002
30,0.0,1.1535353535353536,0.05547544056210293,0.0548203238042939,1.0119502533430442,1.1671261360663965,0.13560868719742272
30,0.0,1.2727272727272727,0.044201449581823066,0.04352343753239335,1.0155780905156007,1.1859132139258923,0.11031357349061281
30,0.0,1.391919191919192,0.03521861431541525,0.03453699241213477,1.019735994818153,1.2050027049381677,0.08973676205973997
30,0.0,1.511111111111111,0.02806131486710429,0.02739262860536441,1.0244111754068366,1.2243994770084736,0.072998147101559
30,0.0,1.6303030303030304,0.022358556898875635,0.02171611755113112,1.0295835269003253,1.2441084764001002,0.05938178911239717
30,0.0,1.7494949494949494,0.017814741360758127,0.01720853194906897,1.0352272589831206,1.2641347289956972,0.048305292917686996
30,0.0,1.8686868686868687,0.014194342290788258,0.013631204245087737,1.0413124207938897,1.2844833415788908,0.039294897623359006
30,0.0,1.9878787878787878,0.01130969846757775,0.010779875102838492,1.0491493045777263,1.3051595031365433,0.03196521304324598
30,0.0,2.107070707070707,0.009011286103093352,0.008453068100244706,1.0660373247001862,1.326168486181965,0.026002735894461386
30,0.0,2.2262626262626264,0.007179968366494841,0.006628496121310323,1.0831971890896275,1.3475156480994273,0.021152440719927394
30,0.0,2.3454545454545457,0.005720819997732625,0.005197753089077097,1.1006332735879154,1.3692064325103188,0.017206872008623704
30,0.0,2.464646464646465,0.004558206913442817,0.004075832086278697,1.1183500244742752,1.391246370661297,0.013997270964680151
30,0.0,2.5838383838383843,0.0036318657594527873,0.0031960747097528296,1.136351959599111,1.4136410828347787,0.011386357401884876
30,0.0,2.703030303030303,0.0028937801958452184,0.002506210593098307,1.1546436695360776,1.4363962797821364,0.009262458032755607
30,0.0,2.8222222222222224,0.002305691998684358,0.0019652517876980148,1.1732298187526984,1.4595177641799646,0.007534730008945334
30,0.0,2.9414141414141417,0.0018371179678504609,0.0015410574832323146,1.1921151467998259,1.4830114321097934,0.006129275415546636
30,0.0,3.060606060606061,0.0014637698485855009,0.0012084243767095562,1.2113044695202444,1.5068832745616068,0.004985980529497818
30,0.0,3.1797979797979803,0.0011662953643281914,0.0009475892301972887,1.2308026802767356,1.5311393789615775,0.004055944651707944
30,0.0,3.298989898989899,0.0009292751030279036,0.0007430546474334375,1.2506147511999077,1.5557859307243895,0.0032993885396049006
30,0.0,3.4181818181818184,0.0007404232611392936,0.0005826683033928907,1.2707457344561086,1.5808292148305425,0.0026839529801502855
30,0.0,3.5373737373737377,0.0005899508163404274,0.0004569009196718097,1.291200763535751,1.6062756174290511,0.0021833147303470454
30,0.0,3.656565656565657,0.0004700581194129461,0.0003582800869402715,1.3119850545623792,1.6321316274659423,0.0017760606266222561
30,0.0,3.775757575757576,0.00037453060408773977,0.00028094629529337023,1.333103907622796,1.6584038383389617,0.0014447717067966844
30,0.0,3.894949494949495,0.000298416658717679,0.00022030479425508222,1.3545627081186173,1.6850989495789246,0.0011752781709541038
30,0.0,4.014141414141414,0.00023777096244813635,0.00017275259786249785,1.3763669281395685,1.7122237685581245,0.0009560533145985841
30,0.0,4.133333333333334,0.00018944998186913776,0.00013546441496723523,1.398522127858892,1.73978521222624,0.0007777205115729429
30,0.0,4.252525252525253,0.00015094902784037583,0.0001062247859046466,1.4210339569512171,1.7677903088741964,0.0006326521595453464
30,0.0,4.371717171717172,0.00012027242642701153,8.32964520107895e-05,1.4439081560332543,1.7962461999263977,0.0005146434342690606
30,0.0,4.490909090909091,9.583007433434878e-05,6.531713722458318e-05,1.4671505581276696,1.8251601417618335,0.0004186468985209699
30,0.0,4.61010101010101,7.635501685417369e-05,5.121860910309128e-05,1.4907670901505468,1.8545395075644835,0.0003405566144842663
30,0.0,4.72929292929293,6.083777602488444e-05,4.016321029862775e-05,1.5147637744227602,1.8843917892035154,0.0002770325256886517
30,0.0,4.848484848484849,4.8474024944854535e-05,3.149408954556017e-05,1.5391467302057025,1.9147245991437283,0.00022535759701997933
30,0.0,4.967676767676768,3.8622895968341617e-05,2.4696175154545614e-05,1.5639221752617278,1.945545672386803,0.00018332160243052502
30,0.0,5.086868686868687,3.077376171420411e-05,1.936557227290849e-05,1.5890964274396957,1.9768628684437106,0.00014912658974933996
30,0.0,5.206060606060606,2.451976700087099e-05,1.5185565663928903e-05,1.6146759062860674,2.008684173338976,0.0001213099791591444
30,0.0,5.325252525252526,1.953673975123743e-05,1.1907802221579398e-05,1.6406671346818997,2.0410177016470983,9.868200612867001e-05
30,0.0,5.444444444444445,1.5566387726850094e-05,9.337535188765911e-06,1.6670767405062292,2.0738716985618555,8.027483312649497e-05
30,0.0,5.563636363636364,1.2402910104142686e-05,7.3220533713128e-06,1.6939114583261934,2.1072545419988136,6.530115353638324e-05
30,0.0,5.682828282828283,9.882329911781861e-06,5.741607874940592e-06,1.7211781311143812,2.141174744731773,5.3120517192017396e-05
30,0.0,5.802020202020202,7.873994382389273e-06,4.502297281625687e-06,1.7488837119938325,2.1756409565635453,4.321193721601298e-05
30,0.0,5.921212121212122,6.273802644453363e-06,3.5304885414773735e-06,1.7770352660110937,2.2106619665316933,3.515160651036066e-05
30,0.0,6.040404040404041,4.998809715889921e-06,2.768442100074394e-06,1.8056399719378606,2.2462467051497814,2.859477079406074e-05
30,0.0,6.15959595959596,3.982927100483034e-06,2.170881330281023e-06,1.8347051241015737,2.282404246684679,2.326098286642652e-05
30,0.0,6.278787878787879,3.173497130193928e-06,1.7023024429646087e-06,1.8642381342455172,2.319143811470562,1.892210739540435e-05
30,0.0,6.397979797979798,2.528563486418753e-06,1.334865046238224e-06,1.8942465334188532,2.356474768260126,1.5392563174963594e-05
30,0.0,6.517171717171718,2.014696419296724e-06,1.0467380218085123e-06,1.9247379738970518,2.394406636613661,1.252138549603565e-05
30,0.0,6.636363636363637,1.6052599366116322e-06,8.20802439458037e-07,1.95572023113328,2.4329490893265833,1.0185769124881523e-05
30,0.0,6.7555555555555555,1.2790311430592052e-06,6.436344439425671e-07,1.9872012057411519,2.4721119548960395,8.285815710908143e-06
30,0.0,6.874747474747475,1.0191001641568553e-06,5.047076830117486e-07,2.019188925509447,2.5119052200272223,6.740260961484403e-06
30,0.0,6.993939393939394,8.119936330091822e-07,3.957678891930435e-07,2.051691547449208,2.552339032180021,5.482998827635208e-06
30,0.0,7.113131313131314,6.469763063898069e-07,3.103424564128754e-07,2.084717359873824,2.593423702156654,4.460254034026035e-06
30,0.0,7.232323232323233,5.154946098266579e-07,2.4335587318302967e-07,2.1182747845126,2.635169706731016,3.6282820174568086e-06
30,0.0,7.351515151515152,4.1073326818282446e-07,1.9082816349783147e-07,2.15237237865831,2.6775876913202312,2.951497896257176e-06
30,0.0,7.470707070707071,3.2726203994426303e-07,1.496384184513466e-07,2.187018837349373,2.720688472699361,2.4009544433694842e-06
30,0.0,7.58989898989899,2.607542438973026e-07,1.1733936891802032e-07,2.2222229955870967,2.7644830417596515,1.9531039633962823e-06
30,0.0,7.70909090909091,2.077624881945796e-07,9.201198222070185e-08,2.2579938305886746,2.8089825663113377,1.5887911169529952e-06
30,0.0,7.828282828282829,1.6553997685960356e-07,7.21514437161983e-08,2.294340464076385,2.854198393931408,1.292433613681929e-06
30,0.0,7.947474747474748,1.318981312594473e-07,5.657774894844583e-08,2.3312721646036874,2.900142054857348,1.0513557307510712e-06
30,0.0,8.066666666666666,1.050931464397215e-07,4.436559424457802e-08,2.3687983499187566,2.946825264927373,8.552461502716283e-07
30,0.0,8.185858585858586,8.373560203727019e-08,3.478940023697426e-08,2.4069285893660157,2.994259928568022,6.957169264031181e-07
30,0.0,8.305050505050504,6.67184425062943e-08,2.728020190998121e-08,2.4456726063264043,3.042458141829851,5.659447184065976e-07
30,0.0,8.424242424242424,5.315959355596933e-08,2.139184381392101e-08,2.485040280696845,3.091432195471947,4.603789445633451e-07
30,0.0,8.543434343434344,4.235624035691854e-08,1.6774471951095094e-08,2.5250416514096816,3.1411945780961843,3.745043741975296e-07
30,0.0,8.662626262626262,3.374839755469886e-08,1.3153747366786755e-08,2.565686918992655,3.191757979331817,3.0464800345313264e-07
30,0.0,8.781818181818181,2.688988276373225e-08,1.031454643065253e-08,2.6069864481700833,3.243135293071432,2.478219545682193e-07
30,0.0,8.901010101010101,2.1425188970093433e-08,8.088179368468147e-09,2.6489507705058766,3.2953396207588828,2.0159567917687276e-07
30,0.0,9.020202020202019,1.7071057037978005e-08,6.342367639366518e-09,2.69159058708919,3.348384274730334,1.6399199955303935e-07
30,0.0,9.139393939393939,1.360179314173986e-08,4.973384669200525e-09,2.7349167712632125,3.4022827816088492,1.3340254130054412e-07
30,0.0,9.258585858585858,1.0837570061367194e-08,3.899892985438688e-09,2.7789403713979364,3.4570488857538133,1.0851894039920856e-07
30,0.0,9.377777777777778,8.635105946039864e-09,3.0581115898921147e-09,2.8236726137074992,3.5126965527657283,8.827688221348007e-08
30,0.0,9.496969696969696,6.880237385051485e-09,2.398026441020541e-09,2.8691249051129835,3.5692399730476287,7.181057891521273e-08
30,0.0,9.616161616161616,5.482001815666149e-09,1.8804188934245172e-09,2.915308836151196,3.6266935654235866,5.841573824126889e-08
30,0.0,9.735353535353536,4.367922533059804e-09,1.4745355406686272e-09,2.9622361839302784,3.685071980815588,4.75194396956678e-08
30,0.0,9.854545454545454,3.4802519036548835e-09,1.156261016254358e-09,3.0099189151329884,3.744390105979632,3.8655629749363355e-08
30,0.0,9.973737373737373,2.7729780510573005e-09,9.066851905809756e-10,3.0583691890682174,3.8046630673019375,3.144518792497646e-08
30,0.0,10.092929292929293,2.2094398579511646e-09,7.109796345827996e-10,3.1075993607716437,3.8659062346561153,2.5579711158459925e-08
30,0.0,10.212121212121211,1.7604266590000523e-09,5.575165956638043e-10,3.1576219841563806,3.9281352253226927,2.0808322866804152e-08
30,0.0,10.33131313131313,1.4026641234724096e-09,4.371781403034808e-10,3.2084498152142436,3.991365907971506,1.6926942522803368e-08
30,0.0,10.45050505050505,1.1176078442223657e-09,3.4281441637023983e-10,3.260095815268598,4.055614406708362,1.3769556778041969e-08
30,0.0,10.569696969696968,8.904820994317906e-10,2.688188480551364e-10,3.312573154279521,4.120897105186626,1.120111878493703e-08
30,0.0,10.688888888888888,7.095139619033266e-10,2.107950238348365e-10,3.3658952142022556,4.1872306507852555,9.111772009564302e-09
30,0.0,10.808080808080808,5.653230564173932e-10,1.6529548577046015e-10,3.420075592399643,4.254631958853893,7.412151477754899e-09
30,0.0,10.927272727272728,4.504353335905844e-10,1.2961690043262302e-10,3.4751281051094725,4.3231182170263684,6.029561480633579e-09
30,0.0,11.046464646464646,3.5889565699415084e-10,1.0163944163055286e-10,3.531066790967756,4.392706889603622,4.904866253455502e-09
30,0.0,11.165656565656565,2.8595912221739435e-10,7.970084194645995e-11,3.587905914588594,4.463415722007177,3.989960636699332e-09
30,0.0,11.284848484848485,2.2784510758422378e-10,6.249762990694264e-11,3.6456599702017383,4.535262745304303,3.2457125352183812e-09
30,0.0,11.404040404040403,1.815413078887564e-10,4.9007684844898616e-11,3.7043436853486393,4.608266280806019,2.6402891708697374e-09
30,0.0,11.523232323232323,1.4464759335583871e-10,3.8429508085875336e-11,3.7639720246381074,4.682444944739105,2.1477955395525937e-09
30,0.0,11.642424242424243,1.1525160034903546e-10,3.013460228525948e-11,3.8245601935623177,4.757817652993349,1.7471668371091496e-09
30,0.0,11.76161616161616,9.182960514481056e-11,2.3630129557253866e-11,3.886123642374239,4.8344036259450895,1.4212674812286295e-09
30,0.0,11.88080808080808,7.316754262425615e-11,1.8529629746125338e-11,3.948678070027597,4.912222393358668,1.1561581929635597e-09
30,0.0,12.0,5.829807593346572e-11,1.453005907972662e-11,4.012239428180122,4.99129379936644,9.40499789667483e-10
30,0.0001,0.2,0.34156718884658926,0.341542662926609,1.0000718092427168,1.0271996492515645,0.7072223522189248
30,0.0001,0.3191919191919192,0.2721610530275631,0.27208220693678264,1.0002897877507984,1.0437681847205897,0.5753040349998251
30,0.0001,0.43838383838383843,0.21685979130216704,0.21669881123827509,1.0007428746977063,1.0606118499815131,0.46799246608741907
30,0.0001,0.5575757575757576,0.17279694572881843,0.17253681141501861,1.0015077032644013,1.0777371731487133,0.3806977441321973
30,0.0001,0.6767676767676768,0.137688593924383,0.13732452332564207,1.0026511695793592,1.0951513103544395,0.309686122939149
30,0.0001,0.795959595959596,0.10971496333387222,0.10925295802458324,1.0042287670525591,1.1128621861158867,0.2519203126871656
30,0.0001,0.9151515151515153,0.0874261044285657,0.08688019079224171,1.0062835225308084,1.1308786684076737,0.20492956979176444
30,0.0001,1.0343434343434343,0.06966673345918463,0.06905589483141207,1.0088455682062163,1.1492107870803248,0.16670401892994002
30,0.0001,1.1535353535353536,0.05551634903316669,0.05486172118961697,1.0119323242026468,1.1678700064175713,0.13560868719742272
30,0.0001,1.2727272727272727,0.044241518494635125,0.043564130752493546,1.015549208269301,1.1868695653136014,0.11031357349061281
30,0.0001,1.391919191919192,0.03525786090010032,0.03457701379872035,1.019690743259187,1.2062249019093432,0.08973676205973997
30,0.0001,1.511111111111111,0.02809975600017588,0.02743200858133822,1.0243419076243627,1.2259541837212158,0.072998147101559
30,0.0001,1.6303030303030304,0.022396209110493167,0.02175488446493242,1.0294795702819992,1.2460789695349552,0.05938178911239717
30,0.0001,1.7494949494949494,0.017851620841835107,0.017246711995312216,1.0350738649017452,1.2666250358812603,0.048305292917686996
30,0.0001,1.8686868686868687,0.014230464899954571,0.013668821458116886,1.041089383130699,1.2876234090842658,0.039294897623359006
30,0.0001,1.9878787878787878,0.011345079737999059,0.010817573029861745,1.0487638684463825,1.3091116540842227,0.03196521304324598
30,0.0001,2.107070707070707,0.009045941249150551,0.008490464777988824,1.0654235646323835,1.3311354839894038,0.026002735894461386
30,0.0001,2.2262626262626264,0.0072139122903264324,0.0066656193042279235,1.0822568708283014,1.3537507702427543,0.021152440719927394
30,0.0001,2.3454545454545457,0.005754067295642817,0.005234624718162479,1.0992320568231067,1.377026053187373,0.017206872008623704
30,0.0001,2.464646464646465,0.004590771882178113,0.004112469543044021,1.1163053815056478,1.4010456776700573,0.013997270964680151
30,0.0001,2.5838383838383843,0.0036637624023497647,0.003232491799540929,1.1334173849629205,1.4259137093683911,0.011386357401884876
30,0.0001,2.703030303030303,0.002925022228852134,0.0025424183161540763,1.1504881829504847,1.4517588263064791,0.009262458032755607
30,0.0001,2.8222222222222224,0.0023362928562591753,0.002001258943810082,1.1674115753412908,1.4787404284636039,0.007534730008945334
30,0.0001,2.9414141414141417,0.0018670908087378307,0.0015768711458683934,1.184047798470947,1.5070562688850004,0.006129275415546636
30,0.0001,3.060606060606061,0.0014931275614751846,0.0012440502648148931,1.2002148174433713,1.5369519852799622,0.004985980529497818
30,0.0001,3.1797979797979803,0.0011950505733973554,0.0009830319997453313,1.2156782014287943,1.5687330054938309,0.004055944651707944
30,0.0001,3.298989898989899,0.0009574401733696701,0.0007783181200499762,1.2301398987192953,1.602779418156042,0.0032993885396049006
30,0.0001,3.4181818181818184,0.0007680103040798832,0.0006177556456361726,1.2432266859964938,1.6395645470937015,0.0026839529801502855
30,0.0001,3.5373737373737377,0.0006169716946471777,0.0004918147836193817,1.2544797659532245,1.6796781520751962,0.0021833147303470454
30,0.0001,3.656565656565657,0.0004965244523954474,0.0003930227204343766,1.2633479607659288,1.7238554082496849,0.0017760606266222561
30,0.0001,3.775757575757576,0.00040045377259428124,0.00031551962839399293,1.2691881472877182,1.773013103690805,0.0014447717067966844
30,0.0001,3.894949494949495,0.00032380781002915287,0.00025471050703614376,1.2712777882508164,1.8282948529948702,0.0011752781709541038
30,0.0001,4.014141414141414,0.0002626410150715059,0.00020699217357821194,1.2688451477720584,1.7077126385355252,0.0009560533145985841
30,0.0001,4.133333333333334,0.0002138096302325292,0.00016953918174641858,1.2611222257302526,1.5736729338916144,0.0007777205115729429
30,0.0001,4.252525252525253,0.000174808746891814,0.000140135949449176,1.2474225748562329,1.4564156632690628,0.0006326521595453464
30,0.0001,4.371717171717172,0.00014364247613877603,0.00011704512123991865,1.22724018410249,1.3546903365784948,0.0005146434342690606
30,0.0001,4.490909090909091,0.00011872050411488825,9.890434438771819e-05,1.200356817992626,1.2674121041369046,0.0004186468985209699
30,0.0001,4.61010101010101,9.877566986947471e-05,8.464532555497599e-05,1.166935908413764,1.1936501872888925,0.0003405566144842663
30,0.0001,4.72929292929293,8.279829343115394e-05,7.343035887317825e-05,1.1275757697733042,1.1326179521182647,0.0002770325256886517
30,0.0001,4.848484848484849,6.998385003433537e-05,6.460255426250322e-05,1.0832984985387115,1.0836645203911341,0.00022535759701997933
30,0.0001,4.967676767676768,5.969127823004418e-05,5.764680883455087e-05,1.0354654392294471,1.0462678282654008,0.00018332160243052502
30,0.0001,5.086868686868687,5.14097608113003e-05,5.063417619309003e-05,1.015317413583518,1.0200290587412268,0.00014912658974933996
30,0.0001,5.206060606060606,4.473225666646062e-05,4.455182906462805e-05,1.004049836013934,1.0046683884773995,0.0001213099791591444
30,0.0001,5.325252525252526,3.933441160416245e-05,3.933441160416116e-05,1.0000000000000326,1.0,9.868200612867001e-05
30,0.0001,5.444444444444445,3.495775500919749e-05,3.4957755009196314e-05,1.0000000000000338,1.0,8.027483312649497e-05
30,0.0001,5.563636363636364,3.1396311342043146e-05,3.1396311342042895e-05,1.000000000000008,1.0,6.530115353638324e-05
30,0.0001,5.682828282828283,2.8485932501078422e-05,2.848593250107666e-05,1.000000000000062,1.0,5.3120517192017396e-05
30,0.0001,5.802020202020202,2.6095798100717875e-05,2.609579810071607e-05,1.0000000000000693,1.0,4.321193721601298e-05
30,0.0001,5.921212121212122,2.41216430912455e-05,2.4121643091244118e-05,1.0000000000000573,1.0,3.515160651036066e-05
30,0.0001,6.040404040404041,2.2480361681776646e-05,2.248036168177508e-05,1.0000000000000697,1.0,2.859477079406074e-05
30,0.0001,6.15959595959596,2.1105707867549193e-05,2.110570786754758e-05,1.0000000000000764,1.0,2.326098286642652e-05
30,0.0001,6.278787878787879,1.9944869704501827e-05,1.9944869704500004e-05,1.0000000000000915,1.0,1.892210739540435e-05
30,0.0001,6.397979797979798,1.8955739764191172e-05,1.895573976418976e-05,1.0000000000000746,1.0,1.5392563174963594e-05
30,0.0001,6.517171717171718,1.810474028812091e-05,1.8104740288119506e-05,1.0000000000000775,1.0,1.252138549603565e-05
30,0.0001,6.636363636363637,1.7365090312997726e-05,1.7365090312996763e-05,1.0000000000000555,1.0,1.0185769124881523e-05
30,0.0001,6.7555555555555555,1.671542494765933e-05,1.671542494765815e-05,1.0000000000000708,1.0,8.285815710908143e-06
30,0.0001,6.874747474747475,1.613869523592423e-05,1.613869523592423e-05,1.0,1.0,6.740260961484403e-06
30,0.0001,6.993939393939394,1.5621291583550445e-05,1.562129158354923e-05,1.000000000000078,1.0,5.482998827635208e-06
30,0.0001,7.113131313131314,1.5152345315737825e-05,1.5152345315737825e-05,1.0,1.0,4.460254034026035e-06
30,0.0001,7.232323232323233,1.4723172164836208e-05,1.4723172164836208e-05,1.0,1.0,3.6282820174568086e-06
30,0.0001,7.351515151515152,1.4326828844726527e-05,1.4326828844725428e-05,1.0000000000000768,1.0,2.951497896257176e-06
30,0.0001,7.470707070707071,1.3957759730062276e-05,1.3957759730062276e-05,1.0,1.0,2.4009544433694842e-06
30,0.0001,7.58989898989899,1.3611515329030402e-05,1.3611515329029524e-05,1.0000000000000644,1.0,1.9531039633962823e-06
30,0.0001,7.70909090909091,1.3284527959607168e-05,1.3284527959606911e-05,1.0000000000000193,1.0,1.5887911169529952e-06
30,0.0001,7.828282828282829,1.297393300433649e-05,1.297393300433649e-05,1.0,1.0,1.292433613681929e-06
30,0.0001,7.947474747474748,1.2677426481137915e-05,1.2677426481137014e-05,1.000000000000071,1.0,1.0513557307510712e-06
30,0.0001,8.066666666666666,1.2393151550016722e-05,1.239315155001619e-05,1.0000000000000429,1.0,8.552461502716283e-07
30,0.0001,8.185858585858586,1.2119608075370129e-05,1.211960807536947e-05,1.0000000000000544,1.0,6.957169264031181e-07
30,0.0001,8.305050505050504,1.185558055860455e-05,1.1855580558603911e-05,1.000000000000054,1.0,5.659447184065976e-07
30,0.0001,8.424242424242424,1.1600080707941318e-05,1.1600080707940948e-05,1.0000000000000318,1.0,4.603789445633451e-07
30,0.0001,8.543434343434344,1.1352301670948371e-05,1.135230167094781e-05,1.0000000000000493,1.0,3.745043741975296e-07
30,0.0001,8.662626262626262,1.111158155981629e-05,1.1111581559815925e-05,1.0000000000000329,1.0,3.0464800345313264e-07
30,0.0001,8.781818181818181,1.087737438103288e-05,1.0877374381032204e-05,1.0000000000000622,1.0,2.478219545682193e-07
30,0.0001,8.901010101010101,1.0649226864866012e-05,1.0649226864865397e-05,1.0000000000000577,1.0,2.0159567917687276e-07
30,0.0001,9.020202020202019,1.0426759995830872e-05,1.0426759995830633e-05,1.0000000000000229,1.0,1.6399199955303935e-07
30,0.0001,9.139393939393939,1.0209654288945607e-05,1.0209654288945163e-05,1.0000000000000435,1.0,1.3340254130054412e-07
30,0.0001,9.258585858585858,9.997638050695457e-06,9.997638050694827e-06,1.000000000000063,1.0,1.0851894039920856e-07
30,0.0001,9.377777777777778,9.79047801829268e-06,9.790478018292192e-06,1.0000000000000497,1.0,8.827688221348007e-08
30,0.0001,9.496969696969696,9.587971894054547e-06,9.58797189405395e-06,1.0000000000000624,1.0,7.181057891521273e-08
30,0.0001,9.616161616161616,9.3899423899124e-06,9.389942389911906e-06,1.0000000000000524,1.0,5.841573824126889e-08
30,0.0001,9.735353535353536,9.19623247530055e-06,9.196232475299985e-06,1.0000000000000615,1.0,4.75194396956678e-08
30,0.0001,9.854545454545454,9.006701584010426e-06,9.006701584009806e-06,1.0000000000000688,1.0,3.8655629749363355e-08
30,0.0001,9.973737373737373,8.821222585263498e-06,8.821222585263002e-06,1.0000000000000562,1.0,3.144518792497646e-08
30,0.0001,10.092929292929293,8.639679363831045e-06,8.639679363830746e-06,1.0000000000000344,1.0,2.5579711158459925e-08
30,0.0001,10.212121212121211,8.461964885560832e-06,8.46196488556044e-06,1.0000000000000462,1.0,2.0808322866804152e-08
30,0.0001,10.33131313131313,8.28797964979465e-06,8.287979649794363e-06,1.0000000000000346,1.0,1.6926942522803368e-08
30,0.0001,10.45050505050505,8.117630450179065e-06,8.117630450178447e-06,1.0000000000000762,1.0,1.3769556778041969e-08
30,0.0001,10.569696969696968,7.9508293813216e-06,7.950829381321125e-06,1.0000000000000597,1.0,1.120111878493703e-08
30,0.0001,10.688888888888888,7.787493041453352e-06,7.787493041452848e-06,1.0000000000000648,1.0,9.111772009564302e-09
30,0.0001,10.808080808080808,7.627541891385093e-06,7.627541891384699e-06,1.0000000000000517,1.0,7.412151477754899e-09
30,0.0001,10.927272727272728,7.470899738111972e-06,7.47089973811159e-06,1.000000000000051,1.0,6.029561480633579e-09
30,0.0001,11.046464646464646,7.317493317850627e-06,7.317493317850067e-06,1.0000000000000766,1.0,4.904866253455502e-09
30,0.0001,11.165656565656565,7.167251958414707e-06,7.1672519584142715e-06,1.0000000000000608,1.0,3.989960636699332e-09
30,0.0001,11.284848484848485,7.02010730491605e-06,7.020107304915634e-06,1.0000000000000593,1.0,3.2457125352183812e-09
30,0.0001,11.404040404040403,6.875993096030703e-06,6.875993096030132e-06,1.000000000000083,1.0,2.6402891708697374e-09
30,0.0001,11.523232323232323,6.734844980659997e-06,6.734844980659739e-06,1.0000000000000382,1.0,2.1477955395525937e-09
30,0.0001,11.642424242424243,6.596600366881602e-06,6.596600366881157e-06,1.0000000000000675,1.0,1.7471668371091496e-09
30,0.0001,11.76161616161616,6.4611982967303514e-06,6.461198296729785e-06,1.0000000000000877,1.0,1.4212674812286295e-09
30,0.0001,11.88080808080808,6.32857934165945e-06,6.328579341659189e-06,1.0000000000000413,1.0,1.1561581929635597e-09
30,0.0001,12.0,6.1986855145772235e-06,6.198685514576782e-06,1.0000000000000713,1.0,9.40499789667483e-10
30,0.001,0.2,0.34200180040523376,0.34197730570320845,1.0000716266887213,1.02758193123369,0.7072223522189248
30,0.001,0.3191919191919192,0.2725867451201201,0.2725080224326075,1.0002888820916531,1.0444608409089258,0.5753040349998251
30,0.001,0.43838383838383843,0.21727674698146546,0.21711607679599867,1.0007400197527414,1.061695654702167,0.46799246608741907
30,0.001,0.5575757575757576,0.1732053442909222,0.17294582604580636,1.0015005753596338,1.0793130765386325,0.3806977441321973
30,0.001,0.6767676767676768,0.13808861098569045,0.1377256015912605,1.0026357437559597,1.0973454648480447,0.309686122939149
30,0.001,0.795959595959596,0.11010677090663344,0.10964642380003391,1.0041984689572647,1.1158322249928454,0.2519203126871656
30,0.001,0.9151515151515153,0.08780987099484988,0.08726637119659672,1.006228055444505,1.13482154827774,0.20492956979176444
30,0.001,1.0343434343434343,0.07004262404332937,0.06943511459161202,1.0087493115736967,1.1543725838662977,0.16670401892994002
30,0.001,1.1535353535353536,0.05588452527274053,0.05523429765752462,1.011772171328177,1.174558151433128,0.13560868719742272
30,0.001,1.2727272727272727,0.04460213870994368,0.04393036973339538,1.015291675909516,1.1954681292390572,0.11031357349061281
30,0.001,1.391919191919192,0.03561108016226595,0.0349372062779905,1.0192881445331814,1.217213685865965,0.08973676205973997
30,0.001,1.511111111111111,0.028445726197820178,0.027786428365102523,1.023727332784723,1.2399325657538638,0.072998147101559
30,0.001,1.6303030303030304,0.022735079015050945,0.02210378668914416,1.0285603699847878,1.2637956910271568,0.05938178911239717
30,0.001,1.7494949494949494,0.018183536171527927,0.017590332411501444,1.0337232831165042,1.2890154074797298,0.048305292917686996
30,0.001,1.8686868686868687,0.014555568382451376,0.014007376375379276,1.0391359518286134,1.3158557842574683,0.039294897623359006
30,0.001,1.9878787878787878,0.01166351117179082,0.011156854373071028,1.045412154876082,1.3446454787886317,0.03196521304324598
30,0.001,2.107070707070707,0.009357837563665344,0.008827034877685868,1.060133747440073,1.37579380593441,0.026002735894461386
30,0.001,2.2262626262626264,0.007519407604810763,0.006999727950486328,1.0742428360074092,1.409810809493447,0.021152440719927394
30,0.001,2.3454545454545457,0.006053292976834549,0.005566469379930923,1.0874564402813023,1.4473323330010468,0.017206872008623704
30,0.001,2.464646464646465,0.004883856600795781,0.004442206653931931,1.0994212969522552,1.4891513350914776,0.013997270964680151
30,0.001,2.5838383838383843,0.003950832188422563,0.0035602456076338196,1.1097077628440166,1.536257004875396,0.011386357401884876
30,0.001,2.703030303030303,0.003206200525914375,0.002868287823655997,1.1178099002029949,1.5898836202316375,0.009262458032755607
30,0.001,2.8222222222222224,0.0026117005744325282,0.0023253233488186873,1.123155872390533,1.554626061613931,0.007534730008945334
30,0.001,2.9414141414141417,0.002136846376724158,0.001899194109593104,1.125133216205041,1.4398287083510017,0.006129275415546636
30,0.001,3.060606060606061,0.001757346977482338,0.0015646832577629226,1.12313272910894,1.3403864074496832,0.004985980529497818
30,0.001,3.1797979797979803,0.0014538474550198307,0.001302016925677713,1.1166117938621176,1.2552386565540763,0.004055944651707944
30,0.001,3.298989898989899,0.001210925806445569,0.0010956893735988244,1.1051725385163198,1.1834773975278963,0.0032993885396049006
30,0.001,3.4181818181818184,0.0010162936905451898,0.000933541725825707,1.0886430273336627,1.124337332469044,0.0026839529801502855
30,0.001,3.5373737373737377,0.0008601595994079301,0.0008060395591475297,1.0671431564942517,1.0771877621906083,0.0021833147303470454
30,0.001,3.656565656565657,0.0007347214492379594,0.0007057064218813223,1.0411148693805092,1.0415258601297823,0.0017760606266222561
30,0.001,3.775757575757576,0.0006337622891531544,0.0006250737987810533,1.013899943317164,1.0169713099542934,0.0014447717067966844
30,0.001,3.894949494949495,0.0005523281718324178,0.0005506901552899271,1.0029744794359512,1.0032622496791208,0.0011752781709541038
30,0.001,4.014141414141414,0.0004864714886818316,0.0004864714886818316,1.0,1.0,0.0009560533145985841
30,0.001,4.133333333333334,0.0004330464655030522,0.0004330464655030522,1.0,1.0,0.0007777205115729429
30,0.001,4.252525252525253,0.00038954621835475745,0.00038954621835475745,1.0,1.0,0.0006326521595453464
30,0.001,4.371717171717172,0.0003539729235446567,0.0003539729235446567,1.0,1.0,0.0005146434342690606
30,0.001,4.490909090909091,0.0003247343721397434,0.0003247343721397434,1.0,1.0,0.0004186468985209699
30,0.001,4.61010101010101,0.0003005615470071839,0.0003005615470071839,1.0,1.0,0.0003405566144842663
30,0.001,4.72929292929293,0.00028044295008757946,0.00028044295008757946,1.0,1.0,0.0002770325256886517
30,0.001,4.848484848484849,0.0002635722758396628,0.0002635722758396628,1.0,1.0,0.00022535759701997933
30,0.001,4.967676767676768,0.0002493067185853673,0.0002493067185853673,1.0,1.0,0.00018332160243052502
30,0.001,5.086868686868687,0.00023713375268516606,0.00023713375268516606,1.0,1.0,0.00014912658974933996
30,0.001,5.206060606060606,0.00022664466365676728,0.00022664466365676728,1.0,1.0,0.0001213099791591444
30,0.001,5.325252525252526,0.00021751345828048763,0.00021751345828048763,1.0,1.0,9.868200612867001e-05
30,0.001,5.444444444444445,0.0002094800605503241,0.0002094800605503241,1.0,1.0,8.027483312649497e-05
30,0.001,5.563636363636364,0.00020233692248314725,0.00020233692248314725,1.0,1.0,6.530115353638324e-05
30,0.001,5.682828282828283,0.00019591835580474743,0.00019591835580474743,1.0,1.0,5.3120517192017396e-05
30,0.001,5.802020202020202,0.00019009203156567525,0.00019009203156567525,1.0,1.0,4.321193721601298e-05
30,0.001,5.921212121212122,0.00018475220711237475,0.00018475220711237475,1.0,1.0,3.515160651036066e-05
30,0.001,6.040404040404041,0.00017981432937475716,0.00017981432937475716,1.0,1.0,2.859477079406074e-05
30,0.001,6.15959595959596,0.00017521073477114462,0.00017521073477114462,1.0,1.0,2.326098286642652e-05
30,0.001,6.278787878787879,0.0001708872228732729,0.0001708872228732729,1.0,1.0,1.892210739540435e-05
30,0.001,6.397979797979798,0.00016680032626414294,0.00016680032626414294,1.0,1.0,1.5392563174963594e-05
30,0.001,6.517171717171718,0.00016291513510753857,0.00016291513510753857,1.0,1.0,1.252138549603565e-05
30,0.001,6.636363636363637,0.00015920356370047254,0.00015920356370047254,1.0,1.0,1.0185769124881523e-05
30,0.001,6.7555555555555555,0.00015564296918906047,0.00015564296918906047,1.0,1.0,8.285815710908143e-06
30,0.001,6.874747474747475,0.0001522150508818306,0.0001522150508818306,1.0,1.0,6.740260961484403e-06
30,0.001,6.993939393939394,0.0001489049731384218,0.0001489049731384218,1.0,1.0,5.482998827635208e-06
30,0.001,7.113131313131314,0.00014570066639986998,0.00014570066639986998,1.0,1.0,4.460254034026035e-06
30,0.001,7.232323232323233,0.00014259227015992214,0.00014259227015992214,1.0,1.0,3.6282820174568086e-06
30,0.001,7.351515151515152,0.00013957168903361986,0.00013957168903361986,1.0,1.0,2.951497896257176e-06
30,0.001,7.470707070707071,0.0001366322389411244,0.0001366322389411244,1.0,1.0,2.4009544433694842e-06
30,0.001,7.58989898989899,0.00013376836509522828,0.00013376836509522828,1.0,1.0,1.9531039633962823e-06
30,0.001,7.70909090909091,0.00013097541720232046,0.00013097541720232046,1.0,1.0,1.5887911169529952e-06
30,0.001,7.828282828282829,0.00012824947025162847,0.00012824947025162847,1.0,1.0,1.292433613681929e-06
30,0.001,7.947474747474748,0.00012558718163004412,0.00012558718163004412,1.0,1.0,1.0513557307510712e-06
30,0.001,8.066666666666666,0.0001229856771822097,0.0001229856771822097,1.0,1.0,8.552461502716283e-07
30,0.001,8.185858585858586,0.00012044246033536586,0.00012044246033536586,1.0,1.0,6.957169264031181e-07
30,0.001,8.305050505050504,0.00011795533960348884,0.00011795533960348884,1.0,1.0,5.659447184065976e-07
30,0.001,8.424242424242424,0.00011552237073740946,0.00011552237073740946,1.0,1.0,4.603789445633451e-07
30,0.001,8.543434343434344,0.00011314181054627145,0.00011314181054627145,1.0,1.0,3.745043741975296e-07
30,0.001,8.662626262626262,0.00011081208002017059,0.00011081208002017059,1.0,1.0,3.0464800345313264e-07
30,0.001,8.781818181818181,0.0001085317348654552,0.0001085317348654552,1.0,1.0,2.478219545682193e-07
30,0.001,8.901010101010101,0.00010629944194792928,0.00010629944194792928,1.0,1.0,2.0159567917687276e-07
30,0.001,9.020202020202019,0.00010411396044496691,0.00010411396044496691,1.0,1.0,1.6399199955303935e-07
30,0.001,9.139393939393939,0.00010197412675118042,0.00010197412675118042,1.0,1.0,1.3340254130054412e-07
30,0.001,9.258585858585858,9.987884237640227e-05,9.987884237640227e-05,1.0,1.0,1.0851894039920856e-07
30,0.001,9.377777777777778,9.782706422941244e-05,9.782706422941244e-05,1.0,1.0,8.827688221348007e-08
30,0.001,9.496969696969696,9.581779680408003e-05,9.581779680408003e-05,1.0,1.0,7.181057891521273e-08
30,0.001,9.616161616161616,9.3850085882783e-05,9.3850085882783e-05,1.0,1.0,5.841573824126889e-08
30,0.001,9.735353535353536,9.192301345020797e-05,9.192301345020797e-05,1.0,1.0,4.75194396956678e-08
30,0.001,9.854545454545454,9.003569357297137e-05,9.003569357297137e-05,1.0,1.0,3.8655629749363355e-08
30,0.001,9.973737373737373,8.818726905017544e-05,8.818726905017544e-05,1.0,1.0,3.144518792497646e-08
30,0.001,10.092929292929293,8.637690867958889e-05,8.637690867958889e-05,1.0,1.0,2.5579711158459925e-08
30,0.001,10.212121212121211,8.46038050156773e-05,8.46038050156773e-05,1.0,1.0,2.0808322866804152e-08
30,0.001,10.33131313131313,8.286717252083524e-05,8.286717252083524e-05,1.0,1.0,1.6926942522803368e-08
30,0.001,10.45050505050505,8.116624603119267e-05,8.116624603119267e-05,1.0,1.0,1.3769556778041969e-08
30,0.001,10.569696969696968,7.950027947432111e-05,7.950027947432111e-05,1.0,1.0,1.120111878493703e-08
30,0.001,10.688888888888888,7.786854478887639e-05,7.786854478887639e-05,1.0,1.0,9.111772009564302e-09
30,0.001,10.808080808080808,7.627033100634317e-05,7.627033100634317e-05,1.0,1.0,7.412151477754899e-09
30,0.001,10.927272727272728,7.47049434631174e-05,7.47049434631174e-05,1.0,1.0,6.029561480633579e-09
30,0.001,11.046464646464646,7.317170311759333e-05,7.317170311759333e-05,1.0,1.0,4.904866253455502e-09
30,0.001,11.165656565656565,7.16699459520471e-05,7.16699459520471e-05,1.0,1.0,3.989960636699332e-09
30,0.001,11.284848484848485,7.019902244319224e-05,7.019902244319224e-05,1.0,1.0,3.2457125352183812e-09
30,0.001,11.404040404040403,6.875829708853603e-05,6.875829708853603e-05,1.0,1.0,2.6402891708697374e-09
30,0.001,11.523232323232323,6.734714797825975e-05,6.734714797825975e-05,1.0,1.0,2.1477955395525937e-09
30,0.001,11.642424242424243,6.596496640441288e-05,6.596496640441288e-05,1.0,1.0,1.7471668371091496e-09
30,0.001,11.76161616161616,6.46111565008572e-05,6.46111565008572e-05,1.0,1.0,1.4212674812286295e-09
30,0.001,11.88080808080808,6.328513490871087e-05,6.328513490871087e-05,1.0,1.0,1.1561581929635597e-09
30,0.001,12.0,6.198633046308883e-05,6.198633046308883e-05,1.0,1.0,9.40499789667483e-10
30,0.01,0.2,0.3463479159916783,0.34632373346920253,1.0000698263507197,1.0313672798507527,0.7072223522189248
30,0.01,0.3191919191919192,0.2768436660456899,0.2767661773908552,1.0002799787732923,1.0513195087698644,0.5753040349998251
30,0.01,0.43838383838383843,0.2214463037744496,0.2212887323732347,1.0007120624693584,1.0724274675846,0.46799246608741907
30,0.01,0.5575757575757576,0.17728932991195956,0.17703597235368373,1.001431107785087,1.094917640699601,0.3806977441321973
30,0.01,0.6767676767676768,0.1420887815987649,0.14173638424744422,1.002486287153378,1.1190719391951187,0.309686122939149
30,0.01,0.795959595959596,0.11402484663424577,0.11358108155454028,1.0039070334040832,1.1452414911398405,0.2519203126871656
30,0.01,0.9151515151515153,0.09164753665769174,0.09112817524014677,1.0056992408349703,1.1738638666743064,0.20492956979176444
30,0.01,1.0343434343434343,0.07380152988477681,0.07322731219361124,1.0078415781484285,1.2054845934272054,0.16670401892994002
30,0.01,1.1535353535353536,0.05956628766847896,0.058960062336601164,1.0102819655857362,1.2407840309386553,0.13560868719742272
30,0.01,1.2727272727272727,0.04820834086302922,0.04759275954241349,1.012934348134765,1.2806109389603284,0.11031357349061281
30,0.01,1.391919191919192,0.03914327278392221,0.03853913107069202,1.015676059538603,1.3260244070047513,0.08973676205973997
30,0.01,1.511111111111111,0.03190542817426315,0.03133062620274547,1.0183463288540118,1.3783462278414984,0.072998147101559
30,0.01,1.6303030303030304,0.026123778060628718,0.025592808931261448,1.0207468094179648,1.4236028860178813,0.05938178911239717
30,0.01,1.7494949494949494,0.021502689468456126,0.021026536573393664,1.0226453316931412,1.3264186691506108,0.048305292917686996
30,0.01,1.8686868686868687,0.017806603207419423,0.017392925548003126,1.0237842482723554,1.243380043352678,0.039294897623359006
30,0.01,1.9878787878787878,0.014847825509708451,0.01450132308370583,1.0238945387260534,1.1736014432510873,0.03196521304324598
30,0.01,2.107070707070707,0.012476800708813272,0.01219273587465631,1.023297874822944,1.1163387150086022,0.026002735894461386
30,0.01,2.2262626262626264,0.010574360749654057,0.010340814413070387,1.0225849074603328,1.07098118029562,0.021152440719927394
30,0.01,2.3454545454545457,0.009045549788751862,0.008884915997615359,1.018079382087531,1.0370451237115004,0.017206872008623704
30,0.01,2.464646464646465,0.00781470378697246,0.00773957776281104,1.0097067341996877,1.014168634201982,0.013997270964680151
30,0.01,2.5838383838383843,0.006821530049150542,0.006808045131443736,1.0019807327134957,1.0021077454589677,0.011386357401884876
30,0.01,2.703030303030303,0.006017983496536787,0.006017983496536787,1.0,1.0,0.009262458032755607
30,0.01,2.8222222222222224,0.005365777756166061,0.005365777756166056,1.0000000000000009,1.0,0.007534730008945334
30,0.01,2.9414141414141417,0.004834402056587431,0.004834402056587428,1.0000000000000004,1.0,0.006129275415546636
30,0.01,3.060606060606061,0.004399541137553872,0.004399541137553867,1.000000000000001,1.0,0.004985980529497818
30,0.01,3.1797979797979803,0.004041816271244585,0.004041816271244582,1.0000000000000009,1.0,0.004055944651707944
30,0.01,3.298989898989899,0.0037457821372045585,0.003745782137204555,1.0000000000000009,1.0,0.0032993885396049006
30,0.01,3.4181818181818184,0.003499127555198255,0.003499127555198253,1.0000000000000004,1.0,0.0026839529801502855
30,0.01,3.5373737373737377,0.003292038647015454,0.003292038647015453,1.0000000000000002,1.0,0.0021833147303470454
30,0.01,3.656565656565657,0.00311669141766308,0.00311669141766308,1.0,1.0,0.0017760606266222561
30,0.01,3.775757575757576,0.0029668474547418855,0.0029668474547418834,1.0000000000000007,1.0,0.0014447717067966844
30,0.01,3.894949494949495,0.0028375317898650665,0.0028375317898650643,1.0000000000000007,1.0,0.0011752781709541038
30,0.01,4.014141414141414,0.0027247762247850885,0.002724776224785087,1.0000000000000004,1.0,0.0009560533145985841
30,0.01,4.133333333333334,0.002625414818208282,0.0026254148182082797,1.0000000000000009,1.0,0.0007777205115729429
30,0.01,4.252525252525253,0.002536920932984192,0.0025369209329841893,1.000000000000001,1.0,0.0006326521595453464
30,0.01,4.371717171717172,0.002457277397603463,0.002457277397603463,1.0,1.0,0.0005146434342690606
30,0.01,4.490909090909091,0.002384873052388295,0.0023848730523882947,1.0000000000000002,1.0,0.0004186468985209699
30,0.01,4.61010101010101,0.0023184203183842754,0.0023184203183842754,1.0,1.0,0.0003405566144842663
30,0.01,4.72929292929293,0.0022568895166518344,0.0022568895166518344,1.0,1.0,0.0002770325256886517
30,0.01,4.848484848484849,0.0021994565338929375,0.002199456533892935,1.000000000000001,1.0,0.00022535759701997933
30,0.01,4.967676767676768,0.0021454611221385983,0.002145461122138596,1.000000000000001,1.0,0.00018332160243052502
30,0.01,5.086868686868687,0.0020943736714238237,0.0020943736714238233,1.0000000000000002,1.0,0.00014912658974933996
30,0.01,5.206060606060606,0.002045768733559834,0.0020457687335598317,1.000000000000001,1.0,0.0001213099791591444
30,0.01,5.325252525252526,0.0019993039250437395,0.0019993039250437382,1.0000000000000007,1.0,9.868200612867001e-05
30,0.01,5.444444444444445,0.00195470311596159,0.0019547031159615883,1.0000000000000009,1.0,8.027483312649497e-05
30,0.01,5.563636363636364,0.0019117430338941885,0.001911743033894185,1.0000000000000018,1.0,6.530115353638324e-05
30,0.01,5.682828282828283,0.0018702425888414377,0.0018702425888414353,1.0000000000000013,1.0,5.3120517192017396e-05
30,0.01,5.802020202020202,0.0018300543662152491,0.0018300543662152482,1.0000000000000004,1.0,4.321193721601298e-05
30,0.01,5.921212121212122,0.0017910578473236672,0.001791057847323666,1.0000000000000007,1.0,3.515160651036066e-05
30,0.01,6.040404040404041,0.0017531540063045624,0.0017531540063045624,1.0,1.0,2.859477079406074e-05
30,0.01,6.15959595959596,0.001716261003807099,0.0017162610038070976,1.0000000000000007,1.0,2.326098286642652e-05
30,0.01,6.278787878787879,0.0016803107545609838,0.001680310754560982,1.000000000000001,1.0,1.892210739540435e-05
30,0.01,6.397979797979798,0.0016452461912636605,0.0016452461912636605,1.0,1.0,1.5392563174963594e-05
30,0.01,6.517171717171718,0.0016110190833017153,0.001611019083301714,1.0000000000000009,1.0,1.252138549603565e-05
30,0.01,6.636363636363637,0.0015775882975752208,0.0015775882975752197,1.0000000000000007,1.0,1.0185769124881523e-05
30,0.01,6.7555555555555555,0.0015449184116030714,0.0015449184116030695,1.0000000000000013,1.0,8.285815710908143e-06
30,0.01,6.874747474747475,0.0015129786073408943,0.001512978607340894,1.0000000000000002,1.0,6.740260961484403e-06
30,0.01,6.993939393939394,0.0014817417886871355,0.0014817417886871334,1.0000000000000016,1.0,5.482998827635208e-06
30,0.01,7.113131313131314,0.0014511838772411918,0.0014511838772411903,1.000000000000001,1.0,4.460254034026035e-06
30,0.01,7.232323232323233,0.0014212832501107814,0.0014212832501107788,1.0000000000000018,1.0,3.6282820174568086e-06
30,0.01,7.351515151515152,0.001392020290922553,0.0013920202909225516,1.000000000000001,1.0,2.951497896257176e-06
30,0.01,7.470707070707071,0.0013633770310517456,0.0013633770310517448,1.0000000000000007,1.0,2.4009544433694842e-06
30,0.01,7.58989898989899,0.0013353368627572072,0.0013353368627572059,1.0000000000000009,1.0,1.9531039633962823e-06
30,0.01,7.70909090909091,0.0013078843096294534,0.0013078843096294528,1.0000000000000004,1.0,1.5887911169529952e-06
30,0.01,7.828282828282829,0.0012810048427245482,0.001281004842724547,1.000000000000001,1.0,1.292433613681929e-06
30,0.01,7.947474747474748,0.0012546847331191063,0.001254684733119105,1.000000000000001,1.0,1.0513557307510712e-06
30,0.01,8.066666666666666,0.0012289109335041396,0.0012289109335041387,1.0000000000000007,1.0,8.552461502716283e-07
30,0.01,8.185858585858586,0.0012036709829353232,0.0012036709829353232,1.0,1.0,6.957169264031181e-07
30,0.01,8.305050505050504,0.0011789529300523318,0.0011789529300523314,1.0000000000000004,1.0,5.659447184065976e-07
30,0.01,8.424242424242424,0.0011547452710320909,0.0011547452710320891,1.0000000000000016,1.0,4.603789445633451e-07
30,0.01,8.543434343434344,0.0011310368992995022,0.0011310368992995012,1.0000000000000009,1.0,3.745043741975296e-07
30,0.01,8.662626262626262,0.0011078170646237136,0.0011078170646237123,1.000000000000001,1.0,3.0464800345313264e-07
30,0.01,8.781818181818181,0.0010850753397096786,0.001085075339709677,1.0000000000000013,1.0,2.478219545682193e-07
30,0.01,8.901010101010101,0.001062801592778562,0.0010628015927785601,1.0000000000000018,1.0,2.0159567917687276e-07
30,0.01,9.020202020202019,0.0010409859649363274,0.0010409859649363263,1.000000000000001,1.0,1.6399199955303935e-07
30,0.01,9.139393939393939,0.0010196188513735284,0.0010196188513735271,1.0000000000000013,1.0,1.3340254130054412e-07
30,0.01,9.258585858585858,0.0009986908856334704,0.0009986908856334693,1.000000000000001,1.0,1.0851894039920856e-07
30,0.01,9.377777777777778,0.00097819292634061,0.0009781929263406085,1.0000000000000016,1.0,8.827688221348007e-08
30,0.01,9.496969696969696,0.0009581160459043347,0.0009581160459043331,1.0000000000000016,1.0,7.181057891521273e-08
30,0.01,9.616161616161616,0.000938451520811489,0.0009384515208114883,1.0000000000000007,1.0,5.841573824126889e-08
30,0.01,9.735353535353536,0.0009191908231992821,0.0009191908231992809,1.0000000000000013,1.0,4.75194396956678e-08
30,0.01,9.854545454545454,0.0009003256134625808,0.0009003256134625795,1.0000000000000016,1.0,3.8655629749363355e-08
30,0.01,9.973737373737373,0.000881847733699295,0.000881847733699293,1.0000000000000022,1.0,3.144518792497646e-08
30,0.01,10.092929292929293,0.0008637492018371672,0.0008637492018371663,1.000000000000001,1.0,2.5579711158459925e-08
30,0.01,10.212121212121211,0.0008460222063168422,0.0008460222063168414,1.0000000000000009,1.0,2.0808322866804152e-08
30,0.01,10.33131313131313,0.0008286591012312413,0.0008286591012312403,1.000000000000001,1.0,1.6926942522803368e-08
30,0.01,10.45050505050505,0.0008116524018413287,0.0008116524018413277,1.000000000000001,1.0,1.3769556778041969e-08
30,0.01,10.569696969696968,0.0007949947804043161,0.0007949947804043151,1.0000000000000013,1.0,1.120111878493703e-08
30,0.01,10.688888888888888,0.0007786790622631067,0.000778679062263105,1.000000000000002,1.0,9.111772009564302e-09
30,0.01,10.808080808080808,0.0007626982221559239,0.0007626982221559229,1.0000000000000013,1.0,7.412151477754899e-09
30,0.01,10.927272727272728,0.0007470453807131717,0.000747045380713171,1.000000000000001,1.0,6.029561480633579e-09
30,0.01,11.046464646464646,0.0007317138011150203,0.0007317138011150192,1.0000000000000016,1.0,4.904866253455502e-09
30,0.01,11.165656565656565,0.0007166968858883712,0.0007166968858883704,1.000000000000001,1.0,3.989960636699332e-09
30,0.01,11.284848484848485,0.0007019881738259542,0.0007019881738259533,1.0000000000000013,1.0,3.2457125352183812e-09
30,0.01,11.404040404040403,0.0006875813370135893,0.0006875813370135883,1.0000000000000013,1.0,2.6402891708697374e-09
30,0.01,11.523232323232323,0.0006734701779542574,0.0006734701779542558,1.0000000000000022,1.0,2.1477955395525937e-09
30,0.01,11.642424242424243,0.0006596486267797257,0.000659648626779725,1.0000000000000009,1.0,1.7471668371091496e-09
30,0.01,11.76161616161616,0.0006461107385421258,0.0006461107385421251,1.000000000000001,1.0,1.4212674812286295e-09
30,0.01,11.88080808080808,0.0006328506905792252,0.0006328506905792245,1.000000000000001,1.0,1.1561581929635597e-09
30,0.01,12.0,0.0006198627799482049,0.0006198627799482036,1.000000000000002,1.0,9.40499789667483e-10
30,0.1,0.2,0.389809071856124,0.3897880111291439,1.000054031233334,1.0658139522660255,0.7072223522189248
30,0.1,0.3191919191919192,0.3194128753013882,0.3193477269733325,1.0002040043581117,1.1137333863044059,0.5753040349998251
30,0.1,0.43838383838383843,0.26314187170429115,0.2630152881455952,1.0004812783302006,1.1700869648147407,0.46799246608741907
30,0.1,0.5575757575757576,0.2181291861223334,0.21793743543245725,1.0008798428296435,1.2318332901986013,0.3806977441321973
30,0.1,0.6767676767676768,0.1820904877295092,0.18184421080928176,1.0013543291762295,1.1640198474076346,0.309686122939149
30,0.1,0.795959595959596,0.15320560391036894,0.15292765909960432,1.001817492090058,1.108620093552882,0.2519203126871656
30,0.1,0.9151515151515153,0.13002419328611026,0.12974621567564742,1.0021424718171184,1.0650432179939342,0.20492956979176444
30,0.1,1.0343434343434343,0.11139058829925128,0.11114928821360337,1.0021709548439408,1.032824495168589,0.16670401892994002
30,0.1,1.1535353535353536,0.09638391162586327,0.09621770912736655,1.001727358716021,1.0116203285273833,0.13560868719742272
30,0.1,1.2727272727272727,0.0842703623938846,0.08421665763259473,1.0006376976099451,1.0012045862484051,0.11031357349061281
30,0.1,1.391919191919192,0.07446519900048484,0.07446519900048479,1.0000000000000007,1.0,0.08973676205973997
30,0.1,1.511111111111111,0.06650244793869291,0.06650244793869288,1.0000000000000004,1.0,0.072998147101559
30,0.1,1.6303030303030304,0.060010768516406444,0.06001076851640641,1.0000000000000007,1.0,0.05938178911239717
30,0.1,1.7494949494949494,0.05469422243773811,0.05469422243773806,1.0000000000000009,1.0,0.048305292917686996
30,0.1,1.8686868686868687,0.05031695145709991,0.05031695145709987,1.0000000000000009,1.0,0.039294897623359006
30,0.1,1.9878787878787878,0.04669096888888476,0.0466909688888847,1.000000000000001,1.0,0.03196521304324598
30,0.1,2.107070707070707,0.04366643216029256,0.04366643216029254,1.0000000000000004,1.0,0.026002735894461386
30,0.1,2.2262626262626264,0.041123892198087014,0.04112389219808699,1.0000000000000004,1.0,0.021152440719927394
30,0.1,2.3454545454545457,0.03896811790792501,0.03896811790792501,1.0,1.0,0.017206872008623704
30,0.1,2.464646464646465,0.03712317564873926,0.037123175648739244,1.0000000000000004,1.0,0.013997270964680151
30,0.1,2.5838383838383843,0.03552850865643034,0.03552850865643033,1.0000000000000004,1.0,0.011386357401884876
30,0.1,2.703030303030303,0.034135813202760906,0.03413581320276089,1.0000000000000004,1.0,0.009262458032755607
30,0.1,2.8222222222222224,0.03290654957350138,0.032906549573501365,1.0000000000000004,1.0,0.007534730008945334
30,0.1,2.9414141414141417,0.031809958855220165,0.03180995885522015,1.0000000000000004,1.0,0.006129275415546636
30,0.1,3.060606060606061,0.03082148273826921,0.03082148273826918,1.000000000000001,1.0,0.004985980529497818
30,0.1,3.1797979797979803,0.029921504433492126,0.029921504433492122,1.0000000000000002,1.0,0.004055944651707944
30,0.1,3.298989898989899,0.02909434544479445,0.02909434544479444,1.0000000000000002,1.0,0.0032993885396049006
30,0.1,3.4181818181818184,0.028327466201728907,0.028327466201728893,1.0000000000000004,1.0,0.0026839529801502855
30,0.1,3.5373737373737377,0.027610829123090697,0.027610829123090666,1.000000000000001,1.0,0.0021833147303470454
30,0.1,3.656565656565657,0.026936391101914283,0.026936391101914276,1.0000000000000002,1.0,0.0017760606266222561
30,0.1,3.775757575757576,0.0262976991106292,0.026297699110629187,1.0000000000000004,1.0,0.0014447717067966844
30,0.1,3.894949494949495,0.025689567970191556,0.02568956797019154,1.0000000000000004,1.0,0.0011752781709541038
30,0.1,4.014141414141414,0.02510782358581766,0.02510782358581763,1.0000000000000013,1.0,0.0009560533145985841
30,0.1,4.133333333333334,0.024549098345260582,0.024549098345260565,1.0000000000000007,1.0,0.0007777205115729429
30,0.1,4.252525252525253,0.024010668079278537,0.024010668079278517,1.0000000000000009,1.0,0.0006326521595453464
30,0.1,4.371717171717172,0.02349032213819153,0.02349032213819151,1.0000000000000007,1.0,0.0005146434342690606
30,0.1,4.490909090909091,0.022986259854873813,0.02298625985487378,1.0000000000000013,1.0,0.0004186468985209699
30,0.1,4.61010101010101,0.022497008032155194,0.02249700803215518,1.0000000000000007,1.0,0.0003405566144842663
30,0.1,4.72929292929293,0.022021355182294387,0.022021355182294373,1.0000000000000007,1.0,0.0002770325256886517
30,0.1,4.848484848484849,0.021558299114425684,0.02155829911442566,1.000000000000001,1.0,0.00022535759701997933
30,0.1,4.967676767676768,0.021107005157670913,0.0211070051576709,1.0000000000000007,1.0,0.00018332160243052502
30,0.1,5.086868686868687,0.020666772858810398,0.020666772858810394,1.0000000000000002,1.0,0.00014912658974933996
30,0.1,5.206060606060606,0.0202370094325905,0.0202370094325905,1.0,1.0,0.0001213099791591444
30,0.1,5.325252525252526,0.019817208592676258,0.019817208592676248,1.0000000000000004,1.0,9.868200612867001e-05
30,0.1,5.444444444444445,0.01940693367007425,0.019406933670074226,1.0000000000000013,1.0,8.027483312649497e-05
30,0.1,5.563636363636364,0.0190058041480046,0.01900580414800458,1.000000000000001,1.0,6.530115353638324e-05
30,0.1,5.682828282828283,0.01861348491920834,0.018613484919208334,1.0000000000000004,1.0,5.3120517192017396e-05
30,0.1,5.802020202020202,0.01822967771271099,0.018229677712710973,1.0000000000000009,1.0,4.321193721601298e-05
30,0.1,5.921212121212122,0.01785411424943659,0.017854114249436573,1.0000000000000009,1.0,3.515160651036066e-05
30,0.1,6.040404040404041,0.017486550775602617,0.017486550775602593,1.0000000000000013,1.0,2.859477079406074e-05
30,0.1,6.15959595959596,0.017126763694166644,0.017126763694166627,1.000000000000001,1.0,2.326098286642652e-05
30,0.1,6.278787878787879,0.01677454607143809,0.016774546071438075,1.0000000000000009,1.0,1.892210739540435e-05
30,0.1,6.397979797979798,0.016429704841258837,0.016429704841258837,1.0,1.0,1.5392563174963594e-05
30,0.1,6.517171717171718,0.016092058565243483,0.016092058565243466,1.000000000000001,1.0,1.252138549603565e-05
30,0.1,6.636363636363637,0.015761435636322704,0.015761435636322697,1.0000000000000004,1.0,1.0185769124881523e-05
30,0.1,6.7555555555555555,0.015437672835743182,0.015437672835743179,1.0000000000000002,1.0,8.285815710908143e-06
30,0.1,6.874747474747475,0.015120614171931532,0.015120614171931529,1.0000000000000002,1.0,6.740260961484403e-06
30,0.1,6.993939393939394,0.014810109944174272,0.014810109944174256,1.000000000000001,1.0,5.482998827635208e-06
30,0.1,7.113131313131314,0.01450601598565441,0.014506015985654392,1.000000000000001,1.0,4.460254034026035e-06
30,0.1,7.232323232323233,0.014208193049619375,0.014208193049619374,1.0000000000000002,1.0,3.6282820174568086e-06
30,0.1,7.351515151515152,0.013916506309811887,0.013916506309811883,1.0000000000000002,1.0,2.951497896257176e-06
30,0.1,7.470707070707071,0.013630824952157958,0.013630824952157955,1.0000000000000002,1.0,2.4009544433694842e-06
30,0.1,7.58989898989899,0.013351021839376994,0.01335102183937698,1.000000000000001,1.0,1.9531039633962823e-06
30,0.1,7.70909090909091,0.013076973233900783,0.013076973233900765,1.0000000000000013,1.0,1.5887911169529952e-06
30,0.1,7.828282828282829,0.012808558567453747,0.012808558567453747,1.0,1.0,1.292433613681929e-06
30,0.1,7.947474747474748,0.012545660248009727,0.012545660248009715,1.0000000000000009,1.0,1.0513557307510712e-06
30,0.1,8.066666666666666,0.01228816349672344,0.012288163496723428,1.0000000000000009,1.0,8.552461502716283e-07
30,0.1,8.185858585858586,0.012035956208934898,0.01203595620893488,1.0000000000000013,1.0,6.957169264031181e-07
30,0.1,8.305050505050504,0.011788928834540762,0.011788928834540757,1.0000000000000004,1.0,5.659447184065976e-07
30,0.1,8.424242424242424,0.011546974273978905,0.011546974273978893,1.000000000000001,1.0,4.603789445633451e-07
30,0.1,8.543434343434344,0.01130998778683181,0.011309987786831796,1.0000000000000013,1.0,3.745043741975296e-07
30,0.1,8.662626262626262,0.011077866910659144,0.01107786691065913,1.0000000000000013,1.0,3.0464800345313264e-07
30,0.1,8.781818181818181,0.010850511388151912,0.010850511388151898,1.0000000000000013,1.0,2.478219545682193e-07
30,0.1,8.901010101010101,0.010627823101084889,0.010627823101084871,1.0000000000000016,1.0,2.0159567917687276e-07
30,0.1,9.020202020202019,0.010409706009849933,0.01040970600984992,1.000000000000001,1.0,1.6399199955303935e-07
30,0.1,9.139393939393939,0.010196066097597009,0.010196066097596998,1.000000000000001,1.0,1.3340254130054412e-07
30,0.1,9.258585858585858,0.009986811318204152,0.009986811318204144,1.0000000000000009,1.0,1.0851894039920856e-07
30,0.1,9.377777777777778,0.009781851547452586,0.009781851547452574,1.0000000000000013,1.0,8.827688221348007e-08
30,0.1,9.496969696969696,0.009581098536906881,0.009581098536906864,1.0000000000000018,1.0,7.181057891521273e-08
30,0.1,9.616161616161616,0.009384465870098549,0.009384465870098538,1.000000000000001,1.0,5.841573824126889e-08
30,0.1,9.735353535353536,0.009191868920690023,0.009191868920690016,1.0000000000000007,1.0,4.75194396956678e-08
30,0.1,9.854545454545454,0.009003224812358676,0.009003224812358664,1.0000000000000013,1.0,3.8655629749363355e-08
30,0.1,9.973737373737373,0.00881845238019049,0.008818452380190477,1.0000000000000013,1.0,3.144518792497646e-08
30,0.1,10.092929292929293,0.008637472133412951,0.008637472133412942,1.000000000000001,1.0,2.5579711158459925e-08
30,0.1,10.212121212121211,0.008460206219328489,0.008460206219328479,1.0000000000000013,1.0,2.0808322866804152e-08
30,0.1,10.33131313131313,0.008286578388335302,0.008286578388335294,1.000000000000001,1.0,1.6926942522803368e-08
30,0.1,10.45050505050505,0.00811651395994269,0.008116513959942675,1.000000000000002,1.0,1.3769556778041969e-08
30,0.1,10.569696969696968,0.007949939789704267,0.007949939789704255,1.0000000000000016,1.0,1.120111878493703e-08
30,0.1,10.688888888888888,0.00778678423700541,0.0077867842370054,1.0000000000000013,1.0,9.111772009564302e-09
30,0.1,10.808080808080808,0.007626977133651732,0.007626977133651723,1.000000000000001,1.0,7.412151477754899e-09
30,0.1,10.927272727272728,0.007470449753213716,0.007470449753213707,1.000000000000001,1.0,6.029561480633579e-09
30,0.1,11.046464646464646,0.007317134781089291,0.007317134781089281,1.0000000000000013,1.0,4.904866253455502e-09
30,0.1,11.165656565656565,0.007166966285251612,0.007166966285251599,1.0000000000000018,1.0,3.989960636699332e-09
30,0.1,11.284848484848485,0.0070198796876535735,0.007019879687653566,1.000000000000001,1.0,3.2457125352183812e-09
30,0.1,11.404040404040403,0.006875811736264122,0.006875811736264113,1.0000000000000013,1.0,2.6402891708697374e-09
30,0.1,11.523232323232323,0.006734700477714233,0.006734700477714218,1.0000000000000022,1.0,2.1477955395525937e-09
30,0.1,11.642424242424243,0.006596485230532853,0.006596485230532844,1.0000000000000016,1.0,1.7471668371091496e-09
30,0.1,11.76161616161616,0.0064611065589548124,0.006461106558954804,1.0000000000000013,1.0,1.4212674812286295e-09
30,0.1,11.88080808080808,0.0063285062472843686,0.006328506247284354,1.0000000000000022,1.0,1.1561581929635597e-09
30,0.1,12.0,0.006198627274799366,0.006198627274799351,1.0000000000000024,1.0,9.40499789667483e-10
45,0.0,0.2,0.3525479855420473,0.35250656441259687,1.0001175045619914,1.0603283706284556,0.7536383164437648
45,0.0,0.3191919191919192,0.2862729515959488,0.28613688626203304,1.000475525318295,1.0979986884881234,0.636732568571533
45,0.0,0.43838383838383843,0.23245687445768218,0.2321726976908656,1.001223988736156,1.137007320861443,0.5379614531713561
45,0.0,0.5575757575757576,0.18875761115881587,0.18828738960750596,1.002497360828519,1.1774018140883231,0.45451189303461015
45,0.0,0.6767676767676768,0.1532733151192262,0.1525988333116909,1.0044199670003875,1.219231403688919,0.3840071806113271
45,0.0,0.795959595959596,0.12445966540587042,0.12358176262114871,1.0071038215194663,1.262547074375188,0.32443928755420154
45,0.0,0.9151515151515153,0.10106265595476878,0.0999979987903618,1.0106467847085516,1.3074016221944817,0.27411167452938234
45,0.0,1.0343434343434343,0.08206401965909685,0.08084080954118535,1.0151310968414824,1.3538497188809082,0.23159097247354632
45,0.0,1.1535353535353536,0.06663691211145983,0.06529047099502719,1.020622322000636,1.4019479784929172,0.19566615914235258
45,0.0,1.2727272727272727,0.05410992630140064,0.05267871378742509,1.0271687065054576,1.4517550264183117,0.16531406826703327
45,0.0,1.391919191919192,0.04393787214278026,0.04246021743577935,1.034800921809594,1.503331570830808,0.13967024899341385
45,0.0,1.511111111111111,0.03567804911952606,0.034189698756177674,1.043532128608751,1.5567404766852324,0.1180043456578126
45,0.0,1.6303030303030304,0.028970979405621405,0.027503443166471714,1.0533582733720666,1.6120468423415493,0.09969929669693044
45,0.0,1.7494949494949494,0.02352476294062822,0.022104369034754916,1.0642585139453655,1.6693180789111113,0.08423376026071362
45,0.0,1.8686868686868687,0.019102373574066075,0.017749907516748993,1.076195667838882,1.7286239924218487,0.07116726599614845
45,0.0,1.9878787878787878,0.015511343390966955,0.014242133139400539,1.089116583811113,1.79003686890254,0.06012767011338976
45,0.0,2.107070707070707,0.012595386267554833,0.011419701174232466,1.102952351850957,1.8536315624898831,0.050800556444872906
45,0.0,2.2262626262626264,0.010227596103719505,0.009095977998055758,1.1244086238891111,1.9194855866657348,0.04292028163143521
45,0.0,2.3454545454545457,0.00830492371085697,0.007132635649521292,1.1643555228303797,1.9876792087357482,0.036262409395471006
45,0.0,2.464646464646465,0.006743691982329169,0.0055930754581526385,1.20572161644974,2.0582955476645552,0.030637318423410647
45,0.0,2.5838383838383843,0.0054759541611536355,0.004385825186891311,1.2485573245191317,2.1314206753867406,0.02588480180510813
45,0.0,2.703030303030303,0.004446536712179298,0.003439156634644008,1.292914858075246,2.207143721717094,0.021869504218024187
45,0.0,2.8222222222222224,0.0036106381008479643,0.0026968239393051307,1.3388482830578434,2.285556982988009,0.018477066903706957
45,0.0,2.9414141414141417,0.0029318789743907354,0.0021147217565919527,1.3864135862089482,2.366756034546454,0.015610870642540206
45,0.0,3.060606060606061,0.0023807188869069194,0.0016582647619761304,1.4356687433132516,2.450839847247621,0.01318928396417894
45,0.0,3.1797979797979803,0.001933170662221188,0.0013003327800643375,1.4866737898628835,2.5379109080872335,0.011143338220592767
45,0.0,3.298989898989899,0.00156975644198299,0.0010196594522667599,1.5394908942327106,2.628075345119603,0.009414763306011941
45,0.0,3.4181818181818184,0.0012746599849160934,0.0007995687062088102,1.5941844334553175,2.7214430568136074,0.00795432807957199
45,0.0,3.5373737373737377,0.0010350383242217023,0.0006269839548166877,1.6508210716880594,2.8181278460043306,0.006720438224619475
45,0.0,3.656565656565657,0.0008404628256045787,0.0004916511571113346,1.7094698414678102,2.9182475586035914,0.005677951610635194
45,0.0,3.775757575757576,0.0006824653200686022,0.0003855295792371382,1.7702022278524565,3.0219242272384634,0.0047971774183729315
45,0.0,3.894949494949495,0.0005541695586134934,0.00030231405808144295,1.8330922555516787,3.1292842199928144,0.004053030522529008
45,0.0,4.014141414141414,0.0004499919492803003,0.00023706038300489024,1.898216579153243,3.240458394433232,0.003424317048111879
45,0.0,4.133333333333334,0.0003653985522476397,0.00018589153791612824,1.9656545765547575,3.3555822571069958,0.0028931307526085183
45,0.0,4.252525252525253,0.00029670775710145884,0.0001457673502033892,2.035488445714781,3.4747961287065685,0.0024443430424482314
45,0.0,4.371717171717172,0.00024093005454634196,0.00011430386032367076,2.107803304841216,3.598245315101852,0.002065172099041161
45,0.0,4.490909090909091,0.00019563792922290928,8.963167997952315e-05,2.1826872961390866,3.7260802844487655,0.0017448188427702704
45,0.0,4.61010101010101,0.0001588602112040205,7.028492330182441e-05,2.260231693244189,3.8584568505899037,0.00147415936691168
45,0.0,4.72929292929293,0.00012899628821480463,5.511411193756376e-05,2.340531012473513,3.9955363629709497,0.001245485081765343
45,0.0,4.848484848484849,0.00010474644498506017,4.321787933981378e-05,2.4236831280280837,4.137485903304161,0.0010522831681012974
45,0.0,4.967676767676768,8.505529801553628e-05,3.3889416502739396e-05,2.5097893912886042,4.284478489218833,0.0008890510870670748
45,0.0,5.086868686868687,6.90658639684004e-05,2.6574477240444263e-05,2.59895475434932,4.436693285146738,0.0007511398636560339
45,0.0,5.206060606060606,5.6082262680806546e-05,2.083844791325354e-05,2.6912878979406836,4.59431582069983,0.0006346216803294209
45,0.0,5.325252525252526,4.553943159008347e-05,1.6340525064873134e-05,2.7869013638967193,4.7575382168061235,0.0005361780097568677
45,0.0,5.444444444444445,3.697853350445579e-05,1.2813466747008726e-05,2.885911692328569,4.926559419879644,0.00045300510060987317
45,0.0,5.563636363636364,3.00269874347295e-05,1.0047714466020606e-05,2.9884395636714065,5.10158544430962,0.0003827341245710843
45,0.0,5.682828282828283,2.4382253403768995e-05,7.878942364621815e-06,3.094609945777834,5.282829623564673,0.00032336371028490344
45,0.0,5.802020202020202,1.979866552839753e-05,6.178293879166959e-06,3.2045522462371205,5.470512870217967,0.00027320294276451023
45,0.0,5.921212121212122,1.6076740332981812e-05,4.844725788165354e-06,3.318400470105843,5.664863945210311,0.00023082320483466064
45,0.0,6.040404040404041,1.3054494979139332e-05,3.7990047772993256e-06,3.4362933832422398,5.866119736679296,0.0001950174890175631
45,0.0,6.15959595959596,1.060039757006919e-05,2.978999829711411e-06,3.558374681443368,6.074525548694493,0.00016476602103310012
45,0.0,6.278787878787879,8.60764271793663e-06,2.3359907411670547e-06,3.6847931655911768,6.290335400250547,0.0001392072158442935
45,0.0,6.397979797979798,6.989503239845363e-06,1.831773432275367e-06,3.815702923021019,6.5138123348825125,0.00011761313905387513
45,0.0,6.517171717171718,5.675555682394715e-06,1.4363900712695147e-06,3.9512635153336366,6.745228741281052,9.93687747737052e-05
45,0.0,6.636363636363637,4.608615404930503e-06,1.1263491436704524e-06,4.09164017287955,6.984866685297975,8.395450950003376e-05
45,0.0,6.7555555555555555,3.7422478324802772e-06,8.832297151190195e-07,4.237003996152905,7.233018253747128,7.093133312192538e-05
45,0.0,6.874747474747475,3.038747564988989e-06,6.925869603159778e-07,4.3875321643402385,7.48998591041931,5.992833557620292e-05
45,0.0,6.993939393939394,2.4674973911619485e-06,5.43093930592097e-07,4.54340815127838,7.756082864745562,5.0632143044043054e-05
45,0.0,7.113131313131314,2.003635789145606e-06,4.258685686363602e-07,4.70482194908464,8.031633453557696,4.277799282398941e-05
45,0.0,7.232323232323233,1.6269749220098185e-06,3.339459852822405e-07,4.87197029973201,8.316973536411975,3.6142192686915835e-05
45,0.0,7.351515151515152,1.3211220378418245e-06,2.6186464392809125e-07,5.045056934851458,8.61245090495714,3.05357499495773e-05
45,0.0,7.470707070707071,1.0727660366855975e-06,2.0534186593568455e-07,5.224292824053719,8.918425706846328,2.579898881787176e-05
45,0.0,7.58989898989899,8.710981548276262e-07,1.610193773143633e-07,5.409896432073224,9.235270884709108,2.1797002697616305e-05
45,0.0,7.70909090909091,7.073415538848605e-07,1.2626377846798156e-07,5.6020939850475875,9.563372630719112,1.84158119511556e-05
45,0.0,7.828282828282829,5.743693418237765e-07,9.901008200948646e-08,5.801119746257199,9.903130857310844,1.555911766976171e-05
45,0.0,7.947474747474748,4.6639440170763484e-07,7.763902251674748e-08,6.0072163016610505,10.254959684619958,1.3145559006769724e-05
45,0.0,8.066666666666666,3.787175291312146e-07,6.088084864709513e-08,6.220634855576783,10.619287945240524,1.1106395958191321e-05
45,0.0,8.185858585858586,3.075229169692331e-07,4.773988146477469e-08,6.4416355368653715,10.996559706915127,9.383551594618703e-06
45,0.0,8.305050505050504,2.4971208667898836e-07,3.743535665019826e-08,6.670487715993642,11.387234813794326,7.92795798568041e-06
45,0.0,8.424242424242424,2.0276903863985185e-07,2.935503575897184e-08,6.907470333361087,11.791789446925598,6.698158707707041e-06
45,0.0,8.543434343434344,1.6465075270379127e-07,2.3018830365703273e-08,7.152872239291158,12.210716704654937,5.65912813295279e-06
45,0.0,8.662626262626262,1.3369827340394045e-07,1.8050277838380104e-08,7.406992546101385,12.644527203647893,4.78127387282243e-06
45,0.0,8.781818181818181,1.0856451013833204e-07,1.4154173990011089e-08,7.670140992681621,13.093749701263732,4.039593963921494e-06
45,0.0,8.901010101010101,8.815561010250582e-08,1.1099033662159172e-08,7.942638322024541,13.558931740040219,3.412964792940858e-06
45,0.0,9.020202020202019,7.158335244770859e-08,8.703337144271347e-09,8.224816672168757,14.040640315075455,2.883539479929832e-06
45,0.0,9.139393939393939,5.8126491798928565e-08,6.82474526634756e-09,8.51701998103095,14.539462565119264,2.436239585451259e-06
45,0.0,9.258585858585858,4.719936875433477e-08,5.351642384805365e-09,8.819604405620494,15.056006488217514,2.0583256650483453e-06
45,0.0,9.377777777777778,3.8326421255802356e-08,4.196504792064238e-09,9.13293875614754,15.590901682780878,1.7390344400844104e-06
45,0.0,9.496969696969696,3.1121487533502535e-08,3.2907005370574036e-09,9.457404945553588,16.144800114981713,1.4692722513027e-06
45,0.0,9.616161616161616,2.5270999862824978e-08,2.5804116904780794e-09,9.793398455012795,16.718376913414204,1.2413560644280934e-06
45,0.0,9.735353535353536,2.0520337704918973e-08,2.023436778088018e-09,10.141328815970724,17.312331191986186,1.0487946514515196e-06
45,0.0,9.854545454545454,1.6662746302466654e-08,1.58668340018281e-09,10.501620109309048,17.927386902046464,8.861037154719077e-07
45,0.0,9.973737373737373,1.3530338454118563e-08,1.2442020623913766e-09,10.874711482243512,18.5642937147851,7.486496937092852e-07
45,0.0,10.092929292929293,1.0986787853566462e-08,9.756443988010448e-10,11.261057683586321,19.22382793498309,6.325177900789161e-07
45,0.0,10.212121212121211,8.92139599823035e-09,7.650541834678548e-10,11.661129618024235,19.90679344722449,5.344004787927884e-07
45,0.0,10.33131313131313,7.244274452009562e-09,5.999192988356621e-10,12.075414920089127,20.61402269572533,4.5150330348547127e-07
45,0.0,10.45050505050505,5.882432788147517e-09,4.704283342182319e-10,12.504418548519345,21.346377698972205,3.814652889510932e-07
45,0.0,10.569696969696968,4.776601954592476e-09,3.688876454964045e-10,12.94866340173768,22.104751100408468,3.2229169875658293e-07
45,0.0,10.688888888888888,3.878654810742282e-09,2.892642409093365e-10,13.408690955194704,22.89006725644763,2.7229722361638207e-07
45,0.0,10.808080808080808,3.1495115741076656e-09,2.2682733371635843e-10,13.885061921355767,23.70328336314151,2.3005798248992494e-07
45,0.0,10.927272727272728,2.5574390193129363e-09,1.778672647511875e-10,14.378356933134668,24.545390622874788,1.9437096935626013e-07
45,0.0,11.046464646464646,2.076669408448641e-09,1.3947509478566668e-10,14.889177251608166,25.41741545250879,1.6421979067884278e-07
45,0.0,11.165656565656565,1.6862790468978649e-09,1.0936977128806248e-10,15.418145498873502,26.320420734447833,1.3874571773716515e-07
45,0.0,11.284848484848485,1.3692776579836089e-09,8.576260077101849e-11,15.96590641694165,27.255507112150855,1.1722322937342078e-07
45,0.0,11.404040404040403,1.111868944883267e-09,6.725097441812003e-11,16.533127653592572,28.223814331670695,9.903934859283089e-08
45,0.0,11.523232323232323,9.028501585400289e-10,5.273503274768878e-11,17.12050057614875,29.22652263085173,8.367618450815623e-08
45,0.0,11.642424242424243,7.331245400161239e-10,4.1352317984414255e-11,17.728741114160506,30.26485417788418,7.069618240956235e-08
45,0.0,11.76161616161616,5.953054181692586e-10,3.2426531540535775e-11,18.358590632028555,31.340074560963732,5.972966187050442e-08
45,0.0,11.88080808080808,4.83394732488264e-10,2.5427352056677e-11,19.010816832629207,32.45349433087666,5.046428796531781e-08
45,0.0,12.0,3.9252198999969754e-10,1.993892661032699e-11,19.68621469304161,33.60647059838559,4.263617573070658e-08
45,0.0001,0.2,0.3525947650087822,0.3525533493761326,1.0001174733773566,1.0603630289197068,0.7536383164437648
45,0.0001,0.3191919191919192,0.2863179112800809,0.28618186732563416,1.0004753758710083,1.0980613250329205,0.636732568571533
45,0.0001,0.43838383838383843,0.2325000851511412,0.232215961273747,1.0012235329382,1.1371049651588734,0.5379614531713561
45,0.0001,0.5575757575757576,0.18879914089963268,0.1883290230632779,1.0024962580313328,1.17754310730355,0.45451189303461015
45,0.0001,0.6767676767676768,0.15331322929866295,0.1526389239118012,1.004417650292473,1.2194269632335035,0.3840071806113271
45,0.0001,0.795959595959596,0.12449802687138346,0.12362039660573174,1.007099396942163,1.2628099407879765,0.32443928755420154
45,0.0001,0.9151515151515153,0.10109952510896598,0.10003526050460188,1.0106388947156804,1.3077478068955213,0.27411167452938234
45,0.0001,1.0343434343434343,0.08209945455484542,0.08087678067314637,1.0151177367783757,1.354298875561827,0.23159097247354632
45,0.0001,1.1535353535353536,0.06667096854329431,0.06532522992818503,1.020600595154257,1.4025242260438584,0.19566615914235258
45,0.0001,1.2727272727272727,0.05414265789337502,0.052712335077421145,1.0271344992372864,1.4524879575872933,0.16531406826703327
45,0.0001,1.391919191919192,0.043969330432902486,0.04249277141618804,1.0347484752701241,1.5042574885277964,0.13967024899341385
45,0.0001,1.511111111111111,0.035708283640907994,0.03422125127273385,1.0434534773823116,1.557903909300885,0.1180043456578126
45,0.0001,1.6303030303030304,0.02900003776447191,0.027534055433833107,1.053242513953736,1.6135024010423797,0.09969929669693044
45,0.0001,1.7494949494949494,0.023552690891212185,0.02213409760510327,1.0640908570757293,1.6711327340803614,0.08423376026071362
45,0.0001,1.8686868686868687,0.019129215090747494,0.017778804345852075,1.075956218349997,1.7308798638288412,0.07116726599614845
45,0.0001,1.9878787878787878,0.015537140737449391,0.01427024573343652,1.0887787798246822,1.7928346455261748,0.06012767011338976
45,0.0001,2.107070707070707,0.012620180063428355,0.011447072799758911,1.1024809821856074,1.85709469408091,0.050800556444872906
45,0.0001,2.2262626262626264,0.01025142538841886,0.009123681449072626,1.1236062378592648,1.9237654211942432,0.04292028163143521
45,0.0001,2.3454545454545457,0.008327826005131695,0.007160015325910507,1.163101701052949,1.992961289166945,0.036262409395471006
45,0.0001,2.464646464646465,0.006765703347322445,0.0056201743442784126,1.203824460394228,2.0648073296699216,0.030637318423410647
45,0.0001,2.5838383838383843,0.0054971092551828775,0.004412677117011102,1.2457537928599474,2.139440986630014,0.02588480180510813
45,0.0001,2.703030303030303,0.004466868845307925,0.0034657882673258377,1.2888464328360456,2.2170143557076645,0.021869504218024187
45,0.0001,2.8222222222222224,0.0036301792873342435,0.0027232563056751296,1.333028874208106,2.2976969091741437,0.018477066903706957
45,0.0001,2.9414141414141417,0.0029506599830963053,0.002140971474399723,1.3781874342457552,2.3816788150114014,0.015610870642540206
45,0.0001,3.060606060606061,0.00239876928974435,0.0016843449876102398,1.4241555663413943,2.4691749835886054,0.01318928396417894
45,0.0001,3.1797979797979803,0.001950518880716869,0.0013262539550806876,1.4706978804811195,2.5604300053350433,0.011143338220592767
45,0.0001,3.298989898989899,0.0015864297920286635,0.0010454298887836552,1.517490373146357,2.6557241796781907,0.009414763306011941
45,0.0001,3.4181818181818184,0.0012906847197794898,0.0008251950459489062,1.5640965443452328,2.755380880678798,0.00795432807957199
45,0.0001,3.5373737373737377,0.0010504396758840087,0.0006524715290687827,1.6099394825444908,2.859775560148367,0.006720438224619475
45,0.0001,3.656565656565657,0.0008552650444898248,0.0005170042689981793,1.6542707590154093,2.969346756877285,0.005677951610635194
45,0.0001,3.775757575757576,0.0006966917132275209,0.0004107517250592848,1.6961382526804134,3.084609563752756,0.0047971774183729315
45,0.0001,3.894949494949495,0.0005678425264219792,0.0003274081008873937,1.7343569840908692,3.206172106458578,0.004053030522529008
45,0.0001,4.014141414141414,0.00046313302071024923,0.00026202868869935675,1.7674897470545032,3.011327505624741,0.003424317048111879
45,0.0001,4.133333333333334,0.000378028418765708,0.00021073608199243644,1.7938476182701162,2.782349374097238,0.0028931307526085183
45,0.0001,4.252525252525253,0.0003088463052491149,0.00017048980144071592,1.8115236374212647,2.5731469649282914,0.0024443430424482314
45,0.0001,4.371717171717172,0.0002525963972525117,0.00013890564642117796,1.818474653554473,2.3822333588981253,0.002065172099041161
45,0.0001,4.490909090909091,0.0002068504358985188,0.00011411403902624868,1.8126642231192847,2.2082516256002034,0.0017448188427702704
45,0.0001,4.61010101010101,0.00016963653666582102,9.464894413963037e-05,1.7922707771104724,2.0499651789734115,0.00147415936691168
45,0.0001,4.72929292929293,0.00013935340048402313,7.936076581453336e-05,1.7559482831818052,1.906248988189212,0.001245485081765343
45,0.0001,4.848484848484849,0.00011470065200464606,6.734804473401679e-05,1.7031029253728573,1.7760815814246107,0.0010522831681012974
45,0.0001,4.967676767676768,9.462227332807186e-05,5.7903898590511446e-05,1.6341261233069608,1.658537785687214,0.0008890510870670748
45,0.0001,5.086868686868687,7.826067139510721e-05,5.047402316513439e-05,1.5505138383572883,1.55278215109028,0.0007511398636560339
45,0.0001,5.206060606060606,6.491938004050583e-05,4.4623758760885065e-05,1.454816488865812,1.4580630128403376,0.0006346216803294209
45,0.0001,5.325252525252526,5.403277349545805e-05,4.001226525750922e-05,1.3504052606798502,1.373707148732615,0.0005361780097568677
45,0.0001,5.444444444444445,4.5141473271507474e-05,3.6372271411191715e-05,1.2410957996320648,1.2991149941820763,0.00045300510060987317
45,0.0001,5.563636363636364,3.787237813992977e-05,3.349419521334758e-05,1.1307146775342571,1.2337563807805958,0.0003827341245710843
45,0.0001,5.682828282828283,3.1922448122059036e-05,2.927182044938167e-05,1.0905521977104555,1.1771667680918034,0.00032336371028490344
45,0.0001,5.802020202020202,2.704553678390343e-05,2.523493888997863e-05,1.071749644483737,1.1289439419008611,0.00027320294276451023
45,0.0001,5.921212121212122,2.304169879307148e-05,2.186573470190036e-05,1.0537811378032003,1.088745155451745,0.00023082320483466064
45,0.0001,6.040404040404041,1.9748507421256076e-05,1.9040147564780755e-05,1.037203485638189,1.0562846933532224,0.0001950174890175631
45,0.0001,6.15959595959596,1.7034004149631884e-05,1.6656555873277744e-05,1.0226606436063823,1.0313318408388192,0.00016476602103310012
45,0.0001,6.278787878787879,1.4790973564495959e-05,1.4631292728366838e-05,1.0109136519303954,1.0137092439471784,0.0001392072158442935
45,0.0001,6.397979797979798,1.293229440762779e-05,1.2894703212762886e-05,1.00291524312306,1.0032916489676722,0.00011761313905387513
45,0.0001,6.517171717171718,1.1387164480349396e-05,1.1387164480349396e-05,1.0,1.0,9.93687747737052e-05
45,0.0001,6.636363636363637,1.009803513041726e-05,1.0098035130416294e-05,1.0000000000000957,1.0,8.395450950003376e-05
45,0.0001,6.7555555555555555,9.018121931797782e-06,9.01812193179657e-06,1.0000000000001346,1.0,7.093133312192538e-05
45,0.0001,6.874747474747475,8.109383243039845e-06,8.109383243039029e-06,1.0000000000001006,1.0,5.992833557620292e-05
45,0.0001,6.993939393939394,7.340878691683947e-06,7.340878691682884e-06,1.0000000000001448,1.0,5.0632143044043054e-05
45,0.0001,7.113131313131314,6.687436166104828e-06,6.687436166104579e-06,1.0000000000000373,1.0,4.277799282398941e-05
45,0.0001,7.232323232323233,6.128569321950069e-06,6.128569321949169e-06,1.0000000000001468,1.0,3.6142192686915835e-05
45,0.0001,7.351515151515152,5.647598512214816e-06,5.6475985122143735e-06,1.0000000000000784,1.0,3.05357499495773e-05
45,0.0001,7.470707070707071,5.230936902446267e-06,5.230936902445603e-06,1.000000000000127,1.0,2.579898881787176e-05
45,0.0001,7.58989898989899,4.867510720867671e-06,4.867510720867088e-06,1.00000000000012,1.0,2.1797002697616305e-05
45,0.0001,7.70909090909091,4.548288430193917e-06,4.5482884301933775e-06,1.0000000000001186,1.0,1.84158119511556e-05
45,0.0001,7.828282828282829,4.265898347610731e-06,4.265898347610002e-06,1.000000000000171,1.0,1.555911766976171e-05
45,0.0001,7.947474747474748,4.014318088083014e-06,4.01431808808287e-06,1.000000000000036,1.0,1.3145559006769724e-05
45,0.0001,8.066666666666666,3.7886223313447405e-06,3.788622331344036e-06,1.000000000000186,1.0,1.1106395958191321e-05
45,0.0001,8.185858585858586,3.584777950613338e-06,3.58477795061291e-06,1.0000000000001195,1.0,9.383551594618703e-06
45,0.0001,8.305050505050504,3.3994776017084827e-06,3.399477601708481e-06,1.0000000000000004,1.0,7.92795798568041e-06
45,0.0001,8.424242424242424,3.2300045445191253e-06,3.2300045445188534e-06,1.0000000000000842,1.0,6.698158707707041e-06
45,0.0001,8.543434343434344,3.07412282747515e-06,3.0741228274749532e-06,1.0000000000000642,1.0,5.65912813295279e-06
45,0.0001,8.662626262626262,2.929988068972938e-06,2.9299880689727125e-06,1.0000000000000768,1.0,4.78127387282243e-06
45,0.0001,8.781818181818181,2.796074965593648e-06,2.7960749655932576e-06,1.0000000000001397,1.0,4.039593963921494e-06
45,0.0001,8.901010101010101,2.6711183844282403e-06,2.671118384427784e-06,1.0000000000001708,1.0,3.412964792940858e-06
45,0.0001,9.020202020202019,2.5540654875440684e-06,2.5540654875437482e-06,1.0000000000001255,1.0,2.883539479929832e-06
45,0.0001,9.139393939393939,2.4440368163026613e-06,2.4440368163022823e-06,1.000000000000155,1.0,2.436239585451259e-06
45,0.0001,9.258585858585858,2.3402946527421672e-06,2.340294652741932e-06,1.0000000000001004,1.0,2.0583256650483453e-06
45,0.0001,9.377777777777778,2.242217291521832e-06,2.2422172915214403e-06,1.0000000000001747,1.0,1.7390344400844104e-06
45,0.0001,9.496969696969696,2.149278112754548e-06,2.149278112754277e-06,1.0000000000001261,1.0,1.4692722513027e-06
45,0.0001,9.616161616161616,2.0610285546033795e-06,2.0610285546030945e-06,1.0000000000001383,1.0,1.2413560644280934e-06
45,0.0001,9.735353535353536,1.977084253865157e-06,1.977084253864893e-06,1.0000000000001334,1.0,1.0487946514515196e-06
45,0.0001,9.854545454545454,1.8971137602780298e-06,1.897113760277671e-06,1.0000000000001892,1.0,8.861037154719077e-07
45,0.0001,9.973737373737373,1.8208293419547654e-06,1.8208293419545958e-06,1.0000000000000933,1.0,7.486496937092852e-07
45,0.0001,10.092929292929293,1.7479794900186216e-06,1.7479794900184505e-06,1.000000000000098,1.0,6.325177900789161e-07
45,0.0001,10.212121212121211,1.6783428041496247e-06,1.6783428041493219e-06,1.0000000000001805,1.0,5.344004787927884e-07
45,0.0001,10.33131313131313,1.611723000540149e-06,1.6117230005399453e-06,1.0000000000001263,1.0,4.5150330348547127e-07
45,0.0001,10.45050505050505,1.5479448323113954e-06,1.5479448323112e-06,1.0000000000001263,1.0,3.814652889510932e-07
45,0.0001,10.569696969696968,1.4868507518693545e-06,1.4868507518691152e-06,1.000000000000161,1.0,3.2229169875658293e-07
45,0.0001,10.688888888888888,1.4282981766956265e-06,1.4282981766955255e-06,1.0000000000000706,1.0,2.7229722361638207e-07
45,0.0001,10.808080808080808,1.3721572460679952e-06,1.3721572460677966e-06,1.0000000000001448,1.0,2.3005798248992494e-07
45,0.0001,10.927272727272728,1.3183089773189617e-06,1.3183089773187484e-06,1.0000000000001616,1.0,1.9437096935626013e-07
45,0.0001,11.046464646464646,1.266643747386212e-06,1.266643747386212e-06,1.0,1.0,1.6421979067884278e-07
45,0.0001,11.165656565656565,1.2170600393328098e-06,1.21706003933262e-06,1.0000000000001559,1.0,1.3874571773716515e-07
45,0.0001,11.284848484848485,1.1694634048225787e-06,1.169463404822372e-06,1.0000000000001767,1.0,1.1722322937342078e-07
45,0.0001,11.404040404040403,1.123765602719288e-06,1.123765602719057e-06,1.0000000000002056,1.0,9.903934859283089e-08
45,0.0001,11.523232323232323,1.0798838814363532e-06,1.0798838814361736e-06,1.0000000000001663,1.0,8.367618450815623e-08
45,0.0001,11.642424242424243,1.0377403787209184e-06,1.0377403787207458e-06,1.0000000000001663,1.0,7.069618240956235e-08
45,0.0001,11.76161616161616,9.972616174758165e-07,9.972616174757945e-07,1.000000000000022,1.0,5.972966187050442e-08
45,0.0001,11.88080808080808,9.583780802187536e-07,9.583780802186113e-07,1.0000000000001485,1.0,5.046428796531781e-08
45,0.0001,12.0,9.210238480237818e-07,9.210238480236527e-07,1.00000000000014,1.0,4.263617573070658e-08
45,0.001,0.2,0.353015780209396,0.3529744140479532,1.0001171930876473,1.06067464192796,0.7536383164437648
45,0.001,0.3191919191919192,0.28672254843726974,0.28658669689804417,1.000474032956505,1.0986244907703566,0.636732568571533
45,0.001,0.43838383838383843,0.2328889813922726,0.23260533351967916,1.001219438386478,1.1379828859149923,0.5379614531713561
45,0.001,0.5575757575757576,0.1891729085669839,0.18870372416522516,1.00248635475444,1.1788134758720252,0.45451189303461015
45,0.001,0.6767676767676768,0.15367245691359374,0.15299973931279337,1.0043968545555824,1.2211852408571426,0.3840071806113271
45,0.001,0.795959595959596,0.12484328006100086,0.12396810246697863,1.007059699847026,1.2651733750687904,0.32443928755420154
45,0.001,0.9151515151515153,0.10143134749674079,0.10037061593276277,1.0105681483980191,1.3108603566551182,0.27411167452938234
45,0.001,1.0343434343434343,0.08241836861658253,0.08120052086079546,1.014998028865786,1.3583372473183395,0.23159097247354632
45,0.001,1.1535353535353536,0.06697747642980463,0.06563806032660542,1.020406089036368,1.4077052729554191,0.19566615914235258
45,0.001,1.2727272727272727,0.054437242221144364,0.05301492668738556,1.0268285862611073,1.459077748317398,0.16531406826703327
45,0.001,1.391919191919192,0.0442524550440025,0.042785757239866204,1.034280047818569,1.5125824228663545,0.13967024899341385
45,0.001,1.511111111111111,0.035980394333345427,0.03450522392173946,1.0427520892184838,1.568364342408651,0.1180043456578126
45,0.001,1.6303030303030304,0.029261562994126432,0.027809565840085638,1.0522121475175221,1.6265893424084865,0.09969929669693044
45,0.001,1.7494949494949494,0.023804042446467874,0.022401654738238456,1.0626019695694897,1.6874483150226698,0.08423376026071362
45,0.001,1.8686868686868687,0.019370788740880267,0.018038875807779815,1.0738356950451438,1.7511624239316708,0.07116726599614845
45,0.001,1.9878787878787878,0.01576931685579131,0.014523259079760337,1.0857973936282308,1.8179894803041077,0.06012767011338976
45,0.001,2.107070707070707,0.012843324226290047,0.011693417429496868,1.0983379584049158,1.8882317413528786,0.050800556444872906
45,0.001,2.2262626262626264,0.010465888950713051,0.009373012508224445,1.1165982059161503,1.9622454519200943,0.04292028163143521
45,0.001,2.3454545454545457,0.008533946653604237,0.007406432413413462,1.1522344601631394,2.040452521815068,0.036262409395471006
45,0.001,2.464646464646465,0.006963805632261931,0.005864064319410374,1.187539094551087,2.123354820227662,0.030637318423410647
45,0.001,2.5838383838383843,0.005687505101446059,0.004654344488089216,1.2219776847203234,2.211551677128975,0.02588480180510813
45,0.001,2.703030303030303,0.004649858043465564,0.003705472961462305,1.2548622245594723,2.3057613146638416,0.021869504218024187
45,0.001,2.8222222222222224,0.003806049965710757,0.0029611476030051175,1.285329364145236,2.2655677019117695,0.018477066903706957
45,0.001,2.9414141414141417,0.0031196890614464345,0.002377218934669651,1.3123271971077246,2.102078053306408,0.015610870642540206
45,0.001,3.060606060606061,0.0025612229152812242,0.0019190670183172236,1.3346187969647298,1.9535290560603633,0.01318928396417894
45,0.001,3.1797979797979803,0.002106652847178,0.0015595445302278392,1.3508128856508073,1.8188648888761603,0.011143338220592767
45,0.001,3.298989898989899,0.0017364899424397245,0.0012773638174357147,1.3594325428175171,1.6971284177552193,0.009414763306011941
45,0.001,3.4181818181818184,0.0014349073335500563,0.0010558321036097699,1.3590298387823891,1.5874543931080347,0.00795432807957199
45,0.001,3.5373737373737377,0.0011890518408447658,0.0008818596973376367,1.3483458246641187,1.4890632999385534,0.006720438224619475
45,0.001,3.656565656565657,0.0009884850144570398,0.0007451822759797809,1.3265009734126587,1.4012558173925405,0.005677951610635194
45,0.001,3.775757575757576,0.0008247292516577896,0.0006377510374586042,1.2931837084017632,1.3234078482908294,0.0047971774183729315
45,0.001,3.894949494949495,0.000690899236698351,0.0005532544861409507,1.2487910247551668,1.2549660833195468,0.004053030522529008
45,0.001,4.014141414141414,0.0005814026635797895,0.0004867434399495554,1.1944745750246666,1.1954440683495302,0.003424317048111879
45,0.001,4.133333333333334,0.0004916972174283224,0.0004343369786792103,1.1320639078982886,1.1444187469331508,0.0028931307526085183
45,0.001,4.252525252525253,0.0004180932385780192,0.0003927469471527961,1.0645359349295267,1.1015274534041277,0.0024443430424482314
45,0.001,4.371717171717172,0.0003575934816080397,0.0003419401789062156,1.0457778982039938,1.0664653352085987,0.002065172099041161
45,0.001,4.490909090909091,0.0003077629959790044,0.00029905857880501503,1.0291060607883935,1.0389831861465102,0.0017448188427702704
45,0.001,4.61010101010101,0.00026662346582202555,0.0002626022230703218,1.0153130567772342,1.0188856751229525,0.00147415936691168
45,0.001,4.72929292929293,0.00023256741090698973,0.000231334451030108,1.0053297719876633,1.0060299578201686,0.001245485081765343
45,0.001,4.848484848484849,0.00020428851518091904,0.00020422418738154358,1.0003149861933605,1.0003246614226295,0.0010522831681012974
45,0.001,4.967676767676768,0.0001807250511408921,0.00018072505114089118,1.000000000000005,1.0,0.0008890510870670748
45,0.001,5.086868686868687,0.00016101393823546848,0.000161013938235468,1.000000000000003,1.0,0.0007511398636560339
45,0.001,5.206060606060606,0.00014445343627779938,0.00014445343627779927,1.0000000000000007,1.0,0.0006346216803294209
45,0.001,5.325252525252526,0.00013047285064382932,0.00013047285064382905,1.000000000000002,1.0,0.0005361780097568677
45,0.001,5.444444444444445,0.00011860793117497259,0.00011860793117497229,1.0000000000000024,1.0,0.00045300510060987317
45,0.001,5.563636363636364,0.00010848089448673219,0.00010848089448673219,1.0,1.0,0.0003827341245710843
45,0.001,5.682828282828283,9.978420058666938e-05,9.978420058666938e-05,1.0,1.0,0.00032336371028490344
45,0.001,5.802020202020202,9.226737808345653e-05,9.226737808345653e-05,1.0,1.0,0.00027320294276451023
45,0.001,5.921212121212122,8.572632493387851e-05,8.572632493387851e-05,1.0,1.0,0.00023082320483466064
45,0.001,6.040404040404041,7.999461940030675e-05,7.999461940030656e-05,1.0000000000000024,1.0,0.0001950174890175631
45,0.001,6.15959595959596,7.493646336569612e-05,7.493646336569594e-05,1.0000000000000024,1.0,0.00016476602103310012
45,0.001,6.278787878787879,7.044095118352991e-05,7.04409511835293e-05,1.0000000000000087,1.0,0.0001392072158442935
45,0.001,6.397979797979798,6.641741491766965e-05,6.641741491766965e-05,1.0,1.0,0.00011761313905387513
45,0.001,6.517171717171718,6.279164366194154e-05,6.279164366194127e-05,1.0000000000000042,1.0,9.93687747737052e-05
45,0.001,6.636363636363637,5.950281265979806e-05,5.950281265979806e-05,1.0,1.0,8.395450950003376e-05
45,0.001,6.7555555555555555,5.650098882565532e-05,5.650098882565532e-05,1.0,1.0,7.093133312192538e-05
45,0.001,6.874747474747475,5.374510434549755e-05,5.3745104345497176e-05,1.0000000000000069,1.0,5.992833557620292e-05
45,0.001,6.993939393939394,5.120131039638194e-05,5.120131039638174e-05,1.0000000000000038,1.0,5.0632143044043054e-05
45,0.001,7.113131313131314,4.8841639558737826e-05,4.884163955873751e-05,1.0000000000000064,1.0,4.277799282398941e-05
45,0.001,7.232323232323233,4.6642918921412316e-05,4.664291892141217e-05,1.000000000000003,1.0,3.6142192686915835e-05
45,0.001,7.351515151515152,4.458588678157173e-05,4.458588678157151e-05,1.000000000000005,1.0,3.05357499495773e-05
45,0.001,7.470707070707071,4.26544746942923e-05,4.265447469429192e-05,1.0000000000000089,1.0,2.579898881787176e-05
45,0.001,7.58989898989899,4.0835223815228074e-05,4.0835223815228074e-05,1.0,1.0,2.1797002697616305e-05
45,0.001,7.70909090909091,3.9116810316975415e-05,3.9116810316975164e-05,1.0000000000000064,1.0,1.84158119511556e-05
45,0.001,7.828282828282829,3.748965939969333e-05,3.748965939969333e-05,1.0,1.0,1.555911766976171e-05
45,0.001,7.947474747474748,3.594563126546142e-05,3.594563126546142e-05,1.0,1.0,1.3145559006769724e-05
45,0.001,8.066666666666666,3.447776555126647e-05,3.4477765551266255e-05,1.0000000000000062,1.0,1.1106395958191321e-05
45,0.001,8.185858585858586,3.3080073253410284e-05,3.308007325340993e-05,1.0000000000000107,1.0,9.383551594618703e-06
45,0.001,8.305050505050504,3.174736723697393e-05,3.1747367236973733e-05,1.0000000000000062,1.0,7.92795798568041e-06
45,0.001,8.424242424242424,3.047512409743259e-05,3.047512409743259e-05,1.0,1.0,6.698158707707041e-06
45,0.001,8.543434343434344,2.9259371500417382e-05,2.9259371500417328e-05,1.0000000000000018,1.0,5.65912813295279e-06
45,0.001,8.662626262626262,2.809659622909391e-05,2.8096596229093742e-05,1.000000000000006,1.0,4.78127387282243e-06
45,0.001,8.781818181818181,2.698366906469149e-05,2.6983669064691314e-05,1.0000000000000064,1.0,4.039593963921494e-06
45,0.001,8.901010101010101,2.591778335335985e-05,2.591778335335985e-05,1.0,1.0,3.412964792940858e-06
45,0.001,9.020202020202019,2.4896404703411303e-05,2.4896404703411303e-05,1.0,1.0,2.883539479929832e-06
45,0.001,9.139393939393939,2.3917229736836256e-05,2.3917229736836256e-05,1.0,1.0,2.436239585451259e-06
45,0.001,9.258585858585858,2.2978152208632656e-05,2.2978152208632656e-05,1.0,1.0,2.0583256650483453e-06
45,0.001,9.377777777777778,2.2077235123916094e-05,2.2077235123916094e-05,1.0,1.0,1.7390344400844104e-06
45,0.001,9.496969696969696,2.121268773974396e-05,2.121268773974389e-05,1.0000000000000033,1.0,1.4692722513027e-06
45,0.001,9.616161616161616,2.038284654726837e-05,2.0382846547268353e-05,1.0000000000000009,1.0,1.2413560644280934e-06
45,0.001,9.735353535353536,1.9586159499307298e-05,1.9586159499307298e-05,1.0,1.0,1.0487946514515196e-06
45,0.001,9.854545454545454,1.88211728860581e-05,1.8821172886058048e-05,1.0000000000000027,1.0,8.861037154719077e-07
45,0.001,9.973737373737373,1.8086520373460586e-05,1.8086520373460586e-05,1.0,1.0,7.486496937092852e-07
45,0.001,10.092929292929293,1.7380913809504116e-05,1.7380913809504025e-05,1.0000000000000053,1.0,6.325177900789161e-07
45,0.001,10.212121212121211,1.6703135477512173e-05,1.6703135477512173e-05,1.0,1.0,5.344004787927884e-07
45,0.001,10.33131313131313,1.6052031535333404e-05,1.6052031535333404e-05,1.0,1.0,4.5150330348547127e-07
45,0.001,10.45050505050505,1.5426506428020627e-05,1.5426506428020627e-05,1.0,1.0,3.814652889510932e-07
45,0.001,10.569696969696968,1.4825518101102212e-05,1.4825518101102162e-05,1.0000000000000033,1.0,3.2229169875658293e-07
45,0.001,10.688888888888888,1.4248073873659587e-05,1.4248073873659587e-05,1.0,1.0,2.7229722361638207e-07
45,0.001,10.808080808080808,1.3693226856512983e-05,1.3693226856512983e-05,1.0,1.0,2.3005798248992494e-07
45,0.001,10.927272727272728,1.3160072822015802e-05,1.3160072822015732e-05,1.0000000000000053,1.0,1.9437096935626013e-07
45,0.001,11.046464646464646,1.264774744918608e-05,1.264774744918608e-05,1.0,1.0,1.6421979067884278e-07
45,0.001,11.165656565656565,1.2155423881906015e-05,1.2155423881906015e-05,1.0,1.0,1.3874571773716515e-07
45,0.001,11.284848484848485,1.1682310549303935e-05,1.1682310549303935e-05,1.0,1.0,1.1722322937342078e-07
45,0.001,11.404040404040403,1.1227649206688932e-05,1.1227649206688868e-05,1.0000000000000058,1.0,9.903934859283089e-08
45,0.001,11.523232323232323,1.0790713162936671e-05,1.0790713162936654e-05,1.0000000000000016,1.0,8.367618450815623e-08
45,0.001,11.642424242424243,1.037080566634904e-05,1.037080566634904e-05,1.0,1.0,7.069618240956235e-08
45,0.001,11.76161616161616,9.967258425994642e-06,9.967258425994626e-06,1.0000000000000016,1.0,5.972966187050442e-08
45,0.001,11.88080808080808,9.57943024959514e-06,9.57943024959514e-06,1.0,1.0,5.046428796531781e-08
45,0.001,12.0,9.206705782327819e-06,9.206705782327748e-06,1.0000000000000078,1.0,4.263617573070658e-08
45,0.01,0.2,0.35722593221553434,0.3571850607661597,1.0001144265364486,1.0637602277651277,0.7536383164437648
45,0.01,0.3191919191919192,0.2907689200091585,0.2906349926221443,1.000460809573568,1.1042009467506533,0.636732568571533
45,0.01,0.43838383838383843,0.23677794380358638,0.23649905597900112,1.0011792344093333,1.146676039857509,0.5379614531713561
45,0.01,0.5575757575757576,0.19291058524049612,0.19245073518469796,1.0023894429676086,1.1913926402812511,0.45451189303461015
45,0.01,0.6767676767676768,0.15726473306290165,0.1566078933227148,1.004194167524068,1.2385956710690371,0.3840071806113271
45,0.01,0.795959595959596,0.12829581195717482,0.12744516107944748,1.0066746424149997,1.2885760545167284,0.32443928755420154
45,0.01,0.9151515151515153,0.10474957137448891,0.10372417021437161,1.009885845873706,1.3416807627399983,0.27411167452938234
45,0.01,1.0343434343434343,0.08560750923395369,0.08443792273728648,1.013851436164603,1.398325124483569,0.23159097247354632
45,0.01,1.1535353535353536,0.0700425552949078,0.06876636431080932,1.0185583605718977,1.4590078968787037,0.19566615914235258
45,0.01,1.2727272727272727,0.057383085498837874,0.056040842787029775,1.023951151429128,1.5243297256359891,0.16531406826703327
45,0.01,1.391919191919192,0.04708370115500263,0.04571561547664783,1.0299260037099058,1.5950157578365702,0.13967024899341385
45,0.01,1.511111111111111,0.03870150125771975,0.03734495041179531,1.036324880096667,1.6719433439044575,0.1180043456578126
45,0.01,1.6303030303030304,0.03187681529067167,0.030564669902610926,1.0429301344408977,1.7371119192461462,0.09969929669693044
45,0.01,1.7494949494949494,0.02631755799902479,0.025077226069590272,1.0494604916027215,1.6234294927418138,0.08423376026071362
45,0.01,1.8686868686868687,0.021786525242207984,0.02063959042705721,1.0555696499503797,1.521285692987965,0.07116726599614845
45,0.01,1.9878787878787878,0.018091078039210503,0.017053392542998414,1.060849211885299,1.4299545265333873,0.06012767011338976
45,0.01,2.107070707070707,0.015074765854906977,0.014156863726876414,1.0648379574557854,1.34878685139494,0.050800556444872906
45,0.01,2.2262626262626264,0.012610524573654969,0.011818236609246654,1.0670394400285086,1.2772057632402751,0.04292028163143521
45,0.01,2.3454545454545457,0.010595153138329655,0.009870603288442983,1.0734048192104946,1.214702495004174,0.036262409395471006
45,0.01,2.464646464646465,0.008944828481656788,0.00830296407072998,1.0773054544689094,1.1608328007947848,0.030637318423410647
45,0.01,2.5838383838383843,0.007591463564077866,0.007071018198870366,1.073602605815757,1.115213798388134,0.02588480180510813
45,0.01,2.703030303030303,0.006479750025041963,0.00610231990282698,1.0618502681316548,1.0775212478687515,0.021869504218024187
45,0.01,2.8222222222222224,0.005564756749475892,0.005340060576304996,1.0420774577292102,1.0474872470741703,0.018477066903706957
45,0.01,2.9414141414141417,0.004809979844947728,0.004714293207968719,1.0202971331560937,1.0248983274635382,0.015610870642540206
45,0.01,3.060606060606061,0.004185759170649967,0.004150773843816415,1.0084286275643928,1.0095939368765998,0.01318928396417894
45,0.01,3.1797979797979803,0.0036679925117893085,0.003662897382559735,1.001391010639237,1.0014652983991625,0.011143338220592767
45,0.01,3.298989898989899,0.0032370914465503354,0.003237091446550328,1.0000000000000022,1.0,0.009414763306011941
45,0.01,3.4181818181818184,0.002877133471255722,0.0028771334712557168,1.0000000000000018,1.0,0.00795432807957199
45,0.01,3.5373737373737377,0.0025751734904523368,0.0025751734904523333,1.0000000000000013,1.0,0.006720438224619475
45,0.01,3.656565656565657,0.00232068471412919,0.0023206847141291854,1.000000000000002,1.0,0.005677951610635194
45,0.01,3.775757575757576,0.002105104635960477,0.0021051046359604714,1.0000000000000027,1.0,0.0047971774183729315
45,0.01,3.894949494949495,0.0019214663394620688,0.001921466339462065,1.000000000000002,1.0,0.004053030522529008
45,0.01,4.014141414141414,0.001764099092275192,0.0017640990922751865,1.000000000000003,1.0,0.003424317048111879
45,0.01,4.133333333333334,0.0016283852040544669,0.0016283852040544623,1.0000000000000029,1.0,0.0028931307526085183
45,0.01,4.252525252525253,0.001510562571867062,0.0015105625718670591,1.0000000000000018,1.0,0.0024443430424482314
45,0.01,4.371717171717172,0.0014075643251633195,0.0014075643251633169,1.0000000000000018,1.0,0.002065172099041161
45,0.01,4.490909090909091,0.0013168885967838608,0.0013168885967838574,1.0000000000000027,1.0,0.0017448188427702704
45,0.01,4.61010101010101,0.0012364927573840707,0.0012364927573840676,1.0000000000000024,1.0,0.00147415936691168
45,0.01,4.72929292929293,0.0011647075151366558,0.0011647075151366526,1.0000000000000029,1.0,0.001245485081765343
45,0.01,4.848484848484849,0.0011001671469436489,0.0011001671469436454,1.000000000000003,1.0,0.0010522831681012974
45,0.01,4.967676767676768,0.0010417528292690945,0.0010417528292690915,1.0000000000000029,1.0,0.0008890510870670748
45,0.01,5.086868686868687,0.000988546606639081,0.0009885466066390774,1.0000000000000038,1.0,0.0007511398636560339
45,0.01,5.206060606060606,0.0009397939986507347,0.0009397939986507313,1.0000000000000036,1.0,0.0006346216803294209
45,0.01,5.325252525252526,0.0008948736221275421,0.0008948736221275395,1.0000000000000029,1.0,0.0005361780097568677
45,0.01,5.444444444444445,0.0008532725102096239,0.0008532725102096206,1.0000000000000038,1.0,0.00045300510060987317
45,0.01,5.563636363636364,0.0008145660579547565,0.0008145660579547544,1.0000000000000027,1.0,0.0003827341245710843
45,0.01,5.682828282828283,0.0007784017252327729,0.0007784017252327706,1.0000000000000029,1.0,0.00032336371028490344
45,0.01,5.802020202020202,0.0007444857910789874,0.0007444857910789858,1.0000000000000022,1.0,0.00027320294276451023
45,0.01,5.921212121212122,0.0007125725863419488,0.0007125725863419463,1.0000000000000036,1.0,0.00023082320483466064
45,0.01,6.040404040404041,0.0006824557391908136,0.0006824557391908112,1.0000000000000036,1.0,0.0001950174890175631
45,0.01,6.15959595959596,0.0006539610555263384,0.0006539610555263367,1.0000000000000027,1.0,0.00016476602103310012
45,0.01,6.278787878787879,0.0006269407273738693,0.0006269407273738675,1.0000000000000029,1.0,0.0001392072158442935
45,0.01,6.397979797979798,0.0006012686200180883,0.0006012686200180862,1.0000000000000033,1.0,0.00011761313905387513
45,0.01,6.517171717171718,0.0005768364354778629,0.0005768364354778608,1.0000000000000038,1.0,9.93687747737052e-05
45,0.01,6.636363636363637,0.000553550587953606,0.0005535505879536044,1.0000000000000029,1.0,8.395450950003376e-05
45,0.01,6.7555555555555555,0.0005313296577642307,0.0005313296577642288,1.0000000000000036,1.0,7.093133312192538e-05
45,0.01,6.874747474747475,0.0005101023153700746,0.0005101023153700725,1.000000000000004,1.0,5.992833557620292e-05
45,0.01,6.993939393939394,0.0004898056274433619,0.0004898056274433605,1.0000000000000029,1.0,5.0632143044043054e-05
45,0.01,7.113131313131314,0.0004703836734850678,0.0004703836734850659,1.000000000000004,1.0,4.277799282398941e-05
45,0.01,7.232323232323233,0.0004517864149160349,0.00045178641491603325,1.0000000000000036,1.0,3.6142192686915835e-05
45,0.01,7.351515151515152,0.0004339687694751409,0.0004339687694751392,1.0000000000000038,1.0,3.05357499495773e-05
45,0.01,7.470707070707071,0.00041688985261275263,0.00041688985261275106,1.0000000000000038,1.0,2.579898881787176e-05
45,0.01,7.58989898989899,0.0004005123547588321,0.0004005123547588307,1.0000000000000036,1.0,2.1797002697616305e-05
45,0.01,7.70909090909091,0.00038480202918479044,0.000384802029184789,1.0000000000000038,1.0,1.84158119511556e-05
45,0.01,7.828282828282829,0.00036972726992051924,0.0003697272699205178,1.000000000000004,1.0,1.555911766976171e-05
45,0.01,7.947474747474748,0.00035525876303924556,0.00035525876303924437,1.0000000000000033,1.0,1.3145559006769724e-05
45,0.01,8.066666666666666,0.0003413691977504838,0.0003413691977504827,1.000000000000003,1.0,1.1106395958191321e-05
45,0.01,8.185858585858586,0.0003280330262813797,0.0003280330262813786,1.0000000000000036,1.0,9.383551594618703e-06
45,0.01,8.305050505050504,0.0003152262635896284,0.0003152262635896275,1.0000000000000029,1.0,7.92795798568041e-06
45,0.01,8.424242424242424,0.0003029263196265672,0.000302926319626566,1.000000000000004,1.0,6.698158707707041e-06
45,0.01,8.543434343434344,0.00029111185822983966,0.00029111185822983896,1.0000000000000024,1.0,5.65912813295279e-06
45,0.01,8.662626262626262,0.00027976267783030363,0.0002797626778303028,1.0000000000000029,1.0,4.78127387282243e-06
45,0.01,8.781818181818181,0.00026885961005566986,0.0002688596100556693,1.000000000000002,1.0,4.039593963921494e-06
45,0.01,8.901010101010101,0.000258384433042676,0.0002583844330426753,1.0000000000000027,1.0,3.412964792940858e-06
45,0.01,9.020202020202019,0.0002483197968620837,0.00024831979686208304,1.0000000000000027,1.0,2.883539479929832e-06
45,0.01,9.139393939393939,0.0002386491589421722,0.00023864915894217145,1.000000000000003,1.0,2.436239585451259e-06
45,0.01,9.258585858585858,0.00022935672776753756,0.00022935672776753705,1.0000000000000022,1.0,2.0583256650483453e-06
45,0.01,9.377777777777778,0.00022042741344785875,0.0002204274134478582,1.0000000000000024,1.0,1.7390344400844104e-06
45,0.01,9.496969696969696,0.00021184678400963807,0.00021184678400963788,1.0000000000000009,1.0,1.4692722513027e-06
45,0.01,9.616161616161616,0.00020360102647391828,0.0002036010264739178,1.0000000000000024,1.0,1.2413560644280934e-06
45,0.01,9.735353535353536,0.00019567691195372867,0.00019567691195372845,1.000000000000001,1.0,1.0487946514515196e-06
45,0.01,9.854545454545454,0.00018806176414385879,0.0001880617641438584,1.000000000000002,1.0,8.861037154719077e-07
45,0.01,9.973737373737373,0.0001807434306885188,0.00018074343068851827,1.000000000000003,1.0,7.486496937092852e-07
45,0.01,10.092929292929293,0.00017371025700435908,0.00017371025700435854,1.000000000000003,1.0,6.325177900789161e-07
45,0.01,10.212121212121211,0.00016695106221113767,0.00016695106221113705,1.0000000000000038,1.0,5.344004787927884e-07
45,0.01,10.33131313131313,0.00016045511688326595,0.0001604551168832654,1.0000000000000033,1.0,4.5150330348547127e-07
45,0.01,10.45050505050505,0.00015421212238511296,0.00015421212238511244,1.0000000000000033,1.0,3.814652889510932e-07
45,0.01,10.569696969696968,0.0001482121915934308,0.00014821219159343052,1.0000000000000018,1.0,3.2229169875658293e-07
45,0.01,10.688888888888888,0.00014244583084329918,0.00014244583084329875,1.000000000000003,1.0,2.7229722361638207e-07
45,0.01,10.808080808080808,0.00013690392296096288,0.00013690392296096255,1.0000000000000024,1.0,2.3005798248992494e-07
45,0.01,10.927272727272728,0.0001315777112689842,0.000131577711268984,1.0000000000000016,1.0,1.9437096935626013e-07
45,0.01,11.046464646464646,0.00012645878446718476,0.0001264587844671845,1.0000000000000022,1.0,1.6421979067884278e-07
45,0.01,11.165656565656565,0.00012153906230763808,0.00012153906230763808,1.0,1.0,1.3874571773716515e-07
45,0.01,11.284848484848485,0.00011681078199411749,0.00011681078199411717,1.0000000000000029,1.0,1.1722322937342078e-07
45,0.01,11.404040404040403,0.00011226648524638536,0.00011226648524638497,1.0000000000000036,1.0,9.903934859283089e-08
45,0.01,11.523232323232323,0.00010789900597793984,0.00010789900597793941,1.000000000000004,1.0,8.367618450815623e-08
45,0.01,11.642424242424243,0.00010370145854263026,0.0001037014585426299,1.0000000000000036,1.0,7.069618240956235e-08
45,0.01,11.76161616161616,9.96672265111829e-05,9.966722651118259e-05,1.000000000000003,1.0,5.972966187050442e-08
45,0.01,11.88080808080808,9.578995194335902e-05,9.578995194335868e-05,1.0000000000000036,1.0,5.046428796531781e-08
45,0.01,12.0,9.20635251253682e-05,9.206352512536789e-05,1.0000000000000033,1.0,4.263617573070658e-08
45,0.1,0.2,0.39932745227691757,0.39929152794822503,1.0000899701751178,1.091839058883354,0.7536383164437648
45,0.1,0.3191919191919192,0.33123263572804573,0.3311179498631463,1.0003463595523796,1.1549466961713515,0.636732568571533
45,0.1,0.43838383838383843,0.27566756791672414,0.27543628057222025,1.0008397127060509,1.2257837407344134,0.5379614531713561
45,0.1,0.5575757575757576,0.23028735197561828,0.22992084537942573,1.0015940555350156,1.3004936731215575,0.45451189303461015
45,0.1,0.6767676767676768,0.1931874945559805,0.1926894334219296,1.002584786955911,1.2349578538564872,0.3840071806113271
45,0.1,0.795959595959596,0.16282113091891434,0.16221574720413628,1.0037319663794184,1.1781995748492082,0.32443928755420154
45,0.1,0.9151515151515153,0.13793181015197017,0.1372597130304602,1.0048965359658069,1.1298154230784645,0.27411167452938234
45,0.1,1.0343434343434343,0.11749891540766522,0.11681194150219673,1.0058810246335608,1.0894615051565741,0.23159097247354632
45,0.1,1.1535353535353536,0.10069334394593951,0.10004940415284838,1.006436218171848,1.0568510030856488,0.19566615914235258
45,0.1,1.2727272727272727,0.08684151827577297,0.08630000378347188,1.006274791060957,1.0317521356807189,0.16531406826703327
45,0.1,1.391919191919192,0.0753961622650039,0.07501419784446414,1.0050918950214163,1.0139865111704514,0.13967024899341385
45,0.1,1.511111111111111,0.06591257050146293,0.06574221531235411,1.0025912602473073,1.0034278592664663,0.1180043456578126
45,0.1,1.6303030303030304,0.058029338256124066,0.058029338256124025,1.0000000000000007,1.0,0.09969929669693044
45,0.1,1.7494949494949494,0.05145271352459391,0.05145271352459385,1.000000000000001,1.0,0.08423376026071362
45,0.1,1.8686868686868687,0.04594389025548515,0.04594389025548512,1.0000000000000007,1.0,0.07116726599614845
45,0.1,1.9878787878787878,0.04130868987340242,0.04130868987340237,1.0000000000000013,1.0,0.06012767011338976
45,0.1,2.107070707070707,0.03738918214107628,0.03738918214107627,1.0000000000000004,1.0,0.050800556444872906
45,0.1,2.2262626262626264,0.03405688080307413,0.03405688080307411,1.0000000000000007,1.0,0.04292028163143521
45,0.1,2.3454545454545457,0.03120721798558382,0.031207217985583777,1.0000000000000013,1.0,0.036262409395471006
45,0.1,2.464646464646465,0.02875505697560535,0.028755056975605306,1.0000000000000016,1.0,0.030637318423410647
45,0.1,2.5838383838383843,0.02663104819039594,0.026631048190395898,1.0000000000000016,1.0,0.02588480180510813
45,0.1,2.703030303030303,0.024778669840805945,0.024778669840805925,1.0000000000000009,1.0,0.021869504218024187
45,0.1,2.8222222222222224,0.02315182458712724,0.023151824587127223,1.0000000000000007,1.0,0.018477066903706957
45,0.1,2.9414141414141417,0.021712887679960657,0.021712887679960644,1.0000000000000007,1.0,0.015610870642540206
45,0.1,3.060606060606061,0.020431121724337392,0.020431121724337385,1.0000000000000004,1.0,0.01318928396417894
45,0.1,3.1797979797979803,0.019281389157902395,0.019281389157902378,1.0000000000000009,1.0,0.011143338220592767
45,0.1,3.298989898989899,0.018243106487656445,0.018243106487656424,1.000000000000001,1.0,0.009414763306011941
45,0.1,3.4181818181818184,0.01729939484831238,0.017299394848312354,1.0000000000000016,1.0,0.00795432807957199
45,0.1,3.5373737373737377,0.016436389986528046,0.016436389986528042,1.0000000000000002,1.0,0.006720438224619475
45,0.1,3.656565656565657,0.015642681710850696,0.015642681710850682,1.0000000000000009,1.0,0.005677951610635194
45,0.1,3.775757575757576,0.014908858478987349,0.014908858478987338,1.0000000000000007,1.0,0.0047971774183729315
45,0.1,3.894949494949495,0.014227137367099251,0.014227137367099237,1.0000000000000009,1.0,0.004053030522529008
45,0.1,4.014141414141414,0.013591063379229218,0.013591063379229195,1.0000000000000016,1.0,0.003424317048111879
45,0.1,4.133333333333334,0.01299526507031591,0.012995265070315908,1.0000000000000002,1.0,0.0028931307526085183
45,0.1,4.252525252525253,0.01243525590475749,0.012435255904757475,1.0000000000000013,1.0,0.0024443430424482314
45,0.1,4.371717171717172,0.011907272760716117,0.011907272760716103,1.000000000000001,1.0,0.002065172099041161
45,0.1,4.490909090909091,0.011408144604832424,0.011408144604832403,1.0000000000000018,1.0,0.0017448188427702704
45,0.1,4.61010101010101,0.010935185673004524,0.01093518567300452,1.0000000000000002,1.0,0.00147415936691168
45,0.1,4.72929292929293,0.010486108557433317,0.010486108557433307,1.0000000000000009,1.0,0.001245485081765343
45,0.1,4.848484848484849,0.010058953464570947,0.010058953464570938,1.0000000000000009,1.0,0.0010522831681012974
45,0.1,4.967676767676768,0.00965203061055112,0.00965203061055111,1.000000000000001,1.0,0.0008890510870670748
45,0.1,5.086868686868687,0.009263873290675207,0.009263873290675207,1.0,1.0,0.0007511398636560339
45,0.1,5.206060606060606,0.008893199622380088,0.008893199622380084,1.0000000000000004,1.0,0.0006346216803294209
45,0.1,5.325252525252526,0.008538881336964671,0.008538881336964656,1.0000000000000018,1.0,0.0005361780097568677
45,0.1,5.444444444444445,0.008199918300556136,0.00819991830055612,1.000000000000002,1.0,0.00045300510060987317
45,0.1,5.563636363636364,0.007875417692635,0.007875417692634992,1.000000000000001,1.0,0.0003827341245710843
45,0.1,5.682828282828283,0.007564576971693808,0.0075645769716937965,1.0000000000000016,1.0,0.00032336371028490344
45,0.1,5.802020202020202,0.007266669921034297,0.0072666699210342895,1.000000000000001,1.0,0.00027320294276451023
45,0.1,5.921212121212122,0.006981035200422652,0.006981035200422639,1.0000000000000018,1.0,0.00023082320483466064
45,0.1,6.040404040404041,0.006707066937095882,0.00670706693709587,1.0000000000000018,1.0,0.0001950174890175631
45,0.1,6.15959595959596,0.006444206977132762,0.006444206977132754,1.000000000000001,1.0,0.00016476602103310012
45,0.1,6.278787878787879,0.006191938489277265,0.006191938489277256,1.0000000000000013,1.0,0.0001392072158442935
45,0.1,6.397979797979798,0.005949780671022274,0.005949780671022265,1.0000000000000016,1.0,0.00011761313905387513
45,0.1,6.517171717171718,0.005717284353637076,0.005717284353637069,1.000000000000001,1.0,9.93687747737052e-05
45,0.1,6.636363636363637,0.005494028340891687,0.0054940283408916775,1.0000000000000018,1.0,8.395450950003376e-05
45,0.1,6.7555555555555555,0.005279616347149985,0.005279616347149975,1.0000000000000018,1.0,7.093133312192538e-05
45,0.1,6.874747474747475,0.005073674425615844,0.005073674425615838,1.000000000000001,1.0,5.992833557620292e-05
45,0.1,6.993939393939394,0.004875848797913161,0.004875848797913154,1.0000000000000013,1.0,5.0632143044043054e-05
45,0.1,7.113131313131314,0.0046858040127483675,0.0046858040127483605,1.0000000000000016,1.0,4.277799282398941e-05
45,0.1,7.232323232323233,0.00450322137486226,0.004503221374862255,1.000000000000001,1.0,3.6142192686915835e-05
45,0.1,7.351515151515152,0.004327797596410833,0.004327797596410827,1.000000000000001,1.0,3.05357499495773e-05
45,0.1,7.470707070707071,0.004159243631797356,0.0041592436317973505,1.0000000000000013,1.0,2.579898881787176e-05
45,0.1,7.58989898989899,0.003997283664194873,0.003997283664194868,1.000000000000001,1.0,2.1797002697616305e-05
45,0.1,7.70909090909091,0.003841654217862941,0.003841654217862936,1.0000000000000013,1.0,1.84158119511556e-05
45,0.1,7.828282828282829,0.0036921033751287787,0.003692103375128774,1.0000000000000013,1.0,1.555911766976171e-05
45,0.1,7.947474747474748,0.0035483900807770866,0.0035483900807770836,1.0000000000000009,1.0,1.3145559006769724e-05
45,0.1,8.066666666666666,0.0034102835197426574,0.003410283519742654,1.000000000000001,1.0,1.1106395958191321e-05
45,0.1,8.185858585858586,0.003277562556561074,0.003277562556561069,1.0000000000000016,1.0,9.383551594618703e-06
45,0.1,8.305050505050504,0.0031500152271161735,0.0031500152271161683,1.0000000000000016,1.0,7.92795798568041e-06
45,0.1,8.424242424242424,0.003027438274917914,0.0030274382749179087,1.0000000000000018,1.0,6.698158707707041e-06
45,0.1,8.543434343434344,0.002909636725524063,0.0029096367255240577,1.0000000000000018,1.0,5.65912813295279e-06
45,0.1,8.662626262626262,0.002796423493842401,0.0027964234938423955,1.000000000000002,1.0,4.78127387282243e-06
45,0.1,8.781818181818181,0.0026876190199654542,0.002687619019965451,1.000000000000001,1.0,4.039593963921494e-06
45,0.1,8.901010101010101,0.0025830509299358375,0.002583050929935834,1.0000000000000013,1.0,3.412964792940858e-06
45,0.1,9.020202020202019,0.0024825537184488076,0.002482553718448803,1.000000000000002,1.0,2.883539479929832e-06
45,0.1,9.139393939393939,0.0023859684509955317,0.0023859684509955287,1.0000000000000013,1.0,2.436239585451259e-06
45,0.1,9.258585858585858,0.0022931424833565863,0.002293142483356583,1.0000000000000016,1.0,2.0583256650483453e-06
45,0.1,9.377777777777778,0.0022039291966872853,0.0022039291966872844,1.0000000000000004,1.0,1.7390344400844104e-06
45,0.1,9.496969696969696,0.002118187746708579,0.0021181877467085744,1.0000000000000022,1.0,1.4692722513027e-06
45,0.1,9.616161616161616,0.0020357828257404173,0.002035782825740415,1.000000000000001,1.0,1.2413560644280934e-06
45,0.1,9.735353535353536,0.0019565844364979428,0.00195658443649794,1.0000000000000013,1.0,1.0487946514515196e-06
45,0.1,9.854545454545454,0.0018804676767218656,0.0018804676767218648,1.0000000000000004,1.0,8.861037154719077e-07
45,0.1,9.973737373737373,0.001807312533839101,0.001807312533839099,1.000000000000001,1.0,7.486496937092852e-07
45,0.1,10.092929292929293,0.0017370036889529086,0.0017370036889529066,1.000000000000001,1.0,6.325177900789161e-07
45,0.1,10.212121212121211,0.0016694303295473928,0.0016694303295473924,1.0000000000000002,1.0,5.344004787927884e-07
45,0.1,10.33131313131313,0.0016044859703625916,0.0016044859703625899,1.000000000000001,1.0,4.5150330348547127e-07
45,0.1,10.45050505050505,0.0015420682819560362,0.001542068281956035,1.0000000000000007,1.0,3.814652889510932e-07
45,0.1,10.569696969696968,0.0014820789265167166,0.0014820789265167155,1.0000000000000007,1.0,3.2229169875658293e-07
45,0.1,10.688888888888888,0.0014244234005396951,0.001424423400539693,1.0000000000000016,1.0,2.7229722361638207e-07
45,0.1,10.808080808080808,0.0013690108840054616,0.0013690108840054606,1.0000000000000009,1.0,2.3005798248992494e-07
45,0.1,10.927272727272728,0.0013157540957386682,0.0013157540957386663,1.0000000000000016,1.0,1.9437096935626013e-07
45,0.1,11.046464646464646,0.0012645691546471717,0.0012645691546471689,1.0000000000000022,1.0,1.6421979067884278e-07
45,0.1,11.165656565656565,0.001215375446564959,0.001215375446564959,1.0,1.0,1.3874571773716515e-07
45,0.1,11.284848484848485,0.0011680954964422533,0.0011680954964422533,1.0,1.0,1.1722322937342078e-07
45,0.1,11.404040404040403,0.0011226548456433497,0.0011226548456433473,1.0000000000000022,1.0,9.903934859283089e-08
45,0.1,11.523232323232323,0.0010789819341279717,0.0010789819341279702,1.0000000000000013,1.0,8.367618450815623e-08
45,0.1,11.642424242424243,0.0010370079873054424,0.0010370079873054407,1.0000000000000018,1.0,7.069618240956235e-08
45,0.1,11.76161616161616,0.0009966669073630655,0.0009966669073630642,1.0000000000000013,1.0,5.972966187050442e-08
45,0.1,11.88080808080808,0.0009578951688809978,0.0009578951688809964,1.0000000000000016,1.0,5.046428796531781e-08
45,0.1,12.0,0.000920631718555772,0.000920631718555772,1.0,1.0,4.263617573070658e-08
65,0.0,0.2,0.3731887956222369,0.3731456482456136,1.0001156314614044,1.1224079666503382,0.8444689550937324
65,0.0,0.3191919191919192,0.31348520576337835,0.3133380699641264,1.000469575239513,1.2023711736288605,0.7635377836656164
65,0.0,0.43838383838383843,0.26333313160876676,0.26301361773813325,1.0012148187359318,1.2880311634709014,0.6903627937634395
65,0.0,0.5575757575757576,0.22120450001465733,0.2206539209551358,1.0024952153904099,1.3797937895210217,0.624200658053595
65,0.0,0.6767676767676768,0.1858157024442781,0.1849919875003701,1.0044527060606145,1.478093819151443,0.5643792872882587
65,0.0,0.795959595959596,0.15608848496559816,0.15496854204543048,1.007226904927836,1.5833969936711423,0.5102910030778176
65,0.0,0.9151515151515153,0.13111709515594816,0.12969632127262798,1.0109546197562045,1.696202234988126,0.46138636496269325
65,0.0,1.0343434343434343,0.11014068491934566,0.10843081344024436,1.0157692396178841,1.8170440094799503,0.4171685890786214
65,0.0,1.1535353535353536,0.09252012836369071,0.09054622852997399,1.0217999122190196,1.9464948602724177,0.37718850171898627
65,0.0,1.2727272727272727,0.07771854840654156,0.07551572341646076,1.0291704149867236,2.085168119924255,0.3410399765314083
65,0.0,1.391919191919192,0.06528495877866068,0.06289509619105563,1.037997598101216,2.2337208163703797,0.30835580899864135
65,0.0,1.511111111111111,0.054840523016931236,0.0523093148649948,1.0483892430720845,2.392856785891971,0.2788039862958702
65,0.0,1.6303030303030304,0.04606701177474895,0.0434413662012003,1.0604411371729856,2.5633300078624712,0.25208431463280867
65,0.0,1.7494949494949494,0.038697106758075056,0.03602300682827386,1.0742331128145122,2.7459481770694083,0.22792536982041767
65,0.0,1.8686868686868687,0.03250625585978804,0.02982707620259496,1.089823744003443,2.9415765305375214,0.20608174008543764
65,0.0,1.9878787878787878,0.027305831328113653,0.024661093439358992,1.1072433343338164,3.151141946984544,0.18633153312465275
65,0.0,2.107070707070707,0.022937382506785398,0.020361910674977737,1.1264847819498882,3.375637338332676,0.16847412207500537
65,0.0,2.2262626262626264,0.019267808034868234,0.016791236882760727,1.1474918833793692,3.6161263540825206,0.15232810750263995
65,0.0,2.3454545454545457,0.01618530040900304,0.013831879812926762,1.1701446678185317,3.8737484208386377,0.13772947470831978
65,0.0,2.464646464646465,0.013595939343780445,0.01138458140818013,1.194241479446174,4.149724140863746,0.12452992763072922
65,0.0,2.5838383838383843,0.011420830134047733,0.009365344774212721,1.2194778098821035,4.445361075239704,0.11259538242309068
65,0.0,2.703030303030303,0.009593699828503674,0.0077031694367457465,1.2454224079168892,4.762059939035631,0.10180460540052275
65,0.0,2.8222222222222224,0.008058877972893133,0.006291493786543836,1.2809164637703936,5.101321237835609,0.09204798152211516
65,0.0,2.9414141414141417,0.00676960039848481,0.004933491800467874,1.3721722204631628,5.464752377069549,0.08322640089769597
65,0.0,3.060606060606061,0.005686584374315033,0.0038686108849603266,1.4699292700701145,5.854075277830929,0.07525025200818597
65,0.0,3.1797979797979803,0.004776831709806933,0.003033581646535663,1.5746507812842467,6.271134535264795,0.06803851141245565
65,0.0,3.298989898989899,0.00401262333974699,0.0023787912198598915,1.6868329201178611,6.717906158180185,0.06151792069373104
65,0.0,3.4181818181818184,0.003370674757837146,0.001865335542936402,1.8070072007157738,7.196506931294798,0.05562224228479181
65,0.0,3.5373737373737377,0.0028314265659026153,0.0014627078907525058,1.9357430036464476,7.709204444469853,0.05029158661247401
65,0.0,3.656565656565657,0.0023784485226463425,0.0011469863327118247,2.073650273602621,8.258427836453253,0.04547180372646569
65,0.0,3.775757575757576,0.001997938934035255,0.0008994124224973649,2.221382409293005,8.846779304034406,0.04111393323242988
65,0.0,3.894949494949495,0.001678304132347821,0.0007052766738989737,2.3796393592172413,9.477046431140598,0.03717370694175639
65,0.0,4.014141414141414,0.0014098052311172754,0.0005530446036811963,2.549170937991758,10.152215396289654,0.03361109918575204
65,0.0,4.133333333333334,0.0011842613930201059,0.00043367141574386333,2.7307803789391527,10.875485120975192,0.03038992022626312
65,0.0,4.252525252525253,0.0009948005696407132,0.0003400646088605557,2.925328139773091,11.650282426018997,0.027477448632508106
65,0.0,4.371717171717172,0.0008356501184537779,0.000266662579089106,3.133735979409931,12.480278267700527,0.024844098889724556
65,0.0,4.490909090909091,0.000701960917376654,0.0002091041797166616,3.3569913252227597,13.369405130589756,0.022463120863127732
65,0.0,4.61010101010101,0.0005896596178745464,0.000163969605800472,3.5961519514298246,14.32187565948979,0.020310328064270505
65,0.0,4.72929292929293,0.000495324534948987,0.00012857720808255956,3.852350990783208,15.342202618766645,0.018363851959475968
65,0.0,4.848484848484849,0.0004160813925274252,0.00010082416407357287,4.126802303303051,16.435220273632453,0.01660391982455465
65,0.0,4.967676767676768,0.0003495157477418131,7.906153985399523e-05,4.420806227494075,17.606107294686105,0.015012653889206458
65,0.0,5.086868686868687,0.00029359942576972337,6.199631944901267e-05,4.735755741293431,18.86041129423142,0.013573889730773338
65,0.0,5.206060606060606,0.0002466287237964097,4.861458089890465e-05,5.073143061940222,20.20407511062566,0.012273012072546545
65,0.0,5.325252525252526,0.00020717250124716776,3.812125456769803e-05,5.434566716036544,21.643464965191683,0.011096806318633006
65,0.0,5.444444444444445,0.0001740285746620424,2.9892884458621015e-05,5.821739113297683,23.185400625100606,0.010033324317239353
65,0.0,5.563636363636364,0.00014618708861737065,2.3440585872366364e-05,6.236494659875702,24.837187715135073,0.00907176298876842
65,0.0,5.682828282828283,0.00012279974665036557,1.8380998555036387e-05,6.6807984496967645,26.606652331425106,0.00820235458580616
65,0.0,5.802020202020202,0.00010315396469016273,1.4413509530858079e-05,7.156755574991573,28.502178121154355,0.007416267470236128
65,0.0,5.921212121212122,8.665115948158712e-05,1.130239232510102e-05,7.666621100131794,30.5327460039201,0.006705516399554292
65,0.0,6.040404040404041,7.278851047612241e-05,8.862801387615811e-06,8.212810746027934,32.70797672294329,0.006062881411052985
65,0.0,6.15959595959596,6.114363949692324e-05,6.949789582323894e-06,8.797912335711008,35.03817642773578,0.00548183447988213
65,0.0,6.278787878787879,5.136174138576607e-05,5.449696222017102e-06,9.424698055326742,37.53438550419356,0.004956473205964546
65,0.0,6.397979797979798,4.314477351828324e-05,4.273393972646948e-06,10.096137588634097,40.20843088346912,0.004481460856142572
65,0.0,6.517171717171718,3.6242374805068935e-05,3.3509933951320195e-06,10.81541218723921,43.07298207746307,0.0040519721524914015
65,0.0,6.636363636363637,3.0444237491581134e-05,2.6276904975515468e-06,11.585929743228414,46.141611206425104,0.003663644256104926
65,0.0,6.7555555555555555,2.557369933479533e-05,2.0605105820122537e-06,12.411340935614396,49.42885730307661,0.0033125324484369343
65,0.0,6.874747474747475,2.1482360917969063e-05,1.615754923397778e-06,13.295556527096148,52.950295197921044,0.002995070059999114
65,0.0,6.993939393939394,1.804556409959756e-05,1.2669985756319881e-06,14.242765893084213,56.72260931212072,0.0027080322393629474
65,0.0,7.113131313131314,1.515859383035961e-05,9.935203460669158e-07,15.25745687078123,60.76367270756611,0.002448503194423194
65,0.0,7.232323232323233,1.2733487612002162e-05,7.790716556698277e-07,16.34443702236119,65.09263176867368,0.0022138465731526605
65,0.0,7.351515151515152,1.0696355386228215e-05,6.109111374224909e-07,17.508856412992323,69.72999691713107,0.002001678682969559
65,0.0,7.470707070707071,8.985128193838424e-06,4.790476140554255e-07,18.7562320116239,74.69773978939219,0.0018098442766740265
65,0.0,7.58989898989899,7.547667008489185e-06,3.7564647699897656e-07,20.09247383014788,80.01939733734473,0.0016363946589821098
65,0.0,7.70909090909091,6.340174123514625e-06,2.9456419683872163e-07,21.523912924780763,85.72018334537584,0.001479567891258677
65,0.0,7.828282828282829,5.325858688687809e-06,2.3098330843517464e-07,23.057331392335254,91.82710789219561,0.001337770893364656
65,0.0,7.947474747474748,4.473815737437143e-06,1.8112618352212964e-07,24.69999450350336,98.36910532342948,0.001209563260805303
65,0.0,8.066666666666666,3.7580845498308815e-06,1.4203058471863287e-07,26.459685125395822,105.3771713412999,0.0010936426327906007
65,0.0,8.185858585858586,3.1568576607869317e-06,1.1137366560286443e-07,28.3447405964318,112.88450986093183,0.0009888314625733972
65,0.0,8.305050505050504,2.651816412943031e-06,8.733395989597322e-08,30.364092228289085,120.92669032907065,0.0008940650556755163
65,0.0,8.424242424242424,2.227572809285634e-06,6.84831599088112e-08,32.52730762207468,129.54181625059135,0.0008083807544915462
65,0.0,8.543434343434344,1.8712006594610743e-06,5.37012543194214e-08,34.84463599920687,138.77070572126547,0.0007309081594052254
65,0.0,8.662626262626262,1.571841734363078e-06,4.2109983232653755e-08,37.327056761784924,148.65708482213842,0.0006608602870823561
65,0.0,8.781818181818181,1.3203749290025952e-06,3.3020656785908004e-08,39.986331512524075,159.24779479182268,0.0005975255761243197
65,0.0,8.901010101010101,1.109138353452003e-06,2.589323696826412e-08,42.83505978072233,170.5930139582669,0.0005402606588738879
65,0.0,9.020202020202019,9.316958843103016e-07,2.030425151872841e-08,45.88673871828843,182.74649548151817,0.000488483825947761
65,0.0,9.139393939393939,7.826410637943176e-07,1.592163352311148e-08,49.15582704866644,195.76582203387593,0.0004416691171071593
65,0.0,9.258585858585858,6.57432371498056e-07,1.248499181614467e-08,52.657813571644716,209.71267862411617,0.0003993409784402536
65,0.0,9.377777777777778,5.522548497495497e-07,9.790139964152221e-09,56.409290548623154,224.65314485840855,0.00036106943158293605
65,0.0,9.496969696969696,4.639038664569321e-07,7.67696462513886e-09,60.42803231603286,240.65800802264627,0.0003264657059058358
65,0.0,9.616161616161616,3.8968747383800795e-07,6.019912490672625e-09,64.73307949937771,257.803098469558,0.00029517828929839725
65,0.0,9.735353535353536,3.273443880217065e-07,4.720530595736699e-09,69.34482922689757,276.1696488996547,0.0002668893574330272
65,0.0,9.854545454545454,2.7497509045889854e-07,3.7016167826048497e-09,74.28513177028469,295.84467923826895,0.00024131154523701298
65,0.0,9.973737373737373,2.3098395188575975e-07,2.902632771332237e-09,79.57739407033009,316.9214089322188,0.00021818502777611623
65,0.0,10.092929292929293,1.9403061542673775e-07,2.2761073066247943e-09,85.2466906380011,339.4996986195259,0.00019727488089684188
65,0.0,10.212121212121211,1.6298915753895573e-07,1.7848156757676918e-09,91.31988235639527,363.6865232648256,0.00017836869481620502
65,0.0,10.33131313131313,1.369137824813479e-07,1.3995680200112799e-09,97.8257437464486,389.5964790021433,0.00016127441641732956
65,0.0,10.45050505050505,1.1501000506042605e-07,1.0974750329866822e-09,104.79509929937667,417.35232608644856,0.0001458183983324591
65,0.0,10.569696969696968,9.661044362572657e-08,8.60588003446532e-10,112.2609695217869,447.08557052644915,0.00013184363499553148
65,0.0,10.688888888888888,8.115448575674637e-08,6.748324011167484e-10,120.25872738541841,478.93708715440937,0.00011920816774576734
65,0.0,10.808080808080808,6.817120707939827e-08,5.291716451695691e-10,128.82626592275804,513.0577870850323,0.00010778364278097052
65,0.0,10.927272727272728,5.726502276894629e-08,4.149513710190441e-10,138.00417776259889,549.6093327258384,9.745400731191364e-05
65,0.0,11.046464646464646,4.8103634558041374e-08,3.2538523536235533e-10,147.83594745616602,588.7649037266757,8.81143306730704e-05
65,0.0,11.165656565656565,4.040790600974687e-08,2.551517088178409e-10,158.36815750505153,630.7100174974648,7.966973841427683e-05
65,0.0,11.284848484848485,3.3943357567345824e-08,2.0007789978597206e-10,169.65070906709744,675.6434081816795,7.20344485456004e-05
65,0.0,11.404040404040403,2.851302224536912e-08,1.568916240782258e-10,181.73705838593776,723.7779682501907,6.513090014537928e-05
65,0.0,11.523232323232323,2.3951444283373605e-08,1.2302698964870407e-10,194.68447006437748,775.3417571766055,5.888896547964823e-05
65,0.0,11.642424242424243,2.0119637908700603e-08,9.647194533773034e-11,208.55428838161697,830.5790819732514,5.324523762948841e-05
65,0.0,11.76161616161616,1.6900852607799634e-08,7.5648735808469e-11,223.41222793980327,889.7516547072662,4.8142386389865796e-05
65,0.0,11.88080808080808,1.4197015879050392e-08,5.932015996345156e-11,239.32868501699053,953.1398324811366,4.352857589704028e-05
65,0.0,12.0,1.1925745082055359e-08,4.651606322938099e-11,256.3790711016724,1021.0439457525521,3.9356938068679755e-05
65,0.0001,0.2,0.37323298774953434,0.37318984548291134,1.000115604074294,1.1224286366616665,0.8444689550937324
65,0.0001,0.3191919191919192,0.3135262626976218,0.3133791461776901,1.000469452169125,1.2024084064849108,0.7635377836656164
65,0.0001,0.43838383838383843,0.26337127577499175,0.2630518082426167,1.0012144662091826,1.2880889276633458,0.6903627937634395
65,0.0001,0.5575757575757576,0.22123993805804298,0.2206894474241809,1.0024944130328262,1.3798768515530875,0.624200658053595
65,0.0001,0.6767676767676768,0.18584862634964272,0.18502505800689711,1.004451117873531,1.478207895609432,0.5643792872882587
65,0.0001,0.795959595959596,0.15611907309747275,0.15499935123802666,1.0072240422330967,1.5835489317253513,0.5102910030778176
65,0.0001,0.9151515151515153,0.1311455132248624,0.12972505066250625,1.0109497938532446,1.6964002265999911,0.46138636496269325
65,0.0001,1.0343434343434343,0.11016708687956098,0.10845763177606248,1.0157615012932246,1.8172978455690112,0.4171685890786214
65,0.0001,1.1535353535353536,0.09254465724724417,0.09057129224091688,1.0217879745060743,1.9468162322540614,0.37718850171898627
65,0.0001,1.2727272727272727,0.07774133709811872,0.07553917710708609,1.029152554679154,2.085570977400587,0.3410399765314083
65,0.0001,1.391919191919192,0.06530613073549545,0.06291707317426029,1.037971530471836,2.2342217913814957,0.30835580899864135
65,0.0001,1.511111111111111,0.0548601929376327,0.05232993772194415,1.0483519630604778,2.3934756960602415,0.2788039862958702
65,0.0001,1.6303030303030304,0.04608528622067862,0.043460747359108556,1.0603887190407462,2.5640904530437365,0.25208431463280867
65,0.0001,1.7494949494949494,0.03871408473064062,0.03604124914853207,1.074160459064372,2.7468782468279787,0.22792536982041767
65,0.0001,1.8686868686868687,0.03252202933678135,0.02984427357295542,1.0897242734784633,2.9427096429645516,0.20608174008543764
65,0.0001,1.9878787878787878,0.027320485761998362,0.024677331364773125,1.107108599311445,3.1525178431740253,0.18633153312465275
65,0.0001,2.107070707070707,0.022950997287633803,0.020377266862330323,1.1263040054729474,3.3773032613253777,0.16847412207500537
65,0.0001,2.2262626262626264,0.019280456920455245,0.016805781815230257,1.1472514121885309,3.6181384464153847,0.15232810750263995
65,0.0001,2.3454545454545457,0.016197051924387296,0.013845677310102014,1.169827344782164,3.876173381148875,0.13772947470831978
65,0.0001,2.464646464646465,0.013606857152537306,0.011397689168434236,1.1938259546699461,4.15264118747529,0.12452992763072922
65,0.0001,2.5838383838383843,0.011430973383165297,0.00937781489621793,1.2189378346309017,4.448864273520246,0.11259538242309068
65,0.0001,2.703030303030303,0.009603123468810279,0.007715048917425973,1.2447261931314153,4.7662609598106345,0.10180460540052275
65,0.0001,2.8222222222222224,0.008067633056752259,0.006303577743394902,1.2798498543475239,5.106352626584211,0.09204798152211516
65,0.0001,2.9414141414141417,0.006777734356370128,0.004945334754099087,1.3705309535926162,5.4707714283644755,0.08322640089769597
65,0.0001,3.060606060606061,0.005694141271763956,0.003880253595673898,1.4674662702747998,5.861268626945529,0.07525025200818597
65,0.0001,3.1797979797979803,0.0047838524861446895,0.0030450561301867095,1.571022760047239,6.279723599558168,0.06803851141245565
65,0.0001,3.298989898989899,0.004019146029874512,0.002390122635067059,1.6815647745044462,6.72815358538255,0.06151792069373104
65,0.0001,3.4181818181818184,0.003376734698284313,0.0018765436709443778,1.7994437063033861,7.208724240856344,0.05562224228479181
65,0.0001,3.5373737373737377,0.002837056586263119,0.001473808295871395,1.9249834555895875,7.7237610825441765,0.05029158661247401
65,0.0001,3.656565656565657,0.00238367912343129,0.0011579912722800177,2.058460353278798,8.275761905853265,0.04547180372646569
65,0.0001,3.775757575757576,0.0020027984519090138,0.0009103315604325631,2.2000758173838797,8.867410278798934,0.04111393323242988
65,0.0001,3.894949494949495,0.0016828188936412734,0.0007161176402323369,2.3499196208814244,9.50159022257636,0.03717370694175639
65,0.0001,4.014141414141414,0.0014139996944501345,0.0005638134333187356,2.5079212570850022,9.193937772592163,0.03361109918575204
65,0.0001,4.133333333333334,0.0011881582818049493,0.0004443728925235462,2.6737865918362513,8.745034202725753,0.03038992022626312
65,0.0001,4.252525252525253,0.0009984209951865689,0.00035070253534678355,2.8469169582686504,8.318325036826279,0.027477448632508106
65,0.0001,4.371717171717172,0.0008390136943361755,0.00027723998813394677,3.026308361876034,7.912727311078535,0.024844098889724556
65,0.0001,4.490909090909091,0.0007050858656937371,0.0002196235003573208,3.2104299610314184,7.527211641312626,0.022463120863127732
65,0.0001,4.61010101010101,0.0005925628679648877,0.00017443279334939667,3.39708409517904,7.16079961048502,0.020310328064270505
65,0.0001,4.72929292929293,0.0004980218151059063,0.0001389858461390935,3.583255625954162,6.812561285511165,0.018363851959475968
65,0.0001,4.848484848484849,0.00041858731520667174,0.00011117954451781461,3.764966991204037,6.481612857147783,0.01660391982455465
65,0.0001,4.967676767676768,0.00035184388872422194,8.936472557533664e-05,3.937167450121122,6.167114396934778,0.015012653889206458
65,0.0001,5.086868686868687,0.00029576239770770887,7.224819353602422e-05,4.093699554719476,5.868267725504171,0.013573889730773338
65,0.0001,5.206060606060606,0.0002486382445427316,5.881588521284468e-05,4.22739951363398,5.584314386845817,0.012273012072546545
65,0.0001,5.325252525252526,0.00020903945733613994,4.8272619991156384e-05,4.330393862492574,5.314533723388829,0.011096806318633006
65,0.0001,5.444444444444445,0.00017576308028709257,3.999485461619171e-05,4.394642310211969,5.058241047013238,0.010033324317239353
65,0.0001,5.563636363636364,0.00014779854042446,3.3493635732388816e-05,4.41273505227552,4.814785901350173,0.00907176298876842
65,0.0001,5.682828282828283,0.000124296874644111,2.838554901730759e-05,4.378878652948483,4.583550410960225,0.00820235458580616
65,0.0001,5.802020202020202,0.00010454487952844429,2.436993886672767e-05,4.28991143967044,4.363947713200394,0.007416267470236128
65,0.0001,5.921212121212122,8.794339641485817e-05,2.1211045149348846e-05,4.1461133006714626,4.1554204687998135,0.006705516399554292
65,0.0001,6.040404040404041,7.398907016946269e-05,1.872399569486472e-05,3.951564151969714,3.9574394473640733,0.006062881411052985
65,0.0001,6.15959595959596,6.225902595598754e-05,1.6763822265747545e-05,3.713892033035775,3.769502184218269,0.00548183447988213
65,0.0001,6.278787878787879,5.2397997192091386e-05,1.5216847401930086e-05,3.4434200336033656,3.5911317051800444,0.004956473205964546
65,0.0001,6.397979797979798,4.410751256484093e-05,1.3993930391855792e-05,3.1519030986827463,3.4218753160259197,0.004481460856142572
65,0.0001,6.517171717171718,3.7136812709406085e-05,1.3025171082479148e-05,2.851157383979454,3.2613034535789325,0.0040519721524914015
65,0.0001,6.636363636363637,3.1275219851313534e-05,1.225575685760563e-05,2.551879921794049,3.1090085955014546,0.003663644256104926
65,0.0001,6.7555555555555555,2.6345727978525676e-05,1.1642706034764678e-05,2.26285263063916,2.964604226026493,0.0033125324484369343
65,0.0001,6.874747474747475,2.2199618293844118e-05,1.115231419109014e-05,1.9905840091538978,2.8277238550024513,0.002995070059999114
65,0.0001,6.993939393939394,1.8711935933628705e-05,1.0758151692875413e-05,1.7393262772099307,2.6980200877617637,0.0027080322393629474
65,0.0001,7.113131313131314,1.5777690177257805e-05,1.0439493452974936e-05,1.5113463357517263,2.5751637434528285,0.002448503194423194
65,0.0001,7.232323232323233,1.3308662412569704e-05,1.0180087620835767e-05,1.307322972872122,2.458843019597542,0.0022138465731526605
65,0.0001,7.351515151515152,1.1230724637259044e-05,8.901126931632321e-06,1.2617194118812003,2.3487627007541936,0.002001678682969559
65,0.0001,7.470707070707071,9.481586828962022e-06,7.5533273375120786e-06,1.255286101778435,2.244643409277292,0.0018098442766740265
65,0.0001,7.58989898989899,8.008904581409649e-06,6.414888288864233e-06,1.2484869916304715,2.146220896272875,0.0016363946589821098
65,0.0001,7.70909090909091,6.76868937860853e-06,5.452860456010885e-06,1.241309847044987,2.053245370949688,0.001479567891258677
65,0.0001,7.828282828282829,5.723973097896745e-06,4.639512079356475e-06,1.233744626588124,1.9654808666642318,0.001337770893364656
65,0.0001,7.947474747474748,4.843686076790752e-06,3.951500508814058e-06,1.2257839942033717,1.8827046420507367,0.001209563260805303
65,0.0001,8.066666666666666,4.101714583733414e-06,3.36917539836795e-06,1.2174238793623835,1.804706615716105,0.0010936426327906007
65,0.0001,8.185858585858586,3.476108997366709e-06,2.8759926428233083e-06,1.2086640784846645,1.7312888330652032,0.0009888314625733972
65,0.0001,8.305050505050504,2.948418589273414e-06,2.4580214602728246e-06,1.199508888317907,1.6622649639032256,0.0008940650556755163
65,0.0001,8.424242424242424,2.5031326611139636e-06,2.1035298159650176e-06,1.1899677590096929,1.597459829540188,0.0008083807544915462
65,0.0001,8.543434343434344,2.1272110262058867e-06,1.8026357335626817e-06,1.180055951737805,1.5367089581972668,0.0007309081594052254
65,0.0001,8.662626262626262,1.8096895465387244e-06,1.5470140178326237e-06,1.1697951832874214,1.4798581675867035,0.0006608602870823561
65,0.0001,8.781818181818181,1.5413487218847062e-06,1.3296495773184383e-06,1.1592142382305048,1.4267631736058355,0.0005975255761243197
65,0.0001,8.901010101010101,1.3144352476889217e-06,1.1446299360338089e-06,1.1483495287948657,1.377289224152191,0.0005402606588738879
65,0.0001,9.020202020202019,1.1224280712977864e-06,9.869707014135977e-07,1.1372455835722162,1.3313107571302336,0.000488483825947761
65,0.0001,9.139393939393939,9.59841830947895e-07,8.524687468409165e-07,1.1259554493990334,1.2887110817818512,0.0004416691171071593
65,0.0001,9.258585858585858,8.220617000648005e-07,7.375787006627753e-07,1.1145409965419422,1.249382082531772,0.0003993409784402536
65,0.0001,9.377777777777778,7.052046154853125e-07,6.393090346558374e-07,1.1030731262306483,1.2132239445963526,0.00036106943158293605
65,0.0001,9.496969696969696,6.060026713435742e-07,5.551346344138426e-07,1.0916318921146801,1.180144900659252,0.0003264657059058358
65,0.0001,9.616161616161616,5.217051350163581e-07,4.829232297467294e-07,1.080306564026684,1.1500609979711822,0.00029517828929839725
65,0.0001,9.735353535353536,4.499961082589401e-07,4.2087347975619565e-07,1.069195684459887,1.1228958852825395,0.0002668893574330272
65,0.0001,9.854545454545454,3.889253327437516e-07,3.6746285720691556e-07,1.0584071971245537,1.098580619068257,0.00024131154523701298
65,0.0001,9.973737373737373,3.3685003914211216e-07,3.214037705143866e-07,1.0480587660904064,1.0770534885530014,0.00021818502777611623
65,0.0001,10.092929292929293,2.923860748469359e-07,2.8160660765309127e-07,1.0382784597409864,1.0582598590927226,0.00019727488089684188
65,0.0001,10.212121212121211,2.5436682765472544e-07,2.471485913507384e-07,1.029206058851225,1.0421520335149899,0.00017836869481620502
65,0.0001,10.33131313131313,2.2180869980478532e-07,2.172475039927267e-07,1.0209953887995478,1.0286891310662707,0.00016127441641732956
65,0.0001,10.45050505050505,1.9388208593338198e-07,1.9123947599818366e-07,1.0138183286761537,1.0178369836588708,0.0001458183983324591
65,0.0001,10.569696969696968,1.698869758064428e-07,1.6856013035286042e-07,1.0078716446813656,1.0095680491542613,0.00013184363499553148
65,0.0001,10.688888888888888,1.4923244324185987e-07,1.4872842345530364e-07,1.0033888598752456,1.0038613414626743,0.00011920816774576734
65,0.0001,10.808080808080808,1.3141940070181144e-07,1.3133246513649512e-07,1.000661950304717,1.0007023772816022,0.00010778364278097052
65,0.0001,10.927272727272728,1.1602609822237791e-07,1.1602609822237791e-07,1.0,1.0,9.745400731191364e-05
65,0.0001,11.046464646464646,1.0269592867251394e-07,1.0269592867251394e-07,1.0,1.0,8.81143306730704e-05
65,0.0001,11.165656565656565,9.112717133434065e-08,9.112717133434065e-08,1.0,1.0,7.966973841427683e-05
65,0.0001,11.284848484848485,8.106436460310944e-08,8.106436460310944e-08,1.0,1.0,7.20344485456004e-05
65,0.0001,11.404040404040403,7.229104800844776e-08,7.229104800844776e-08,1.0,1.0,6.513090014537928e-05
65,0.0001,11.523232323232323,6.462365526261246e-08,6.462365526261161e-08,1.000000000000013,1.0,5.888896547964823e-05
65,0.0001,11.642424242424243,5.79063749098665e-08,5.79063749098665e-08,1.0,1.0,5.324523762948841e-05
65,0.0001,11.76161616161616,5.200682444503566e-08,5.200682444503566e-08,1.0,1.0,4.8142386389865796e-05
65,0.0001,11.88080808080808,4.681240838036059e-08,4.681240838036059e-08,1.0,1.0,4.352857589704028e-05
65,0.0001,12.0,4.2227251416832704e-08,4.2227251416832704e-08,1.0,1.0,3.9356938068679755e-05
65,0.001,0.2,0.3736307168952111,0.3735876206185906,1.000115357881905,1.122614480919363,0.8444689550937324
65,0.001,0.3191919191919192,0.3138957751058127,0.3137488320997629,1.0004683459857566,1.2027431674284181,0.7635377836656164
65,0.001,0.43838383838383843,0.2637145732710169,0.2633955227829675,1.001211298068693,1.2886082860369712,0.6903627937634395
65,0.001,0.5575757575757576,0.22155888044851402,0.2210091856455868,1.0024872034224348,1.3806236630302047,0.624200658053595
65,0.001,0.6767676767676768,0.18614494149792427,0.18532269256563988,1.0044368496966076,1.4792335580688765,0.5643792872882587
65,0.001,0.795959595959596,0.15639436628434403,0.1552766339713919,1.0071983291005526,1.5849150081368175,0.5102910030778176
65,0.001,0.9151515151515153,0.13140127584509043,0.12998361517141088,1.010906456723873,1.6981803709624141,0.46138636496269325
65,0.001,1.0343434343434343,0.11040470452149885,0.10869899679842557,1.0156920282000061,1.8195800881280018,0.4171685890786214
65,0.001,1.1535353535353536,0.0927654171992253,0.09079686563940292,1.021680831667036,1.949705690630478,0.37718850171898627
65,0.001,1.2727272727272727,0.0779464353223131,0.07575026032271409,1.0289923096005582,2.0891930725923813,0.3410399765314083
65,0.001,1.391919191919192,0.06549667834700826,0.06311486602310216,1.037737738729165,2.238726062210707,0.30835580899864135
65,0.001,1.511111111111111,0.05503722222394592,0.05251554343448812,1.0480177605436671,2.399040322947787,0.2788039862958702
65,0.001,1.6303030303030304,0.04624975623404564,0.04363517778028278,1.0599190512509908,2.570927622505661,0.25208431463280867
65,0.001,1.7494949494949494,0.03886688648373071,0.03620543003085589,1.073509869945105,2.755240512389551,0.22792536982041767
65,0.001,1.8686868686868687,0.03266399062972113,0.029999049906199525,1.0888341708105522,2.9528974669838095,0.20608174008543764
65,0.001,1.9878787878787878,0.027452375666960727,0.0248234726935003,1.1059039162618358,3.164888538184342,0.18633153312465275
65,0.001,2.107070707070707,0.02307353031526944,0.0205154725485036,1.1246891954702951,3.392281589931087,0.16847412207500537
65,0.001,2.2262626262626264,0.019394296890738346,0.016936686207456076,1.1451057575950336,3.6362291866709064,0.15232810750263995
65,0.001,2.3454545454545457,0.0163028155628456,0.01396985478467925,1.1669996441713129,3.8979762211010556,0.13772947470831978
65,0.001,2.464646464646465,0.013705117431349055,0.011515659010721185,1.1901287992801335,4.178868379786881,0.12452992763072922
65,0.001,2.5838383838383843,0.011522262625223371,0.009490045994264786,1.2141419158755116,4.480361560757878,0.11259538242309068
65,0.001,2.703030303030303,0.009687936231569723,0.007821964243547965,1.2385554228991682,4.804032375370106,0.10180460540052275
65,0.001,2.8222222222222224,0.008146428811484384,0.006412333355054505,1.2704312705550442,4.849196980464733,0.09204798152211516
65,0.001,2.9414141414141417,0.006850939977337994,0.005051921336779998,1.3561058299662,4.616232671663957,0.08322640089769597
65,0.001,3.060606060606061,0.005762153348804267,0.003985037992096042,1.445946904454354,4.394984101229113,0.07525025200818597
65,0.001,3.1797979797979803,0.004847039473184491,0.0031483264830461273,1.5395606203124121,4.184889752757237,0.06803851141245565
65,0.001,3.298989898989899,0.004077850241022213,0.002492105371931568,1.6363073114607403,3.985416418632088,0.06151792069373104
65,0.001,3.4181818181818184,0.003431274162308813,0.001977416823016156,1.7352305909257344,3.7960578467732806,0.05562224228479181
65,0.001,3.5373737373737377,0.002887726769507652,0.001573711941941396,1.8349779858347093,3.616333455797022,0.05029158661247401
65,0.001,3.656565656565657,0.0024307545304958185,0.0012570357283937547,1.9337195241075975,3.4457871153276556,0.04547180372646569
65,0.001,3.775757575757576,0.0020465341127728445,0.0010086038018493463,2.0290763419891733,3.283985988364465,0.04111393323242988
65,0.001,3.894949494949495,0.0017234517452823445,0.0008136863372326053,2.1180787564209376,3.1305194327657637,0.03717370694175639
65,0.001,4.014141414141414,0.0014517498644458665,0.0006607329000565892,2.197181136767262,2.9849979590622806,0.03361109918575204
65,0.001,4.133333333333334,0.0012232302808685399,0.0005406861835406919,2.262366448608317,2.847052241954837,0.03038992022626312
65,0.001,4.252525252525253,0.0010310048250992707,0.00044644387372283414,2.3093716495689884,2.7163321829875557,0.027477448632508106
65,0.001,4.371717171717172,0.0008692858772777536,0.0003724366695375136,2.33405018457828,2.5925060220177043,0.024844098889724556
65,0.001,4.490909090909091,0.000733210400547485,0.0003142973861232535,2.33285554675263,2.475259495227147,0.022463120863127732
65,0.001,4.61010101010101,0.0006186921187779594,0.00026860148128971884,2.303383122860093,2.3642950375385006,0.020310328064270505
65,0.001,4.72929292929293,0.0005222973365181803,0.0002326635886478985,2.244860657198059,2.2593310274117138,0.018363851959475968
65,0.001,4.848484848484849,0.00044114061931989053,0.00020437796851599028,2.1584548595088724,2.160101072104495,0.01660391982455465
65,0.001,4.967676767676768,0.0003727971575659017,0.00018209339706740929,2.0472854236877995,2.0663533315825244,0.015012653889206458
65,0.001,5.086868686868687,0.00031522914514957843,0.00016451506031912823,1.9161111726676772,1.9778498793636552,0.013573889730773338
65,0.001,5.206060606060606,0.0002667239312596284,0.00015062762403830496,1.7707504381254786,1.8943660986738988,0.012273012072546545
65,0.001,5.325252525252526,0.0002258420621368895,0.0001396349088022816,1.6173753689106092,1.8156901123827223,0.011096806318633006
65,0.001,5.444444444444445,0.00019137363091254405,0.00013091258603432793,1.4618428732464426,1.741622245270818,0.010033324317239353
65,0.001,5.563636363636364,0.00016230160668826406,0.0001239710844725909,1.309189214394166,1.6719745172656655,0.00907176298876842
65,0.001,5.682828282828283,0.0001377710265878198,0.00011387395384005803,1.2098554756544808,1.6065701663586918,0.00820235458580616
65,0.001,5.802020202020202,0.00011706311307297834,9.76365685054853e-05,1.1989679160672433,1.545243199993251,0.007416267470236128
65,0.001,5.921212121212122,9.957352881429756e-05,8.383800523743042e-05,1.1876896227707698,1.4878379737848824,0.006705516399554292
65,0.001,6.040404040404041,8.479410740952519e-05,7.210081065258211e-05,1.1760492932334112,1.4342087965046317,0.006062881411052985
65,0.001,6.15959595959596,7.229750408756626e-05,6.21067156627257e-05,1.164085128574215,1.3842195603229088,0.00548183447988213
65,0.001,6.278787878787879,6.172429944901922e-05,5.358731437750155e-05,1.1518453605305876,1.337743395375509,0.004956473205964546
65,0.001,6.397979797979798,5.277216398386018e-05,4.631620971371833e-05,1.1393886570176244,1.2946623477750248,0.004481460856142572
65,0.001,6.517171717171718,4.518675384844042e-05,4.010239598652939e-05,1.1267843912273694,1.2548670802505468,0.0040519721524914015
65,0.001,6.636363636363637,3.875406108890511e-05,3.4784684407562996e-05,1.1141127697130717,1.2182565946558186,0.003663644256104926
65,0.001,6.7555555555555555,3.3293985772098804e-05,3.0227007611065153e-05,1.101464829085858,1.1847379756416399,0.0033125324484369343
65,0.001,6.874747474747475,2.8654934676719614e-05,2.6314464884252593e-05,1.088942328972368,1.154226154841947,0.002995070059999114
65,0.001,6.993939393939394,2.4709282439909016e-05,2.294999138831479e-05,1.0766575909257197,1.1266436949750873,0.0027080322393629474
65,0.001,7.113131313131314,2.134955729934157e-05,2.0051552915835494e-05,1.064733359503592,1.101920593312372,0.002448503194423194
65,0.001,7.232323232323233,1.848523561767758e-05,1.7549783144119667e-05,1.0533027938793278,1.0799941040150869,0.0022138465731526605
65,0.001,7.351515151515152,1.6040047896536515e-05,1.5385993339460643e-05,1.0425097387374016,1.060808578889098,0.002001678682969559
65,0.001,7.470707070707071,1.3949714545074407e-05,1.3510495402972003e-05,1.0325094771880672,1.0443153261528613,0.0018098442766740265
65,0.001,7.58989898989899,1.2160042737693832e-05,1.1881188317801776e-05,1.0234702466144943,1.0304724868604376,0.0016363946589821098
65,0.001,7.70909090909091,1.0625326674453676e-05,1.0462365687789714e-05,1.0155759215006361,1.0192449286658358,0.001479567891258677
65,0.001,7.828282828282829,9.307002780777178e-06,9.223708295171422e-06,1.0090304769990786,1.0106041566591035,0.001337770893364656
65,0.001,7.947474747474748,8.172519130973227e-06,8.139430466675402e-06,1.0040652309069162,1.0045282410478524,0.001209563260805303
65,0.001,8.066666666666666,7.194384888856202e-06,7.187552271038037e-06,1.0009506181743815,1.001001761500677,0.0010936426327906007
65,0.001,8.185858585858586,6.349371026584705e-06,6.349371026584681e-06,1.0000000000000038,1.0,0.0009888314625733972
65,0.001,8.305050505050504,5.617838176246863e-06,5.617838176246863e-06,1.0,1.0,0.0008940650556755163
65,0.001,8.424242424242424,4.983171327568931e-06,4.983171327568922e-06,1.0000000000000018,1.0,0.0008083807544915462
65,0.001,8.543434343434344,4.4313043269091984e-06,4.4313043269091815e-06,1.0000000000000038,1.0,0.0007309081594052254
65,0.001,8.662626262626262,3.950319856119541e-06,3.9503198561195385e-06,1.0000000000000007,1.0,0.0006608602870823561
65,0.001,8.781818181818181,3.5301128578237055e-06,3.5301128578236792e-06,1.0000000000000073,1.0,0.0005975255761243197
65,0.001,8.901010101010101,3.1621072958211888e-06,3.1621072958211888e-06,1.0,1.0,0.0005402606588738879
65,0.001,9.020202020202019,2.8390177541851496e-06,2.839017754185119e-06,1.0000000000000107,1.0,0.000488483825947761
65,0.001,9.139393939393939,2.5546487353300912e-06,2.554648735330069e-06,1.0000000000000087,1.0,0.0004416691171071593
65,0.001,9.258585858585858,2.3037256571655004e-06,2.303725657165477e-06,1.0000000000000102,1.0,0.0003993409784402536
65,0.001,9.377777777777778,2.081752507107177e-06,2.0817525071071623e-06,1.000000000000007,1.0,0.00036106943158293605
65,0.001,9.496969696969696,1.8848919153233535e-06,1.884891915323337e-06,1.0000000000000087,1.0,0.0003264657059058358
65,0.001,9.616161616161616,1.7098640856215096e-06,1.7098640856214945e-06,1.0000000000000089,1.0,0.00029517828929839725
65,0.001,9.735353535353536,1.5538615903940425e-06,1.5538615903940235e-06,1.0000000000000122,1.0,0.0002668893574330272
65,0.001,9.854545454545454,1.414477513307429e-06,1.4144775133074194e-06,1.0000000000000067,1.0,0.00024131154523701298
65,0.001,9.973737373737373,1.289644824449284e-06,1.2896448244492753e-06,1.0000000000000067,1.0,0.00021818502777611623
65,0.001,10.092929292929293,1.1775852096287193e-06,1.1775852096287085e-06,1.000000000000009,1.0,0.00019727488089684188
65,0.001,10.212121212121211,1.076765858696653e-06,1.0767658586966423e-06,1.00000000000001,1.0,0.00017836869481620502
65,0.001,10.33131313131313,9.858629557157222e-07,9.858629557157133e-07,1.000000000000009,1.0,0.00016127441641732956
65,0.001,10.45050505050505,9.037308137899853e-07,9.037308137899853e-07,1.0,1.0,0.0001458183983324591
65,0.001,10.569696969696968,8.293757654328887e-07,8.293757654328869e-07,1.0000000000000022,1.0,0.00013184363499553148
65,0.001,10.688888888888888,7.619340606078815e-07,7.619340606078725e-07,1.0000000000000118,1.0,0.00011920816774576734
65,0.001,10.808080808080808,7.006531433035299e-07,7.00653143303528e-07,1.0000000000000027,1.0,0.00010778364278097052
65,0.001,10.927272727272728,6.448757773032625e-07,6.448757773032569e-07,1.0000000000000087,1.0,9.745400731191364e-05
65,0.001,11.046464646464646,5.94026575702767e-07,5.94026575702767e-07,1.0,1.0,8.81143306730704e-05
65,0.001,11.165656565656565,5.476005592556846e-07,5.476005592556824e-07,1.000000000000004,1.0,7.966973841427683e-05
65,0.001,11.284848484848485,5.05153427924982e-07,5.051534279249803e-07,1.0000000000000033,1.0,7.20344485456004e-05
65,0.001,11.404040404040403,4.662932798761556e-07,4.662932798761556e-07,1.0,1.0,6.513090014537928e-05
65,0.001,11.523232323232323,4.3067355407576213e-07,4.3067355407576213e-07,1.0,1.0,5.888896547964823e-05
65,0.001,11.642424242424243,3.9798700792035956e-07,3.9798700792035876e-07,1.000000000000002,1.0,5.324523762948841e-05
65,0.001,11.76161616161616,3.6796057098015987e-07,3.679605709801551e-07,1.0000000000000129,1.0,4.8142386389865796e-05
65,0.001,11.88080808080808,3.4035094089215235e-07,3.4035094089214785e-07,1.0000000000000133,1.0,4.352857589704028e-05
65,0.001,12.0,3.1494080842982873e-07,3.1494080842982555e-07,1.00000000000001,1.0,3.9356938068679755e-05
65,0.01,0.2,0.37760800835197916,0.3775653719753826,1.0001129244887408,1.1244547070789894,0.8444689550937324
65,0.01,0.3191919191919192,0.31759089918772193,0.31744569132049133,1.0004574258564563,1.2060579636621005,0.7635377836656164
65,0.01,0.43838383838383843,0.267147548231268,0.2668326681864754,1.0011800655704293,1.293750962368284,0.6903627937634395
65,0.01,0.5575757575757576,0.22474830435322413,0.22420656785964602,1.0024162382875297,1.38801857548827,0.624200658053595
65,0.01,0.6767676767676768,0.18910809298073966,0.18829903815306784,1.0042966487540639,1.4893896474321426,0.5643792872882587
65,0.01,0.795959595959596,0.1591472981530569,0.15804946130504502,1.006946160011852,1.5984418697121388,0.5102910030778176
65,0.01,0.9151515151515153,0.13395890204737093,0.132569260260457,1.0104823832024385,1.715807325188745,0.46138636496269325
65,0.01,1.0343434343434343,0.11278088094087757,0.11111264702205666,1.0150138977292995,1.8421788087542028,0.4171685890786214
65,0.01,1.1535353535353536,0.09497301671903671,0.09305259962426346,1.0206379736033995,1.978317050256756,0.37718850171898627
65,0.01,1.2727272727272727,0.07999741756425698,0.07786109247899423,1.027437645905612,2.1250589874568715,0.3410399765314083
65,0.01,1.391919191919192,0.06740215446213646,0.06509279451152097,1.0354779660013942,2.283327262768074,0.30835580899864135
65,0.01,1.511111111111111,0.056807515087078105,0.0543716005599279,1.0448012289883826,2.454141148197628,0.2788039862958702
65,0.01,1.6303030303030304,0.04789445636771584,0.045379481992024955,1.0554209582236498,2.6099856671227903,0.25208431463280867
65,0.01,1.7494949494949494,0.040394904014631645,0.03784723885409413,1.0673144260367073,2.491807124971768,0.22792536982041767
65,0.01,1.8686868686868687,0.03408360355911897,0.03154681323864059,1.0804135207346761,2.379952648874377,0.20608174008543764
65,0.01,1.9878787878787878,0.02877127471658438,0.026284885980772128,1.094593856622817,2.274138358474013,0.18633153312465275
65,0.01,2.107070707070707,0.024298860591625844,0.021897529410236396,1.1096621968808456,2.174095703064958,0.16847412207500537
65,0.01,2.2262626262626264,0.020532696593569346,0.01824573012971423,1.1253425567295143,2.079570780025844,0.15232810750263995
65,0.01,2.3454545454545457,0.01736045194742863,0.015211629530451654,1.1412618163409332,1.99032369042909,0.13772947470831978
65,0.01,2.464646464646465,0.014687720219466547,0.012695357433590704,1.1569363285986924,1.9061279301909537,0.12452992763072922
65,0.01,2.5838383838383843,0.012435155045804114,0.010612356974733351,1.171761850398607,1.8267698152169296,0.11259538242309068
65,0.01,2.703030303030303,0.01053606385916416,0.008891117504767954,1.1850100792745217,1.7520479390835602,0.10180460540052275
65,0.01,2.8222222222222224,0.00893438635880564,0.007471247559765106,1.1958359413653983,1.6817726618802828,0.09204798152211516
65,0.01,2.9414141414141417,0.007582996187016646,0.006117787163589104,1.2394998361740903,1.6157656289140245,0.08322640089769597
65,0.01,3.060606060606061,0.006442274119207373,0.005032881956317475,1.280036801006384,1.5538593180550433,0.07525025200818597
65,0.01,3.1797979797979803,0.0054789093435825085,0.0041810300116403055,1.3104209556804922,1.4958966145752015,0.06803851141245565
65,0.01,3.298989898989899,0.00466489235249922,0.0035119327405766575,1.3282977485876473,1.441730412399643,0.06151792069373104
65,0.01,3.4181818181818184,0.003976668802553814,0.0029861483437339425,1.3317050410098865,1.3912232407598655,0.05562224228479181
65,0.01,3.5373737373737377,0.003394428601952981,0.002572748402641408,1.3193783731312259,1.3442469153006538,0.05029158661247401
65,0.01,3.656565656565657,0.002901508601141102,0.0022474802895311266,1.2910051379122083,1.3006822127554143,0.04547180372646569
65,0.01,3.775757575757576,0.002483890721411151,0.0019913262160171793,1.2473550046356254,1.2604185683642424,0.04111393323242988
65,0.01,3.894949494949495,0.0021297802616930548,0.0017893733072352896,1.1902380867543612,1.2233537952667906,0.03717370694175639
65,0.01,4.014141414141414,0.0018292515644031861,0.0016299275674351243,1.122290094940673,1.1893938251577787,0.03361109918575204
65,0.01,4.133333333333334,0.0015739502715044467,0.0014353078128097408,1.0965942339736179,1.1584524695469356,0.03038992022626312
65,0.01,4.252525252525253,0.0013568431242262876,0.001252707484837436,1.0831284562831245,1.1304512010174674,0.027477448632508106
65,0.01,4.371717171717172,0.001172007706693535,0.001095193838450051,1.0701372355711871,1.1053189539279014,0.024844098889724556
65,0.01,4.490909090909091,0.0010144557490849647,0.0009590719897662192,1.0577472389035631,1.082991944051488,0.022463120863127732
65,0.01,4.61010101010101,0.0008799846269086759,0.00084120712541881,1.04609744772497,1.0634135066954349,0.020310328064270505
65,0.01,4.72929292929293,0.0007650525506409203,0.000738938897136319,1.035339394915875,1.0465339528891033,0.018363851959475968
65,0.01,4.848484848484849,0.0006666736604520781,0.000650008768606638,1.025637949286689,1.0323104432762065,0.01660391982455465
65,0.01,4.967676767676768,0.0005823298459826991,0.0005724983838636653,1.0171729080747502,1.0207068793909337,0.015012653889206458
65,0.01,5.086868686868687,0.0005098966195682739,0.0005047772964530599,1.0101417459762674,1.0116938120420809,0.013573889730773338
65,0.01,5.206060606060606,0.00044758079842859624,0.0004454586298745654,1.0047640081742908,1.0052483665726608,0.012273012072546545
65,0.01,5.325252525252526,0.00039386811014438517,0.0003933614339042444,1.001288067910247,1.0013541848053162,0.011096806318633006
65,0.01,5.444444444444445,0.0003474791371670588,0.00034747865720588755,1.0000013812680615,1.0000013835261823,0.010033324317239353
65,0.01,5.563636363636364,0.00030733226932630475,0.00030733226932630475,1.0,1.0,0.00907176298876842
65,0.01,5.682828282828283,0.00027251254602490794,0.00027251254602490794,1.0,1.0,0.00820235458580616
65,0.01,5.802020202020202,0.0002422454485183187,0.0002422454485183187,1.0,1.0,0.007416267470236128
65,0.01,5.921212121212122,0.00021587485280869146,0.00021587485280869146,1.0,1.0,0.006705516399554292
65,0.01,6.040404040404041,0.00019284447981015023,0.00019284447981015023,1.0,1.0,0.006062881411052985
65,0.01,6.15959595959596,0.00017268228540335344,0.00017268228540335344,1.0,1.0,0.00548183447988213
65,0.01,6.278787878787879,0.00015498732201829756,0.00015498732201829756,1.0,1.0,0.004956473205964546
65,0.01,6.397979797979798,0.00013941867817405265,0.00013941867817405265,1.0,1.0,0.004481460856142572
65,0.01,6.517171717171718,0.00012568616523878377,0.00012568616523878377,1.0,1.0,0.0040519721524914015
65,0.01,6.636363636363637,0.00011354247346482092,0.00011354247346482092,1.0,1.0,0.003663644256104926
65,0.01,6.7555555555555555,0.00010277656370783012,0.00010277656370783012,1.0,1.0,0.0033125324484369343
65,0.01,6.874747474747475,9.320809850547456e-05,9.320809850547456e-05,1.0,1.0,0.002995070059999114
65,0.01,6.993939393939394,8.468274750271211e-05,8.468274750271211e-05,1.0,1.0,0.0027080322393629474
65,0.01,7.113131313131314,7.70682285201792e-05,7.70682285201792e-05,1.0,1.0,0.002448503194423194
65,0.01,7.232323232323233,7.025096766875635e-05,7.025096766875635e-05,1.0,1.0,0.0022138465731526605
65,0.01,7.351515151515152,6.413328048931121e-05,6.413328048931121e-05,1.0,1.0,0.002001678682969559
65,0.01,7.470707070707071,5.863099170619825e-05,5.863099170619825e-05,1.0,1.0,0.0018098442766740265
65,0.01,7.58989898989899,5.367142430053565e-05,5.367142430053565e-05,1.0,1.0,0.0016363946589821098
65,0.01,7.70909090909091,4.919169963290513e-05,4.919169963290513e-05,1.0,1.0,0.001479567891258677
65,0.01,7.828282828282829,4.51372996095815e-05,4.51372996095815e-05,1.0,1.0,0.001337770893364656
65,0.01,7.947474747474748,4.1460849672797994e-05,4.1460849672797994e-05,1.0,1.0,0.001209563260805303
65,0.01,8.066666666666666,3.812108794008409e-05,3.812108794008409e-05,1.0,1.0,0.0010936426327906007
65,0.01,8.185858585858586,3.5081991318764664e-05,3.5081991318764664e-05,1.0,1.0,0.0009888314625733972
65,0.01,8.305050505050504,3.231203404598135e-05,3.231203404598135e-05,1.0,1.0,0.0008940650556755163
65,0.01,8.424242424242424,2.97835579921186e-05,2.97835579921186e-05,1.0,1.0,0.0008083807544915462
65,0.01,8.543434343434344,2.7472237333942318e-05,2.7472237333942318e-05,1.0,1.0,0.0007309081594052254
65,0.01,8.662626262626262,2.535662295192771e-05,2.535662295192771e-05,1.0,1.0,0.0006608602870823561
65,0.01,8.781818181818181,2.3417754217213704e-05,2.3417754217213704e-05,1.0,1.0,0.0005975255761243197
65,0.01,8.901010101010101,2.1638827777143856e-05,2.1638827777143856e-05,1.0,1.0,0.0005402606588738879
65,0.01,9.020202020202019,2.0004914583058782e-05,2.0004914583058782e-05,1.0,1.0,0.000488483825947761
65,0.01,9.139393939393939,1.8502717779152054e-05,1.8502717779152054e-05,1.0,1.0,0.0004416691171071593
65,0.01,9.258585858585858,1.71203652281725e-05,1.71203652281725e-05,1.0,1.0,0.0003993409784402536
65,0.01,9.377777777777778,1.584723142332582e-05,1.584723142332582e-05,1.0,1.0,0.00036106943158293605
65,0.01,9.496969696969696,1.4673784355121146e-05,1.4673784355121146e-05,1.0,1.0,0.0003264657059058358
65,0.01,9.616161616161616,1.3591453591673025e-05,1.3591453591673025e-05,1.0,1.0,0.00029517828929839725
65,0.01,9.735353535353536,1.259251641174507e-05,1.259251641174507e-05,1.0,1.0,0.0002668893574330272
65,0.01,9.854545454545454,1.1669999318944202e-05,1.1669999318944202e-05,1.0,1.0,0.00024131154523701298
65,0.01,9.973737373737373,1.0817592677521001e-05,1.0817592677521001e-05,1.0,1.0,0.00021818502777611623
65,0.01,10.092929292929293,1.0029576557446556e-05,1.0029576557446556e-05,1.0,1.0,0.00019727488089684188
65,0.01,10.212121212121211,9.300756169115929e-06,9.300756169115929e-06,1.0,1.0,0.00017836869481620502
65,0.01,10.33131313131313,8.626405514825092e-06,8.626405514825092e-06,1.0,1.0,0.00016127441641732956
65,0.01,10.45050505050505,8.00221809235602e-06,8.00221809235602e-06,1.0,1.0,0.0001458183983324591
65,0.01,10.569696969696968,7.424263661697348e-06,7.424263661697348e-06,1.0,1.0,0.00013184363499553148
65,0.01,10.688888888888888,6.888950234268098e-06,6.888950234268098e-06,1.0,1.0,0.00011920816774576734
65,0.01,10.808080808080808,6.392990569320715e-06,6.392990569320715e-06,1.0,1.0,0.00010778364278097052
65,0.01,10.927272727272728,5.933372568112109e-06,5.933372568112109e-06,1.0,1.0,9.745400731191364e-05
65,0.01,11.046464646464646,5.507333046005298e-06,5.507333046005298e-06,1.0,1.0,8.81143306730704e-05
65,0.01,11.165656565656565,5.112334438469125e-06,5.112334438469125e-06,1.0,1.0,7.966973841427683e-05
65,0.01,11.284848484848485,4.746044061143707e-06,4.746044061143707e-06,1.0,1.0,7.20344485456004e-05
65,0.01,11.404040404040403,4.406315598553234e-06,4.406315598553234e-06,1.0,1.0,6.513090014537928e-05
65,0.01,11.523232323232323,4.091172542207259e-06,4.091172542207259e-06,1.0,1.0,5.888896547964823e-05
65,0.01,11.642424242424243,3.7987933380252904e-06,3.7987933380252904e-06,1.0,1.0,5.324523762948841e-05
65,0.01,11.76161616161616,3.5274980363314022e-06,3.5274980363314022e-06,1.0,1.0,4.8142386389865796e-05
65,0.01,11.88080808080808,3.2757362660100703e-06,3.2757362660100703e-06,1.0,1.0,4.352857589704028e-05
65,0.01,12.0,3.0420763785597894e-06,3.0420763785597894e-06,1.0,1.0,3.9356938068679755e-05
65,0.1,0.2,0.4173809229196595,0.4173428855433031,1.0000911417869431,1.1412007651315899,0.8444689550937324
65,0.1,0.3191919191919192,0.35454214000681405,0.35441428352777515,1.0003607543064186,1.2362226093886068,0.7635377836656164
65,0.1,0.43838383838383843,0.3014772978337793,0.30120412222155424,1.0009069451314618,1.3405493169832305,0.6903627937634395
65,0.1,0.5575757575757576,0.2566425434003252,0.25618039000023796,1.0018040155223702,1.4493284198312586,0.624200658053595
65,0.1,0.6767676767676768,0.21873960780889368,0.21806249402734723,1.0031051363718766,1.3983006365601136,0.5643792872882587
65,0.1,0.795959595959596,0.18667661684018566,0.18577773464157557,1.0048384818576044,1.3508216615012185,0.5102910030778176
65,0.1,0.9151515151515153,0.15953516407017584,0.1584257111509183,1.0070029852553457,1.306770995691623,0.46138636496269325
65,0.1,1.0343434343434343,0.13654264513466477,0.1352491492583675,1.009563800462998,1.2660368410240441,0.4171685890786214
65,0.1,1.1535353535353536,0.11704901191715074,0.11560993947286868,1.0124476532973168,1.2285158165095698,0.37718850171898627
65,0.1,1.2727272727272727,0.10050723998369573,0.09896941404179532,1.0155383959457513,1.194112695902536,0.3410399765314083
65,0.1,1.391919191919192,0.08645691561341853,0.08487207939570904,1.0186732342248894,1.162740166021683,0.30835580899864135
65,0.1,1.511111111111111,0.0745104437183999,0.07293217181432567,1.021640270196427,1.1343186051542187,0.2788039862958702
65,0.1,1.6303030303030304,0.06434145770441782,0.06282252410944669,1.0241781688415592,1.1087758809804005,0.25208431463280867
65,0.1,1.7494949494949494,0.05567507932364093,0.05426532708647641,1.0259788766207556,1.0860471675057752,0.22792536982041767
65,0.1,1.8686868686868687,0.04827973285309737,0.04702444656305122,1.0266943341558106,1.0660747805364543,0.20608174008543764
65,0.1,1.9878787878787878,0.041960265212820924,0.04089901885349033,1.025947966212398,1.048808031279885,0.18633153312465275
65,0.1,2.107070707070707,0.036552163355189876,0.03571809802756423,1.0233513365404279,1.0342030976995455,0.16847412207500537
65,0.1,2.2262626262626264,0.03191669362187936,0.03133616935229577,1.0185256935223022,1.0222229132970937,0.15232810750263995
65,0.1,2.3454545454545457,0.02793681579325895,0.02761892273981167,1.0115099729429,1.0128370730396772,0.13772947470831978
65,0.1,2.464646464646465,0.02451374810064147,0.024377765810170426,1.0055781276893845,1.0060217561936757,0.12452992763072922
65,0.1,2.5838383838383843,0.021564079251611537,0.021527769922418137,1.0016866275199081,1.0017596658690213,0.11259538242309068
65,0.1,2.703030303030303,0.019017340135108522,0.01901658472358236,1.0000397238272352,1.0000399851206667,0.10180460540052275
65,0.1,2.8222222222222224,0.01681396183201821,0.016813961832018207,1.0000000000000002,1.0,0.09204798152211516
65,0.1,2.9414141414141417,0.01490355828380317,0.014903558283803159,1.0000000000000007,1.0,0.08322640089769597
65,0.1,3.060606060606061,0.01324348182323843,0.01324348182323843,1.0,1.0,0.07525025200818597
65,0.1,3.1797979797979803,0.011797608047562688,0.011797608047562686,1.0000000000000002,1.0,0.06803851141245565
65,0.1,3.298989898989899,0.010535313467269292,0.010535313467269292,1.0,1.0,0.06151792069373104
65,0.1,3.4181818181818184,0.00943061520500383,0.00943061520500383,1.0,1.0,0.05562224228479181
65,0.1,3.5373737373737377,0.008461446926406272,0.008461446926406267,1.0000000000000007,1.0,0.05029158661247401
65,0.1,3.656565656565657,0.007609049307593936,0.007609049307593936,1.0,1.0,0.04547180372646569
65,0.1,3.775757575757576,0.0068574568077942166,0.006857456807794213,1.0000000000000004,1.0,0.04111393323242988
65,0.1,3.894949494949495,0.006193065425800158,0.006193065425800158,1.0,1.0,0.03717370694175639
65,0.1,4.014141414141414,0.005604268563976384,0.005604268563976382,1.0000000000000002,1.0,0.03361109918575204
65,0.1,4.133333333333334,0.005081150177863515,0.005081150177863513,1.0000000000000004,1.0,0.03038992022626312
65,0.1,4.252525252525253,0.004615226115496458,0.004615226115496458,1.0,1.0,0.027477448632508106
65,0.1,4.371717171717172,0.004199226000851349,0.004199226000851349,1.0,1.0,0.024844098889724556
65,0.1,4.490909090909091,0.003826909234459761,0.0038269092344597605,1.0000000000000002,1.0,0.022463120863127732
65,0.1,4.61010101010101,0.0034929097082158408,0.00349290970821584,1.0000000000000002,1.0,0.020310328064270505
65,0.1,4.72929292929293,0.0031926046918683204,0.0031926046918683204,1.0,1.0,0.018363851959475968
65,0.1,4.848484848484849,0.002922004071773954,0.002922004071773953,1.0000000000000004,1.0,0.01660391982455465
65,0.1,4.967676767676768,0.0026776567301506735,0.002677656730150673,1.0000000000000002,1.0,0.015012653889206458
65,0.1,5.086868686868687,0.0024565713637552285,0.0024565713637552285,1.0,1.0,0.013573889730773338
65,0.1,5.206060606060606,0.002256149470118275,0.002256149470118275,1.0,1.0,0.012273012072546545
65,0.1,5.325252525252526,0.002074128590219342,0.00207412859021934,1.0000000000000009,1.0,0.011096806318633006
65,0.1,5.444444444444445,0.0019085341997122068,0.0019085341997122063,1.0000000000000002,1.0,0.010033324317239353
65,0.1,5.563636363636364,0.0017576388957067119,0.0017576388957067112,1.0000000000000004,1.0,0.00907176298876842
65,0.1,5.682828282828283,0.0016199277403957896,0.0016199277403957896,1.0,1.0,0.00820235458580616
65,0.1,5.802020202020202,0.0014940688029717228,0.0014940688029717228,1.0,1.0,0.007416267470236128
65,0.1,5.921212121212122,0.0013788880927526304,0.0013788880927526304,1.0,1.0,0.006705516399554292
65,0.1,6.040404040404041,0.0012733482038164007,0.0012733482038163994,1.000000000000001,1.0,0.006062881411052985
65,0.1,6.15959595959596,0.0011765300985612254,0.001176530098561225,1.0000000000000004,1.0,0.00548183447988213
65,0.1,6.278787878787879,0.001087617547711081,0.0010876175477110804,1.0000000000000007,1.0,0.004956473205964546
65,0.1,6.397979797979798,0.0010058838200759773,0.0010058838200759773,1.0,1.0,0.004481460856142572
65,0.1,6.517171717171718,0.0009306802791422174,0.0009306802791422172,1.0000000000000002,1.0,0.0040519721524914015
65,0.1,6.636363636363637,0.0008614265972239789,0.0008614265972239779,1.000000000000001,1.0,0.003663644256104926
65,0.1,6.7555555555555555,0.0007976023430651434,0.0007976023430651434,1.0,1.0,0.0033125324484369343
65,0.1,6.874747474747475,0.000738739736793024,0.000738739736793024,1.0,1.0,0.002995070059999114
65,0.1,6.993939393939394,0.0006844173981307432,0.0006844173981307429,1.0000000000000004,1.0,0.0027080322393629474
65,0.1,7.113131313131314,0.0006342549407285555,0.0006342549407285555,1.0,1.0,0.002448503194423194
65,0.1,7.232323232323233,0.000587908288179544,0.0005879082881795439,1.0000000000000002,1.0,0.0022138465731526605
65,0.1,7.351515151515152,0.0005450656064170581,0.0005450656064170581,1.0,1.0,0.002001678682969559
65,0.1,7.470707070707071,0.0005054437633174368,0.0005054437633174364,1.0000000000000007,1.0,0.0018098442766740265
65,0.1,7.58989898989899,0.00046878523992895387,0.00046878523992895387,1.0,1.0,0.0016363946589821098
65,0.1,7.70909090909091,0.00043485542921741963,0.00043485542921741963,1.0,1.0,0.001479567891258677
65,0.1,7.828282828282829,0.0004034402678976247,0.0004034402678976247,1.0,1.0,0.001337770893364656
65,0.1,7.947474747474748,0.00037434415509104567,0.00037434415509104567,1.0,1.0,0.001209563260805303
65,0.1,8.066666666666666,0.00034738811845236295,0.0003473881184523628,1.0000000000000004,1.0,0.0010936426327906007
65,0.1,8.185858585858586,0.0003224081942405643,0.0003224081942405643,1.0,1.0,0.0009888314625733972
65,0.1,8.305050505050504,0.00029925399274332627,0.0002992539927433262,1.0000000000000002,1.0,0.0008940650556755163
65,0.1,8.424242424242424,0.0002777874246376153,0.0002777874246376151,1.0000000000000009,1.0,0.0008083807544915462
65,0.1,8.543434343434344,0.00025788156740427353,0.00025788156740427353,1.0,1.0,0.0007309081594052254
65,0.1,8.662626262626262,0.0002394196539100094,0.00023941965391000936,1.0000000000000002,1.0,0.0006608602870823561
65,0.1,8.781818181818181,0.00022229416781111366,0.00022229416781111358,1.0000000000000004,1.0,0.0005975255761243197
65,0.1,8.901010101010101,0.00020640603259037055,0.00020640603259037022,1.0000000000000016,1.0,0.0005402606588738879
65,0.1,9.020202020202019,0.0001916638828717951,0.0001916638828717948,1.0000000000000016,1.0,0.000488483825947761
65,0.1,9.139393939393939,0.00017798340821737168,0.00017798340821737168,1.0,1.0,0.0004416691171071593
65,0.1,9.258585858585858,0.00016528676093824251,0.00016528676093824251,1.0,1.0,0.0003993409784402536
65,0.1,9.377777777777778,0.0001535020205855123,0.00015350202058551227,1.0000000000000002,1.0,0.00036106943158293605
65,0.1,9.496969696969696,0.00014256270875309907,0.00014256270875309896,1.0000000000000007,1.0,0.0003264657059058358
65,0.1,9.616161616161616,0.00013240734865218817,0.00013240734865218812,1.0000000000000004,1.0,0.00029517828929839725
65,0.1,9.735353535353536,0.00012297906462525535,0.00012297906462525535,1.0,1.0,0.0002668893574330272
65,0.1,9.854545454545454,0.00011422521737531195,0.00011422521737531188,1.0000000000000007,1.0,0.00024131154523701298
65,0.1,9.973737373737373,0.00010609707120823818,0.00010609707120823818,1.0,1.0,0.00021818502777611623
65,0.1,10.092929292929293,9.854949003562492e-05,9.854949003562485e-05,1.0000000000000007,1.0,0.00019727488089684188
65,0.1,10.212121212121211,9.15406592733087e-05,9.154065927330866e-05,1.0000000000000004,1.0,0.00017836869481620502
65,0.1,10.33131313131313,8.503183110591879e-05,8.503183110591871e-05,1.0000000000000009,1.0,0.00016127441641732956
65,0.1,10.45050505050505,7.898709087801636e-05,7.898709087801636e-05,1.0,1.0,0.0001458183983324591
65,0.1,10.569696969696968,7.337314262434193e-05,7.337314262434185e-05,1.000000000000001,1.0,0.00013184363499553148
65,0.1,10.688888888888888,6.815911197087027e-05,6.815911197087021e-05,1.0000000000000009,1.0,0.00011920816774576734
65,0.1,10.808080808080808,6.331636482949257e-05,6.331636482949253e-05,1.0000000000000007,1.0,0.00010778364278097052
65,0.1,10.927272727272728,5.881834047620057e-05,5.881834047620046e-05,1.0000000000000018,1.0,9.745400731191364e-05
65,0.1,11.046464646464646,5.464039774903061e-05,5.464039774903059e-05,1.0000000000000004,1.0,8.81143306730704e-05
65,0.1,11.165656565656565,5.075967323060352e-05,5.0759673230603474e-05,1.0000000000000009,1.0,7.966973841427683e-05
65,0.1,11.284848484848485,4.715495039333096e-05,4.7154950393330904e-05,1.000000000000001,1.0,7.20344485456004e-05
65,0.1,11.404040404040403,4.3806538785324014e-05,4.3806538785323926e-05,1.000000000000002,1.0,6.513090014537928e-05
65,0.1,11.523232323232323,4.0696162423522235e-05,4.0696162423522174e-05,1.0000000000000016,1.0,5.888896547964823e-05
65,0.1,11.642424242424243,3.78068566390746e-05,3.7806856639074546e-05,1.0000000000000013,1.0,5.324523762948841e-05
65,0.1,11.76161616161616,3.5122872689843824e-05,3.512287268984378e-05,1.0000000000000013,1.0,4.8142386389865796e-05
65,0.1,11.88080808080808,3.262958951718925e-05,3.2629589517189204e-05,1.0000000000000016,1.0,4.352857589704028e-05
65,0.1,12.0,3.0313432079859396e-05,3.0313432079859392e-05,1.0000000000000002,1.0,3.9356938068679755e-05
